{"type":"FeatureCollection","features":[{"type":"Feature","id":"46f8ee0948ded92b","geometry":{"type":"Point","coordinates":[145.929271,-41.596047]},"properties":{"species":"Vombatus ursinus","eventDate":"2026-08-10","basisOfRecord":"HUMAN_OBSERVATION","license":"CC-BY 4.0 (Int)","coordinateUncertaintyM":null,"uncertaintyUnknown":true,"observationCount":1,"geographicOutlier":false}},{"type":"Feature","id":"8acdd5c06011ec70","geometry":{"type":"Point","coordinates":[145.374725,-37.891071]},"properties":{"species":"Vombatus ursinus","eventDate":"2026-07-18","basisOfRecord":"HUMAN_OBSERVATION","license":"CC-BY 4.0 (Int)","coordinateUncertaintyM":null,"uncertaintyUnknown":true,"observationCount":1,"geographicOutlier":false}},{"type":"Feature","id":"3fa37d7db5dea941","geometry":{"type":"Point","coordinates":[148.813622,-31.823431]},"properties":{"species":"Vombatus ursinus","eventDate":"2026-06-17","basisOfRecord":"HUMAN_OBSERVATION","license":"CC-BY 4.0 (Int)","coordinateUncertaintyM":547.0,"uncertaintyUnknown":false,"observationCount":1,"geographicOutlier":false}},{"type":"Feature","id":"cd9ad59b9a8c61f5","geometry":{"type":"Point","coordinates":[150.079923,-30.131536]},"properties":{"species":"Vombatus ursinus","eventDate":"2026-05-20","basisOfRecord":"HUMAN_OBSERVATION","license":"CC-BY 4.0 (Int)","coordinateUncertaintyM":50.0,"uncertaintyUnknown":false,"observationCount":1,"geographicOutlier":false}},{"type":"Feature","id":"5e38bb6451e5c5a2","geometry":{"type":"Point","coordinates":[151.057804,-33.593525]},"properties":{"species":"Vombatus ursinus","eventDate":"2026-04-24","basisOfRecord":"HUMAN_OBSERVATION","license":"CC-BY 4.0 (Int)","coordinateUncertaintyM":27.0,"uncertaintyUnknown":false,"observationCount":1,"geographicOutlier":false}},{"type":"Feature","id":"22d83f8eb5635916","geometry":{"type":"Point","coordinates":[146.251493,-38.904358]},"properties":{"species":"Vombatus ursinus","eventDate":"2026-03-24","basisOfRecord":"HUMAN_OBSERVATION","license":"CC-BY 4.0 (Int)","coordinateUncertaintyM":244.0,"uncertaintyUnknown":false,"observationCount":1,"geographicOutlier":false}},{"type":"Feature","id":"118fd0cb5894e678","geometry":{"type":"Point","coordinates":[148.065805,-42.579367]},"properties":{"species":"Vombatus ursinus","eventDate":"2026-03-12","basisOfRecord":"HUMAN_OBSERVATION","license":"CC-BY 4.0 (Int)","coordinateUncertaintyM":8.0,"uncertaintyUnknown":false,"observationCount":1,"geographicOutlier":false}},{"type":"Feature","id":"5d517c5ee6823228","geometry":{"type":"Point","coordinates":[151.194642,-33.116578]},"properties":{"species":"Vombatus ursinus","eventDate":"2026-02-19","basisOfRecord":"HUMAN_OBSERVATION","license":"CC-BY 4.0 (Int)","coordinateUncertaintyM":null,"uncertaintyUnknown":true,"observationCount":1,"geographicOutlier":false}},{"type":"Feature","id":"8a497733c56a3ca4","geometry":{"type":"Point","coordinates":[150.45909,-34.49116]},"properties":{"species":"Vombatus ursinus","eventDate":"2026-02-02","basisOfRecord":"HUMAN_OBSERVATION","license":"CC-BY 4.0 (Int)","coordinateUncertaintyM":15.0,"uncertaintyUnknown":false,"observationCount":1,"geographicOutlier":false}},{"type":"Feature","id":"799aa996d84ec618","geometry":{"type":"Point","coordinates":[147.701823,-35.373125]},"properties":{"species":"Vombatus ursinus","eventDate":"2026-01-22","basisOfRecord":"HUMAN_OBSERVATION","license":"CC-BY 4.0 (Int)","coordinateUncertaintyM":3.0,"uncertaintyUnknown":false,"observationCount":1,"geographicOutlier":false}},{"type":"Feature","id":"9c9b7af507bc71af","geometry":{"type":"Point","coordinates":[148.18651,-37.69114]},"properties":{"species":"Vombatus ursinus","eventDate":"2026-01-21","basisOfRecord":"OCCURRENCE","license":"CC-BY 4.0 (Int)","coordinateUncertaintyM":5.0,"uncertaintyUnknown":false,"observationCount":1,"geographicOutlier":false}},{"type":"Feature","id":"c25bd044ac0254aa","geometry":{"type":"Point","coordinates":[149.13919,-37.50434]},"properties":{"species":"Vombatus ursinus","eventDate":"2026-01-18","basisOfRecord":"OCCURRENCE","license":"CC-BY 4.0 (Int)","coordinateUncertaintyM":5.0,"uncertaintyUnknown":false,"observationCount":1,"geographicOutlier":false}},{"type":"Feature","id":"41e1a3fdd9f3b725","geometry":{"type":"Point","coordinates":[149.762527,-36.996608]},"properties":{"species":"Vombatus ursinus","eventDate":"2026-01-13","basisOfRecord":"HUMAN_OBSERVATION","license":"CC-BY 4.0 (Int)","coordinateUncertaintyM":10.0,"uncertaintyUnknown":false,"observationCount":1,"geographicOutlier":false}},{"type":"Feature","id":"c9b5f93fcb787589","geometry":{"type":"Point","coordinates":[149.528117,-37.237037]},"properties":{"species":"Vombatus ursinus","eventDate":"2026-01-06","basisOfRecord":"HUMAN_OBSERVATION","license":"CC-BY 4.0 (Int)","coordinateUncertaintyM":10.0,"uncertaintyUnknown":false,"observationCount":1,"geographicOutlier":false}},{"type":"Feature","id":"451e6790fb6b9366","geometry":{"type":"Point","coordinates":[146.322355,-39.028878]},"properties":{"species":"Vombatus ursinus","eventDate":"2025-12-24","basisOfRecord":"HUMAN_OBSERVATION","license":"CC-BY 4.0 (Int)","coordinateUncertaintyM":61.0,"uncertaintyUnknown":false,"observationCount":1,"geographicOutlier":false}},{"type":"Feature","id":"fde2e01616a1df9d","geometry":{"type":"Point","coordinates":[149.920435,-32.332535]},"properties":{"species":"Vombatus ursinus","eventDate":"2025-12-18","basisOfRecord":"HUMAN_OBSERVATION","license":"CC-BY 4.0 (Int)","coordinateUncertaintyM":100.0,"uncertaintyUnknown":false,"observationCount":1,"geographicOutlier":false}},{"type":"Feature","id":"c6fb798db5397bf7","geometry":{"type":"Point","coordinates":[151.012552,-33.574972]},"properties":{"species":"Vombatus ursinus","eventDate":"2025-12-15","basisOfRecord":"HUMAN_OBSERVATION","license":"CC-BY 4.0 (Int)","coordinateUncertaintyM":300.0,"uncertaintyUnknown":false,"observationCount":1,"geographicOutlier":false}},{"type":"Feature","id":"cf8c6254fd92da18","geometry":{"type":"Point","coordinates":[150.269701,-33.448918]},"properties":{"species":"Vombatus ursinus","eventDate":"2025-12-09","basisOfRecord":"HUMAN_OBSERVATION","license":"CC-BY 4.0 (Int)","coordinateUncertaintyM":100.0,"uncertaintyUnknown":false,"observationCount":1,"geographicOutlier":false}},{"type":"Feature","id":"883737f81f724285","geometry":{"type":"Point","coordinates":[150.225064,-33.392994]},"properties":{"species":"Vombatus ursinus","eventDate":"2025-12-04","basisOfRecord":"HUMAN_OBSERVATION","license":"CC-BY 4.0 (Int)","coordinateUncertaintyM":100.0,"uncertaintyUnknown":false,"observationCount":1,"geographicOutlier":false}},{"type":"Feature","id":"7e1d4e43ff6871dd","geometry":{"type":"Point","coordinates":[150.989878,-33.506304]},"properties":{"species":"Vombatus ursinus","eventDate":"2025-11-27","basisOfRecord":"HUMAN_OBSERVATION","license":"CC-BY 4.0 (Int)","coordinateUncertaintyM":100.0,"uncertaintyUnknown":false,"observationCount":1,"geographicOutlier":false}},{"type":"Feature","id":"686e43d1edca558c","geometry":{"type":"Point","coordinates":[149.369845,-37.159346]},"properties":{"species":"Vombatus ursinus","eventDate":"2025-11-22","basisOfRecord":"HUMAN_OBSERVATION","license":"CC-BY 4.0 (Int)","coordinateUncertaintyM":3.0,"uncertaintyUnknown":false,"observationCount":36,"geographicOutlier":false}},{"type":"Feature","id":"887fcbd2c9a7d636","geometry":{"type":"Point","coordinates":[149.828435,-32.308385]},"properties":{"species":"Vombatus ursinus","eventDate":"2025-11-19","basisOfRecord":"HUMAN_OBSERVATION","license":"CC-BY 4.0 (Int)","coordinateUncertaintyM":10.0,"uncertaintyUnknown":false,"observationCount":1,"geographicOutlier":false}},{"type":"Feature","id":"c410c1694345502e","geometry":{"type":"Point","coordinates":[149.389769,-37.163821]},"properties":{"species":"Vombatus ursinus","eventDate":"2025-11-16","basisOfRecord":"HUMAN_OBSERVATION","license":"CC-BY 4.0 (Int)","coordinateUncertaintyM":4.0,"uncertaintyUnknown":false,"observationCount":12,"geographicOutlier":false}},{"type":"Feature","id":"15b3d2782bc0afaf","geometry":{"type":"Point","coordinates":[149.352421,-37.162109]},"properties":{"species":"Vombatus ursinus","eventDate":"2025-11-12","basisOfRecord":"HUMAN_OBSERVATION","license":"CC-BY 4.0 (Int)","coordinateUncertaintyM":4.0,"uncertaintyUnknown":false,"observationCount":22,"geographicOutlier":false}},{"type":"Feature","id":"2e171421e15f542c","geometry":{"type":"Point","coordinates":[149.410588,-37.166256]},"properties":{"species":"Vombatus ursinus","eventDate":"2025-11-08","basisOfRecord":"HUMAN_OBSERVATION","license":"CC-BY 4.0 (Int)","coordinateUncertaintyM":4.0,"uncertaintyUnknown":false,"observationCount":25,"geographicOutlier":false}},{"type":"Feature","id":"e7a06579ee90c8dd","geometry":{"type":"Point","coordinates":[146.87784,-37.02865]},"properties":{"species":"Vombatus ursinus","eventDate":"2025-11-05","basisOfRecord":"OCCURRENCE","license":"CC-BY 4.0 (Int)","coordinateUncertaintyM":10.0,"uncertaintyUnknown":false,"observationCount":1,"geographicOutlier":false}},{"type":"Feature","id":"fa9fbcf56cc533e1","geometry":{"type":"Point","coordinates":[150.228213,-33.39912]},"properties":{"species":"Vombatus ursinus","eventDate":"2025-11-03","basisOfRecord":"HUMAN_OBSERVATION","license":"CC-BY 4.0 (Int)","coordinateUncertaintyM":100.0,"uncertaintyUnknown":false,"observationCount":1,"geographicOutlier":false}},{"type":"Feature","id":"414499ed6c4c2868","geometry":{"type":"Point","coordinates":[150.274778,-33.454322]},"properties":{"species":"Vombatus ursinus","eventDate":"2025-10-30","basisOfRecord":"HUMAN_OBSERVATION","license":"CC-BY 4.0 (Int)","coordinateUncertaintyM":100.0,"uncertaintyUnknown":false,"observationCount":1,"geographicOutlier":false}},{"type":"Feature","id":"55dbc316b24eff4e","geometry":{"type":"Point","coordinates":[146.0045,-37.71938]},"properties":{"species":"Vombatus ursinus","eventDate":"2025-10-21","basisOfRecord":"OCCURRENCE","license":"CC-BY 4.0 (Int)","coordinateUncertaintyM":10.0,"uncertaintyUnknown":false,"observationCount":1,"geographicOutlier":false}},{"type":"Feature","id":"61afbd444345e740","geometry":{"type":"Point","coordinates":[145.95151,-37.68514]},"properties":{"species":"Vombatus ursinus","eventDate":"2025-10-20","basisOfRecord":"OCCURRENCE","license":"CC-BY 4.0 (Int)","coordinateUncertaintyM":10.0,"uncertaintyUnknown":false,"observationCount":1,"geographicOutlier":false}},{"type":"Feature","id":"3ba8f05da1f58938","geometry":{"type":"Point","coordinates":[149.35884,-35.793337]},"properties":{"species":"Vombatus ursinus","eventDate":"2025-10-14","basisOfRecord":"HUMAN_OBSERVATION","license":"CC-BY 4.0 (Int)","coordinateUncertaintyM":10.0,"uncertaintyUnknown":false,"observationCount":1,"geographicOutlier":false}},{"type":"Feature","id":"cbeaa9ddb3132420","geometry":{"type":"Point","coordinates":[147.90653,-37.82753]},"properties":{"species":"Vombatus ursinus","eventDate":"2025-10-05","basisOfRecord":"OBSERVATION","license":"CC-BY 4.0 (Int)","coordinateUncertaintyM":200.0,"uncertaintyUnknown":false,"observationCount":1,"geographicOutlier":false}},{"type":"Feature","id":"b21a81a7ec8b5c74","geometry":{"type":"Point","coordinates":[149.684655,-31.114317]},"properties":{"species":"Vombatus ursinus","eventDate":"2025-09-26","basisOfRecord":"HUMAN_OBSERVATION","license":"CC-BY 4.0 (Int)","coordinateUncertaintyM":null,"uncertaintyUnknown":true,"observationCount":1,"geographicOutlier":false}},{"type":"Feature","id":"b5f0d22533a7527f","geometry":{"type":"Point","coordinates":[150.205534,-33.398249]},"properties":{"species":"Vombatus ursinus","eventDate":"2025-09-24","basisOfRecord":"HUMAN_OBSERVATION","license":"CC-BY 4.0 (Int)","coordinateUncertaintyM":100.0,"uncertaintyUnknown":false,"observationCount":1,"geographicOutlier":false}},{"type":"Feature","id":"9206454a3cf8778d","geometry":{"type":"Point","coordinates":[150.245482,-33.386778]},"properties":{"species":"Vombatus ursinus","eventDate":"2025-09-22","basisOfRecord":"HUMAN_OBSERVATION","license":"CC-BY 4.0 (Int)","coordinateUncertaintyM":100.0,"uncertaintyUnknown":false,"observationCount":1,"geographicOutlier":false}},{"type":"Feature","id":"c4e68068eb2b04a8","geometry":{"type":"Point","coordinates":[149.932988,-36.314227]},"properties":{"species":"Vombatus ursinus","eventDate":"2025-09-18","basisOfRecord":"HUMAN_OBSERVATION","license":"CC-BY 4.0 (Int)","coordinateUncertaintyM":20.0,"uncertaintyUnknown":false,"observationCount":1,"geographicOutlier":false}},{"type":"Feature","id":"dc9659f087d5ee7a","geometry":{"type":"Point","coordinates":[149.943489,-36.509671]},"properties":{"species":"Vombatus ursinus","eventDate":"2025-09-16","basisOfRecord":"HUMAN_OBSERVATION","license":"CC-BY 4.0 (Int)","coordinateUncertaintyM":20.0,"uncertaintyUnknown":false,"observationCount":1,"geographicOutlier":false}},{"type":"Feature","id":"034f3ae1d98cf41a","geometry":{"type":"Point","coordinates":[150.190442,-33.414941]},"properties":{"species":"Vombatus ursinus","eventDate":"2025-09-15","basisOfRecord":"HUMAN_OBSERVATION","license":"CC-BY 4.0 (Int)","coordinateUncertaintyM":100.0,"uncertaintyUnknown":false,"observationCount":1,"geographicOutlier":false}},{"type":"Feature","id":"3cf19ea6b9039d5a","geometry":{"type":"Point","coordinates":[145.572723,-37.685406]},"properties":{"species":"Vombatus ursinus","eventDate":"2025-09-12","basisOfRecord":"HUMAN_OBSERVATION","license":"CC-BY 4.0 (Int)","coordinateUncertaintyM":null,"uncertaintyUnknown":true,"observationCount":1,"geographicOutlier":false}},{"type":"Feature","id":"661e3de156df88ba","geometry":{"type":"Point","coordinates":[150.170752,-33.365517]},"properties":{"species":"Vombatus ursinus","eventDate":"2025-09-08","basisOfRecord":"HUMAN_OBSERVATION","license":"CC-BY 4.0 (Int)","coordinateUncertaintyM":100.0,"uncertaintyUnknown":false,"observationCount":1,"geographicOutlier":false}},{"type":"Feature","id":"f4396dac9279a904","geometry":{"type":"Point","coordinates":[150.17669,-33.346324]},"properties":{"species":"Vombatus ursinus","eventDate":"2025-09-01","basisOfRecord":"HUMAN_OBSERVATION","license":"CC-BY 4.0 (Int)","coordinateUncertaintyM":100.0,"uncertaintyUnknown":false,"observationCount":1,"geographicOutlier":false}},{"type":"Feature","id":"d4f50544c9e0b96e","geometry":{"type":"Point","coordinates":[150.993685,-33.503605]},"properties":{"species":"Vombatus ursinus","eventDate":"2025-08-29","basisOfRecord":"HUMAN_OBSERVATION","license":"CC-BY 4.0 (Int)","coordinateUncertaintyM":100.0,"uncertaintyUnknown":false,"observationCount":1,"geographicOutlier":false}},{"type":"Feature","id":"aeba5410705b894e","geometry":{"type":"Point","coordinates":[150.158585,-33.366521]},"properties":{"species":"Vombatus ursinus","eventDate":"2025-08-25","basisOfRecord":"HUMAN_OBSERVATION","license":"CC-BY 4.0 (Int)","coordinateUncertaintyM":100.0,"uncertaintyUnknown":false,"observationCount":1,"geographicOutlier":false}},{"type":"Feature","id":"71ef907016d12738","geometry":{"type":"Point","coordinates":[150.138122,-33.355251]},"properties":{"species":"Vombatus ursinus","eventDate":"2025-08-18","basisOfRecord":"HUMAN_OBSERVATION","license":"CC-BY 4.0 (Int)","coordinateUncertaintyM":100.0,"uncertaintyUnknown":false,"observationCount":1,"geographicOutlier":false}},{"type":"Feature","id":"c9aefa54fe62b5a9","geometry":{"type":"Point","coordinates":[150.617875,-33.882169]},"properties":{"species":"Vombatus ursinus","eventDate":"2025-08-13","basisOfRecord":"HUMAN_OBSERVATION","license":"CC-BY 4.0 (Int)","coordinateUncertaintyM":4.0,"uncertaintyUnknown":false,"observationCount":1,"geographicOutlier":false}},{"type":"Feature","id":"1634b88f089b9188","geometry":{"type":"Point","coordinates":[148.767257,-35.469978]},"properties":{"species":"Vombatus ursinus","eventDate":"2025-08-06","basisOfRecord":"HUMAN_OBSERVATION","license":"CC-BY 4.0 (Int)","coordinateUncertaintyM":null,"uncertaintyUnknown":true,"observationCount":1,"geographicOutlier":false}},{"type":"Feature","id":"443e743616b86eac","geometry":{"type":"Point","coordinates":[151.432729,-33.387602]},"properties":{"species":"Vombatus ursinus","eventDate":"2025-07-31","basisOfRecord":"HUMAN_OBSERVATION","license":"CC-BY 4.0 (Int)","coordinateUncertaintyM":3.0,"uncertaintyUnknown":false,"observationCount":1,"geographicOutlier":false}},{"type":"Feature","id":"850688d0a139e2bd","geometry":{"type":"Point","coordinates":[149.690414,-32.031793]},"properties":{"species":"Vombatus ursinus","eventDate":"2025-07-20","basisOfRecord":"HUMAN_OBSERVATION","license":"CC-BY 4.0 (Int)","coordinateUncertaintyM":200.0,"uncertaintyUnknown":false,"observationCount":1,"geographicOutlier":false}},{"type":"Feature","id":"c3ac0bc411658d23","geometry":{"type":"Point","coordinates":[149.041223,-35.601247]},"properties":{"species":"Vombatus ursinus","eventDate":"2025-07-16","basisOfRecord":"HUMAN_OBSERVATION","license":"CC-BY 4.0 (Int)","coordinateUncertaintyM":5.0,"uncertaintyUnknown":false,"observationCount":1,"geographicOutlier":false}},{"type":"Feature","id":"6939d0a99e7240c0","geometry":{"type":"Point","coordinates":[145.573848,-37.900177]},"properties":{"species":"Vombatus ursinus","eventDate":"2025-07-14","basisOfRecord":"HUMAN_OBSERVATION","license":"CC-BY 4.0 (Int)","coordinateUncertaintyM":null,"uncertaintyUnknown":true,"observationCount":1,"geographicOutlier":false}},{"type":"Feature","id":"2ce30827ea75a1a2","geometry":{"type":"Point","coordinates":[143.276353,-38.349608]},"properties":{"species":"Vombatus ursinus","eventDate":"2025-07-01","basisOfRecord":"HUMAN_OBSERVATION","license":"CC-BY 4.0 (Int)","coordinateUncertaintyM":5.0,"uncertaintyUnknown":false,"observationCount":1,"geographicOutlier":false}},{"type":"Feature","id":"d513f66bb752aaba","geometry":{"type":"Point","coordinates":[150.508459,-34.079972]},"properties":{"species":"Vombatus ursinus","eventDate":"2025-06-30","basisOfRecord":"HUMAN_OBSERVATION","license":"CC-BY 4.0 (Int)","coordinateUncertaintyM":500.0,"uncertaintyUnknown":false,"observationCount":5,"geographicOutlier":false}},{"type":"Feature","id":"a532f6f11a1732ea","geometry":{"type":"Point","coordinates":[149.918986,-32.38568]},"properties":{"species":"Vombatus ursinus","eventDate":"2025-06-30","basisOfRecord":"HUMAN_OBSERVATION","license":"CC-BY 4.0 (Int)","coordinateUncertaintyM":100.0,"uncertaintyUnknown":false,"observationCount":1,"geographicOutlier":false}},{"type":"Feature","id":"05aede325732cb4d","geometry":{"type":"Point","coordinates":[150.585638,-33.933106]},"properties":{"species":"Vombatus ursinus","eventDate":"2025-06-29","basisOfRecord":"HUMAN_OBSERVATION","license":"CC-BY 4.0 (Int)","coordinateUncertaintyM":30.0,"uncertaintyUnknown":false,"observationCount":1,"geographicOutlier":false}},{"type":"Feature","id":"25471552617fdd7b","geometry":{"type":"Point","coordinates":[149.730915,-34.623599]},"properties":{"species":"Vombatus ursinus","eventDate":"2025-06-29","basisOfRecord":"HUMAN_OBSERVATION","license":"CC-BY 4.0 (Int)","coordinateUncertaintyM":30.0,"uncertaintyUnknown":false,"observationCount":1,"geographicOutlier":false}},{"type":"Feature","id":"fcbfa0c4d5988267","geometry":{"type":"Point","coordinates":[150.516387,-34.394953]},"properties":{"species":"Vombatus ursinus","eventDate":"2025-06-29","basisOfRecord":"HUMAN_OBSERVATION","license":"CC-BY 4.0 (Int)","coordinateUncertaintyM":500.0,"uncertaintyUnknown":false,"observationCount":4,"geographicOutlier":false}},{"type":"Feature","id":"6719d5e4241a9d0d","geometry":{"type":"Point","coordinates":[150.565148,-34.775609]},"properties":{"species":"Vombatus ursinus","eventDate":"2025-06-28","basisOfRecord":"HUMAN_OBSERVATION","license":"CC-BY 4.0 (Int)","coordinateUncertaintyM":500.0,"uncertaintyUnknown":false,"observationCount":1,"geographicOutlier":false}},{"type":"Feature","id":"128db6df9d056b92","geometry":{"type":"Point","coordinates":[150.498387,-34.421864]},"properties":{"species":"Vombatus ursinus","eventDate":"2025-06-28","basisOfRecord":"HUMAN_OBSERVATION","license":"CC-BY 4.0 (Int)","coordinateUncertaintyM":943.0,"uncertaintyUnknown":false,"observationCount":6,"geographicOutlier":false}},{"type":"Feature","id":"3a8886a2436857b8","geometry":{"type":"Point","coordinates":[150.481449,-34.49896]},"properties":{"species":"Vombatus ursinus","eventDate":"2025-06-27","basisOfRecord":"HUMAN_OBSERVATION","license":"CC-BY 4.0 (Int)","coordinateUncertaintyM":500.0,"uncertaintyUnknown":false,"observationCount":1,"geographicOutlier":false}},{"type":"Feature","id":"55c7e753d271b5b0","geometry":{"type":"Point","coordinates":[150.420883,-34.439106]},"properties":{"species":"Vombatus ursinus","eventDate":"2025-06-27","basisOfRecord":"HUMAN_OBSERVATION","license":"CC-BY 4.0 (Int)","coordinateUncertaintyM":30.0,"uncertaintyUnknown":false,"observationCount":1,"geographicOutlier":false}},{"type":"Feature","id":"ea6499c296600ee9","geometry":{"type":"Point","coordinates":[146.913534,-36.073738]},"properties":{"species":"Vombatus ursinus","eventDate":"2025-06-27","basisOfRecord":"HUMAN_OBSERVATION","license":"CC-BY 4.0 (Int)","coordinateUncertaintyM":1345.0,"uncertaintyUnknown":false,"observationCount":1,"geographicOutlier":false}},{"type":"Feature","id":"4a6a86f9eb2a6bac","geometry":{"type":"Point","coordinates":[150.292147,-34.65594]},"properties":{"species":"Vombatus ursinus","eventDate":"2025-06-26","basisOfRecord":"HUMAN_OBSERVATION","license":"CC-BY 4.0 (Int)","coordinateUncertaintyM":500.0,"uncertaintyUnknown":false,"observationCount":5,"geographicOutlier":false}},{"type":"Feature","id":"2b32f45ca5ecb469","geometry":{"type":"Point","coordinates":[150.586707,-34.858742]},"properties":{"species":"Vombatus ursinus","eventDate":"2025-06-26","basisOfRecord":"HUMAN_OBSERVATION","license":"CC-BY 4.0 (Int)","coordinateUncertaintyM":30.0,"uncertaintyUnknown":false,"observationCount":1,"geographicOutlier":false}},{"type":"Feature","id":"00a63f483631686e","geometry":{"type":"Point","coordinates":[150.751285,-34.575126]},"properties":{"species":"Vombatus ursinus","eventDate":"2025-06-25","basisOfRecord":"HUMAN_OBSERVATION","license":"CC-BY 4.0 (Int)","coordinateUncertaintyM":500.0,"uncertaintyUnknown":false,"observationCount":1,"geographicOutlier":false}},{"type":"Feature","id":"7dc7be1bbe5aeaac","geometry":{"type":"Point","coordinates":[150.972711,-33.583582]},"properties":{"species":"Vombatus ursinus","eventDate":"2025-06-24","basisOfRecord":"HUMAN_OBSERVATION","license":"CC-BY 4.0 (Int)","coordinateUncertaintyM":100.0,"uncertaintyUnknown":false,"observationCount":1,"geographicOutlier":false}},{"type":"Feature","id":"9ca68661194a4511","geometry":{"type":"Point","coordinates":[149.94044,-32.449314]},"properties":{"species":"Vombatus ursinus","eventDate":"2025-06-24","basisOfRecord":"HUMAN_OBSERVATION","license":"CC-BY 4.0 (Int)","coordinateUncertaintyM":100.0,"uncertaintyUnknown":false,"observationCount":1,"geographicOutlier":false}},{"type":"Feature","id":"c9ba9ad38c6c5cca","geometry":{"type":"Point","coordinates":[148.822276,-35.98735]},"properties":{"species":"Vombatus ursinus","eventDate":"2025-06-23","basisOfRecord":"HUMAN_OBSERVATION","license":"CC-BY 4.0 (Int)","coordinateUncertaintyM":10.0,"uncertaintyUnknown":false,"observationCount":1,"geographicOutlier":false}},{"type":"Feature","id":"d326393a21316b33","geometry":{"type":"Point","coordinates":[149.185602,-35.439677]},"properties":{"species":"Vombatus ursinus","eventDate":"2025-06-23","basisOfRecord":"HUMAN_OBSERVATION","license":"CC-BY 4.0 (Int)","coordinateUncertaintyM":30.0,"uncertaintyUnknown":false,"observationCount":1,"geographicOutlier":false}},{"type":"Feature","id":"da81150a9dcc5757","geometry":{"type":"Point","coordinates":[149.965034,-32.401901]},"properties":{"species":"Vombatus ursinus","eventDate":"2025-06-23","basisOfRecord":"HUMAN_OBSERVATION","license":"CC-BY 4.0 (Int)","coordinateUncertaintyM":100.0,"uncertaintyUnknown":false,"observationCount":1,"geographicOutlier":false}},{"type":"Feature","id":"e1f36c9039d6ca71","geometry":{"type":"Point","coordinates":[150.086846,-32.915701]},"properties":{"species":"Vombatus ursinus","eventDate":"2025-06-22","basisOfRecord":"HUMAN_OBSERVATION","license":"CC-BY 4.0 (Int)","coordinateUncertaintyM":500.0,"uncertaintyUnknown":false,"observationCount":1,"geographicOutlier":false}},{"type":"Feature","id":"3f5ba96bf48b3343","geometry":{"type":"Point","coordinates":[150.511919,-34.084643]},"properties":{"species":"Vombatus ursinus","eventDate":"2025-06-22","basisOfRecord":"HUMAN_OBSERVATION","license":"CC-BY 4.0 (Int)","coordinateUncertaintyM":30.0,"uncertaintyUnknown":false,"observationCount":1,"geographicOutlier":false}},{"type":"Feature","id":"db24c7fb4895c272","geometry":{"type":"Point","coordinates":[150.241841,-33.604236]},"properties":{"species":"Vombatus ursinus","eventDate":"2025-06-22","basisOfRecord":"HUMAN_OBSERVATION","license":"CC-BY 4.0 (Int)","coordinateUncertaintyM":30.0,"uncertaintyUnknown":false,"observationCount":1,"geographicOutlier":false}},{"type":"Feature","id":"8a291dcd11a765c8","geometry":{"type":"Point","coordinates":[148.787838,-36.366]},"properties":{"species":"Vombatus ursinus","eventDate":"2025-06-22","basisOfRecord":"HUMAN_OBSERVATION","license":"CC-BY 4.0 (Int)","coordinateUncertaintyM":10.0,"uncertaintyUnknown":false,"observationCount":1,"geographicOutlier":false}},{"type":"Feature","id":"6061cc308684c6b3","geometry":{"type":"Point","coordinates":[149.722416,-36.660498]},"properties":{"species":"Vombatus ursinus","eventDate":"2025-06-21","basisOfRecord":"HUMAN_OBSERVATION","license":"CC-BY 4.0 (Int)","coordinateUncertaintyM":30.0,"uncertaintyUnknown":false,"observationCount":1,"geographicOutlier":false}},{"type":"Feature","id":"a11c5f3c1f048ff8","geometry":{"type":"Point","coordinates":[149.931134,-33.421538]},"properties":{"species":"Vombatus ursinus","eventDate":"2025-06-21","basisOfRecord":"HUMAN_OBSERVATION","license":"CC-BY 4.0 (Int)","coordinateUncertaintyM":30.0,"uncertaintyUnknown":false,"observationCount":1,"geographicOutlier":false}},{"type":"Feature","id":"d11257de64cd3cbb","geometry":{"type":"Point","coordinates":[151.09391,-33.07424]},"properties":{"species":"Vombatus ursinus","eventDate":"2025-06-20","basisOfRecord":"HUMAN_OBSERVATION","license":"CC-BY 4.0 (Int)","coordinateUncertaintyM":30.0,"uncertaintyUnknown":false,"observationCount":1,"geographicOutlier":false}},{"type":"Feature","id":"ce380aba9ec63a41","geometry":{"type":"Point","coordinates":[150.731166,-34.069687]},"properties":{"species":"Vombatus ursinus","eventDate":"2025-06-20","basisOfRecord":"HUMAN_OBSERVATION","license":"CC-BY 4.0 (Int)","coordinateUncertaintyM":500.0,"uncertaintyUnknown":false,"observationCount":1,"geographicOutlier":false}},{"type":"Feature","id":"57ca01a7d207a154","geometry":{"type":"Point","coordinates":[150.399062,-34.510469]},"properties":{"species":"Vombatus ursinus","eventDate":"2025-06-20","basisOfRecord":"HUMAN_OBSERVATION","license":"CC-BY 4.0 (Int)","coordinateUncertaintyM":30.0,"uncertaintyUnknown":false,"observationCount":1,"geographicOutlier":false}},{"type":"Feature","id":"2bf5edcf0e4882a4","geometry":{"type":"Point","coordinates":[150.200452,-33.583043]},"properties":{"species":"Vombatus ursinus","eventDate":"2025-06-19","basisOfRecord":"HUMAN_OBSERVATION","license":"CC-BY 4.0 (Int)","coordinateUncertaintyM":30.0,"uncertaintyUnknown":false,"observationCount":1,"geographicOutlier":false}},{"type":"Feature","id":"be57272199ef653c","geometry":{"type":"Point","coordinates":[149.201235,-35.383366]},"properties":{"species":"Vombatus ursinus","eventDate":"2025-06-19","basisOfRecord":"HUMAN_OBSERVATION","license":"CC-BY 4.0 (Int)","coordinateUncertaintyM":1899.0,"uncertaintyUnknown":false,"observationCount":3,"geographicOutlier":false}},{"type":"Feature","id":"6a184ac57b757e5e","geometry":{"type":"Point","coordinates":[150.600024,-33.90101]},"properties":{"species":"Vombatus ursinus","eventDate":"2025-06-19","basisOfRecord":"HUMAN_OBSERVATION","license":"CC-BY 4.0 (Int)","coordinateUncertaintyM":30.0,"uncertaintyUnknown":false,"observationCount":1,"geographicOutlier":false}},{"type":"Feature","id":"6faff995ac7c3926","geometry":{"type":"Point","coordinates":[147.359837,-35.108172]},"properties":{"species":"Vombatus ursinus","eventDate":"2025-06-19","basisOfRecord":"HUMAN_OBSERVATION","license":"CC-BY 4.0 (Int)","coordinateUncertaintyM":1678.0,"uncertaintyUnknown":false,"observationCount":2,"geographicOutlier":false}},{"type":"Feature","id":"2bd76708495c90f8","geometry":{"type":"Point","coordinates":[150.256883,-35.591679]},"properties":{"species":"Vombatus ursinus","eventDate":"2025-06-18","basisOfRecord":"HUMAN_OBSERVATION","license":"CC-BY 4.0 (Int)","coordinateUncertaintyM":500.0,"uncertaintyUnknown":false,"observationCount":1,"geographicOutlier":false}},{"type":"Feature","id":"71ce71c891066184","geometry":{"type":"Point","coordinates":[148.5628,-34.1186]},"properties":{"species":"Vombatus ursinus","eventDate":"2025-06-17","basisOfRecord":"HUMAN_OBSERVATION","license":"CC-BY 4.0 (Int)","coordinateUncertaintyM":30.0,"uncertaintyUnknown":false,"observationCount":1,"geographicOutlier":false}},{"type":"Feature","id":"adebe590f31d8cc9","geometry":{"type":"Point","coordinates":[149.987408,-32.74489]},"properties":{"species":"Vombatus ursinus","eventDate":"2025-06-17","basisOfRecord":"HUMAN_OBSERVATION","license":"CC-BY 4.0 (Int)","coordinateUncertaintyM":500.0,"uncertaintyUnknown":false,"observationCount":1,"geographicOutlier":false}},{"type":"Feature","id":"c8ff198be39509d3","geometry":{"type":"Point","coordinates":[150.582499,-34.856332]},"properties":{"species":"Vombatus ursinus","eventDate":"2025-06-16","basisOfRecord":"HUMAN_OBSERVATION","license":"CC-BY 4.0 (Int)","coordinateUncertaintyM":500.0,"uncertaintyUnknown":false,"observationCount":4,"geographicOutlier":false}},{"type":"Feature","id":"0ee16b42347aa52b","geometry":{"type":"Point","coordinates":[148.60603,-34.861886]},"properties":{"species":"Vombatus ursinus","eventDate":"2025-06-16","basisOfRecord":"HUMAN_OBSERVATION","license":"CC-BY 4.0 (Int)","coordinateUncertaintyM":500.0,"uncertaintyUnknown":false,"observationCount":1,"geographicOutlier":false}},{"type":"Feature","id":"79eee333b4c45970","geometry":{"type":"Point","coordinates":[150.47847,-34.55173]},"properties":{"species":"Vombatus ursinus","eventDate":"2025-06-15","basisOfRecord":"HUMAN_OBSERVATION","license":"CC-BY 4.0 (Int)","coordinateUncertaintyM":500.0,"uncertaintyUnknown":false,"observationCount":2,"geographicOutlier":false}},{"type":"Feature","id":"18307a8c548dd085","geometry":{"type":"Point","coordinates":[149.809862,-34.742881]},"properties":{"species":"Vombatus ursinus","eventDate":"2025-06-15","basisOfRecord":"HUMAN_OBSERVATION","license":"CC-BY 4.0 (Int)","coordinateUncertaintyM":30.0,"uncertaintyUnknown":false,"observationCount":1,"geographicOutlier":false}},{"type":"Feature","id":"adcc316a11929b55","geometry":{"type":"Point","coordinates":[149.198217,-35.370304]},"properties":{"species":"Vombatus ursinus","eventDate":"2025-06-14","basisOfRecord":"HUMAN_OBSERVATION","license":"CC-BY 4.0 (Int)","coordinateUncertaintyM":500.0,"uncertaintyUnknown":false,"observationCount":5,"geographicOutlier":false}},{"type":"Feature","id":"2953ec2cc1d04265","geometry":{"type":"Point","coordinates":[150.808892,-34.720606]},"properties":{"species":"Vombatus ursinus","eventDate":"2025-06-14","basisOfRecord":"HUMAN_OBSERVATION","license":"CC-BY 4.0 (Int)","coordinateUncertaintyM":30.0,"uncertaintyUnknown":false,"observationCount":1,"geographicOutlier":false}},{"type":"Feature","id":"dd0edde5c29e2232","geometry":{"type":"Point","coordinates":[149.670441,-36.907955]},"properties":{"species":"Vombatus ursinus","eventDate":"2025-06-13","basisOfRecord":"HUMAN_OBSERVATION","license":"CC-BY 4.0 (Int)","coordinateUncertaintyM":500.0,"uncertaintyUnknown":false,"observationCount":2,"geographicOutlier":false}},{"type":"Feature","id":"10e87cd60127ae21","geometry":{"type":"Point","coordinates":[149.910676,-33.433213]},"properties":{"species":"Vombatus ursinus","eventDate":"2025-06-13","basisOfRecord":"HUMAN_OBSERVATION","license":"CC-BY 4.0 (Int)","coordinateUncertaintyM":500.0,"uncertaintyUnknown":false,"observationCount":3,"geographicOutlier":false}},{"type":"Feature","id":"9bedb4baf9f3b1fb","geometry":{"type":"Point","coordinates":[149.736558,-33.551039]},"properties":{"species":"Vombatus ursinus","eventDate":"2025-06-12","basisOfRecord":"HUMAN_OBSERVATION","license":"CC-BY 4.0 (Int)","coordinateUncertaintyM":500.0,"uncertaintyUnknown":false,"observationCount":1,"geographicOutlier":false}},{"type":"Feature","id":"7e0999122cd934ca","geometry":{"type":"Point","coordinates":[147.29623,-37.92718]},"properties":{"species":"Vombatus ursinus","eventDate":"2025-06-12","basisOfRecord":"OCCURRENCE","license":"CC-BY 4.0 (Int)","coordinateUncertaintyM":10.0,"uncertaintyUnknown":false,"observationCount":1,"geographicOutlier":false}},{"type":"Feature","id":"cde442d916ce4fa7","geometry":{"type":"Point","coordinates":[150.242627,-35.683783]},"properties":{"species":"Vombatus ursinus","eventDate":"2025-06-11","basisOfRecord":"HUMAN_OBSERVATION","license":"CC-BY 4.0 (Int)","coordinateUncertaintyM":30.0,"uncertaintyUnknown":false,"observationCount":1,"geographicOutlier":false}},{"type":"Feature","id":"9e721acca3a9ccaa","geometry":{"type":"Point","coordinates":[150.565685,-34.556728]},"properties":{"species":"Vombatus ursinus","eventDate":"2025-06-11","basisOfRecord":"HUMAN_OBSERVATION","license":"CC-BY 4.0 (Int)","coordinateUncertaintyM":30.0,"uncertaintyUnknown":false,"observationCount":1,"geographicOutlier":false}},{"type":"Feature","id":"36730a53e2caf17b","geometry":{"type":"Point","coordinates":[149.987131,-32.774319]},"properties":{"species":"Vombatus ursinus","eventDate":"2025-06-11","basisOfRecord":"HUMAN_OBSERVATION","license":"CC-BY 4.0 (Int)","coordinateUncertaintyM":30.0,"uncertaintyUnknown":false,"observationCount":1,"geographicOutlier":false}},{"type":"Feature","id":"2c3d742ce214e32a","geometry":{"type":"Point","coordinates":[150.581808,-34.04736]},"properties":{"species":"Vombatus ursinus","eventDate":"2025-06-10","basisOfRecord":"HUMAN_OBSERVATION","license":"CC-BY 4.0 (Int)","coordinateUncertaintyM":30.0,"uncertaintyUnknown":false,"observationCount":1,"geographicOutlier":false}},{"type":"Feature","id":"efcdd0744eef5005","geometry":{"type":"Point","coordinates":[150.691082,-34.015877]},"properties":{"species":"Vombatus ursinus","eventDate":"2025-06-09","basisOfRecord":"HUMAN_OBSERVATION","license":"CC-BY 4.0 (Int)","coordinateUncertaintyM":500.0,"uncertaintyUnknown":false,"observationCount":6,"geographicOutlier":false}},{"type":"Feature","id":"26cd0a5d4b989496","geometry":{"type":"Point","coordinates":[150.478754,-35.110807]},"properties":{"species":"Vombatus ursinus","eventDate":"2025-06-08","basisOfRecord":"HUMAN_OBSERVATION","license":"CC-BY 4.0 (Int)","coordinateUncertaintyM":30.0,"uncertaintyUnknown":false,"observationCount":1,"geographicOutlier":false}},{"type":"Feature","id":"d3ce6e0a397411bc","geometry":{"type":"Point","coordinates":[150.436038,-35.217001]},"properties":{"species":"Vombatus ursinus","eventDate":"2025-06-08","basisOfRecord":"HUMAN_OBSERVATION","license":"CC-BY 4.0 (Int)","coordinateUncertaintyM":30.0,"uncertaintyUnknown":false,"observationCount":1,"geographicOutlier":false}},{"type":"Feature","id":"8229292c4007c459","geometry":{"type":"Point","coordinates":[149.22171,-36.92273]},"properties":{"species":"Vombatus ursinus","eventDate":"2025-06-07","basisOfRecord":"HUMAN_OBSERVATION","license":"CC-BY 4.0 (Int)","coordinateUncertaintyM":30.0,"uncertaintyUnknown":false,"observationCount":1,"geographicOutlier":false}},{"type":"Feature","id":"63b293f42f03658b","geometry":{"type":"Point","coordinates":[150.559286,-34.082185]},"properties":{"species":"Vombatus ursinus","eventDate":"2025-06-07","basisOfRecord":"HUMAN_OBSERVATION","license":"CC-BY 4.0 (Int)","coordinateUncertaintyM":30.0,"uncertaintyUnknown":false,"observationCount":1,"geographicOutlier":false}},{"type":"Feature","id":"98cc0d6566ccde4f","geometry":{"type":"Point","coordinates":[150.143314,-33.555176]},"properties":{"species":"Vombatus ursinus","eventDate":"2025-06-06","basisOfRecord":"HUMAN_OBSERVATION","license":"CC-BY 4.0 (Int)","coordinateUncertaintyM":500.0,"uncertaintyUnknown":false,"observationCount":2,"geographicOutlier":false}},{"type":"Feature","id":"875098ff3d612937","geometry":{"type":"Point","coordinates":[150.056594,-33.696554]},"properties":{"species":"Vombatus ursinus","eventDate":"2025-06-06","basisOfRecord":"HUMAN_OBSERVATION","license":"CC-BY 4.0 (Int)","coordinateUncertaintyM":500.0,"uncertaintyUnknown":false,"observationCount":1,"geographicOutlier":false}},{"type":"Feature","id":"6d21b59266649088","geometry":{"type":"Point","coordinates":[141.41937,-37.86789]},"properties":{"species":"Vombatus ursinus","eventDate":"2025-06-05","basisOfRecord":"OCCURRENCE","license":"CC-BY 4.0 (Int)","coordinateUncertaintyM":5.0,"uncertaintyUnknown":false,"observationCount":1,"geographicOutlier":true}},{"type":"Feature","id":"3f4b358ffaee36a2","geometry":{"type":"Point","coordinates":[149.665531,-35.147673]},"properties":{"species":"Vombatus ursinus","eventDate":"2025-06-04","basisOfRecord":"HUMAN_OBSERVATION","license":"CC-BY 4.0 (Int)","coordinateUncertaintyM":30.0,"uncertaintyUnknown":false,"observationCount":1,"geographicOutlier":false}},{"type":"Feature","id":"875e1e0281822319","geometry":{"type":"Point","coordinates":[150.864188,-34.545183]},"properties":{"species":"Vombatus ursinus","eventDate":"2025-06-04","basisOfRecord":"HUMAN_OBSERVATION","license":"CC-BY 4.0 (Int)","coordinateUncertaintyM":30.0,"uncertaintyUnknown":false,"observationCount":1,"geographicOutlier":false}},{"type":"Feature","id":"41b90c3712985ab1","geometry":{"type":"Point","coordinates":[150.751818,-34.504366]},"properties":{"species":"Vombatus ursinus","eventDate":"2025-06-03","basisOfRecord":"HUMAN_OBSERVATION","license":"CC-BY 4.0 (Int)","coordinateUncertaintyM":30.0,"uncertaintyUnknown":false,"observationCount":1,"geographicOutlier":false}},{"type":"Feature","id":"c0d6498d6e2a2055","geometry":{"type":"Point","coordinates":[146.94546,-38.34767]},"properties":{"species":"Vombatus ursinus","eventDate":"2025-06-03","basisOfRecord":"OCCURRENCE","license":"CC-BY 4.0 (Int)","coordinateUncertaintyM":10.0,"uncertaintyUnknown":false,"observationCount":1,"geographicOutlier":false}},{"type":"Feature","id":"315d96aacfb8e016","geometry":{"type":"Point","coordinates":[150.137196,-34.487555]},"properties":{"species":"Vombatus ursinus","eventDate":"2025-06-02","basisOfRecord":"HUMAN_OBSERVATION","license":"CC-BY 4.0 (Int)","coordinateUncertaintyM":30.0,"uncertaintyUnknown":false,"observationCount":1,"geographicOutlier":false}},{"type":"Feature","id":"409f5ff4f81dc3f9","geometry":{"type":"Point","coordinates":[148.904155,-34.844481]},"properties":{"species":"Vombatus ursinus","eventDate":"2025-06-02","basisOfRecord":"HUMAN_OBSERVATION","license":"CC-BY 4.0 (Int)","coordinateUncertaintyM":30.0,"uncertaintyUnknown":false,"observationCount":1,"geographicOutlier":false}},{"type":"Feature","id":"05b4c5c355c6f984","geometry":{"type":"Point","coordinates":[149.977207,-33.355669]},"properties":{"species":"Vombatus ursinus","eventDate":"2025-06-01","basisOfRecord":"HUMAN_OBSERVATION","license":"CC-BY 4.0 (Int)","coordinateUncertaintyM":30.0,"uncertaintyUnknown":false,"observationCount":1,"geographicOutlier":false}},{"type":"Feature","id":"5bd2c2fa1fa4bc39","geometry":{"type":"Point","coordinates":[149.852649,-33.437299]},"properties":{"species":"Vombatus ursinus","eventDate":"2025-06-01","basisOfRecord":"HUMAN_OBSERVATION","license":"CC-BY 4.0 (Int)","coordinateUncertaintyM":500.0,"uncertaintyUnknown":false,"observationCount":1,"geographicOutlier":false}},{"type":"Feature","id":"7f9f480085e6c28c","geometry":{"type":"Point","coordinates":[150.021978,-33.81817]},"properties":{"species":"Vombatus ursinus","eventDate":"2025-06-01","basisOfRecord":"HUMAN_OBSERVATION","license":"CC-BY 4.0 (Int)","coordinateUncertaintyM":500.0,"uncertaintyUnknown":false,"observationCount":1,"geographicOutlier":false}},{"type":"Feature","id":"aa5c51f8e6e606b6","geometry":{"type":"Point","coordinates":[150.555512,-34.600519]},"properties":{"species":"Vombatus ursinus","eventDate":"2025-05-30","basisOfRecord":"HUMAN_OBSERVATION","license":"CC-BY 4.0 (Int)","coordinateUncertaintyM":500.0,"uncertaintyUnknown":false,"observationCount":2,"geographicOutlier":false}},{"type":"Feature","id":"ad14be6c28083a5e","geometry":{"type":"Point","coordinates":[150.570547,-34.805453]},"properties":{"species":"Vombatus ursinus","eventDate":"2025-05-30","basisOfRecord":"HUMAN_OBSERVATION","license":"CC-BY 4.0 (Int)","coordinateUncertaintyM":500.0,"uncertaintyUnknown":false,"observationCount":8,"geographicOutlier":false}},{"type":"Feature","id":"e8fce74b4520b464","geometry":{"type":"Point","coordinates":[150.703806,-34.770017]},"properties":{"species":"Vombatus ursinus","eventDate":"2025-05-29","basisOfRecord":"HUMAN_OBSERVATION","license":"CC-BY 4.0 (Int)","coordinateUncertaintyM":500.0,"uncertaintyUnknown":false,"observationCount":1,"geographicOutlier":false}},{"type":"Feature","id":"24bf210349066e8b","geometry":{"type":"Point","coordinates":[149.931155,-32.447057]},"properties":{"species":"Vombatus ursinus","eventDate":"2025-05-28","basisOfRecord":"HUMAN_OBSERVATION","license":"CC-BY 4.0 (Int)","coordinateUncertaintyM":100.0,"uncertaintyUnknown":false,"observationCount":1,"geographicOutlier":false}},{"type":"Feature","id":"634d18ca1efc1e1e","geometry":{"type":"Point","coordinates":[149.911977,-32.313722]},"properties":{"species":"Vombatus ursinus","eventDate":"2025-05-27","basisOfRecord":"HUMAN_OBSERVATION","license":"CC-BY 4.0 (Int)","coordinateUncertaintyM":100.0,"uncertaintyUnknown":false,"observationCount":1,"geographicOutlier":false}},{"type":"Feature","id":"b8987b73d87f7678","geometry":{"type":"Point","coordinates":[145.2639,-38.1325]},"properties":{"species":"Vombatus ursinus","eventDate":"2025-05-26","basisOfRecord":"OBSERVATION","license":"CC-BY 4.0 (Int)","coordinateUncertaintyM":10.0,"uncertaintyUnknown":false,"observationCount":1,"geographicOutlier":false}},{"type":"Feature","id":"ca6bcd21c1467410","geometry":{"type":"Point","coordinates":[150.511781,-34.581608]},"properties":{"species":"Vombatus ursinus","eventDate":"2025-05-26","basisOfRecord":"HUMAN_OBSERVATION","license":"CC-BY 4.0 (Int)","coordinateUncertaintyM":500.0,"uncertaintyUnknown":false,"observationCount":2,"geographicOutlier":false}},{"type":"Feature","id":"68a06c2fea22566e","geometry":{"type":"Point","coordinates":[151.353717,-33.178034]},"properties":{"species":"Vombatus ursinus","eventDate":"2025-05-26","basisOfRecord":"HUMAN_OBSERVATION","license":"CC-BY 4.0 (Int)","coordinateUncertaintyM":30.0,"uncertaintyUnknown":false,"observationCount":1,"geographicOutlier":false}},{"type":"Feature","id":"6e5358fdecc2e002","geometry":{"type":"Point","coordinates":[150.550254,-34.127685]},"properties":{"species":"Vombatus ursinus","eventDate":"2025-05-25","basisOfRecord":"HUMAN_OBSERVATION","license":"CC-BY 4.0 (Int)","coordinateUncertaintyM":30.0,"uncertaintyUnknown":false,"observationCount":1,"geographicOutlier":false}},{"type":"Feature","id":"4042a77061aed986","geometry":{"type":"Point","coordinates":[150.261314,-33.665732]},"properties":{"species":"Vombatus ursinus","eventDate":"2025-05-25","basisOfRecord":"HUMAN_OBSERVATION","license":"CC-BY 4.0 (Int)","coordinateUncertaintyM":30.0,"uncertaintyUnknown":false,"observationCount":1,"geographicOutlier":false}},{"type":"Feature","id":"99918b9023adcdd1","geometry":{"type":"Point","coordinates":[149.217794,-36.197603]},"properties":{"species":"Vombatus ursinus","eventDate":"2025-05-24","basisOfRecord":"HUMAN_OBSERVATION","license":"CC-BY 4.0 (Int)","coordinateUncertaintyM":10.0,"uncertaintyUnknown":false,"observationCount":1,"geographicOutlier":false}},{"type":"Feature","id":"df50b2d6a7497325","geometry":{"type":"Point","coordinates":[150.621851,-34.55964]},"properties":{"species":"Vombatus ursinus","eventDate":"2025-05-23","basisOfRecord":"HUMAN_OBSERVATION","license":"CC-BY 4.0 (Int)","coordinateUncertaintyM":500.0,"uncertaintyUnknown":false,"observationCount":5,"geographicOutlier":false}},{"type":"Feature","id":"cc1a706802c0ce62","geometry":{"type":"Point","coordinates":[149.943078,-32.315223]},"properties":{"species":"Vombatus ursinus","eventDate":"2025-05-21","basisOfRecord":"HUMAN_OBSERVATION","license":"CC-BY 4.0 (Int)","coordinateUncertaintyM":100.0,"uncertaintyUnknown":false,"observationCount":1,"geographicOutlier":false}},{"type":"Feature","id":"1c930aceabbd468a","geometry":{"type":"Point","coordinates":[150.75,-34.75]},"properties":{"species":"Vombatus ursinus","eventDate":"2025-05-20","basisOfRecord":"HUMAN_OBSERVATION","license":"CC-BY 4.0 (Int)","coordinateUncertaintyM":10.0,"uncertaintyUnknown":false,"observationCount":1,"geographicOutlier":false}},{"type":"Feature","id":"146124ad601ea0ff","geometry":{"type":"Point","coordinates":[149.447999,-35.590759]},"properties":{"species":"Vombatus ursinus","eventDate":"2025-05-20","basisOfRecord":"HUMAN_OBSERVATION","license":"CC-BY 4.0 (Int)","coordinateUncertaintyM":30.0,"uncertaintyUnknown":false,"observationCount":1,"geographicOutlier":false}},{"type":"Feature","id":"69fb9402ca4d5a78","geometry":{"type":"Point","coordinates":[149.922201,-32.384538]},"properties":{"species":"Vombatus ursinus","eventDate":"2025-05-19","basisOfRecord":"HUMAN_OBSERVATION","license":"CC-BY 4.0 (Int)","coordinateUncertaintyM":100.0,"uncertaintyUnknown":false,"observationCount":1,"geographicOutlier":false}},{"type":"Feature","id":"b35fa2feaa57dd43","geometry":{"type":"Point","coordinates":[150.16843,-33.46803]},"properties":{"species":"Vombatus ursinus","eventDate":"2025-05-18","basisOfRecord":"HUMAN_OBSERVATION","license":"CC-BY 4.0 (Int)","coordinateUncertaintyM":10.0,"uncertaintyUnknown":false,"observationCount":1,"geographicOutlier":false}},{"type":"Feature","id":"760beec19f062105","geometry":{"type":"Point","coordinates":[150.11861,-32.95855]},"properties":{"species":"Vombatus ursinus","eventDate":"2025-05-17","basisOfRecord":"HUMAN_OBSERVATION","license":"CC-BY 4.0 (Int)","coordinateUncertaintyM":10.0,"uncertaintyUnknown":false,"observationCount":1,"geographicOutlier":false}},{"type":"Feature","id":"a14f4249b377f7e3","geometry":{"type":"Point","coordinates":[150.025145,-33.819377]},"properties":{"species":"Vombatus ursinus","eventDate":"2025-05-16","basisOfRecord":"HUMAN_OBSERVATION","license":"CC-BY 4.0 (Int)","coordinateUncertaintyM":7.79,"uncertaintyUnknown":false,"observationCount":1,"geographicOutlier":false}},{"type":"Feature","id":"fd61929acdfd6dbc","geometry":{"type":"Point","coordinates":[151.357589,-33.149622]},"properties":{"species":"Vombatus ursinus","eventDate":"2025-05-16","basisOfRecord":"HUMAN_OBSERVATION","license":"CC-BY 4.0 (Int)","coordinateUncertaintyM":30.0,"uncertaintyUnknown":false,"observationCount":1,"geographicOutlier":false}},{"type":"Feature","id":"8c5c0470d50c65b3","geometry":{"type":"Point","coordinates":[150.265636,-33.388447]},"properties":{"species":"Vombatus ursinus","eventDate":"2025-05-15","basisOfRecord":"HUMAN_OBSERVATION","license":"CC-BY 4.0 (Int)","coordinateUncertaintyM":100.0,"uncertaintyUnknown":false,"observationCount":1,"geographicOutlier":false}},{"type":"Feature","id":"43d84fc45f222a12","geometry":{"type":"Point","coordinates":[150.246632,-33.386727]},"properties":{"species":"Vombatus ursinus","eventDate":"2025-05-15","basisOfRecord":"HUMAN_OBSERVATION","license":"CC-BY 4.0 (Int)","coordinateUncertaintyM":100.0,"uncertaintyUnknown":false,"observationCount":1,"geographicOutlier":false}},{"type":"Feature","id":"194cbb9180f150de","geometry":{"type":"Point","coordinates":[149.985923,-32.472344]},"properties":{"species":"Vombatus ursinus","eventDate":"2025-05-14","basisOfRecord":"HUMAN_OBSERVATION","license":"CC-BY 4.0 (Int)","coordinateUncertaintyM":100.0,"uncertaintyUnknown":false,"observationCount":1,"geographicOutlier":false}},{"type":"Feature","id":"eab223764d5df7b8","geometry":{"type":"Point","coordinates":[149.358817,-36.610521]},"properties":{"species":"Vombatus ursinus","eventDate":"2025-05-13","basisOfRecord":"HUMAN_OBSERVATION","license":"CC-BY 4.0 (Int)","coordinateUncertaintyM":10.0,"uncertaintyUnknown":false,"observationCount":1,"geographicOutlier":false}},{"type":"Feature","id":"e921219064034581","geometry":{"type":"Point","coordinates":[150.661139,-33.984838]},"properties":{"species":"Vombatus ursinus","eventDate":"2025-05-13","basisOfRecord":"HUMAN_OBSERVATION","license":"CC-BY 4.0 (Int)","coordinateUncertaintyM":30.0,"uncertaintyUnknown":false,"observationCount":1,"geographicOutlier":false}},{"type":"Feature","id":"a5d2f9af44577b0a","geometry":{"type":"Point","coordinates":[149.318096,-36.869288]},"properties":{"species":"Vombatus ursinus","eventDate":"2025-05-12","basisOfRecord":"HUMAN_OBSERVATION","license":"CC-BY 4.0 (Int)","coordinateUncertaintyM":30.0,"uncertaintyUnknown":false,"observationCount":1,"geographicOutlier":false}},{"type":"Feature","id":"726ddbc90a3b120b","geometry":{"type":"Point","coordinates":[150.532905,-34.736426]},"properties":{"species":"Vombatus ursinus","eventDate":"2025-05-12","basisOfRecord":"HUMAN_OBSERVATION","license":"CC-BY 4.0 (Int)","coordinateUncertaintyM":30.0,"uncertaintyUnknown":false,"observationCount":1,"geographicOutlier":false}},{"type":"Feature","id":"84dad3c2809c0d53","geometry":{"type":"Point","coordinates":[149.612966,-35.26952]},"properties":{"species":"Vombatus ursinus","eventDate":"2025-05-11","basisOfRecord":"HUMAN_OBSERVATION","license":"CC-BY 4.0 (Int)","coordinateUncertaintyM":500.0,"uncertaintyUnknown":false,"observationCount":4,"geographicOutlier":false}},{"type":"Feature","id":"9cae7801fbf0f0ac","geometry":{"type":"Point","coordinates":[150.652688,-33.983095]},"properties":{"species":"Vombatus ursinus","eventDate":"2025-05-11","basisOfRecord":"HUMAN_OBSERVATION","license":"CC-BY 4.0 (Int)","coordinateUncertaintyM":30.0,"uncertaintyUnknown":false,"observationCount":1,"geographicOutlier":false}},{"type":"Feature","id":"23c6a0acb60e6da1","geometry":{"type":"Point","coordinates":[150.438079,-34.585135]},"properties":{"species":"Vombatus ursinus","eventDate":"2025-05-10","basisOfRecord":"HUMAN_OBSERVATION","license":"CC-BY 4.0 (Int)","coordinateUncertaintyM":30.0,"uncertaintyUnknown":false,"observationCount":1,"geographicOutlier":false}},{"type":"Feature","id":"c35f256b8730b3d0","geometry":{"type":"Point","coordinates":[150.396247,-34.412018]},"properties":{"species":"Vombatus ursinus","eventDate":"2025-05-10","basisOfRecord":"HUMAN_OBSERVATION","license":"CC-BY 4.0 (Int)","coordinateUncertaintyM":30.0,"uncertaintyUnknown":false,"observationCount":1,"geographicOutlier":false}},{"type":"Feature","id":"3b46e0ab9e2bd56b","geometry":{"type":"Point","coordinates":[149.716689,-33.632027]},"properties":{"species":"Vombatus ursinus","eventDate":"2025-05-09","basisOfRecord":"HUMAN_OBSERVATION","license":"CC-BY 4.0 (Int)","coordinateUncertaintyM":30.0,"uncertaintyUnknown":false,"observationCount":1,"geographicOutlier":false}},{"type":"Feature","id":"cd94aaae48432f1d","geometry":{"type":"Point","coordinates":[150.317363,-34.571048]},"properties":{"species":"Vombatus ursinus","eventDate":"2025-05-08","basisOfRecord":"HUMAN_OBSERVATION","license":"CC-BY 4.0 (Int)","coordinateUncertaintyM":30.0,"uncertaintyUnknown":false,"observationCount":1,"geographicOutlier":false}},{"type":"Feature","id":"2efb47b6d2453577","geometry":{"type":"Point","coordinates":[150.778943,-34.749597]},"properties":{"species":"Vombatus ursinus","eventDate":"2025-05-08","basisOfRecord":"HUMAN_OBSERVATION","license":"CC-BY 4.0 (Int)","coordinateUncertaintyM":500.0,"uncertaintyUnknown":false,"observationCount":1,"geographicOutlier":false}},{"type":"Feature","id":"d3558872e53c897f","geometry":{"type":"Point","coordinates":[145.929262,-41.595995]},"properties":{"species":"Vombatus ursinus","eventDate":"2025-05-07","basisOfRecord":"HUMAN_OBSERVATION","license":"CC-BY 4.0 (Int)","coordinateUncertaintyM":3.0,"uncertaintyUnknown":false,"observationCount":1,"geographicOutlier":false}},{"type":"Feature","id":"51b0d48e52989c5b","geometry":{"type":"Point","coordinates":[148.632663,-35.86241]},"properties":{"species":"Vombatus ursinus","eventDate":"2025-05-07","basisOfRecord":"HUMAN_OBSERVATION","license":"CC-BY 4.0 (Int)","coordinateUncertaintyM":500.0,"uncertaintyUnknown":false,"observationCount":1,"geographicOutlier":false}},{"type":"Feature","id":"ee4b52721d710271","geometry":{"type":"Point","coordinates":[150.060294,-36.184474]},"properties":{"species":"Vombatus ursinus","eventDate":"2025-05-06","basisOfRecord":"HUMAN_OBSERVATION","license":"CC-BY 4.0 (Int)","coordinateUncertaintyM":500.0,"uncertaintyUnknown":false,"observationCount":1,"geographicOutlier":false}},{"type":"Feature","id":"befb53c48497743a","geometry":{"type":"Point","coordinates":[150.393051,-34.404789]},"properties":{"species":"Vombatus ursinus","eventDate":"2025-05-06","basisOfRecord":"HUMAN_OBSERVATION","license":"CC-BY 4.0 (Int)","coordinateUncertaintyM":30.0,"uncertaintyUnknown":false,"observationCount":1,"geographicOutlier":false}},{"type":"Feature","id":"ab5d47e57a1c112a","geometry":{"type":"Point","coordinates":[150.574047,-34.020554]},"properties":{"species":"Vombatus ursinus","eventDate":"2025-05-05","basisOfRecord":"HUMAN_OBSERVATION","license":"CC-BY 4.0 (Int)","coordinateUncertaintyM":30.0,"uncertaintyUnknown":false,"observationCount":1,"geographicOutlier":false}},{"type":"Feature","id":"b2e9d05148e1eb0c","geometry":{"type":"Point","coordinates":[150.354443,-34.400638]},"properties":{"species":"Vombatus ursinus","eventDate":"2025-05-05","basisOfRecord":"HUMAN_OBSERVATION","license":"CC-BY 4.0 (Int)","coordinateUncertaintyM":500.0,"uncertaintyUnknown":false,"observationCount":2,"geographicOutlier":false}},{"type":"Feature","id":"649e55bb790bd1b4","geometry":{"type":"Point","coordinates":[149.487745,-35.197702]},"properties":{"species":"Vombatus ursinus","eventDate":"2025-05-04","basisOfRecord":"HUMAN_OBSERVATION","license":"CC-BY 4.0 (Int)","coordinateUncertaintyM":500.0,"uncertaintyUnknown":false,"observationCount":1,"geographicOutlier":false}},{"type":"Feature","id":"85ee730e990f1c6a","geometry":{"type":"Point","coordinates":[147.721312,-35.287089]},"properties":{"species":"Vombatus ursinus","eventDate":"2025-05-04","basisOfRecord":"HUMAN_OBSERVATION","license":"CC-BY 4.0 (Int)","coordinateUncertaintyM":500.0,"uncertaintyUnknown":false,"observationCount":1,"geographicOutlier":false}},{"type":"Feature","id":"213e56c18897c267","geometry":{"type":"Point","coordinates":[149.675081,-36.662802]},"properties":{"species":"Vombatus ursinus","eventDate":"2025-05-03","basisOfRecord":"HUMAN_OBSERVATION","license":"CC-BY 4.0 (Int)","coordinateUncertaintyM":30.0,"uncertaintyUnknown":false,"observationCount":1,"geographicOutlier":false}},{"type":"Feature","id":"edb140bf0fbea224","geometry":{"type":"Point","coordinates":[150.548811,-34.916062]},"properties":{"species":"Vombatus ursinus","eventDate":"2025-05-03","basisOfRecord":"HUMAN_OBSERVATION","license":"CC-BY 4.0 (Int)","coordinateUncertaintyM":500.0,"uncertaintyUnknown":false,"observationCount":1,"geographicOutlier":false}},{"type":"Feature","id":"26d94ada2df52f47","geometry":{"type":"Point","coordinates":[149.984849,-32.831295]},"properties":{"species":"Vombatus ursinus","eventDate":"2025-05-03","basisOfRecord":"HUMAN_OBSERVATION","license":"CC-BY 4.0 (Int)","coordinateUncertaintyM":30.0,"uncertaintyUnknown":false,"observationCount":1,"geographicOutlier":false}},{"type":"Feature","id":"576d7c7f4f65b1a6","geometry":{"type":"Point","coordinates":[150.522547,-34.077121]},"properties":{"species":"Vombatus ursinus","eventDate":"2025-05-02","basisOfRecord":"HUMAN_OBSERVATION","license":"CC-BY 4.0 (Int)","coordinateUncertaintyM":30.0,"uncertaintyUnknown":false,"observationCount":1,"geographicOutlier":false}},{"type":"Feature","id":"7a166014a1729665","geometry":{"type":"Point","coordinates":[149.916884,-32.373241]},"properties":{"species":"Vombatus ursinus","eventDate":"2025-05-01","basisOfRecord":"HUMAN_OBSERVATION","license":"CC-BY 4.0 (Int)","coordinateUncertaintyM":100.0,"uncertaintyUnknown":false,"observationCount":1,"geographicOutlier":false}},{"type":"Feature","id":"6f96cd2b1b37729e","geometry":{"type":"Point","coordinates":[149.919074,-35.586817]},"properties":{"species":"Vombatus ursinus","eventDate":"2025-05-01","basisOfRecord":"HUMAN_OBSERVATION","license":"CC-BY 4.0 (Int)","coordinateUncertaintyM":500.0,"uncertaintyUnknown":false,"observationCount":1,"geographicOutlier":false}},{"type":"Feature","id":"0bf4a4c492d30b2a","geometry":{"type":"Point","coordinates":[149.95256,-32.317746]},"properties":{"species":"Vombatus ursinus","eventDate":"2025-04-30","basisOfRecord":"HUMAN_OBSERVATION","license":"CC-BY 4.0 (Int)","coordinateUncertaintyM":100.0,"uncertaintyUnknown":false,"observationCount":1,"geographicOutlier":false}},{"type":"Feature","id":"1ab1259eadf9598a","geometry":{"type":"Point","coordinates":[150.736956,-34.074475]},"properties":{"species":"Vombatus ursinus","eventDate":"2025-04-29","basisOfRecord":"HUMAN_OBSERVATION","license":"CC-BY 4.0 (Int)","coordinateUncertaintyM":250.0,"uncertaintyUnknown":false,"observationCount":1,"geographicOutlier":false}},{"type":"Feature","id":"879c860826f44162","geometry":{"type":"Point","coordinates":[150.823835,-31.753166]},"properties":{"species":"Vombatus ursinus","eventDate":"2025-04-29","basisOfRecord":"HUMAN_OBSERVATION","license":"CC-BY 4.0 (Int)","coordinateUncertaintyM":30.0,"uncertaintyUnknown":false,"observationCount":1,"geographicOutlier":false}},{"type":"Feature","id":"497bb0fb11bb4ea8","geometry":{"type":"Point","coordinates":[150.062566,-33.50204]},"properties":{"species":"Vombatus ursinus","eventDate":"2025-04-28","basisOfRecord":"HUMAN_OBSERVATION","license":"CC-BY 4.0 (Int)","coordinateUncertaintyM":30.0,"uncertaintyUnknown":false,"observationCount":1,"geographicOutlier":false}},{"type":"Feature","id":"0167933d1a02ab93","geometry":{"type":"Point","coordinates":[148.812179,-36.371328]},"properties":{"species":"Vombatus ursinus","eventDate":"2025-04-27","basisOfRecord":"HUMAN_OBSERVATION","license":"CC-BY 4.0 (Int)","coordinateUncertaintyM":10.0,"uncertaintyUnknown":false,"observationCount":1,"geographicOutlier":false}},{"type":"Feature","id":"5a0ccb59a66e68c9","geometry":{"type":"Point","coordinates":[149.428159,-32.320021]},"properties":{"species":"Vombatus ursinus","eventDate":"2025-04-26","basisOfRecord":"HUMAN_OBSERVATION","license":"CC-BY 4.0 (Int)","coordinateUncertaintyM":500.0,"uncertaintyUnknown":false,"observationCount":1,"geographicOutlier":false}},{"type":"Feature","id":"b19786368f8f6d8f","geometry":{"type":"Point","coordinates":[150.023141,-33.818288]},"properties":{"species":"Vombatus ursinus","eventDate":"2025-04-25","basisOfRecord":"HUMAN_OBSERVATION","license":"CC-BY 4.0 (Int)","coordinateUncertaintyM":2.39,"uncertaintyUnknown":false,"observationCount":1,"geographicOutlier":false}},{"type":"Feature","id":"76491a8cd6e59f31","geometry":{"type":"Point","coordinates":[150.15977,-34.790828]},"properties":{"species":"Vombatus ursinus","eventDate":"2025-04-24","basisOfRecord":"HUMAN_OBSERVATION","license":"CC-BY 4.0 (Int)","coordinateUncertaintyM":500.0,"uncertaintyUnknown":false,"observationCount":3,"geographicOutlier":false}},{"type":"Feature","id":"301014008cd87c6b","geometry":{"type":"Point","coordinates":[149.237011,-35.423313]},"properties":{"species":"Vombatus ursinus","eventDate":"2025-04-23","basisOfRecord":"HUMAN_OBSERVATION","license":"CC-BY 4.0 (Int)","coordinateUncertaintyM":500.0,"uncertaintyUnknown":false,"observationCount":1,"geographicOutlier":false}},{"type":"Feature","id":"af0a777ffc20a9e0","geometry":{"type":"Point","coordinates":[149.905066,-35.151924]},"properties":{"species":"Vombatus ursinus","eventDate":"2025-04-22","basisOfRecord":"HUMAN_OBSERVATION","license":"CC-BY 4.0 (Int)","coordinateUncertaintyM":30.0,"uncertaintyUnknown":false,"observationCount":1,"geographicOutlier":false}},{"type":"Feature","id":"d537311d8132a8b7","geometry":{"type":"Point","coordinates":[150.530472,-34.738906]},"properties":{"species":"Vombatus ursinus","eventDate":"2025-04-22","basisOfRecord":"HUMAN_OBSERVATION","license":"CC-BY 4.0 (Int)","coordinateUncertaintyM":30.0,"uncertaintyUnknown":false,"observationCount":1,"geographicOutlier":false}},{"type":"Feature","id":"a5803b16e084aa75","geometry":{"type":"Point","coordinates":[147.350042,-35.799081]},"properties":{"species":"Vombatus ursinus","eventDate":"2025-04-22","basisOfRecord":"HUMAN_OBSERVATION","license":"CC-BY 4.0 (Int)","coordinateUncertaintyM":500.0,"uncertaintyUnknown":false,"observationCount":1,"geographicOutlier":false}},{"type":"Feature","id":"73b7b3d5f114f0b4","geometry":{"type":"Point","coordinates":[150.808338,-34.699603]},"properties":{"species":"Vombatus ursinus","eventDate":"2025-04-21","basisOfRecord":"HUMAN_OBSERVATION","license":"CC-BY 4.0 (Int)","coordinateUncertaintyM":500.0,"uncertaintyUnknown":false,"observationCount":2,"geographicOutlier":false}},{"type":"Feature","id":"52e1dceff18abacf","geometry":{"type":"Point","coordinates":[149.665368,-35.730872]},"properties":{"species":"Vombatus ursinus","eventDate":"2025-04-20","basisOfRecord":"HUMAN_OBSERVATION","license":"CC-BY 4.0 (Int)","coordinateUncertaintyM":169.0,"uncertaintyUnknown":false,"observationCount":1,"geographicOutlier":false}},{"type":"Feature","id":"159e015527c95336","geometry":{"type":"Point","coordinates":[150.295505,-35.390812]},"properties":{"species":"Vombatus ursinus","eventDate":"2025-04-20","basisOfRecord":"HUMAN_OBSERVATION","license":"CC-BY 4.0 (Int)","coordinateUncertaintyM":30.0,"uncertaintyUnknown":false,"observationCount":1,"geographicOutlier":false}},{"type":"Feature","id":"7a4ce49f2fff3d8c","geometry":{"type":"Point","coordinates":[148.808364,-36.371853]},"properties":{"species":"Vombatus ursinus","eventDate":"2025-04-20","basisOfRecord":"HUMAN_OBSERVATION","license":"CC-BY 4.0 (Int)","coordinateUncertaintyM":10.0,"uncertaintyUnknown":false,"observationCount":1,"geographicOutlier":false}},{"type":"Feature","id":"e01f46dccbe06805","geometry":{"type":"Point","coordinates":[149.117343,-36.240859]},"properties":{"species":"Vombatus ursinus","eventDate":"2025-04-19","basisOfRecord":"HUMAN_OBSERVATION","license":"CC-BY 4.0 (Int)","coordinateUncertaintyM":211.0,"uncertaintyUnknown":false,"observationCount":1,"geographicOutlier":false}},{"type":"Feature","id":"a659333118f2c385","geometry":{"type":"Point","coordinates":[148.850032,-36.476979]},"properties":{"species":"Vombatus ursinus","eventDate":"2025-04-18","basisOfRecord":"HUMAN_OBSERVATION","license":"CC-BY 4.0 (Int)","coordinateUncertaintyM":500.0,"uncertaintyUnknown":false,"observationCount":2,"geographicOutlier":false}},{"type":"Feature","id":"57aa549dd65dd4fa","geometry":{"type":"Point","coordinates":[150.341256,-34.484613]},"properties":{"species":"Vombatus ursinus","eventDate":"2025-04-17","basisOfRecord":"HUMAN_OBSERVATION","license":"CC-BY 4.0 (Int)","coordinateUncertaintyM":500.0,"uncertaintyUnknown":false,"observationCount":2,"geographicOutlier":false}},{"type":"Feature","id":"58b71245876c1a44","geometry":{"type":"Point","coordinates":[150.598116,-33.894216]},"properties":{"species":"Vombatus ursinus","eventDate":"2025-04-16","basisOfRecord":"HUMAN_OBSERVATION","license":"CC-BY 4.0 (Int)","coordinateUncertaintyM":91.0,"uncertaintyUnknown":false,"observationCount":1,"geographicOutlier":false}},{"type":"Feature","id":"1bdd5ef28edcaee7","geometry":{"type":"Point","coordinates":[149.940787,-32.472108]},"properties":{"species":"Vombatus ursinus","eventDate":"2025-04-16","basisOfRecord":"HUMAN_OBSERVATION","license":"CC-BY 4.0 (Int)","coordinateUncertaintyM":100.0,"uncertaintyUnknown":false,"observationCount":1,"geographicOutlier":false}},{"type":"Feature","id":"83693148e3516637","geometry":{"type":"Point","coordinates":[150.125268,-34.782189]},"properties":{"species":"Vombatus ursinus","eventDate":"2025-04-16","basisOfRecord":"HUMAN_OBSERVATION","license":"CC-BY 4.0 (Int)","coordinateUncertaintyM":30.0,"uncertaintyUnknown":false,"observationCount":1,"geographicOutlier":false}},{"type":"Feature","id":"fe4c8e04e9d23d2f","geometry":{"type":"Point","coordinates":[150.211038,-33.379969]},"properties":{"species":"Vombatus ursinus","eventDate":"2025-04-15","basisOfRecord":"HUMAN_OBSERVATION","license":"CC-BY 4.0 (Int)","coordinateUncertaintyM":100.0,"uncertaintyUnknown":false,"observationCount":1,"geographicOutlier":false}},{"type":"Feature","id":"0f6ca91515dfdb8d","geometry":{"type":"Point","coordinates":[150.669074,-34.151278]},"properties":{"species":"Vombatus ursinus","eventDate":"2025-04-15","basisOfRecord":"HUMAN_OBSERVATION","license":"CC-BY 4.0 (Int)","coordinateUncertaintyM":500.0,"uncertaintyUnknown":false,"observationCount":6,"geographicOutlier":false}},{"type":"Feature","id":"ffc4d723a456e792","geometry":{"type":"Point","coordinates":[149.80391,-37.355988]},"properties":{"species":"Vombatus ursinus","eventDate":"2025-04-15","basisOfRecord":"HUMAN_OBSERVATION","license":"CC-BY 4.0 (Int)","coordinateUncertaintyM":10.0,"uncertaintyUnknown":false,"observationCount":1,"geographicOutlier":false}},{"type":"Feature","id":"c781fb8b3a2c0520","geometry":{"type":"Point","coordinates":[150.437091,-34.464798]},"properties":{"species":"Vombatus ursinus","eventDate":"2025-04-14","basisOfRecord":"HUMAN_OBSERVATION","license":"CC-BY 4.0 (Int)","coordinateUncertaintyM":500.0,"uncertaintyUnknown":false,"observationCount":3,"geographicOutlier":false}},{"type":"Feature","id":"dc646ed9e1bfa839","geometry":{"type":"Point","coordinates":[150.703817,-34.769821]},"properties":{"species":"Vombatus ursinus","eventDate":"2025-04-13","basisOfRecord":"HUMAN_OBSERVATION","license":"CC-BY 4.0 (Int)","coordinateUncertaintyM":500.0,"uncertaintyUnknown":false,"observationCount":1,"geographicOutlier":false}},{"type":"Feature","id":"a35322e0c5a626be","geometry":{"type":"Point","coordinates":[150.384884,-34.929095]},"properties":{"species":"Vombatus ursinus","eventDate":"2025-04-12","basisOfRecord":"HUMAN_OBSERVATION","license":"CC-BY 4.0 (Int)","coordinateUncertaintyM":500.0,"uncertaintyUnknown":false,"observationCount":1,"geographicOutlier":false}},{"type":"Feature","id":"3fe2f375a3dfbee7","geometry":{"type":"Point","coordinates":[150.088175,-34.695728]},"properties":{"species":"Vombatus ursinus","eventDate":"2025-04-11","basisOfRecord":"HUMAN_OBSERVATION","license":"CC-BY 4.0 (Int)","coordinateUncertaintyM":30.0,"uncertaintyUnknown":false,"observationCount":1,"geographicOutlier":false}},{"type":"Feature","id":"b2359b7c044ea799","geometry":{"type":"Point","coordinates":[149.185109,-37.173572]},"properties":{"species":"Vombatus ursinus","eventDate":"2025-04-09","basisOfRecord":"HUMAN_OBSERVATION","license":"CC-BY 4.0 (Int)","coordinateUncertaintyM":10.0,"uncertaintyUnknown":false,"observationCount":1,"geographicOutlier":false}},{"type":"Feature","id":"29b76fc7c908c7bb","geometry":{"type":"Point","coordinates":[149.547941,-33.397369]},"properties":{"species":"Vombatus ursinus","eventDate":"2025-04-09","basisOfRecord":"HUMAN_OBSERVATION","license":"CC-BY 4.0 (Int)","coordinateUncertaintyM":30.0,"uncertaintyUnknown":false,"observationCount":1,"geographicOutlier":false}},{"type":"Feature","id":"fd49c4d53bc15a39","geometry":{"type":"Point","coordinates":[150.559355,-34.519698]},"properties":{"species":"Vombatus ursinus","eventDate":"2025-04-09","basisOfRecord":"HUMAN_OBSERVATION","license":"CC-BY 4.0 (Int)","coordinateUncertaintyM":500.0,"uncertaintyUnknown":false,"observationCount":1,"geographicOutlier":false}},{"type":"Feature","id":"9a24e77337797f83","geometry":{"type":"Point","coordinates":[151.367631,-33.24113]},"properties":{"species":"Vombatus ursinus","eventDate":"2025-04-08","basisOfRecord":"HUMAN_OBSERVATION","license":"CC-BY 4.0 (Int)","coordinateUncertaintyM":30.0,"uncertaintyUnknown":false,"observationCount":3,"geographicOutlier":false}},{"type":"Feature","id":"c2fb8edd0ac524bb","geometry":{"type":"Point","coordinates":[149.197697,-35.563262]},"properties":{"species":"Vombatus ursinus","eventDate":"2025-04-07","basisOfRecord":"HUMAN_OBSERVATION","license":"CC-BY 4.0 (Int)","coordinateUncertaintyM":500.0,"uncertaintyUnknown":false,"observationCount":1,"geographicOutlier":false}},{"type":"Feature","id":"f256aa34bc5a6894","geometry":{"type":"Point","coordinates":[150.614126,-34.089981]},"properties":{"species":"Vombatus ursinus","eventDate":"2025-04-07","basisOfRecord":"HUMAN_OBSERVATION","license":"CC-BY 4.0 (Int)","coordinateUncertaintyM":500.0,"uncertaintyUnknown":false,"observationCount":3,"geographicOutlier":false}},{"type":"Feature","id":"04393e7674654345","geometry":{"type":"Point","coordinates":[149.905065,-36.980907]},"properties":{"species":"Vombatus ursinus","eventDate":"2025-04-06","basisOfRecord":"HUMAN_OBSERVATION","license":"CC-BY 4.0 (Int)","coordinateUncertaintyM":30.0,"uncertaintyUnknown":false,"observationCount":1,"geographicOutlier":false}},{"type":"Feature","id":"05389afb9940854e","geometry":{"type":"Point","coordinates":[150.793995,-34.572635]},"properties":{"species":"Vombatus ursinus","eventDate":"2025-04-05","basisOfRecord":"HUMAN_OBSERVATION","license":"CC-BY 4.0 (Int)","coordinateUncertaintyM":500.0,"uncertaintyUnknown":false,"observationCount":1,"geographicOutlier":false}},{"type":"Feature","id":"39dc311cd538a010","geometry":{"type":"Point","coordinates":[149.902561,-36.748898]},"properties":{"species":"Vombatus ursinus","eventDate":"2025-04-04","basisOfRecord":"HUMAN_OBSERVATION","license":"CC-BY 4.0 (Int)","coordinateUncertaintyM":30.0,"uncertaintyUnknown":false,"observationCount":1,"geographicOutlier":false}},{"type":"Feature","id":"33fe7a7ea262e449","geometry":{"type":"Point","coordinates":[139.86795,-36.67603]},"properties":{"species":"Vombatus ursinus","eventDate":"2025-04-04","basisOfRecord":"HUMAN_OBSERVATION","license":"CC-BY 4.0 (Int)","coordinateUncertaintyM":50.0,"uncertaintyUnknown":false,"observationCount":1,"geographicOutlier":true}},{"type":"Feature","id":"05846c4e90a2aa91","geometry":{"type":"Point","coordinates":[150.214044,-33.40724]},"properties":{"species":"Vombatus ursinus","eventDate":"2025-04-03","basisOfRecord":"HUMAN_OBSERVATION","license":"CC-BY 4.0 (Int)","coordinateUncertaintyM":100.0,"uncertaintyUnknown":false,"observationCount":2,"geographicOutlier":false}},{"type":"Feature","id":"93ba5379ea2c43b2","geometry":{"type":"Point","coordinates":[148.918009,-36.116902]},"properties":{"species":"Vombatus ursinus","eventDate":"2025-04-03","basisOfRecord":"HUMAN_OBSERVATION","license":"CC-BY 4.0 (Int)","coordinateUncertaintyM":500.0,"uncertaintyUnknown":false,"observationCount":1,"geographicOutlier":false}},{"type":"Feature","id":"da98a8dc6d4f836f","geometry":{"type":"Point","coordinates":[150.463905,-33.518774]},"properties":{"species":"Vombatus ursinus","eventDate":"2025-04-02","basisOfRecord":"HUMAN_OBSERVATION","license":"CC-BY 4.0 (Int)","coordinateUncertaintyM":30.0,"uncertaintyUnknown":false,"observationCount":1,"geographicOutlier":false}},{"type":"Feature","id":"0ef3d939b9725c12","geometry":{"type":"Point","coordinates":[150.63491,-34.211965]},"properties":{"species":"Vombatus ursinus","eventDate":"2025-04-01","basisOfRecord":"HUMAN_OBSERVATION","license":"CC-BY 4.0 (Int)","coordinateUncertaintyM":30.0,"uncertaintyUnknown":false,"observationCount":1,"geographicOutlier":false}},{"type":"Feature","id":"8c7e0c9d6e48bd05","geometry":{"type":"Point","coordinates":[150.068053,-33.007553]},"properties":{"species":"Vombatus ursinus","eventDate":"2025-03-31","basisOfRecord":"HUMAN_OBSERVATION","license":"CC-BY 4.0 (Int)","coordinateUncertaintyM":500.0,"uncertaintyUnknown":false,"observationCount":1,"geographicOutlier":false}},{"type":"Feature","id":"543dd9dff964e1d0","geometry":{"type":"Point","coordinates":[150.59486,-34.018497]},"properties":{"species":"Vombatus ursinus","eventDate":"2025-03-29","basisOfRecord":"HUMAN_OBSERVATION","license":"CC-BY 4.0 (Int)","coordinateUncertaintyM":500.0,"uncertaintyUnknown":false,"observationCount":1,"geographicOutlier":false}},{"type":"Feature","id":"6928f665e0eb8084","geometry":{"type":"Point","coordinates":[150.704035,-34.639856]},"properties":{"species":"Vombatus ursinus","eventDate":"2025-03-28","basisOfRecord":"HUMAN_OBSERVATION","license":"CC-BY 4.0 (Int)","coordinateUncertaintyM":500.0,"uncertaintyUnknown":false,"observationCount":1,"geographicOutlier":false}},{"type":"Feature","id":"0684999a5bcdfc60","geometry":{"type":"Point","coordinates":[148.235151,-35.311538]},"properties":{"species":"Vombatus ursinus","eventDate":"2025-03-27","basisOfRecord":"HUMAN_OBSERVATION","license":"CC-BY 4.0 (Int)","coordinateUncertaintyM":30.0,"uncertaintyUnknown":false,"observationCount":1,"geographicOutlier":false}},{"type":"Feature","id":"6365624173733e9e","geometry":{"type":"Point","coordinates":[150.479501,-34.612566]},"properties":{"species":"Vombatus ursinus","eventDate":"2025-03-27","basisOfRecord":"HUMAN_OBSERVATION","license":"CC-BY 4.0 (Int)","coordinateUncertaintyM":30.0,"uncertaintyUnknown":false,"observationCount":1,"geographicOutlier":false}},{"type":"Feature","id":"2684e76d1ee3e1e0","geometry":{"type":"Point","coordinates":[150.25581,-34.562558]},"properties":{"species":"Vombatus ursinus","eventDate":"2025-03-26","basisOfRecord":"HUMAN_OBSERVATION","license":"CC-BY 4.0 (Int)","coordinateUncertaintyM":500.0,"uncertaintyUnknown":false,"observationCount":1,"geographicOutlier":false}},{"type":"Feature","id":"df461cd9e287a76d","geometry":{"type":"Point","coordinates":[150.170737,-33.365946]},"properties":{"species":"Vombatus ursinus","eventDate":"2025-03-25","basisOfRecord":"HUMAN_OBSERVATION","license":"CC-BY 4.0 (Int)","coordinateUncertaintyM":100.0,"uncertaintyUnknown":false,"observationCount":1,"geographicOutlier":false}},{"type":"Feature","id":"558637cc7559d186","geometry":{"type":"Point","coordinates":[151.427538,-33.306868]},"properties":{"species":"Vombatus ursinus","eventDate":"2025-03-25","basisOfRecord":"HUMAN_OBSERVATION","license":"CC-BY 4.0 (Int)","coordinateUncertaintyM":1723.0,"uncertaintyUnknown":false,"observationCount":2,"geographicOutlier":false}},{"type":"Feature","id":"b4f60b1fc375964c","geometry":{"type":"Point","coordinates":[150.182133,-33.365814]},"properties":{"species":"Vombatus ursinus","eventDate":"2025-03-24","basisOfRecord":"HUMAN_OBSERVATION","license":"CC-BY 4.0 (Int)","coordinateUncertaintyM":100.0,"uncertaintyUnknown":false,"observationCount":1,"geographicOutlier":false}},{"type":"Feature","id":"ab9f0bc9efc27827","geometry":{"type":"Point","coordinates":[148.033718,-42.65691]},"properties":{"species":"Vombatus ursinus","eventDate":"2025-03-23","basisOfRecord":"HUMAN_OBSERVATION","license":"CC-BY 4.0 (Int)","coordinateUncertaintyM":578.0,"uncertaintyUnknown":false,"observationCount":1,"geographicOutlier":false}},{"type":"Feature","id":"b8931f9c476d8119","geometry":{"type":"Point","coordinates":[146.26869,-37.43128]},"properties":{"species":"Vombatus ursinus","eventDate":"2025-03-22","basisOfRecord":"OCCURRENCE","license":"CC-BY 4.0 (Int)","coordinateUncertaintyM":10.0,"uncertaintyUnknown":false,"observationCount":1,"geographicOutlier":false}},{"type":"Feature","id":"77b62ca76047af75","geometry":{"type":"Point","coordinates":[150.522066,-34.074291]},"properties":{"species":"Vombatus ursinus","eventDate":"2025-03-22","basisOfRecord":"HUMAN_OBSERVATION","license":"CC-BY 4.0 (Int)","coordinateUncertaintyM":30.0,"uncertaintyUnknown":false,"observationCount":1,"geographicOutlier":false}},{"type":"Feature","id":"f98bdb0a1c1c4b51","geometry":{"type":"Point","coordinates":[150.325944,-34.652614]},"properties":{"species":"Vombatus ursinus","eventDate":"2025-03-21","basisOfRecord":"HUMAN_OBSERVATION","license":"CC-BY 4.0 (Int)","coordinateUncertaintyM":500.0,"uncertaintyUnknown":false,"observationCount":1,"geographicOutlier":false}},{"type":"Feature","id":"4733f7a367f04ac2","geometry":{"type":"Point","coordinates":[148.99749,-36.271585]},"properties":{"species":"Vombatus ursinus","eventDate":"2025-03-20","basisOfRecord":"HUMAN_OBSERVATION","license":"CC-BY 4.0 (Int)","coordinateUncertaintyM":500.0,"uncertaintyUnknown":false,"observationCount":2,"geographicOutlier":false}},{"type":"Feature","id":"0d6786a9fd84464d","geometry":{"type":"Point","coordinates":[146.24222,-38.88411]},"properties":{"species":"Vombatus ursinus","eventDate":"2025-03-20","basisOfRecord":"OCCURRENCE","license":"CC-BY 4.0 (Int)","coordinateUncertaintyM":10.0,"uncertaintyUnknown":false,"observationCount":3,"geographicOutlier":false}},{"type":"Feature","id":"d4a5a43d24d201b7","geometry":{"type":"Point","coordinates":[150.164998,-33.356991]},"properties":{"species":"Vombatus ursinus","eventDate":"2025-03-20","basisOfRecord":"HUMAN_OBSERVATION","license":"CC-BY 4.0 (Int)","coordinateUncertaintyM":100.0,"uncertaintyUnknown":false,"observationCount":1,"geographicOutlier":false}},{"type":"Feature","id":"cffdcd82e12fc422","geometry":{"type":"Point","coordinates":[146.24865,-38.90688]},"properties":{"species":"Vombatus ursinus","eventDate":"2025-03-19","basisOfRecord":"OCCURRENCE","license":"CC-BY 4.0 (Int)","coordinateUncertaintyM":10.0,"uncertaintyUnknown":false,"observationCount":4,"geographicOutlier":false}},{"type":"Feature","id":"34c2242a5ae34229","geometry":{"type":"Point","coordinates":[146.25189,-38.90985]},"properties":{"species":"Vombatus ursinus","eventDate":"2025-03-19","basisOfRecord":"OCCURRENCE","license":"CC-BY 4.0 (Int)","coordinateUncertaintyM":10.0,"uncertaintyUnknown":false,"observationCount":1,"geographicOutlier":false}},{"type":"Feature","id":"f046e5c5ea1845ba","geometry":{"type":"Point","coordinates":[146.28726,-38.88229]},"properties":{"species":"Vombatus ursinus","eventDate":"2025-03-19","basisOfRecord":"OCCURRENCE","license":"CC-BY 4.0 (Int)","coordinateUncertaintyM":10.0,"uncertaintyUnknown":false,"observationCount":1,"geographicOutlier":false}},{"type":"Feature","id":"89970b58f143ba17","geometry":{"type":"Point","coordinates":[146.26775,-38.88096]},"properties":{"species":"Vombatus ursinus","eventDate":"2025-03-19","basisOfRecord":"OCCURRENCE","license":"CC-BY 4.0 (Int)","coordinateUncertaintyM":10.0,"uncertaintyUnknown":false,"observationCount":1,"geographicOutlier":false}},{"type":"Feature","id":"3f34af09d558c1f2","geometry":{"type":"Point","coordinates":[146.320524,-39.032663]},"properties":{"species":"Vombatus ursinus","eventDate":"2025-03-18","basisOfRecord":"HUMAN_OBSERVATION","license":"CC-BY 4.0 (Int)","coordinateUncertaintyM":null,"uncertaintyUnknown":true,"observationCount":1,"geographicOutlier":false}},{"type":"Feature","id":"2212a41f34306774","geometry":{"type":"Point","coordinates":[146.2693,-38.87327]},"properties":{"species":"Vombatus ursinus","eventDate":"2025-03-18","basisOfRecord":"OCCURRENCE","license":"CC-BY 4.0 (Int)","coordinateUncertaintyM":10.0,"uncertaintyUnknown":false,"observationCount":1,"geographicOutlier":false}},{"type":"Feature","id":"555e82e204e65f61","geometry":{"type":"Point","coordinates":[146.27075,-38.90547]},"properties":{"species":"Vombatus ursinus","eventDate":"2025-03-18","basisOfRecord":"OCCURRENCE","license":"CC-BY 4.0 (Int)","coordinateUncertaintyM":10.0,"uncertaintyUnknown":false,"observationCount":1,"geographicOutlier":false}},{"type":"Feature","id":"9d52f1dea0b919d7","geometry":{"type":"Point","coordinates":[149.633021,-33.402308]},"properties":{"species":"Vombatus ursinus","eventDate":"2025-03-18","basisOfRecord":"HUMAN_OBSERVATION","license":"CC-BY 4.0 (Int)","coordinateUncertaintyM":500.0,"uncertaintyUnknown":false,"observationCount":2,"geographicOutlier":false}},{"type":"Feature","id":"611188fc40cca81a","geometry":{"type":"Point","coordinates":[145.943948,-41.641166]},"properties":{"species":"Vombatus ursinus","eventDate":"2025-03-17","basisOfRecord":"HUMAN_OBSERVATION","license":"CC-BY 4.0 (Int)","coordinateUncertaintyM":15.0,"uncertaintyUnknown":false,"observationCount":1,"geographicOutlier":false}},{"type":"Feature","id":"7c2ee0dcbde6cfd8","geometry":{"type":"Point","coordinates":[146.26689,-38.90701]},"properties":{"species":"Vombatus ursinus","eventDate":"2025-03-17","basisOfRecord":"OCCURRENCE","license":"CC-BY 4.0 (Int)","coordinateUncertaintyM":10.0,"uncertaintyUnknown":false,"observationCount":1,"geographicOutlier":false}},{"type":"Feature","id":"9584759e70a30a63","geometry":{"type":"Point","coordinates":[149.952685,-35.397339]},"properties":{"species":"Vombatus ursinus","eventDate":"2025-03-16","basisOfRecord":"HUMAN_OBSERVATION","license":"CC-BY 4.0 (Int)","coordinateUncertaintyM":500.0,"uncertaintyUnknown":false,"observationCount":1,"geographicOutlier":false}},{"type":"Feature","id":"21a2c5376760160a","geometry":{"type":"Point","coordinates":[150.297833,-34.373608]},"properties":{"species":"Vombatus ursinus","eventDate":"2025-03-14","basisOfRecord":"HUMAN_OBSERVATION","license":"CC-BY 4.0 (Int)","coordinateUncertaintyM":500.0,"uncertaintyUnknown":false,"observationCount":6,"geographicOutlier":false}},{"type":"Feature","id":"3bf14a6d9fd3b7cd","geometry":{"type":"Point","coordinates":[149.706508,-33.426127]},"properties":{"species":"Vombatus ursinus","eventDate":"2025-03-13","basisOfRecord":"HUMAN_OBSERVATION","license":"CC-BY 4.0 (Int)","coordinateUncertaintyM":500.0,"uncertaintyUnknown":false,"observationCount":1,"geographicOutlier":false}},{"type":"Feature","id":"85a6f138a1b215f2","geometry":{"type":"Point","coordinates":[149.300814,-33.739136]},"properties":{"species":"Vombatus ursinus","eventDate":"2025-03-12","basisOfRecord":"HUMAN_OBSERVATION","license":"CC-BY 4.0 (Int)","coordinateUncertaintyM":30.0,"uncertaintyUnknown":false,"observationCount":1,"geographicOutlier":false}},{"type":"Feature","id":"6a21b324e2a5fe26","geometry":{"type":"Point","coordinates":[150.579194,-34.295443]},"properties":{"species":"Vombatus ursinus","eventDate":"2025-03-11","basisOfRecord":"HUMAN_OBSERVATION","license":"CC-BY 4.0 (Int)","coordinateUncertaintyM":30.0,"uncertaintyUnknown":false,"observationCount":1,"geographicOutlier":false}},{"type":"Feature","id":"14dd9d4f8ecbcebe","geometry":{"type":"Point","coordinates":[150.726408,-34.043112]},"properties":{"species":"Vombatus ursinus","eventDate":"2025-03-10","basisOfRecord":"HUMAN_OBSERVATION","license":"CC-BY 4.0 (Int)","coordinateUncertaintyM":30.0,"uncertaintyUnknown":false,"observationCount":1,"geographicOutlier":false}},{"type":"Feature","id":"da33e958d0700006","geometry":{"type":"Point","coordinates":[149.704596,-34.763929]},"properties":{"species":"Vombatus ursinus","eventDate":"2025-03-08","basisOfRecord":"HUMAN_OBSERVATION","license":"CC-BY 4.0 (Int)","coordinateUncertaintyM":30.0,"uncertaintyUnknown":false,"observationCount":1,"geographicOutlier":false}},{"type":"Feature","id":"9a945f1555ccbd5c","geometry":{"type":"Point","coordinates":[150.301635,-34.429757]},"properties":{"species":"Vombatus ursinus","eventDate":"2025-03-06","basisOfRecord":"HUMAN_OBSERVATION","license":"CC-BY 4.0 (Int)","coordinateUncertaintyM":500.0,"uncertaintyUnknown":false,"observationCount":2,"geographicOutlier":false}},{"type":"Feature","id":"7a67d7210aed61b6","geometry":{"type":"Point","coordinates":[150.853166,-34.641362]},"properties":{"species":"Vombatus ursinus","eventDate":"2025-03-05","basisOfRecord":"HUMAN_OBSERVATION","license":"CC-BY 4.0 (Int)","coordinateUncertaintyM":500.0,"uncertaintyUnknown":false,"observationCount":1,"geographicOutlier":false}},{"type":"Feature","id":"2bb8d3ccf11aafc4","geometry":{"type":"Point","coordinates":[149.270827,-33.137917]},"properties":{"species":"Vombatus ursinus","eventDate":"2025-03-04","basisOfRecord":"HUMAN_OBSERVATION","license":"CC-BY 4.0 (Int)","coordinateUncertaintyM":100.0,"uncertaintyUnknown":false,"observationCount":1,"geographicOutlier":false}},{"type":"Feature","id":"0aa29cda2de91556","geometry":{"type":"Point","coordinates":[149.161287,-35.575964]},"properties":{"species":"Vombatus ursinus","eventDate":"2025-03-03","basisOfRecord":"HUMAN_OBSERVATION","license":"CC-BY 4.0 (Int)","coordinateUncertaintyM":500.0,"uncertaintyUnknown":false,"observationCount":1,"geographicOutlier":false}},{"type":"Feature","id":"f802d949463c5ce1","geometry":{"type":"Point","coordinates":[145.138857,-37.739216]},"properties":{"species":"Vombatus ursinus","eventDate":"2025-03-02","basisOfRecord":"HUMAN_OBSERVATION","license":"CC-BY 4.0 (Int)","coordinateUncertaintyM":null,"uncertaintyUnknown":true,"observationCount":1,"geographicOutlier":false}},{"type":"Feature","id":"685f026619a1ee22","geometry":{"type":"Point","coordinates":[146.098114,-42.12313]},"properties":{"species":"Vombatus ursinus","eventDate":"2025-03-01","basisOfRecord":"HUMAN_OBSERVATION","license":"CC-BY 4.0 (Int)","coordinateUncertaintyM":5.0,"uncertaintyUnknown":false,"observationCount":1,"geographicOutlier":false}},{"type":"Feature","id":"1d4efd283f18d086","geometry":{"type":"Point","coordinates":[148.372343,-34.562321]},"properties":{"species":"Vombatus ursinus","eventDate":"2025-02-27","basisOfRecord":"HUMAN_OBSERVATION","license":"CC-BY 4.0 (Int)","coordinateUncertaintyM":30.0,"uncertaintyUnknown":false,"observationCount":1,"geographicOutlier":false}},{"type":"Feature","id":"b9d9355f2fd837eb","geometry":{"type":"Point","coordinates":[150.674415,-33.989158]},"properties":{"species":"Vombatus ursinus","eventDate":"2025-02-26","basisOfRecord":"HUMAN_OBSERVATION","license":"CC-BY 4.0 (Int)","coordinateUncertaintyM":30.0,"uncertaintyUnknown":false,"observationCount":1,"geographicOutlier":false}},{"type":"Feature","id":"a5a268579335f5e2","geometry":{"type":"Point","coordinates":[149.098267,-35.277838]},"properties":{"species":"Vombatus ursinus","eventDate":"2025-02-25","basisOfRecord":"HUMAN_OBSERVATION","license":"CC-BY 4.0 (Int)","coordinateUncertaintyM":null,"uncertaintyUnknown":true,"observationCount":1,"geographicOutlier":false}},{"type":"Feature","id":"62602cfa4011117f","geometry":{"type":"Point","coordinates":[149.936728,-32.474287]},"properties":{"species":"Vombatus ursinus","eventDate":"2025-02-25","basisOfRecord":"HUMAN_OBSERVATION","license":"CC-BY 4.0 (Int)","coordinateUncertaintyM":100.0,"uncertaintyUnknown":false,"observationCount":1,"geographicOutlier":false}},{"type":"Feature","id":"1ab2542cd3808776","geometry":{"type":"Point","coordinates":[146.74142,-38.51197]},"properties":{"species":"Vombatus ursinus","eventDate":"2025-02-24","basisOfRecord":"OCCURRENCE","license":"CC-BY 4.0 (Int)","coordinateUncertaintyM":10.0,"uncertaintyUnknown":false,"observationCount":1,"geographicOutlier":false}},{"type":"Feature","id":"281b0974e5bd1bcf","geometry":{"type":"Point","coordinates":[149.304833,-36.604618]},"properties":{"species":"Vombatus ursinus","eventDate":"2025-02-22","basisOfRecord":"HUMAN_OBSERVATION","license":"CC-BY 4.0 (Int)","coordinateUncertaintyM":30.0,"uncertaintyUnknown":false,"observationCount":1,"geographicOutlier":false}},{"type":"Feature","id":"88e5222a351200cb","geometry":{"type":"Point","coordinates":[150.52849,-34.081849]},"properties":{"species":"Vombatus ursinus","eventDate":"2025-02-21","basisOfRecord":"HUMAN_OBSERVATION","license":"CC-BY 4.0 (Int)","coordinateUncertaintyM":30.0,"uncertaintyUnknown":false,"observationCount":1,"geographicOutlier":false}},{"type":"Feature","id":"57b96e4a120816f5","geometry":{"type":"Point","coordinates":[149.940178,-32.313762]},"properties":{"species":"Vombatus ursinus","eventDate":"2025-02-20","basisOfRecord":"HUMAN_OBSERVATION","license":"CC-BY 4.0 (Int)","coordinateUncertaintyM":100.0,"uncertaintyUnknown":false,"observationCount":1,"geographicOutlier":false}},{"type":"Feature","id":"00b0feebb886b5df","geometry":{"type":"Point","coordinates":[149.933306,-32.310497]},"properties":{"species":"Vombatus ursinus","eventDate":"2025-02-19","basisOfRecord":"HUMAN_OBSERVATION","license":"CC-BY 4.0 (Int)","coordinateUncertaintyM":100.0,"uncertaintyUnknown":false,"observationCount":1,"geographicOutlier":false}},{"type":"Feature","id":"4e1ca5599a421175","geometry":{"type":"Point","coordinates":[150.004672,-33.373361]},"properties":{"species":"Vombatus ursinus","eventDate":"2025-02-18","basisOfRecord":"HUMAN_OBSERVATION","license":"CC-BY 4.0 (Int)","coordinateUncertaintyM":500.0,"uncertaintyUnknown":false,"observationCount":1,"geographicOutlier":false}},{"type":"Feature","id":"165234e2f9b3c519","geometry":{"type":"Point","coordinates":[150.589346,-34.857291]},"properties":{"species":"Vombatus ursinus","eventDate":"2025-02-17","basisOfRecord":"HUMAN_OBSERVATION","license":"CC-BY 4.0 (Int)","coordinateUncertaintyM":30.0,"uncertaintyUnknown":false,"observationCount":1,"geographicOutlier":false}},{"type":"Feature","id":"4228ffe8832561c6","geometry":{"type":"Point","coordinates":[146.202347,-42.853643]},"properties":{"species":"Vombatus ursinus","eventDate":"2025-02-16","basisOfRecord":"HUMAN_OBSERVATION","license":"CC-BY 4.0 (Int)","coordinateUncertaintyM":3.0,"uncertaintyUnknown":false,"observationCount":1,"geographicOutlier":false}},{"type":"Feature","id":"4b23f76eb993ff3c","geometry":{"type":"Point","coordinates":[150.702976,-34.623102]},"properties":{"species":"Vombatus ursinus","eventDate":"2025-02-15","basisOfRecord":"HUMAN_OBSERVATION","license":"CC-BY 4.0 (Int)","coordinateUncertaintyM":500.0,"uncertaintyUnknown":false,"observationCount":3,"geographicOutlier":false}},{"type":"Feature","id":"1c06bb41bf45732f","geometry":{"type":"Point","coordinates":[150.572206,-34.793666]},"properties":{"species":"Vombatus ursinus","eventDate":"2025-02-14","basisOfRecord":"HUMAN_OBSERVATION","license":"CC-BY 4.0 (Int)","coordinateUncertaintyM":500.0,"uncertaintyUnknown":false,"observationCount":1,"geographicOutlier":false}},{"type":"Feature","id":"11222c97d2b93253","geometry":{"type":"Point","coordinates":[146.77784,-38.51796]},"properties":{"species":"Vombatus ursinus","eventDate":"2025-02-12","basisOfRecord":"OCCURRENCE","license":"CC-BY 4.0 (Int)","coordinateUncertaintyM":10.0,"uncertaintyUnknown":false,"observationCount":1,"geographicOutlier":false}},{"type":"Feature","id":"d65814dd93922bbf","geometry":{"type":"Point","coordinates":[150.27721,-33.116804]},"properties":{"species":"Vombatus ursinus","eventDate":"2025-02-10","basisOfRecord":"HUMAN_OBSERVATION","license":"CC-BY 4.0 (Int)","coordinateUncertaintyM":10.0,"uncertaintyUnknown":false,"observationCount":1,"geographicOutlier":false}},{"type":"Feature","id":"ed6352953b88049c","geometry":{"type":"Point","coordinates":[150.551465,-34.882401]},"properties":{"species":"Vombatus ursinus","eventDate":"2025-02-09","basisOfRecord":"HUMAN_OBSERVATION","license":"CC-BY 4.0 (Int)","coordinateUncertaintyM":30.0,"uncertaintyUnknown":false,"observationCount":1,"geographicOutlier":false}},{"type":"Feature","id":"fa2f4f703fd9d325","geometry":{"type":"Point","coordinates":[149.647262,-35.211953]},"properties":{"species":"Vombatus ursinus","eventDate":"2025-02-07","basisOfRecord":"HUMAN_OBSERVATION","license":"CC-BY 4.0 (Int)","coordinateUncertaintyM":30.0,"uncertaintyUnknown":false,"observationCount":1,"geographicOutlier":false}},{"type":"Feature","id":"c07baafb14f285db","geometry":{"type":"Point","coordinates":[150.719006,-34.194748]},"properties":{"species":"Vombatus ursinus","eventDate":"2025-02-06","basisOfRecord":"HUMAN_OBSERVATION","license":"CC-BY 4.0 (Int)","coordinateUncertaintyM":5.0,"uncertaintyUnknown":false,"observationCount":1,"geographicOutlier":false}},{"type":"Feature","id":"e74a9c8788372c77","geometry":{"type":"Point","coordinates":[149.201797,-35.383135]},"properties":{"species":"Vombatus ursinus","eventDate":"2025-02-06","basisOfRecord":"HUMAN_OBSERVATION","license":"CC-BY 4.0 (Int)","coordinateUncertaintyM":500.0,"uncertaintyUnknown":false,"observationCount":2,"geographicOutlier":false}},{"type":"Feature","id":"50201931b1c25ffb","geometry":{"type":"Point","coordinates":[150.620934,-34.563541]},"properties":{"species":"Vombatus ursinus","eventDate":"2025-02-04","basisOfRecord":"HUMAN_OBSERVATION","license":"CC-BY 4.0 (Int)","coordinateUncertaintyM":30.0,"uncertaintyUnknown":false,"observationCount":1,"geographicOutlier":false}},{"type":"Feature","id":"55e7d0204d700be8","geometry":{"type":"Point","coordinates":[150.234366,-32.404714]},"properties":{"species":"Vombatus ursinus","eventDate":"2025-02-03","basisOfRecord":"HUMAN_OBSERVATION","license":"CC-BY 4.0 (Int)","coordinateUncertaintyM":500.0,"uncertaintyUnknown":false,"observationCount":2,"geographicOutlier":false}},{"type":"Feature","id":"5cd9dc3fd8b5c0e4","geometry":{"type":"Point","coordinates":[150.700306,-34.771641]},"properties":{"species":"Vombatus ursinus","eventDate":"2025-02-01","basisOfRecord":"HUMAN_OBSERVATION","license":"CC-BY 4.0 (Int)","coordinateUncertaintyM":500.0,"uncertaintyUnknown":false,"observationCount":1,"geographicOutlier":false}},{"type":"Feature","id":"591ffb691eadafe3","geometry":{"type":"Point","coordinates":[148.01877,-37.78421]},"properties":{"species":"Vombatus ursinus","eventDate":"2025-01-31","basisOfRecord":"OCCURRENCE","license":"CC-BY 4.0 (Int)","coordinateUncertaintyM":10.0,"uncertaintyUnknown":false,"observationCount":1,"geographicOutlier":false}},{"type":"Feature","id":"0968e559ff8f27a2","geometry":{"type":"Point","coordinates":[149.230899,-35.353032]},"properties":{"species":"Vombatus ursinus","eventDate":"2025-01-31","basisOfRecord":"HUMAN_OBSERVATION","license":"CC-BY 4.0 (Int)","coordinateUncertaintyM":945.0,"uncertaintyUnknown":false,"observationCount":20,"geographicOutlier":false}},{"type":"Feature","id":"2653ba96fa0ccedb","geometry":{"type":"Point","coordinates":[149.511978,-36.617397]},"properties":{"species":"Vombatus ursinus","eventDate":"2025-01-31","basisOfRecord":"HUMAN_OBSERVATION","license":"CC-BY 4.0 (Int)","coordinateUncertaintyM":500.0,"uncertaintyUnknown":false,"observationCount":1,"geographicOutlier":false}},{"type":"Feature","id":"7f50c095b86136a5","geometry":{"type":"Point","coordinates":[149.790747,-36.632656]},"properties":{"species":"Vombatus ursinus","eventDate":"2025-01-30","basisOfRecord":"HUMAN_OBSERVATION","license":"CC-BY 4.0 (Int)","coordinateUncertaintyM":500.0,"uncertaintyUnknown":false,"observationCount":1,"geographicOutlier":false}},{"type":"Feature","id":"8ea5260260e672c8","geometry":{"type":"Point","coordinates":[149.746204,-35.565547]},"properties":{"species":"Vombatus ursinus","eventDate":"2025-01-30","basisOfRecord":"HUMAN_OBSERVATION","license":"CC-BY 4.0 (Int)","coordinateUncertaintyM":500.0,"uncertaintyUnknown":false,"observationCount":3,"geographicOutlier":false}},{"type":"Feature","id":"c5872b76dcfbae31","geometry":{"type":"Point","coordinates":[148.08413,-37.55448]},"properties":{"species":"Vombatus ursinus","eventDate":"2025-01-30","basisOfRecord":"OCCURRENCE","license":"CC-BY 4.0 (Int)","coordinateUncertaintyM":10.0,"uncertaintyUnknown":false,"observationCount":2,"geographicOutlier":false}},{"type":"Feature","id":"9d73388082aa1c42","geometry":{"type":"Point","coordinates":[150.291349,-32.230004]},"properties":{"species":"Vombatus ursinus","eventDate":"2025-01-28","basisOfRecord":"HUMAN_OBSERVATION","license":"CC-BY 4.0 (Int)","coordinateUncertaintyM":30.0,"uncertaintyUnknown":false,"observationCount":1,"geographicOutlier":false}},{"type":"Feature","id":"f191c328aa613e7e","geometry":{"type":"Point","coordinates":[149.719206,-34.793599]},"properties":{"species":"Vombatus ursinus","eventDate":"2025-01-26","basisOfRecord":"HUMAN_OBSERVATION","license":"CC-BY 4.0 (Int)","coordinateUncertaintyM":30.0,"uncertaintyUnknown":false,"observationCount":1,"geographicOutlier":false}},{"type":"Feature","id":"60a9feebc957c999","geometry":{"type":"Point","coordinates":[150.588113,-34.787166]},"properties":{"species":"Vombatus ursinus","eventDate":"2025-01-26","basisOfRecord":"HUMAN_OBSERVATION","license":"CC-BY 4.0 (Int)","coordinateUncertaintyM":30.0,"uncertaintyUnknown":false,"observationCount":1,"geographicOutlier":false}},{"type":"Feature","id":"7b680b9376cee353","geometry":{"type":"Point","coordinates":[150.5153,-34.591299]},"properties":{"species":"Vombatus ursinus","eventDate":"2025-01-24","basisOfRecord":"HUMAN_OBSERVATION","license":"CC-BY 4.0 (Int)","coordinateUncertaintyM":500.0,"uncertaintyUnknown":false,"observationCount":2,"geographicOutlier":false}},{"type":"Feature","id":"046b15fc0fc23e64","geometry":{"type":"Point","coordinates":[149.228232,-35.53203]},"properties":{"species":"Vombatus ursinus","eventDate":"2025-01-23","basisOfRecord":"HUMAN_OBSERVATION","license":"CC-BY 4.0 (Int)","coordinateUncertaintyM":30.0,"uncertaintyUnknown":false,"observationCount":1,"geographicOutlier":false}},{"type":"Feature","id":"70a43fcb0be6d96d","geometry":{"type":"Point","coordinates":[150.236432,-35.110869]},"properties":{"species":"Vombatus ursinus","eventDate":"2025-01-21","basisOfRecord":"HUMAN_OBSERVATION","license":"CC-BY 4.0 (Int)","coordinateUncertaintyM":30.0,"uncertaintyUnknown":false,"observationCount":1,"geographicOutlier":false}},{"type":"Feature","id":"06e634132252b524","geometry":{"type":"Point","coordinates":[150.618471,-34.761712]},"properties":{"species":"Vombatus ursinus","eventDate":"2025-01-19","basisOfRecord":"HUMAN_OBSERVATION","license":"CC-BY 4.0 (Int)","coordinateUncertaintyM":30.0,"uncertaintyUnknown":false,"observationCount":1,"geographicOutlier":false}},{"type":"Feature","id":"3e9874af0d1b3e7a","geometry":{"type":"Point","coordinates":[145.999982,-38.841724]},"properties":{"species":"Vombatus ursinus","eventDate":"2025-01-18","basisOfRecord":"HUMAN_OBSERVATION","license":"CC-BY 4.0 (Int)","coordinateUncertaintyM":1135.0,"uncertaintyUnknown":false,"observationCount":1,"geographicOutlier":false}},{"type":"Feature","id":"4f6a5a49a4049f80","geometry":{"type":"Point","coordinates":[150.157017,-33.482735]},"properties":{"species":"Vombatus ursinus","eventDate":"2025-01-17","basisOfRecord":"HUMAN_OBSERVATION","license":"CC-BY 4.0 (Int)","coordinateUncertaintyM":1379.0,"uncertaintyUnknown":false,"observationCount":17,"geographicOutlier":false}},{"type":"Feature","id":"d53ca29a713a0611","geometry":{"type":"Point","coordinates":[150.203121,-33.537804]},"properties":{"species":"Vombatus ursinus","eventDate":"2025-01-15","basisOfRecord":"HUMAN_OBSERVATION","license":"CC-BY 4.0 (Int)","coordinateUncertaintyM":500.0,"uncertaintyUnknown":false,"observationCount":1,"geographicOutlier":false}},{"type":"Feature","id":"0cb59de12f56c4b2","geometry":{"type":"Point","coordinates":[150.308131,-34.659045]},"properties":{"species":"Vombatus ursinus","eventDate":"2025-01-12","basisOfRecord":"HUMAN_OBSERVATION","license":"CC-BY 4.0 (Int)","coordinateUncertaintyM":500.0,"uncertaintyUnknown":false,"observationCount":1,"geographicOutlier":false}},{"type":"Feature","id":"6e15dd8e5aad218c","geometry":{"type":"Point","coordinates":[150.205965,-33.676678]},"properties":{"species":"Vombatus ursinus","eventDate":"2025-01-10","basisOfRecord":"HUMAN_OBSERVATION","license":"CC-BY 4.0 (Int)","coordinateUncertaintyM":500.0,"uncertaintyUnknown":false,"observationCount":1,"geographicOutlier":false}},{"type":"Feature","id":"b95ccede72436345","geometry":{"type":"Point","coordinates":[150.677065,-34.729291]},"properties":{"species":"Vombatus ursinus","eventDate":"2025-01-09","basisOfRecord":"HUMAN_OBSERVATION","license":"CC-BY 4.0 (Int)","coordinateUncertaintyM":1777.0,"uncertaintyUnknown":false,"observationCount":2,"geographicOutlier":false}},{"type":"Feature","id":"ac7792cb2c000669","geometry":{"type":"Point","coordinates":[150.309869,-34.437491]},"properties":{"species":"Vombatus ursinus","eventDate":"2025-01-07","basisOfRecord":"HUMAN_OBSERVATION","license":"CC-BY 4.0 (Int)","coordinateUncertaintyM":30.0,"uncertaintyUnknown":false,"observationCount":1,"geographicOutlier":false}},{"type":"Feature","id":"62ff5dcef29be7e9","geometry":{"type":"Point","coordinates":[149.994386,-32.725867]},"properties":{"species":"Vombatus ursinus","eventDate":"2025-01-05","basisOfRecord":"HUMAN_OBSERVATION","license":"CC-BY 4.0 (Int)","coordinateUncertaintyM":500.0,"uncertaintyUnknown":false,"observationCount":1,"geographicOutlier":false}},{"type":"Feature","id":"ce53f635f6578ed7","geometry":{"type":"Point","coordinates":[150.81481,-33.496816]},"properties":{"species":"Vombatus ursinus","eventDate":"2025-01-03","basisOfRecord":"HUMAN_OBSERVATION","license":"CC-BY 4.0 (Int)","coordinateUncertaintyM":500.0,"uncertaintyUnknown":false,"observationCount":2,"geographicOutlier":false}},{"type":"Feature","id":"6e7c0fc3e684db54","geometry":{"type":"Point","coordinates":[149.807127,-34.552759]},"properties":{"species":"Vombatus ursinus","eventDate":"2025-01-02","basisOfRecord":"HUMAN_OBSERVATION","license":"CC-BY 4.0 (Int)","coordinateUncertaintyM":30.0,"uncertaintyUnknown":false,"observationCount":1,"geographicOutlier":false}},{"type":"Feature","id":"552e68c3968d0643","geometry":{"type":"Point","coordinates":[150.817245,-34.685605]},"properties":{"species":"Vombatus ursinus","eventDate":"2025-01-01","basisOfRecord":"HUMAN_OBSERVATION","license":"CC-BY 4.0 (Int)","coordinateUncertaintyM":30.0,"uncertaintyUnknown":false,"observationCount":1,"geographicOutlier":false}},{"type":"Feature","id":"765615dcc4f47cac","geometry":{"type":"Point","coordinates":[149.147987,-35.945079]},"properties":{"species":"Vombatus ursinus","eventDate":"2024-12-30","basisOfRecord":"HUMAN_OBSERVATION","license":"CC-BY 4.0 (Int)","coordinateUncertaintyM":10.0,"uncertaintyUnknown":false,"observationCount":1,"geographicOutlier":false}},{"type":"Feature","id":"e7b0c3c68592987a","geometry":{"type":"Point","coordinates":[150.374205,-35.560846]},"properties":{"species":"Vombatus ursinus","eventDate":"2024-12-29","basisOfRecord":"HUMAN_OBSERVATION","license":"CC-BY 4.0 (Int)","coordinateUncertaintyM":500.0,"uncertaintyUnknown":false,"observationCount":1,"geographicOutlier":false}},{"type":"Feature","id":"797155c64945b815","geometry":{"type":"Point","coordinates":[149.153449,-35.616356]},"properties":{"species":"Vombatus ursinus","eventDate":"2024-12-28","basisOfRecord":"HUMAN_OBSERVATION","license":"CC-BY 4.0 (Int)","coordinateUncertaintyM":500.0,"uncertaintyUnknown":false,"observationCount":3,"geographicOutlier":false}},{"type":"Feature","id":"a566a26c3fb8cf46","geometry":{"type":"Point","coordinates":[149.868152,-36.463214]},"properties":{"species":"Vombatus ursinus","eventDate":"2024-12-24","basisOfRecord":"HUMAN_OBSERVATION","license":"CC-BY 4.0 (Int)","coordinateUncertaintyM":30.0,"uncertaintyUnknown":false,"observationCount":1,"geographicOutlier":false}},{"type":"Feature","id":"bb8e8937888c18ee","geometry":{"type":"Point","coordinates":[144.68885,-41.09045]},"properties":{"species":"Vombatus ursinus","eventDate":"2024-12-23","basisOfRecord":"HUMAN_OBSERVATION","license":"CC-BY 4.0 (Int)","coordinateUncertaintyM":null,"uncertaintyUnknown":true,"observationCount":1,"geographicOutlier":false}},{"type":"Feature","id":"d8b94ca1ae01dceb","geometry":{"type":"Point","coordinates":[150.617252,-34.761406]},"properties":{"species":"Vombatus ursinus","eventDate":"2024-12-22","basisOfRecord":"HUMAN_OBSERVATION","license":"CC-BY 4.0 (Int)","coordinateUncertaintyM":30.0,"uncertaintyUnknown":false,"observationCount":1,"geographicOutlier":false}},{"type":"Feature","id":"0b5e9ae1748c3776","geometry":{"type":"Point","coordinates":[150.867302,-34.423981]},"properties":{"species":"Vombatus ursinus","eventDate":"2024-12-21","basisOfRecord":"HUMAN_OBSERVATION","license":"CC-BY 4.0 (Int)","coordinateUncertaintyM":792.0,"uncertaintyUnknown":false,"observationCount":1,"geographicOutlier":false}},{"type":"Feature","id":"fd95d8a4dc7c526d","geometry":{"type":"Point","coordinates":[150.083188,-34.720627]},"properties":{"species":"Vombatus ursinus","eventDate":"2024-12-20","basisOfRecord":"HUMAN_OBSERVATION","license":"CC-BY 4.0 (Int)","coordinateUncertaintyM":30.0,"uncertaintyUnknown":false,"observationCount":1,"geographicOutlier":false}},{"type":"Feature","id":"0ff8fa6ddcabf9c0","geometry":{"type":"Point","coordinates":[148.702933,-36.446487]},"properties":{"species":"Vombatus ursinus","eventDate":"2024-12-18","basisOfRecord":"HUMAN_OBSERVATION","license":"CC-BY 4.0 (Int)","coordinateUncertaintyM":10.0,"uncertaintyUnknown":false,"observationCount":1,"geographicOutlier":false}},{"type":"Feature","id":"525239135f7de8f2","geometry":{"type":"Point","coordinates":[145.927353,-41.594894]},"properties":{"species":"Vombatus ursinus","eventDate":"2024-12-15","basisOfRecord":"HUMAN_OBSERVATION","license":"CC-BY 4.0 (Int)","coordinateUncertaintyM":9.0,"uncertaintyUnknown":false,"observationCount":1,"geographicOutlier":false}},{"type":"Feature","id":"23eb1771ecdbb5df","geometry":{"type":"Point","coordinates":[151.192656,-33.41644]},"properties":{"species":"Vombatus ursinus","eventDate":"2024-12-13","basisOfRecord":"HUMAN_OBSERVATION","license":"CC-BY 4.0 (Int)","coordinateUncertaintyM":10.0,"uncertaintyUnknown":false,"observationCount":1,"geographicOutlier":false}},{"type":"Feature","id":"fdc43eeea08c705b","geometry":{"type":"Point","coordinates":[150.343583,-34.427315]},"properties":{"species":"Vombatus ursinus","eventDate":"2024-12-12","basisOfRecord":"HUMAN_OBSERVATION","license":"CC-BY 4.0 (Int)","coordinateUncertaintyM":500.0,"uncertaintyUnknown":false,"observationCount":1,"geographicOutlier":false}},{"type":"Feature","id":"d718220bee1dc93f","geometry":{"type":"Point","coordinates":[150.759478,-34.582725]},"properties":{"species":"Vombatus ursinus","eventDate":"2024-12-12","basisOfRecord":"HUMAN_OBSERVATION","license":"CC-BY 4.0 (Int)","coordinateUncertaintyM":500.0,"uncertaintyUnknown":false,"observationCount":1,"geographicOutlier":false}},{"type":"Feature","id":"aed73cc5d3a51a87","geometry":{"type":"Point","coordinates":[150.606449,-33.987773]},"properties":{"species":"Vombatus ursinus","eventDate":"2024-12-10","basisOfRecord":"HUMAN_OBSERVATION","license":"CC-BY 4.0 (Int)","coordinateUncertaintyM":30.0,"uncertaintyUnknown":false,"observationCount":1,"geographicOutlier":false}},{"type":"Feature","id":"bf04604e05163a6d","geometry":{"type":"Point","coordinates":[149.815795,-32.28653]},"properties":{"species":"Vombatus ursinus","eventDate":"2024-12-08","basisOfRecord":"HUMAN_OBSERVATION","license":"CC-BY 4.0 (Int)","coordinateUncertaintyM":10.0,"uncertaintyUnknown":false,"observationCount":1,"geographicOutlier":false}},{"type":"Feature","id":"be6d30c2998e26c1","geometry":{"type":"Point","coordinates":[149.232592,-35.369623]},"properties":{"species":"Vombatus ursinus","eventDate":"2024-12-07","basisOfRecord":"HUMAN_OBSERVATION","license":"CC-BY 4.0 (Int)","coordinateUncertaintyM":30.0,"uncertaintyUnknown":false,"observationCount":1,"geographicOutlier":false}},{"type":"Feature","id":"e876866adce052c7","geometry":{"type":"Point","coordinates":[149.379336,-37.164698]},"properties":{"species":"Vombatus ursinus","eventDate":"2024-12-06","basisOfRecord":"HUMAN_OBSERVATION","license":"CC-BY 4.0 (Int)","coordinateUncertaintyM":3.0,"uncertaintyUnknown":false,"observationCount":40,"geographicOutlier":false}},{"type":"Feature","id":"05c4986a3db2c995","geometry":{"type":"Point","coordinates":[150.895467,-34.272768]},"properties":{"species":"Vombatus ursinus","eventDate":"2024-12-05","basisOfRecord":"HUMAN_OBSERVATION","license":"CC-BY 4.0 (Int)","coordinateUncertaintyM":500.0,"uncertaintyUnknown":false,"observationCount":5,"geographicOutlier":false}},{"type":"Feature","id":"3b2ad62276898a8a","geometry":{"type":"Point","coordinates":[150.440985,-34.452408]},"properties":{"species":"Vombatus ursinus","eventDate":"2024-12-04","basisOfRecord":"HUMAN_OBSERVATION","license":"CC-BY 4.0 (Int)","coordinateUncertaintyM":500.0,"uncertaintyUnknown":false,"observationCount":3,"geographicOutlier":false}},{"type":"Feature","id":"0641f16a1390dde3","geometry":{"type":"Point","coordinates":[149.991456,-34.702258]},"properties":{"species":"Vombatus ursinus","eventDate":"2024-12-02","basisOfRecord":"HUMAN_OBSERVATION","license":"CC-BY 4.0 (Int)","coordinateUncertaintyM":30.0,"uncertaintyUnknown":false,"observationCount":1,"geographicOutlier":false}},{"type":"Feature","id":"b337a95412e5919b","geometry":{"type":"Point","coordinates":[151.371045,-33.423988]},"properties":{"species":"Vombatus ursinus","eventDate":"2024-12-01","basisOfRecord":"HUMAN_OBSERVATION","license":"CC-BY 4.0 (Int)","coordinateUncertaintyM":30.0,"uncertaintyUnknown":false,"observationCount":1,"geographicOutlier":false}},{"type":"Feature","id":"857a4fa3d85dcf55","geometry":{"type":"Point","coordinates":[145.948895,-41.634786]},"properties":{"species":"Vombatus ursinus","eventDate":"2024-11-29","basisOfRecord":"HUMAN_OBSERVATION","license":"CC-BY 4.0 (Int)","coordinateUncertaintyM":null,"uncertaintyUnknown":true,"observationCount":1,"geographicOutlier":false}},{"type":"Feature","id":"6c9388633b8900f0","geometry":{"type":"Point","coordinates":[149.788197,-36.668703]},"properties":{"species":"Vombatus ursinus","eventDate":"2024-11-29","basisOfRecord":"HUMAN_OBSERVATION","license":"CC-BY 4.0 (Int)","coordinateUncertaintyM":30.0,"uncertaintyUnknown":false,"observationCount":1,"geographicOutlier":false}},{"type":"Feature","id":"bb8d47dd16698e8a","geometry":{"type":"Point","coordinates":[149.44619,-35.245102]},"properties":{"species":"Vombatus ursinus","eventDate":"2024-11-26","basisOfRecord":"HUMAN_OBSERVATION","license":"CC-BY 4.0 (Int)","coordinateUncertaintyM":500.0,"uncertaintyUnknown":false,"observationCount":1,"geographicOutlier":false}},{"type":"Feature","id":"e7424027382c856b","geometry":{"type":"Point","coordinates":[151.221901,-33.554281]},"properties":{"species":"Vombatus ursinus","eventDate":"2024-11-26","basisOfRecord":"HUMAN_OBSERVATION","license":"CC-BY 4.0 (Int)","coordinateUncertaintyM":500.0,"uncertaintyUnknown":false,"observationCount":1,"geographicOutlier":false}},{"type":"Feature","id":"7dc5dce510d3c0d1","geometry":{"type":"Point","coordinates":[148.077333,-42.580667]},"properties":{"species":"Vombatus ursinus","eventDate":"2024-11-25","basisOfRecord":"HUMAN_OBSERVATION","license":"CC-BY 4.0 (Int)","coordinateUncertaintyM":null,"uncertaintyUnknown":true,"observationCount":1,"geographicOutlier":false}},{"type":"Feature","id":"ec8d5df704798d21","geometry":{"type":"Point","coordinates":[149.687649,-33.826983]},"properties":{"species":"Vombatus ursinus","eventDate":"2024-11-25","basisOfRecord":"HUMAN_OBSERVATION","license":"CC-BY 4.0 (Int)","coordinateUncertaintyM":500.0,"uncertaintyUnknown":false,"observationCount":1,"geographicOutlier":false}},{"type":"Feature","id":"ffe1ab4aac50d67a","geometry":{"type":"Point","coordinates":[146.276128,-43.036964]},"properties":{"species":"Vombatus ursinus","eventDate":"2024-11-23","basisOfRecord":"HUMAN_OBSERVATION","license":"CC-BY 4.0 (Int)","coordinateUncertaintyM":null,"uncertaintyUnknown":true,"observationCount":1,"geographicOutlier":false}},{"type":"Feature","id":"62ca7da6f9eb5a2c","geometry":{"type":"Point","coordinates":[150.478806,-34.409536]},"properties":{"species":"Vombatus ursinus","eventDate":"2024-11-23","basisOfRecord":"HUMAN_OBSERVATION","license":"CC-BY 4.0 (Int)","coordinateUncertaintyM":30.0,"uncertaintyUnknown":false,"observationCount":1,"geographicOutlier":false}},{"type":"Feature","id":"60458da245b8101b","geometry":{"type":"Point","coordinates":[149.234346,-35.413962]},"properties":{"species":"Vombatus ursinus","eventDate":"2024-11-22","basisOfRecord":"HUMAN_OBSERVATION","license":"CC-BY 4.0 (Int)","coordinateUncertaintyM":500.0,"uncertaintyUnknown":false,"observationCount":3,"geographicOutlier":false}},{"type":"Feature","id":"ac96c84a0ec99ba1","geometry":{"type":"Point","coordinates":[149.966339,-32.665217]},"properties":{"species":"Vombatus ursinus","eventDate":"2024-11-22","basisOfRecord":"HUMAN_OBSERVATION","license":"CC-BY 4.0 (Int)","coordinateUncertaintyM":10.0,"uncertaintyUnknown":false,"observationCount":1,"geographicOutlier":false}},{"type":"Feature","id":"ed91fcfa4e498b34","geometry":{"type":"Point","coordinates":[150.78498,-34.595143]},"properties":{"species":"Vombatus ursinus","eventDate":"2024-11-21","basisOfRecord":"HUMAN_OBSERVATION","license":"CC-BY 4.0 (Int)","coordinateUncertaintyM":30.0,"uncertaintyUnknown":false,"observationCount":1,"geographicOutlier":false}},{"type":"Feature","id":"cb313cb492ce421b","geometry":{"type":"Point","coordinates":[149.060967,-32.580808]},"properties":{"species":"Vombatus ursinus","eventDate":"2024-11-20","basisOfRecord":"HUMAN_OBSERVATION","license":"CC-BY 4.0 (Int)","coordinateUncertaintyM":30.0,"uncertaintyUnknown":false,"observationCount":1,"geographicOutlier":false}},{"type":"Feature","id":"e79da0c6b7be4b2d","geometry":{"type":"Point","coordinates":[149.8439,-33.68226]},"properties":{"species":"Vombatus ursinus","eventDate":"2024-11-19","basisOfRecord":"HUMAN_OBSERVATION","license":"CC-BY 4.0 (Int)","coordinateUncertaintyM":10.0,"uncertaintyUnknown":false,"observationCount":1,"geographicOutlier":false}},{"type":"Feature","id":"be5228e4b5c26bad","geometry":{"type":"Point","coordinates":[145.33163,-37.44554]},"properties":{"species":"Vombatus ursinus","eventDate":"2024-11-18","basisOfRecord":"OBSERVATION","license":"CC-BY 4.0 (Int)","coordinateUncertaintyM":10.0,"uncertaintyUnknown":false,"observationCount":1,"geographicOutlier":false}},{"type":"Feature","id":"cfdf9fd0d0c27e45","geometry":{"type":"Point","coordinates":[150.39801,-34.6]},"properties":{"species":"Vombatus ursinus","eventDate":"2024-11-16","basisOfRecord":"HUMAN_OBSERVATION","license":"CC-BY 4.0 (Int)","coordinateUncertaintyM":1641.0,"uncertaintyUnknown":false,"observationCount":2,"geographicOutlier":false}},{"type":"Feature","id":"8b22608353bbb3eb","geometry":{"type":"Point","coordinates":[150.71,-34.74]},"properties":{"species":"Vombatus ursinus","eventDate":"2024-11-15","basisOfRecord":"HUMAN_OBSERVATION","license":"CC-BY 4.0 (Int)","coordinateUncertaintyM":10.0,"uncertaintyUnknown":false,"observationCount":1,"geographicOutlier":false}},{"type":"Feature","id":"23c9de85e29c3eee","geometry":{"type":"Point","coordinates":[150.505462,-34.155313]},"properties":{"species":"Vombatus ursinus","eventDate":"2024-11-14","basisOfRecord":"HUMAN_OBSERVATION","license":"CC-BY 4.0 (Int)","coordinateUncertaintyM":30.0,"uncertaintyUnknown":false,"observationCount":1,"geographicOutlier":false}},{"type":"Feature","id":"38b9eac19ff5f450","geometry":{"type":"Point","coordinates":[150.134921,-34.550448]},"properties":{"species":"Vombatus ursinus","eventDate":"2024-11-14","basisOfRecord":"HUMAN_OBSERVATION","license":"CC-BY 4.0 (Int)","coordinateUncertaintyM":30.0,"uncertaintyUnknown":false,"observationCount":1,"geographicOutlier":false}},{"type":"Feature","id":"eb3fdf8f662c80c0","geometry":{"type":"Point","coordinates":[150.756146,-34.581847]},"properties":{"species":"Vombatus ursinus","eventDate":"2024-11-13","basisOfRecord":"HUMAN_OBSERVATION","license":"CC-BY 4.0 (Int)","coordinateUncertaintyM":30.0,"uncertaintyUnknown":false,"observationCount":1,"geographicOutlier":false}},{"type":"Feature","id":"8cb2e795ace4fa2c","geometry":{"type":"Point","coordinates":[150.248329,-35.566045]},"properties":{"species":"Vombatus ursinus","eventDate":"2024-11-11","basisOfRecord":"HUMAN_OBSERVATION","license":"CC-BY 4.0 (Int)","coordinateUncertaintyM":30.0,"uncertaintyUnknown":false,"observationCount":1,"geographicOutlier":false}},{"type":"Feature","id":"76015784cdd80957","geometry":{"type":"Point","coordinates":[149.77526,-33.619331]},"properties":{"species":"Vombatus ursinus","eventDate":"2024-11-10","basisOfRecord":"HUMAN_OBSERVATION","license":"CC-BY 4.0 (Int)","coordinateUncertaintyM":500.0,"uncertaintyUnknown":false,"observationCount":1,"geographicOutlier":false}},{"type":"Feature","id":"6f417a25bf486342","geometry":{"type":"Point","coordinates":[149.833908,-30.671082]},"properties":{"species":"Vombatus ursinus","eventDate":"2024-11-09","basisOfRecord":"HUMAN_OBSERVATION","license":"CC-BY 4.0 (Int)","coordinateUncertaintyM":50.0,"uncertaintyUnknown":false,"observationCount":1,"geographicOutlier":false}},{"type":"Feature","id":"8a8a8665141c4316","geometry":{"type":"Point","coordinates":[150.611296,-34.855714]},"properties":{"species":"Vombatus ursinus","eventDate":"2024-11-07","basisOfRecord":"HUMAN_OBSERVATION","license":"CC-BY 4.0 (Int)","coordinateUncertaintyM":500.0,"uncertaintyUnknown":false,"observationCount":3,"geographicOutlier":false}},{"type":"Feature","id":"2e42170e1bfc45f6","geometry":{"type":"Point","coordinates":[150.433153,-32.569501]},"properties":{"species":"Vombatus ursinus","eventDate":"2024-11-06","basisOfRecord":"HUMAN_OBSERVATION","license":"CC-BY 4.0 (Int)","coordinateUncertaintyM":10.0,"uncertaintyUnknown":false,"observationCount":1,"geographicOutlier":false}},{"type":"Feature","id":"68573a0e1a221e97","geometry":{"type":"Point","coordinates":[150.7392,-34.6766]},"properties":{"species":"Vombatus ursinus","eventDate":"2024-11-06","basisOfRecord":"HUMAN_OBSERVATION","license":"CC-BY 4.0 (Int)","coordinateUncertaintyM":30.0,"uncertaintyUnknown":false,"observationCount":1,"geographicOutlier":false}},{"type":"Feature","id":"e706c30be2a460f1","geometry":{"type":"Point","coordinates":[150.748299,-34.649769]},"properties":{"species":"Vombatus ursinus","eventDate":"2024-11-05","basisOfRecord":"HUMAN_OBSERVATION","license":"CC-BY 4.0 (Int)","coordinateUncertaintyM":10.0,"uncertaintyUnknown":false,"observationCount":1,"geographicOutlier":false}},{"type":"Feature","id":"8c34d566bf0c4736","geometry":{"type":"Point","coordinates":[149.266854,-34.781398]},"properties":{"species":"Vombatus ursinus","eventDate":"2024-11-04","basisOfRecord":"HUMAN_OBSERVATION","license":"CC-BY 4.0 (Int)","coordinateUncertaintyM":30.0,"uncertaintyUnknown":false,"observationCount":1,"geographicOutlier":false}},{"type":"Feature","id":"13b526df9ddf34b1","geometry":{"type":"Point","coordinates":[150.54068,-34.084469]},"properties":{"species":"Vombatus ursinus","eventDate":"2024-11-03","basisOfRecord":"HUMAN_OBSERVATION","license":"CC-BY 4.0 (Int)","coordinateUncertaintyM":30.0,"uncertaintyUnknown":false,"observationCount":1,"geographicOutlier":false}},{"type":"Feature","id":"a1ffdaf9f64ea413","geometry":{"type":"Point","coordinates":[146.345612,-39.071861]},"properties":{"species":"Vombatus ursinus","eventDate":"2024-11-02","basisOfRecord":"HUMAN_OBSERVATION","license":"CC-BY 4.0 (Int)","coordinateUncertaintyM":12.0,"uncertaintyUnknown":false,"observationCount":1,"geographicOutlier":false}},{"type":"Feature","id":"c8724f9a00073f47","geometry":{"type":"Point","coordinates":[150.640589,-33.865724]},"properties":{"species":"Vombatus ursinus","eventDate":"2024-11-02","basisOfRecord":"HUMAN_OBSERVATION","license":"CC-BY 4.0 (Int)","coordinateUncertaintyM":30.0,"uncertaintyUnknown":false,"observationCount":1,"geographicOutlier":false}},{"type":"Feature","id":"42cc01d066582a1a","geometry":{"type":"Point","coordinates":[150.320651,-34.631477]},"properties":{"species":"Vombatus ursinus","eventDate":"2024-11-01","basisOfRecord":"HUMAN_OBSERVATION","license":"CC-BY 4.0 (Int)","coordinateUncertaintyM":500.0,"uncertaintyUnknown":false,"observationCount":1,"geographicOutlier":false}},{"type":"Feature","id":"54ab170a5d2ef438","geometry":{"type":"Point","coordinates":[150.651419,-33.817096]},"properties":{"species":"Vombatus ursinus","eventDate":"2024-10-31","basisOfRecord":"HUMAN_OBSERVATION","license":"CC-BY 4.0 (Int)","coordinateUncertaintyM":500.0,"uncertaintyUnknown":false,"observationCount":2,"geographicOutlier":false}},{"type":"Feature","id":"45129e79e649bde9","geometry":{"type":"Point","coordinates":[150.000534,-34.716656]},"properties":{"species":"Vombatus ursinus","eventDate":"2024-10-30","basisOfRecord":"HUMAN_OBSERVATION","license":"CC-BY 4.0 (Int)","coordinateUncertaintyM":500.0,"uncertaintyUnknown":false,"observationCount":3,"geographicOutlier":false}},{"type":"Feature","id":"2d15a7da94e39ce7","geometry":{"type":"Point","coordinates":[150.392991,-35.320876]},"properties":{"species":"Vombatus ursinus","eventDate":"2024-10-29","basisOfRecord":"HUMAN_OBSERVATION","license":"CC-BY 4.0 (Int)","coordinateUncertaintyM":30.0,"uncertaintyUnknown":false,"observationCount":1,"geographicOutlier":false}},{"type":"Feature","id":"74a330c5e5d076af","geometry":{"type":"Point","coordinates":[150.589811,-34.838959]},"properties":{"species":"Vombatus ursinus","eventDate":"2024-10-28","basisOfRecord":"HUMAN_OBSERVATION","license":"CC-BY 4.0 (Int)","coordinateUncertaintyM":500.0,"uncertaintyUnknown":false,"observationCount":2,"geographicOutlier":false}},{"type":"Feature","id":"522641bc20be4a5c","geometry":{"type":"Point","coordinates":[150.677946,-34.771519]},"properties":{"species":"Vombatus ursinus","eventDate":"2024-10-27","basisOfRecord":"HUMAN_OBSERVATION","license":"CC-BY 4.0 (Int)","coordinateUncertaintyM":500.0,"uncertaintyUnknown":false,"observationCount":1,"geographicOutlier":false}},{"type":"Feature","id":"db75a32401969b00","geometry":{"type":"Point","coordinates":[150.000156,-35.390662]},"properties":{"species":"Vombatus ursinus","eventDate":"2024-10-26","basisOfRecord":"HUMAN_OBSERVATION","license":"CC-BY 4.0 (Int)","coordinateUncertaintyM":500.0,"uncertaintyUnknown":false,"observationCount":1,"geographicOutlier":false}},{"type":"Feature","id":"4abbcb3a1c64cb07","geometry":{"type":"Point","coordinates":[150.72102,-34.756501]},"properties":{"species":"Vombatus ursinus","eventDate":"2024-10-26","basisOfRecord":"HUMAN_OBSERVATION","license":"CC-BY 4.0 (Int)","coordinateUncertaintyM":500.0,"uncertaintyUnknown":false,"observationCount":1,"geographicOutlier":false}},{"type":"Feature","id":"d68162b65864dd2e","geometry":{"type":"Point","coordinates":[150.434815,-34.495605]},"properties":{"species":"Vombatus ursinus","eventDate":"2024-10-25","basisOfRecord":"HUMAN_OBSERVATION","license":"CC-BY 4.0 (Int)","coordinateUncertaintyM":30.0,"uncertaintyUnknown":false,"observationCount":1,"geographicOutlier":false}},{"type":"Feature","id":"773482f5fa32096e","geometry":{"type":"Point","coordinates":[150.804764,-34.700961]},"properties":{"species":"Vombatus ursinus","eventDate":"2024-10-24","basisOfRecord":"HUMAN_OBSERVATION","license":"CC-BY 4.0 (Int)","coordinateUncertaintyM":30.0,"uncertaintyUnknown":false,"observationCount":2,"geographicOutlier":false}},{"type":"Feature","id":"932aa4bd942f02d2","geometry":{"type":"Point","coordinates":[149.016358,-35.289656]},"properties":{"species":"Vombatus ursinus","eventDate":"2024-10-23","basisOfRecord":"HUMAN_OBSERVATION","license":"CC-BY 4.0 (Int)","coordinateUncertaintyM":5.0,"uncertaintyUnknown":false,"observationCount":1,"geographicOutlier":false}},{"type":"Feature","id":"d2532df767f31c0f","geometry":{"type":"Point","coordinates":[151.056859,-33.591107]},"properties":{"species":"Vombatus ursinus","eventDate":"2024-10-21","basisOfRecord":"HUMAN_OBSERVATION","license":"CC-BY 4.0 (Int)","coordinateUncertaintyM":55.0,"uncertaintyUnknown":false,"observationCount":1,"geographicOutlier":false}},{"type":"Feature","id":"4c073d459f49599d","geometry":{"type":"Point","coordinates":[150.058496,-36.28044]},"properties":{"species":"Vombatus ursinus","eventDate":"2024-10-21","basisOfRecord":"HUMAN_OBSERVATION","license":"CC-BY 4.0 (Int)","coordinateUncertaintyM":30.0,"uncertaintyUnknown":false,"observationCount":1,"geographicOutlier":false}},{"type":"Feature","id":"ad5e2376c4dc6d46","geometry":{"type":"Point","coordinates":[150.685754,-34.707891]},"properties":{"species":"Vombatus ursinus","eventDate":"2024-10-20","basisOfRecord":"HUMAN_OBSERVATION","license":"CC-BY 4.0 (Int)","coordinateUncertaintyM":30.0,"uncertaintyUnknown":false,"observationCount":1,"geographicOutlier":false}},{"type":"Feature","id":"20ced4fd3b3e76e2","geometry":{"type":"Point","coordinates":[149.365636,-37.143164]},"properties":{"species":"Vombatus ursinus","eventDate":"2024-10-19","basisOfRecord":"HUMAN_OBSERVATION","license":"CC-BY 4.0 (Int)","coordinateUncertaintyM":3.0,"uncertaintyUnknown":false,"observationCount":27,"geographicOutlier":false}},{"type":"Feature","id":"a2ef23b8ab59b324","geometry":{"type":"Point","coordinates":[145.2708,-38.13246]},"properties":{"species":"Vombatus ursinus","eventDate":"2024-10-18","basisOfRecord":"OBSERVATION","license":"CC-BY 4.0 (Int)","coordinateUncertaintyM":10.0,"uncertaintyUnknown":false,"observationCount":4,"geographicOutlier":false}},{"type":"Feature","id":"4f462c327e3a06fd","geometry":{"type":"Point","coordinates":[150.261678,-34.609769]},"properties":{"species":"Vombatus ursinus","eventDate":"2024-10-17","basisOfRecord":"HUMAN_OBSERVATION","license":"CC-BY 4.0 (Int)","coordinateUncertaintyM":30.0,"uncertaintyUnknown":false,"observationCount":1,"geographicOutlier":false}},{"type":"Feature","id":"a6b6cd7df25bc56d","geometry":{"type":"Point","coordinates":[146.64051,-36.90623]},"properties":{"species":"Vombatus ursinus","eventDate":"2024-10-17","basisOfRecord":"OCCURRENCE","license":"CC-BY 4.0 (Int)","coordinateUncertaintyM":10.0,"uncertaintyUnknown":false,"observationCount":5,"geographicOutlier":false}},{"type":"Feature","id":"75127fa3bfe98ca5","geometry":{"type":"Point","coordinates":[146.52246,-36.77141]},"properties":{"species":"Vombatus ursinus","eventDate":"2024-10-17","basisOfRecord":"OCCURRENCE","license":"CC-BY 4.0 (Int)","coordinateUncertaintyM":10.0,"uncertaintyUnknown":false,"observationCount":2,"geographicOutlier":false}},{"type":"Feature","id":"183e56f00f62dacc","geometry":{"type":"Point","coordinates":[146.59543,-37.00515]},"properties":{"species":"Vombatus ursinus","eventDate":"2024-10-16","basisOfRecord":"OCCURRENCE","license":"CC-BY 4.0 (Int)","coordinateUncertaintyM":10.0,"uncertaintyUnknown":false,"observationCount":4,"geographicOutlier":false}},{"type":"Feature","id":"f8d748b4bde6e074","geometry":{"type":"Point","coordinates":[150.461342,-34.781708]},"properties":{"species":"Vombatus ursinus","eventDate":"2024-10-16","basisOfRecord":"HUMAN_OBSERVATION","license":"CC-BY 4.0 (Int)","coordinateUncertaintyM":30.0,"uncertaintyUnknown":false,"observationCount":1,"geographicOutlier":false}},{"type":"Feature","id":"2fe7a8b7e05ac321","geometry":{"type":"Point","coordinates":[146.69183,-36.97803]},"properties":{"species":"Vombatus ursinus","eventDate":"2024-10-16","basisOfRecord":"OCCURRENCE","license":"CC-BY 4.0 (Int)","coordinateUncertaintyM":10.0,"uncertaintyUnknown":false,"observationCount":4,"geographicOutlier":false}},{"type":"Feature","id":"269b2a474c2a01d9","geometry":{"type":"Point","coordinates":[146.82197,-37.02221]},"properties":{"species":"Vombatus ursinus","eventDate":"2024-10-15","basisOfRecord":"OCCURRENCE","license":"CC-BY 4.0 (Int)","coordinateUncertaintyM":10.0,"uncertaintyUnknown":false,"observationCount":4,"geographicOutlier":false}},{"type":"Feature","id":"5d6903bdeca57a6b","geometry":{"type":"Point","coordinates":[150.721188,-34.182815]},"properties":{"species":"Vombatus ursinus","eventDate":"2024-10-15","basisOfRecord":"HUMAN_OBSERVATION","license":"CC-BY 4.0 (Int)","coordinateUncertaintyM":500.0,"uncertaintyUnknown":false,"observationCount":1,"geographicOutlier":false}},{"type":"Feature","id":"d34b40e372f1d6f1","geometry":{"type":"Point","coordinates":[146.69855,-36.87807]},"properties":{"species":"Vombatus ursinus","eventDate":"2024-10-15","basisOfRecord":"OCCURRENCE","license":"CC-BY 4.0 (Int)","coordinateUncertaintyM":10.0,"uncertaintyUnknown":false,"observationCount":6,"geographicOutlier":false}},{"type":"Feature","id":"dc25050462a8b227","geometry":{"type":"Point","coordinates":[146.66178,-36.81857]},"properties":{"species":"Vombatus ursinus","eventDate":"2024-10-15","basisOfRecord":"OCCURRENCE","license":"CC-BY 4.0 (Int)","coordinateUncertaintyM":10.0,"uncertaintyUnknown":false,"observationCount":5,"geographicOutlier":false}},{"type":"Feature","id":"3d8be40d26b64db9","geometry":{"type":"Point","coordinates":[150.524109,-34.262942]},"properties":{"species":"Vombatus ursinus","eventDate":"2024-10-14","basisOfRecord":"HUMAN_OBSERVATION","license":"CC-BY 4.0 (Int)","coordinateUncertaintyM":30.0,"uncertaintyUnknown":false,"observationCount":1,"geographicOutlier":false}},{"type":"Feature","id":"59aeccb2c59b257f","geometry":{"type":"Point","coordinates":[150.023849,-33.361089]},"properties":{"species":"Vombatus ursinus","eventDate":"2024-10-14","basisOfRecord":"HUMAN_OBSERVATION","license":"CC-BY 4.0 (Int)","coordinateUncertaintyM":5.0,"uncertaintyUnknown":false,"observationCount":1,"geographicOutlier":false}},{"type":"Feature","id":"137ea31e69215530","geometry":{"type":"Point","coordinates":[150.588928,-34.528625]},"properties":{"species":"Vombatus ursinus","eventDate":"2024-10-14","basisOfRecord":"HUMAN_OBSERVATION","license":"CC-BY 4.0 (Int)","coordinateUncertaintyM":30.0,"uncertaintyUnknown":false,"observationCount":1,"geographicOutlier":false}},{"type":"Feature","id":"0ac8ff655fea1b52","geometry":{"type":"Point","coordinates":[146.47403,-36.93796]},"properties":{"species":"Vombatus ursinus","eventDate":"2024-10-14","basisOfRecord":"OCCURRENCE","license":"CC-BY 4.0 (Int)","coordinateUncertaintyM":10.0,"uncertaintyUnknown":false,"observationCount":1,"geographicOutlier":false}},{"type":"Feature","id":"e89115d556be126d","geometry":{"type":"Point","coordinates":[149.803761,-36.343064]},"properties":{"species":"Vombatus ursinus","eventDate":"2024-10-13","basisOfRecord":"HUMAN_OBSERVATION","license":"CC-BY 4.0 (Int)","coordinateUncertaintyM":30.0,"uncertaintyUnknown":false,"observationCount":1,"geographicOutlier":false}},{"type":"Feature","id":"d4deab4cb00c74ac","geometry":{"type":"Point","coordinates":[146.8004,-36.64617]},"properties":{"species":"Vombatus ursinus","eventDate":"2024-10-12","basisOfRecord":"OCCURRENCE","license":"CC-BY 4.0 (Int)","coordinateUncertaintyM":10.0,"uncertaintyUnknown":false,"observationCount":2,"geographicOutlier":false}},{"type":"Feature","id":"b02ad93a1f649c67","geometry":{"type":"Point","coordinates":[150.512508,-34.649063]},"properties":{"species":"Vombatus ursinus","eventDate":"2024-10-12","basisOfRecord":"HUMAN_OBSERVATION","license":"CC-BY 4.0 (Int)","coordinateUncertaintyM":500.0,"uncertaintyUnknown":false,"observationCount":1,"geographicOutlier":false}},{"type":"Feature","id":"b25c48d1b625d591","geometry":{"type":"Point","coordinates":[149.549839,-33.843731]},"properties":{"species":"Vombatus ursinus","eventDate":"2024-10-11","basisOfRecord":"HUMAN_OBSERVATION","license":"CC-BY 4.0 (Int)","coordinateUncertaintyM":500.0,"uncertaintyUnknown":false,"observationCount":1,"geographicOutlier":false}},{"type":"Feature","id":"6d8c080d218ccd6b","geometry":{"type":"Point","coordinates":[149.844728,-36.809132]},"properties":{"species":"Vombatus ursinus","eventDate":"2024-10-11","basisOfRecord":"HUMAN_OBSERVATION","license":"CC-BY 4.0 (Int)","coordinateUncertaintyM":30.0,"uncertaintyUnknown":false,"observationCount":1,"geographicOutlier":false}},{"type":"Feature","id":"cb99e79ba63be44d","geometry":{"type":"Point","coordinates":[150.11682,-34.644156]},"properties":{"species":"Vombatus ursinus","eventDate":"2024-10-10","basisOfRecord":"HUMAN_OBSERVATION","license":"CC-BY 4.0 (Int)","coordinateUncertaintyM":30.0,"uncertaintyUnknown":false,"observationCount":1,"geographicOutlier":false}},{"type":"Feature","id":"f05bdffe90d9d2cc","geometry":{"type":"Point","coordinates":[151.193587,-33.414055]},"properties":{"species":"Vombatus ursinus","eventDate":"2024-10-10","basisOfRecord":"HUMAN_OBSERVATION","license":"CC-BY 4.0 (Int)","coordinateUncertaintyM":10.0,"uncertaintyUnknown":false,"observationCount":1,"geographicOutlier":false}},{"type":"Feature","id":"7e23108e7391f5c9","geometry":{"type":"Point","coordinates":[150.20735,-33.586029]},"properties":{"species":"Vombatus ursinus","eventDate":"2024-10-09","basisOfRecord":"HUMAN_OBSERVATION","license":"CC-BY 4.0 (Int)","coordinateUncertaintyM":30.0,"uncertaintyUnknown":false,"observationCount":1,"geographicOutlier":false}},{"type":"Feature","id":"8aace18820ece71d","geometry":{"type":"Point","coordinates":[146.72599,-37.05232]},"properties":{"species":"Vombatus ursinus","eventDate":"2024-10-09","basisOfRecord":"OCCURRENCE","license":"CC-BY 4.0 (Int)","coordinateUncertaintyM":10.0,"uncertaintyUnknown":false,"observationCount":3,"geographicOutlier":false}},{"type":"Feature","id":"160f1a5eed174e49","geometry":{"type":"Point","coordinates":[146.82883,-37.10752]},"properties":{"species":"Vombatus ursinus","eventDate":"2024-10-09","basisOfRecord":"OCCURRENCE","license":"CC-BY 4.0 (Int)","coordinateUncertaintyM":5.0,"uncertaintyUnknown":false,"observationCount":1,"geographicOutlier":false}},{"type":"Feature","id":"80e66f122d0d15bf","geometry":{"type":"Point","coordinates":[150.462299,-35.222671]},"properties":{"species":"Vombatus ursinus","eventDate":"2024-10-08","basisOfRecord":"HUMAN_OBSERVATION","license":"CC-BY 4.0 (Int)","coordinateUncertaintyM":30.0,"uncertaintyUnknown":false,"observationCount":1,"geographicOutlier":false}},{"type":"Feature","id":"302fde864a52c63a","geometry":{"type":"Point","coordinates":[146.86803,-37.06663]},"properties":{"species":"Vombatus ursinus","eventDate":"2024-10-08","basisOfRecord":"OCCURRENCE","license":"CC-BY 4.0 (Int)","coordinateUncertaintyM":10.0,"uncertaintyUnknown":false,"observationCount":5,"geographicOutlier":false}},{"type":"Feature","id":"d805d39b33fd404a","geometry":{"type":"Point","coordinates":[145.928807,-41.594782]},"properties":{"species":"Vombatus ursinus","eventDate":"2024-10-07","basisOfRecord":"HUMAN_OBSERVATION","license":"CC-BY 4.0 (Int)","coordinateUncertaintyM":null,"uncertaintyUnknown":true,"observationCount":1,"geographicOutlier":false}},{"type":"Feature","id":"99b2c1347c823e70","geometry":{"type":"Point","coordinates":[149.905675,-33.562525]},"properties":{"species":"Vombatus ursinus","eventDate":"2024-10-06","basisOfRecord":"HUMAN_OBSERVATION","license":"CC-BY 4.0 (Int)","coordinateUncertaintyM":30.0,"uncertaintyUnknown":false,"observationCount":1,"geographicOutlier":false}},{"type":"Feature","id":"c78a61cd607cd99e","geometry":{"type":"Point","coordinates":[147.511454,-35.027266]},"properties":{"species":"Vombatus ursinus","eventDate":"2024-10-06","basisOfRecord":"HUMAN_OBSERVATION","license":"CC-BY 4.0 (Int)","coordinateUncertaintyM":30.0,"uncertaintyUnknown":false,"observationCount":1,"geographicOutlier":false}},{"type":"Feature","id":"040547ee2c1ee6e5","geometry":{"type":"Point","coordinates":[150.765869,-34.093349]},"properties":{"species":"Vombatus ursinus","eventDate":"2024-10-05","basisOfRecord":"HUMAN_OBSERVATION","license":"CC-BY 4.0 (Int)","coordinateUncertaintyM":500.0,"uncertaintyUnknown":false,"observationCount":2,"geographicOutlier":false}},{"type":"Feature","id":"4c90aededa344de2","geometry":{"type":"Point","coordinates":[149.755923,-35.43666]},"properties":{"species":"Vombatus ursinus","eventDate":"2024-10-05","basisOfRecord":"HUMAN_OBSERVATION","license":"CC-BY 4.0 (Int)","coordinateUncertaintyM":500.0,"uncertaintyUnknown":false,"observationCount":1,"geographicOutlier":false}},{"type":"Feature","id":"68b33e3956d48e67","geometry":{"type":"Point","coordinates":[145.39,-37.88]},"properties":{"species":"Vombatus ursinus","eventDate":"2024-10-04","basisOfRecord":"HUMAN_OBSERVATION","license":"CC-BY 4.0 (Int)","coordinateUncertaintyM":2000.0,"uncertaintyUnknown":false,"observationCount":3,"geographicOutlier":false}},{"type":"Feature","id":"2a9dbba71c066f18","geometry":{"type":"Point","coordinates":[150.475794,-34.745954]},"properties":{"species":"Vombatus ursinus","eventDate":"2024-10-04","basisOfRecord":"HUMAN_OBSERVATION","license":"CC-BY 4.0 (Int)","coordinateUncertaintyM":30.0,"uncertaintyUnknown":false,"observationCount":1,"geographicOutlier":false}},{"type":"Feature","id":"ef05a330f5934751","geometry":{"type":"Point","coordinates":[151.261861,-33.149964]},"properties":{"species":"Vombatus ursinus","eventDate":"2024-10-03","basisOfRecord":"HUMAN_OBSERVATION","license":"CC-BY 4.0 (Int)","coordinateUncertaintyM":500.0,"uncertaintyUnknown":false,"observationCount":5,"geographicOutlier":false}},{"type":"Feature","id":"b24172fa6844f763","geometry":{"type":"Point","coordinates":[150.546701,-34.0804]},"properties":{"species":"Vombatus ursinus","eventDate":"2024-10-02","basisOfRecord":"HUMAN_OBSERVATION","license":"CC-BY 4.0 (Int)","coordinateUncertaintyM":30.0,"uncertaintyUnknown":false,"observationCount":2,"geographicOutlier":false}},{"type":"Feature","id":"656ad67213d0c4f6","geometry":{"type":"Point","coordinates":[146.87154,-38.18386]},"properties":{"species":"Vombatus ursinus","eventDate":"2024-10-01","basisOfRecord":"OCCURRENCE","license":"CC-BY 4.0 (Int)","coordinateUncertaintyM":10.0,"uncertaintyUnknown":false,"observationCount":2,"geographicOutlier":false}},{"type":"Feature","id":"e14ad2adc8312cbf","geometry":{"type":"Point","coordinates":[149.831788,-36.682393]},"properties":{"species":"Vombatus ursinus","eventDate":"2024-10-01","basisOfRecord":"HUMAN_OBSERVATION","license":"CC-BY 4.0 (Int)","coordinateUncertaintyM":500.0,"uncertaintyUnknown":false,"observationCount":2,"geographicOutlier":false}},{"type":"Feature","id":"fdb15852c7727284","geometry":{"type":"Point","coordinates":[146.94651,-38.20387]},"properties":{"species":"Vombatus ursinus","eventDate":"2024-10-01","basisOfRecord":"OCCURRENCE","license":"CC-BY 4.0 (Int)","coordinateUncertaintyM":10.0,"uncertaintyUnknown":false,"observationCount":1,"geographicOutlier":false}},{"type":"Feature","id":"3e366651cdf55848","geometry":{"type":"Point","coordinates":[149.437639,-33.367445]},"properties":{"species":"Vombatus ursinus","eventDate":"2024-10-01","basisOfRecord":"HUMAN_OBSERVATION","license":"CC-BY 4.0 (Int)","coordinateUncertaintyM":500.0,"uncertaintyUnknown":false,"observationCount":1,"geographicOutlier":false}},{"type":"Feature","id":"1ec2e7171fe6c352","geometry":{"type":"Point","coordinates":[150.691242,-33.403099]},"properties":{"species":"Vombatus ursinus","eventDate":"2024-09-30","basisOfRecord":"HUMAN_OBSERVATION","license":"CC-BY 4.0 (Int)","coordinateUncertaintyM":30.0,"uncertaintyUnknown":false,"observationCount":1,"geographicOutlier":false}},{"type":"Feature","id":"94cdb23294f4583a","geometry":{"type":"Point","coordinates":[148.989883,-33.845089]},"properties":{"species":"Vombatus ursinus","eventDate":"2024-09-29","basisOfRecord":"HUMAN_OBSERVATION","license":"CC-BY 4.0 (Int)","coordinateUncertaintyM":500.0,"uncertaintyUnknown":false,"observationCount":1,"geographicOutlier":false}},{"type":"Feature","id":"87aed16a181dda79","geometry":{"type":"Point","coordinates":[150.531752,-34.818754]},"properties":{"species":"Vombatus ursinus","eventDate":"2024-09-28","basisOfRecord":"HUMAN_OBSERVATION","license":"CC-BY 4.0 (Int)","coordinateUncertaintyM":30.0,"uncertaintyUnknown":false,"observationCount":2,"geographicOutlier":false}},{"type":"Feature","id":"c67371517621a527","geometry":{"type":"Point","coordinates":[150.602173,-34.590513]},"properties":{"species":"Vombatus ursinus","eventDate":"2024-09-27","basisOfRecord":"HUMAN_OBSERVATION","license":"CC-BY 4.0 (Int)","coordinateUncertaintyM":30.0,"uncertaintyUnknown":false,"observationCount":1,"geographicOutlier":false}},{"type":"Feature","id":"8a7775f3df710d1e","geometry":{"type":"Point","coordinates":[150.141082,-34.485091]},"properties":{"species":"Vombatus ursinus","eventDate":"2024-09-27","basisOfRecord":"HUMAN_OBSERVATION","license":"CC-BY 4.0 (Int)","coordinateUncertaintyM":500.0,"uncertaintyUnknown":false,"observationCount":4,"geographicOutlier":false}},{"type":"Feature","id":"193f94fa9d79a7c2","geometry":{"type":"Point","coordinates":[150.6549,-34.7423]},"properties":{"species":"Vombatus ursinus","eventDate":"2024-09-26","basisOfRecord":"HUMAN_OBSERVATION","license":"CC-BY 4.0 (Int)","coordinateUncertaintyM":30.0,"uncertaintyUnknown":false,"observationCount":1,"geographicOutlier":false}},{"type":"Feature","id":"c1efcc2bbb60e82f","geometry":{"type":"Point","coordinates":[146.2767,-36.8403]},"properties":{"species":"Vombatus ursinus","eventDate":"2024-09-25","basisOfRecord":"OBSERVATION","license":"CC-BY 4.0 (Int)","coordinateUncertaintyM":10.0,"uncertaintyUnknown":false,"observationCount":1,"geographicOutlier":false}},{"type":"Feature","id":"6dc8b208f217098b","geometry":{"type":"Point","coordinates":[145.27935,-38.12992]},"properties":{"species":"Vombatus ursinus","eventDate":"2024-09-25","basisOfRecord":"OBSERVATION","license":"CC-BY 4.0 (Int)","coordinateUncertaintyM":10.0,"uncertaintyUnknown":false,"observationCount":3,"geographicOutlier":false}},{"type":"Feature","id":"b9ce9dbc8f047292","geometry":{"type":"Point","coordinates":[150.52,-35.08]},"properties":{"species":"Vombatus ursinus","eventDate":"2024-09-24","basisOfRecord":"HUMAN_OBSERVATION","license":"CC-BY 4.0 (Int)","coordinateUncertaintyM":10.0,"uncertaintyUnknown":false,"observationCount":2,"geographicOutlier":false}},{"type":"Feature","id":"1ce075d413cc16e8","geometry":{"type":"Point","coordinates":[146.23322,-36.84163]},"properties":{"species":"Vombatus ursinus","eventDate":"2024-09-24","basisOfRecord":"OBSERVATION","license":"CC-BY 4.0 (Int)","coordinateUncertaintyM":10.0,"uncertaintyUnknown":false,"observationCount":1,"geographicOutlier":false}},{"type":"Feature","id":"77cd9f2beca8cf52","geometry":{"type":"Point","coordinates":[146.39814,-37.04766]},"properties":{"species":"Vombatus ursinus","eventDate":"2024-09-23","basisOfRecord":"OCCURRENCE","license":"CC-BY 4.0 (Int)","coordinateUncertaintyM":10.0,"uncertaintyUnknown":false,"observationCount":1,"geographicOutlier":false}},{"type":"Feature","id":"bd9f6596c2d1bc60","geometry":{"type":"Point","coordinates":[150.002707,-35.904469]},"properties":{"species":"Vombatus ursinus","eventDate":"2024-09-23","basisOfRecord":"HUMAN_OBSERVATION","license":"CC-BY 4.0 (Int)","coordinateUncertaintyM":30.0,"uncertaintyUnknown":false,"observationCount":1,"geographicOutlier":false}},{"type":"Feature","id":"37b4306698e98e42","geometry":{"type":"Point","coordinates":[146.46642,-36.94978]},"properties":{"species":"Vombatus ursinus","eventDate":"2024-09-23","basisOfRecord":"OBSERVATION","license":"CC-BY 4.0 (Int)","coordinateUncertaintyM":10.0,"uncertaintyUnknown":false,"observationCount":1,"geographicOutlier":false}},{"type":"Feature","id":"8ab48abd81395528","geometry":{"type":"Point","coordinates":[150.601631,-34.590289]},"properties":{"species":"Vombatus ursinus","eventDate":"2024-09-22","basisOfRecord":"HUMAN_OBSERVATION","license":"CC-BY 4.0 (Int)","coordinateUncertaintyM":30.0,"uncertaintyUnknown":false,"observationCount":1,"geographicOutlier":false}},{"type":"Feature","id":"1738ed3c9364d674","geometry":{"type":"Point","coordinates":[150.03881,-33.041078]},"properties":{"species":"Vombatus ursinus","eventDate":"2024-09-20","basisOfRecord":"HUMAN_OBSERVATION","license":"CC-BY 4.0 (Int)","coordinateUncertaintyM":10.0,"uncertaintyUnknown":false,"observationCount":104,"geographicOutlier":false}},{"type":"Feature","id":"024fb26b15ec41ed","geometry":{"type":"Point","coordinates":[150.449252,-33.534967]},"properties":{"species":"Vombatus ursinus","eventDate":"2024-09-20","basisOfRecord":"HUMAN_OBSERVATION","license":"CC-BY 4.0 (Int)","coordinateUncertaintyM":1142.0,"uncertaintyUnknown":false,"observationCount":2,"geographicOutlier":false}},{"type":"Feature","id":"37a1159cdaa2b8b6","geometry":{"type":"Point","coordinates":[149.891702,-33.643187]},"properties":{"species":"Vombatus ursinus","eventDate":"2024-09-19","basisOfRecord":"HUMAN_OBSERVATION","license":"CC-BY 4.0 (Int)","coordinateUncertaintyM":500.0,"uncertaintyUnknown":false,"observationCount":1,"geographicOutlier":false}},{"type":"Feature","id":"248b21dd5d7c66f4","geometry":{"type":"Point","coordinates":[146.29758,-37.02066]},"properties":{"species":"Vombatus ursinus","eventDate":"2024-09-19","basisOfRecord":"OCCURRENCE","license":"CC-BY 4.0 (Int)","coordinateUncertaintyM":10.0,"uncertaintyUnknown":false,"observationCount":1,"geographicOutlier":false}},{"type":"Feature","id":"f4c23389a002e2bf","geometry":{"type":"Point","coordinates":[150.730032,-34.571797]},"properties":{"species":"Vombatus ursinus","eventDate":"2024-09-19","basisOfRecord":"HUMAN_OBSERVATION","license":"CC-BY 4.0 (Int)","coordinateUncertaintyM":200.0,"uncertaintyUnknown":false,"observationCount":1,"geographicOutlier":false}},{"type":"Feature","id":"bff2a031410dcab6","geometry":{"type":"Point","coordinates":[149.479514,-33.405979]},"properties":{"species":"Vombatus ursinus","eventDate":"2024-09-18","basisOfRecord":"HUMAN_OBSERVATION","license":"CC-BY 4.0 (Int)","coordinateUncertaintyM":500.0,"uncertaintyUnknown":false,"observationCount":1,"geographicOutlier":false}},{"type":"Feature","id":"43932b983d81cb1a","geometry":{"type":"Point","coordinates":[151.155076,-31.03823]},"properties":{"species":"Vombatus ursinus","eventDate":"2024-09-18","basisOfRecord":"HUMAN_OBSERVATION","license":"CC-BY 4.0 (Int)","coordinateUncertaintyM":30.0,"uncertaintyUnknown":false,"observationCount":1,"geographicOutlier":false}},{"type":"Feature","id":"6005a923999bd6bb","geometry":{"type":"Point","coordinates":[146.38206,-37.04652]},"properties":{"species":"Vombatus ursinus","eventDate":"2024-09-18","basisOfRecord":"OCCURRENCE","license":"CC-BY 4.0 (Int)","coordinateUncertaintyM":10.0,"uncertaintyUnknown":false,"observationCount":1,"geographicOutlier":false}},{"type":"Feature","id":"f8bf06bf86925949","geometry":{"type":"Point","coordinates":[149.779957,-36.524233]},"properties":{"species":"Vombatus ursinus","eventDate":"2024-09-17","basisOfRecord":"HUMAN_OBSERVATION","license":"CC-BY 4.0 (Int)","coordinateUncertaintyM":30.0,"uncertaintyUnknown":false,"observationCount":1,"geographicOutlier":false}},{"type":"Feature","id":"a524c9534a67fec1","geometry":{"type":"Point","coordinates":[150.487298,-34.390546]},"properties":{"species":"Vombatus ursinus","eventDate":"2024-09-16","basisOfRecord":"HUMAN_OBSERVATION","license":"CC-BY 4.0 (Int)","coordinateUncertaintyM":500.0,"uncertaintyUnknown":false,"observationCount":13,"geographicOutlier":false}},{"type":"Feature","id":"dd06aed29b12bd58","geometry":{"type":"Point","coordinates":[149.457981,-35.246073]},"properties":{"species":"Vombatus ursinus","eventDate":"2024-09-16","basisOfRecord":"HUMAN_OBSERVATION","license":"CC-BY 4.0 (Int)","coordinateUncertaintyM":500.0,"uncertaintyUnknown":false,"observationCount":1,"geographicOutlier":false}},{"type":"Feature","id":"e8f83cfb863ef062","geometry":{"type":"Point","coordinates":[151.323332,-33.33493]},"properties":{"species":"Vombatus ursinus","eventDate":"2024-09-15","basisOfRecord":"HUMAN_OBSERVATION","license":"CC-BY 4.0 (Int)","coordinateUncertaintyM":30.0,"uncertaintyUnknown":false,"observationCount":1,"geographicOutlier":false}},{"type":"Feature","id":"a2600a1b5c6ff2b0","geometry":{"type":"Point","coordinates":[150.045998,-33.020794]},"properties":{"species":"Vombatus ursinus","eventDate":"2024-09-14","basisOfRecord":"HUMAN_OBSERVATION","license":"CC-BY 4.0 (Int)","coordinateUncertaintyM":10.0,"uncertaintyUnknown":false,"observationCount":28,"geographicOutlier":false}},{"type":"Feature","id":"3435769c1508c57a","geometry":{"type":"Point","coordinates":[146.01105,-37.19969]},"properties":{"species":"Vombatus ursinus","eventDate":"2024-09-13","basisOfRecord":"OBSERVATION","license":"CC-BY 4.0 (Int)","coordinateUncertaintyM":10.0,"uncertaintyUnknown":false,"observationCount":1,"geographicOutlier":false}},{"type":"Feature","id":"ff990c50924a6a0e","geometry":{"type":"Point","coordinates":[150.023254,-33.04055]},"properties":{"species":"Vombatus ursinus","eventDate":"2024-09-13","basisOfRecord":"HUMAN_OBSERVATION","license":"CC-BY 4.0 (Int)","coordinateUncertaintyM":10.0,"uncertaintyUnknown":false,"observationCount":16,"geographicOutlier":false}},{"type":"Feature","id":"5ee9ee37e75d7c92","geometry":{"type":"Point","coordinates":[150.643064,-33.861605]},"properties":{"species":"Vombatus ursinus","eventDate":"2024-09-12","basisOfRecord":"HUMAN_OBSERVATION","license":"CC-BY 4.0 (Int)","coordinateUncertaintyM":500.0,"uncertaintyUnknown":false,"observationCount":2,"geographicOutlier":false}},{"type":"Feature","id":"580c70ad087b342b","geometry":{"type":"Point","coordinates":[149.62409,-37.334715]},"properties":{"species":"Vombatus ursinus","eventDate":"2024-09-11","basisOfRecord":"HUMAN_OBSERVATION","license":"CC-BY 4.0 (Int)","coordinateUncertaintyM":10.0,"uncertaintyUnknown":false,"observationCount":1,"geographicOutlier":false}},{"type":"Feature","id":"c67fffb997dd9730","geometry":{"type":"Point","coordinates":[149.835638,-32.46523]},"properties":{"species":"Vombatus ursinus","eventDate":"2024-09-11","basisOfRecord":"HUMAN_OBSERVATION","license":"CC-BY 4.0 (Int)","coordinateUncertaintyM":500.0,"uncertaintyUnknown":false,"observationCount":2,"geographicOutlier":false}},{"type":"Feature","id":"34a50dcc0494bf23","geometry":{"type":"Point","coordinates":[149.767046,-36.516077]},"properties":{"species":"Vombatus ursinus","eventDate":"2024-09-11","basisOfRecord":"HUMAN_OBSERVATION","license":"CC-BY 4.0 (Int)","coordinateUncertaintyM":30.0,"uncertaintyUnknown":false,"observationCount":1,"geographicOutlier":false}},{"type":"Feature","id":"3bd12614ddae353a","geometry":{"type":"Point","coordinates":[151.347982,-33.267767]},"properties":{"species":"Vombatus ursinus","eventDate":"2024-09-10","basisOfRecord":"HUMAN_OBSERVATION","license":"CC-BY 4.0 (Int)","coordinateUncertaintyM":500.0,"uncertaintyUnknown":false,"observationCount":5,"geographicOutlier":false}},{"type":"Feature","id":"de936639cbb39c57","geometry":{"type":"Point","coordinates":[150.076146,-35.857642]},"properties":{"species":"Vombatus ursinus","eventDate":"2024-09-10","basisOfRecord":"HUMAN_OBSERVATION","license":"CC-BY 4.0 (Int)","coordinateUncertaintyM":10.0,"uncertaintyUnknown":false,"observationCount":1,"geographicOutlier":false}},{"type":"Feature","id":"747b3b1b272a4f79","geometry":{"type":"Point","coordinates":[146.2955,-38.06601]},"properties":{"species":"Vombatus ursinus","eventDate":"2024-09-09","basisOfRecord":"OBSERVATION","license":"CC-BY 4.0 (Int)","coordinateUncertaintyM":10.0,"uncertaintyUnknown":false,"observationCount":1,"geographicOutlier":false}},{"type":"Feature","id":"f3291a6a4174af55","geometry":{"type":"Point","coordinates":[150.782808,-34.656395]},"properties":{"species":"Vombatus ursinus","eventDate":"2024-09-08","basisOfRecord":"HUMAN_OBSERVATION","license":"CC-BY 4.0 (Int)","coordinateUncertaintyM":30.0,"uncertaintyUnknown":false,"observationCount":1,"geographicOutlier":false}},{"type":"Feature","id":"b72fc3aab7ccff99","geometry":{"type":"Point","coordinates":[150.531842,-34.255693]},"properties":{"species":"Vombatus ursinus","eventDate":"2024-09-07","basisOfRecord":"HUMAN_OBSERVATION","license":"CC-BY 4.0 (Int)","coordinateUncertaintyM":30.0,"uncertaintyUnknown":false,"observationCount":1,"geographicOutlier":false}},{"type":"Feature","id":"9299da187c380a56","geometry":{"type":"Point","coordinates":[151.21606,-31.518729]},"properties":{"species":"Vombatus ursinus","eventDate":"2024-09-06","basisOfRecord":"HUMAN_OBSERVATION","license":"CC-BY 4.0 (Int)","coordinateUncertaintyM":30.0,"uncertaintyUnknown":false,"observationCount":1,"geographicOutlier":false}},{"type":"Feature","id":"c6aae745fb63ba06","geometry":{"type":"Point","coordinates":[149.843741,-33.630104]},"properties":{"species":"Vombatus ursinus","eventDate":"2024-09-05","basisOfRecord":"HUMAN_OBSERVATION","license":"CC-BY 4.0 (Int)","coordinateUncertaintyM":30.0,"uncertaintyUnknown":false,"observationCount":1,"geographicOutlier":false}},{"type":"Feature","id":"a60932a7ec7ea022","geometry":{"type":"Point","coordinates":[150.44,-35.19]},"properties":{"species":"Vombatus ursinus","eventDate":"2024-09-04","basisOfRecord":"HUMAN_OBSERVATION","license":"CC-BY 4.0 (Int)","coordinateUncertaintyM":10.0,"uncertaintyUnknown":false,"observationCount":1,"geographicOutlier":false}},{"type":"Feature","id":"7ffc59906590f1eb","geometry":{"type":"Point","coordinates":[150.762294,-34.701262]},"properties":{"species":"Vombatus ursinus","eventDate":"2024-09-04","basisOfRecord":"HUMAN_OBSERVATION","license":"CC-BY 4.0 (Int)","coordinateUncertaintyM":30.0,"uncertaintyUnknown":false,"observationCount":1,"geographicOutlier":false}},{"type":"Feature","id":"a5a1522b6fc9525f","geometry":{"type":"Point","coordinates":[150.113248,-35.799649]},"properties":{"species":"Vombatus ursinus","eventDate":"2024-09-04","basisOfRecord":"HUMAN_OBSERVATION","license":"CC-BY 4.0 (Int)","coordinateUncertaintyM":30.0,"uncertaintyUnknown":false,"observationCount":1,"geographicOutlier":false}},{"type":"Feature","id":"716d037b339a1167","geometry":{"type":"Point","coordinates":[150.468993,-34.723559]},"properties":{"species":"Vombatus ursinus","eventDate":"2024-09-03","basisOfRecord":"HUMAN_OBSERVATION","license":"CC-BY 4.0 (Int)","coordinateUncertaintyM":30.0,"uncertaintyUnknown":false,"observationCount":1,"geographicOutlier":false}},{"type":"Feature","id":"e3d2b5be2320c9e7","geometry":{"type":"Point","coordinates":[148.729253,-33.838284]},"properties":{"species":"Vombatus ursinus","eventDate":"2024-09-02","basisOfRecord":"HUMAN_OBSERVATION","license":"CC-BY 4.0 (Int)","coordinateUncertaintyM":30.0,"uncertaintyUnknown":false,"observationCount":1,"geographicOutlier":false}},{"type":"Feature","id":"81aed2a03aa40483","geometry":{"type":"Point","coordinates":[150.519762,-34.076798]},"properties":{"species":"Vombatus ursinus","eventDate":"2024-09-02","basisOfRecord":"HUMAN_OBSERVATION","license":"CC-BY 4.0 (Int)","coordinateUncertaintyM":30.0,"uncertaintyUnknown":false,"observationCount":1,"geographicOutlier":false}},{"type":"Feature","id":"d836bc701b8ceb9b","geometry":{"type":"Point","coordinates":[150.501293,-34.60091]},"properties":{"species":"Vombatus ursinus","eventDate":"2024-09-01","basisOfRecord":"HUMAN_OBSERVATION","license":"CC-BY 4.0 (Int)","coordinateUncertaintyM":30.0,"uncertaintyUnknown":false,"observationCount":1,"geographicOutlier":false}},{"type":"Feature","id":"6797ce0e3f96669c","geometry":{"type":"Point","coordinates":[149.83874,-36.445498]},"properties":{"species":"Vombatus ursinus","eventDate":"2024-08-31","basisOfRecord":"HUMAN_OBSERVATION","license":"CC-BY 4.0 (Int)","coordinateUncertaintyM":30.0,"uncertaintyUnknown":false,"observationCount":1,"geographicOutlier":false}},{"type":"Feature","id":"8d6983263299d3eb","geometry":{"type":"Point","coordinates":[145.30898,-37.42105]},"properties":{"species":"Vombatus ursinus","eventDate":"2024-08-31","basisOfRecord":"OBSERVATION","license":"CC-BY 4.0 (Int)","coordinateUncertaintyM":10.0,"uncertaintyUnknown":false,"observationCount":1,"geographicOutlier":false}},{"type":"Feature","id":"df971fb9cee12b92","geometry":{"type":"Point","coordinates":[150.816856,-34.471514]},"properties":{"species":"Vombatus ursinus","eventDate":"2024-08-31","basisOfRecord":"HUMAN_OBSERVATION","license":"CC-BY 4.0 (Int)","coordinateUncertaintyM":500.0,"uncertaintyUnknown":false,"observationCount":1,"geographicOutlier":false}},{"type":"Feature","id":"497a3569ecdaa62f","geometry":{"type":"Point","coordinates":[150.136966,-34.637386]},"properties":{"species":"Vombatus ursinus","eventDate":"2024-08-30","basisOfRecord":"HUMAN_OBSERVATION","license":"CC-BY 4.0 (Int)","coordinateUncertaintyM":500.0,"uncertaintyUnknown":false,"observationCount":3,"geographicOutlier":false}},{"type":"Feature","id":"ec7c9a0a73ab749b","geometry":{"type":"Point","coordinates":[149.793656,-36.442568]},"properties":{"species":"Vombatus ursinus","eventDate":"2024-08-29","basisOfRecord":"HUMAN_OBSERVATION","license":"CC-BY 4.0 (Int)","coordinateUncertaintyM":30.0,"uncertaintyUnknown":false,"observationCount":1,"geographicOutlier":false}},{"type":"Feature","id":"79f158ad2bfafead","geometry":{"type":"Point","coordinates":[150.496625,-34.100732]},"properties":{"species":"Vombatus ursinus","eventDate":"2024-08-28","basisOfRecord":"HUMAN_OBSERVATION","license":"CC-BY 4.0 (Int)","coordinateUncertaintyM":30.0,"uncertaintyUnknown":false,"observationCount":1,"geographicOutlier":false}},{"type":"Feature","id":"2530cdfa86695929","geometry":{"type":"Point","coordinates":[151.234443,-32.960975]},"properties":{"species":"Vombatus ursinus","eventDate":"2024-08-28","basisOfRecord":"HUMAN_OBSERVATION","license":"CC-BY 4.0 (Int)","coordinateUncertaintyM":10.0,"uncertaintyUnknown":false,"observationCount":1,"geographicOutlier":false}},{"type":"Feature","id":"c835cc1e6b2f72d9","geometry":{"type":"Point","coordinates":[150.460745,-34.593781]},"properties":{"species":"Vombatus ursinus","eventDate":"2024-08-27","basisOfRecord":"HUMAN_OBSERVATION","license":"CC-BY 4.0 (Int)","coordinateUncertaintyM":500.0,"uncertaintyUnknown":false,"observationCount":1,"geographicOutlier":false}},{"type":"Feature","id":"5ef80f96cf0faea6","geometry":{"type":"Point","coordinates":[150.693189,-35.107771]},"properties":{"species":"Vombatus ursinus","eventDate":"2024-08-27","basisOfRecord":"HUMAN_OBSERVATION","license":"CC-BY 4.0 (Int)","coordinateUncertaintyM":3.0,"uncertaintyUnknown":false,"observationCount":1,"geographicOutlier":false}},{"type":"Feature","id":"e423887c5a737cac","geometry":{"type":"Point","coordinates":[150.602127,-34.941353]},"properties":{"species":"Vombatus ursinus","eventDate":"2024-08-27","basisOfRecord":"HUMAN_OBSERVATION","license":"CC-BY 4.0 (Int)","coordinateUncertaintyM":500.0,"uncertaintyUnknown":false,"observationCount":1,"geographicOutlier":false}},{"type":"Feature","id":"a1e9e651faa3d049","geometry":{"type":"Point","coordinates":[150.77608,-34.670452]},"properties":{"species":"Vombatus ursinus","eventDate":"2024-08-26","basisOfRecord":"HUMAN_OBSERVATION","license":"CC-BY 4.0 (Int)","coordinateUncertaintyM":30.0,"uncertaintyUnknown":false,"observationCount":2,"geographicOutlier":false}},{"type":"Feature","id":"9bc627b5d8ff38ce","geometry":{"type":"Point","coordinates":[147.167607,-35.895468]},"properties":{"species":"Vombatus ursinus","eventDate":"2024-08-25","basisOfRecord":"HUMAN_OBSERVATION","license":"CC-BY 4.0 (Int)","coordinateUncertaintyM":500.0,"uncertaintyUnknown":false,"observationCount":1,"geographicOutlier":false}},{"type":"Feature","id":"86e7b10c3a8c169e","geometry":{"type":"Point","coordinates":[148.814874,-36.371816]},"properties":{"species":"Vombatus ursinus","eventDate":"2024-08-24","basisOfRecord":"HUMAN_OBSERVATION","license":"CC-BY 4.0 (Int)","coordinateUncertaintyM":500.0,"uncertaintyUnknown":false,"observationCount":4,"geographicOutlier":false}},{"type":"Feature","id":"34c0f8e6eb8d296a","geometry":{"type":"Point","coordinates":[148.863373,-36.351868]},"properties":{"species":"Vombatus ursinus","eventDate":"2024-08-24","basisOfRecord":"HUMAN_OBSERVATION","license":"CC-BY 4.0 (Int)","coordinateUncertaintyM":10.0,"uncertaintyUnknown":false,"observationCount":1,"geographicOutlier":false}},{"type":"Feature","id":"6876420558d10001","geometry":{"type":"Point","coordinates":[151.244223,-33.296907]},"properties":{"species":"Vombatus ursinus","eventDate":"2024-08-23","basisOfRecord":"HUMAN_OBSERVATION","license":"CC-BY 4.0 (Int)","coordinateUncertaintyM":30.0,"uncertaintyUnknown":false,"observationCount":1,"geographicOutlier":false}},{"type":"Feature","id":"8a359b7cfe3c320a","geometry":{"type":"Point","coordinates":[150.569969,-33.98778]},"properties":{"species":"Vombatus ursinus","eventDate":"2024-08-22","basisOfRecord":"HUMAN_OBSERVATION","license":"CC-BY 4.0 (Int)","coordinateUncertaintyM":30.0,"uncertaintyUnknown":false,"observationCount":1,"geographicOutlier":false}},{"type":"Feature","id":"b70622616dc1de66","geometry":{"type":"Point","coordinates":[150.662046,-33.980624]},"properties":{"species":"Vombatus ursinus","eventDate":"2024-08-21","basisOfRecord":"HUMAN_OBSERVATION","license":"CC-BY 4.0 (Int)","coordinateUncertaintyM":500.0,"uncertaintyUnknown":false,"observationCount":4,"geographicOutlier":false}},{"type":"Feature","id":"bcfe92b087ed0b3e","geometry":{"type":"Point","coordinates":[150.379588,-33.738903]},"properties":{"species":"Vombatus ursinus","eventDate":"2024-08-21","basisOfRecord":"HUMAN_OBSERVATION","license":"CC-BY 4.0 (Int)","coordinateUncertaintyM":30.0,"uncertaintyUnknown":false,"observationCount":1,"geographicOutlier":false}},{"type":"Feature","id":"02df496e106eb285","geometry":{"type":"Point","coordinates":[150.645735,-34.223759]},"properties":{"species":"Vombatus ursinus","eventDate":"2024-08-20","basisOfRecord":"HUMAN_OBSERVATION","license":"CC-BY 4.0 (Int)","coordinateUncertaintyM":30.0,"uncertaintyUnknown":false,"observationCount":1,"geographicOutlier":false}},{"type":"Feature","id":"550f7771464f8381","geometry":{"type":"Point","coordinates":[150.632018,-34.721472]},"properties":{"species":"Vombatus ursinus","eventDate":"2024-08-20","basisOfRecord":"HUMAN_OBSERVATION","license":"CC-BY 4.0 (Int)","coordinateUncertaintyM":30.0,"uncertaintyUnknown":false,"observationCount":1,"geographicOutlier":false}},{"type":"Feature","id":"c163c1b1d0b7a1d7","geometry":{"type":"Point","coordinates":[150.578705,-34.293235]},"properties":{"species":"Vombatus ursinus","eventDate":"2024-08-19","basisOfRecord":"HUMAN_OBSERVATION","license":"CC-BY 4.0 (Int)","coordinateUncertaintyM":30.0,"uncertaintyUnknown":false,"observationCount":1,"geographicOutlier":false}},{"type":"Feature","id":"13054bbbf8d57c05","geometry":{"type":"Point","coordinates":[150.941862,-33.248554]},"properties":{"species":"Vombatus ursinus","eventDate":"2024-08-18","basisOfRecord":"HUMAN_OBSERVATION","license":"CC-BY 4.0 (Int)","coordinateUncertaintyM":30.0,"uncertaintyUnknown":false,"observationCount":1,"geographicOutlier":false}},{"type":"Feature","id":"e2c8c993a4716e7a","geometry":{"type":"Point","coordinates":[150.586636,-34.986025]},"properties":{"species":"Vombatus ursinus","eventDate":"2024-08-17","basisOfRecord":"HUMAN_OBSERVATION","license":"CC-BY 4.0 (Int)","coordinateUncertaintyM":500.0,"uncertaintyUnknown":false,"observationCount":1,"geographicOutlier":false}},{"type":"Feature","id":"d18236fd61ab0e84","geometry":{"type":"Point","coordinates":[149.808216,-36.832156]},"properties":{"species":"Vombatus ursinus","eventDate":"2024-08-16","basisOfRecord":"HUMAN_OBSERVATION","license":"CC-BY 4.0 (Int)","coordinateUncertaintyM":30.0,"uncertaintyUnknown":false,"observationCount":1,"geographicOutlier":false}},{"type":"Feature","id":"44fbe88f78b3933c","geometry":{"type":"Point","coordinates":[149.258956,-35.365466]},"properties":{"species":"Vombatus ursinus","eventDate":"2024-08-16","basisOfRecord":"HUMAN_OBSERVATION","license":"CC-BY 4.0 (Int)","coordinateUncertaintyM":30.0,"uncertaintyUnknown":false,"observationCount":1,"geographicOutlier":false}},{"type":"Feature","id":"a4b360f312cce498","geometry":{"type":"Point","coordinates":[149.243844,-35.348825]},"properties":{"species":"Vombatus ursinus","eventDate":"2024-08-15","basisOfRecord":"HUMAN_OBSERVATION","license":"CC-BY 4.0 (Int)","coordinateUncertaintyM":500.0,"uncertaintyUnknown":false,"observationCount":1,"geographicOutlier":false}},{"type":"Feature","id":"30c64b9c456945fb","geometry":{"type":"Point","coordinates":[148.68395,-37.38904]},"properties":{"species":"Vombatus ursinus","eventDate":"2024-08-14","basisOfRecord":"OCCURRENCE","license":"CC-BY 4.0 (Int)","coordinateUncertaintyM":10.0,"uncertaintyUnknown":false,"observationCount":4,"geographicOutlier":false}},{"type":"Feature","id":"2817f38dd3bdf6db","geometry":{"type":"Point","coordinates":[150.436349,-35.231728]},"properties":{"species":"Vombatus ursinus","eventDate":"2024-08-14","basisOfRecord":"HUMAN_OBSERVATION","license":"CC-BY 4.0 (Int)","coordinateUncertaintyM":500.0,"uncertaintyUnknown":false,"observationCount":1,"geographicOutlier":false}},{"type":"Feature","id":"abfcd629520d02c7","geometry":{"type":"Point","coordinates":[149.753943,-32.329105]},"properties":{"species":"Vombatus ursinus","eventDate":"2024-08-13","basisOfRecord":"HUMAN_OBSERVATION","license":"CC-BY 4.0 (Int)","coordinateUncertaintyM":100.0,"uncertaintyUnknown":false,"observationCount":1,"geographicOutlier":false}},{"type":"Feature","id":"7a781777356616b7","geometry":{"type":"Point","coordinates":[149.01048,-37.63732]},"properties":{"species":"Vombatus ursinus","eventDate":"2024-08-12","basisOfRecord":"OCCURRENCE","license":"CC-BY 4.0 (Int)","coordinateUncertaintyM":10.0,"uncertaintyUnknown":false,"observationCount":3,"geographicOutlier":false}},{"type":"Feature","id":"96587bf4af8a2f57","geometry":{"type":"Point","coordinates":[150.579417,-34.166111]},"properties":{"species":"Vombatus ursinus","eventDate":"2024-08-12","basisOfRecord":"HUMAN_OBSERVATION","license":"CC-BY 4.0 (Int)","coordinateUncertaintyM":30.0,"uncertaintyUnknown":false,"observationCount":1,"geographicOutlier":false}},{"type":"Feature","id":"c5f3607f5d69f045","geometry":{"type":"Point","coordinates":[148.87729,-37.67141]},"properties":{"species":"Vombatus ursinus","eventDate":"2024-08-12","basisOfRecord":"OCCURRENCE","license":"CC-BY 4.0 (Int)","coordinateUncertaintyM":10.0,"uncertaintyUnknown":false,"observationCount":1,"geographicOutlier":false}},{"type":"Feature","id":"7b24ea83dbecc580","geometry":{"type":"Point","coordinates":[150.504127,-34.100176]},"properties":{"species":"Vombatus ursinus","eventDate":"2024-08-11","basisOfRecord":"HUMAN_OBSERVATION","license":"CC-BY 4.0 (Int)","coordinateUncertaintyM":30.0,"uncertaintyUnknown":false,"observationCount":1,"geographicOutlier":false}},{"type":"Feature","id":"f87e0cfedd453a97","geometry":{"type":"Point","coordinates":[151.213857,-33.304523]},"properties":{"species":"Vombatus ursinus","eventDate":"2024-08-11","basisOfRecord":"HUMAN_OBSERVATION","license":"CC-BY 4.0 (Int)","coordinateUncertaintyM":30.0,"uncertaintyUnknown":false,"observationCount":1,"geographicOutlier":false}},{"type":"Feature","id":"3778e866ead807f1","geometry":{"type":"Point","coordinates":[149.191243,-36.150435]},"properties":{"species":"Vombatus ursinus","eventDate":"2024-08-11","basisOfRecord":"HUMAN_OBSERVATION","license":"CC-BY 4.0 (Int)","coordinateUncertaintyM":10.0,"uncertaintyUnknown":false,"observationCount":1,"geographicOutlier":false}},{"type":"Feature","id":"2aa07e3693c6dd10","geometry":{"type":"Point","coordinates":[149.714355,-32.69505]},"properties":{"species":"Vombatus ursinus","eventDate":"2024-08-10","basisOfRecord":"HUMAN_OBSERVATION","license":"CC-BY 4.0 (Int)","coordinateUncertaintyM":500.0,"uncertaintyUnknown":false,"observationCount":1,"geographicOutlier":false}},{"type":"Feature","id":"6ddf3cb78933d4a2","geometry":{"type":"Point","coordinates":[149.615232,-35.61661]},"properties":{"species":"Vombatus ursinus","eventDate":"2024-08-10","basisOfRecord":"HUMAN_OBSERVATION","license":"CC-BY 4.0 (Int)","coordinateUncertaintyM":500.0,"uncertaintyUnknown":false,"observationCount":1,"geographicOutlier":false}},{"type":"Feature","id":"ba1e212f2b63c412","geometry":{"type":"Point","coordinates":[148.94452,-37.34604]},"properties":{"species":"Vombatus ursinus","eventDate":"2024-08-10","basisOfRecord":"OCCURRENCE","license":"CC-BY 4.0 (Int)","coordinateUncertaintyM":10.0,"uncertaintyUnknown":false,"observationCount":2,"geographicOutlier":false}},{"type":"Feature","id":"c4b6286dcbe4cacf","geometry":{"type":"Point","coordinates":[148.87147,-37.37009]},"properties":{"species":"Vombatus ursinus","eventDate":"2024-08-09","basisOfRecord":"OCCURRENCE","license":"CC-BY 4.0 (Int)","coordinateUncertaintyM":10.0,"uncertaintyUnknown":false,"observationCount":2,"geographicOutlier":false}},{"type":"Feature","id":"42481918b67035c0","geometry":{"type":"Point","coordinates":[150.619075,-34.190943]},"properties":{"species":"Vombatus ursinus","eventDate":"2024-08-09","basisOfRecord":"HUMAN_OBSERVATION","license":"CC-BY 4.0 (Int)","coordinateUncertaintyM":30.0,"uncertaintyUnknown":false,"observationCount":2,"geographicOutlier":false}},{"type":"Feature","id":"6a70ee9809b42e05","geometry":{"type":"Point","coordinates":[150.661349,-34.021669]},"properties":{"species":"Vombatus ursinus","eventDate":"2024-08-09","basisOfRecord":"HUMAN_OBSERVATION","license":"CC-BY 4.0 (Int)","coordinateUncertaintyM":30.0,"uncertaintyUnknown":false,"observationCount":2,"geographicOutlier":false}},{"type":"Feature","id":"61b858e70526b7f1","geometry":{"type":"Point","coordinates":[150.300677,-34.644606]},"properties":{"species":"Vombatus ursinus","eventDate":"2024-08-08","basisOfRecord":"HUMAN_OBSERVATION","license":"CC-BY 4.0 (Int)","coordinateUncertaintyM":500.0,"uncertaintyUnknown":false,"observationCount":1,"geographicOutlier":false}},{"type":"Feature","id":"748a3bd7a1de6a75","geometry":{"type":"Point","coordinates":[150.196041,-35.072752]},"properties":{"species":"Vombatus ursinus","eventDate":"2024-08-08","basisOfRecord":"HUMAN_OBSERVATION","license":"CC-BY 4.0 (Int)","coordinateUncertaintyM":500.0,"uncertaintyUnknown":false,"observationCount":1,"geographicOutlier":false}},{"type":"Feature","id":"6fcbc6c8dc4a5ffd","geometry":{"type":"Point","coordinates":[148.74991,-37.66334]},"properties":{"species":"Vombatus ursinus","eventDate":"2024-08-07","basisOfRecord":"OCCURRENCE","license":"CC-BY 4.0 (Int)","coordinateUncertaintyM":10.0,"uncertaintyUnknown":false,"observationCount":3,"geographicOutlier":false}},{"type":"Feature","id":"0245fd1d8c375b19","geometry":{"type":"Point","coordinates":[148.83061,-37.61701]},"properties":{"species":"Vombatus ursinus","eventDate":"2024-08-07","basisOfRecord":"OCCURRENCE","license":"CC-BY 4.0 (Int)","coordinateUncertaintyM":10.0,"uncertaintyUnknown":false,"observationCount":1,"geographicOutlier":false}},{"type":"Feature","id":"c30df280e8ada797","geometry":{"type":"Point","coordinates":[148.82776,-37.65031]},"properties":{"species":"Vombatus ursinus","eventDate":"2024-08-07","basisOfRecord":"OCCURRENCE","license":"CC-BY 4.0 (Int)","coordinateUncertaintyM":10.0,"uncertaintyUnknown":false,"observationCount":4,"geographicOutlier":false}},{"type":"Feature","id":"182f8119c0d2abe8","geometry":{"type":"Point","coordinates":[148.37137,-37.6342]},"properties":{"species":"Vombatus ursinus","eventDate":"2024-08-06","basisOfRecord":"OCCURRENCE","license":"CC-BY 4.0 (Int)","coordinateUncertaintyM":10.0,"uncertaintyUnknown":false,"observationCount":3,"geographicOutlier":false}},{"type":"Feature","id":"897134d176521bdd","geometry":{"type":"Point","coordinates":[145.27687,-38.13008]},"properties":{"species":"Vombatus ursinus","eventDate":"2024-08-06","basisOfRecord":"OBSERVATION","license":"CC-BY 4.0 (Int)","coordinateUncertaintyM":10.0,"uncertaintyUnknown":false,"observationCount":2,"geographicOutlier":false}},{"type":"Feature","id":"104e38207872c7ed","geometry":{"type":"Point","coordinates":[150.095281,-36.030077]},"properties":{"species":"Vombatus ursinus","eventDate":"2024-08-06","basisOfRecord":"HUMAN_OBSERVATION","license":"CC-BY 4.0 (Int)","coordinateUncertaintyM":500.0,"uncertaintyUnknown":false,"observationCount":1,"geographicOutlier":false}},{"type":"Feature","id":"7a3c16f1ecb440d5","geometry":{"type":"Point","coordinates":[150.434727,-34.454942]},"properties":{"species":"Vombatus ursinus","eventDate":"2024-08-05","basisOfRecord":"HUMAN_OBSERVATION","license":"CC-BY 4.0 (Int)","coordinateUncertaintyM":500.0,"uncertaintyUnknown":false,"observationCount":1,"geographicOutlier":false}},{"type":"Feature","id":"61f227b6cba31bcc","geometry":{"type":"Point","coordinates":[150.58535,-34.704398]},"properties":{"species":"Vombatus ursinus","eventDate":"2024-08-05","basisOfRecord":"HUMAN_OBSERVATION","license":"CC-BY 4.0 (Int)","coordinateUncertaintyM":500.0,"uncertaintyUnknown":false,"observationCount":1,"geographicOutlier":false}},{"type":"Feature","id":"9a3266c97ce8c014","geometry":{"type":"Point","coordinates":[151.030991,-33.694776]},"properties":{"species":"Vombatus ursinus","eventDate":"2024-08-05","basisOfRecord":"HUMAN_OBSERVATION","license":"CC-BY 4.0 (Int)","coordinateUncertaintyM":30.0,"uncertaintyUnknown":false,"observationCount":1,"geographicOutlier":false}},{"type":"Feature","id":"1c28c0d023717eca","geometry":{"type":"Point","coordinates":[150.608397,-33.8872]},"properties":{"species":"Vombatus ursinus","eventDate":"2024-08-04","basisOfRecord":"HUMAN_OBSERVATION","license":"CC-BY 4.0 (Int)","coordinateUncertaintyM":30.0,"uncertaintyUnknown":false,"observationCount":1,"geographicOutlier":false}},{"type":"Feature","id":"b26e5d003afe0300","geometry":{"type":"Point","coordinates":[150.059881,-33.012591]},"properties":{"species":"Vombatus ursinus","eventDate":"2024-08-04","basisOfRecord":"HUMAN_OBSERVATION","license":"CC-BY 4.0 (Int)","coordinateUncertaintyM":10.0,"uncertaintyUnknown":false,"observationCount":10,"geographicOutlier":false}},{"type":"Feature","id":"5eaa4ecd94daa495","geometry":{"type":"Point","coordinates":[149.562066,-33.409765]},"properties":{"species":"Vombatus ursinus","eventDate":"2024-08-03","basisOfRecord":"HUMAN_OBSERVATION","license":"CC-BY 4.0 (Int)","coordinateUncertaintyM":30.0,"uncertaintyUnknown":false,"observationCount":1,"geographicOutlier":false}},{"type":"Feature","id":"5fa2a6df6ce326e4","geometry":{"type":"Point","coordinates":[150.626177,-33.960616]},"properties":{"species":"Vombatus ursinus","eventDate":"2024-08-03","basisOfRecord":"HUMAN_OBSERVATION","license":"CC-BY 4.0 (Int)","coordinateUncertaintyM":30.0,"uncertaintyUnknown":false,"observationCount":2,"geographicOutlier":false}},{"type":"Feature","id":"38a1a4c11c071f9f","geometry":{"type":"Point","coordinates":[148.616335,-32.269196]},"properties":{"species":"Vombatus ursinus","eventDate":"2024-08-02","basisOfRecord":"HUMAN_OBSERVATION","license":"CC-BY 4.0 (Int)","coordinateUncertaintyM":30.0,"uncertaintyUnknown":false,"observationCount":2,"geographicOutlier":false}},{"type":"Feature","id":"731606074f251ed6","geometry":{"type":"Point","coordinates":[149.499263,-37.273193]},"properties":{"species":"Vombatus ursinus","eventDate":"2024-08-02","basisOfRecord":"HUMAN_OBSERVATION","license":"CC-BY 4.0 (Int)","coordinateUncertaintyM":10.0,"uncertaintyUnknown":false,"observationCount":1,"geographicOutlier":false}},{"type":"Feature","id":"44c417eef180f4c8","geometry":{"type":"Point","coordinates":[148.864161,-36.427965]},"properties":{"species":"Vombatus ursinus","eventDate":"2024-08-01","basisOfRecord":"HUMAN_OBSERVATION","license":"CC-BY 4.0 (Int)","coordinateUncertaintyM":10.0,"uncertaintyUnknown":false,"observationCount":1,"geographicOutlier":false}},{"type":"Feature","id":"d5fda72b92c07500","geometry":{"type":"Point","coordinates":[149.678127,-37.23053]},"properties":{"species":"Vombatus ursinus","eventDate":"2024-08-01","basisOfRecord":"HUMAN_OBSERVATION","license":"CC-BY 4.0 (Int)","coordinateUncertaintyM":10.0,"uncertaintyUnknown":false,"observationCount":1,"geographicOutlier":false}},{"type":"Feature","id":"0de3efbde595c335","geometry":{"type":"Point","coordinates":[151.193011,-33.414371]},"properties":{"species":"Vombatus ursinus","eventDate":"2024-08-01","basisOfRecord":"HUMAN_OBSERVATION","license":"CC-BY 4.0 (Int)","coordinateUncertaintyM":500.0,"uncertaintyUnknown":false,"observationCount":1,"geographicOutlier":false}},{"type":"Feature","id":"a27c1bc5ec9b068a","geometry":{"type":"Point","coordinates":[151.387554,-33.176087]},"properties":{"species":"Vombatus ursinus","eventDate":"2024-07-31","basisOfRecord":"HUMAN_OBSERVATION","license":"CC-BY 4.0 (Int)","coordinateUncertaintyM":500.0,"uncertaintyUnknown":false,"observationCount":1,"geographicOutlier":false}},{"type":"Feature","id":"9337aa4bcc0a0b0d","geometry":{"type":"Point","coordinates":[150.706797,-34.547589]},"properties":{"species":"Vombatus ursinus","eventDate":"2024-07-31","basisOfRecord":"HUMAN_OBSERVATION","license":"CC-BY 4.0 (Int)","coordinateUncertaintyM":30.0,"uncertaintyUnknown":false,"observationCount":1,"geographicOutlier":false}},{"type":"Feature","id":"673ce3bdf510b03d","geometry":{"type":"Point","coordinates":[149.671771,-32.652077]},"properties":{"species":"Vombatus ursinus","eventDate":"2024-07-30","basisOfRecord":"HUMAN_OBSERVATION","license":"CC-BY 4.0 (Int)","coordinateUncertaintyM":500.0,"uncertaintyUnknown":false,"observationCount":1,"geographicOutlier":false}},{"type":"Feature","id":"6897b95300e65ea5","geometry":{"type":"Point","coordinates":[150.524014,-34.605852]},"properties":{"species":"Vombatus ursinus","eventDate":"2024-07-30","basisOfRecord":"HUMAN_OBSERVATION","license":"CC-BY 4.0 (Int)","coordinateUncertaintyM":30.0,"uncertaintyUnknown":false,"observationCount":1,"geographicOutlier":false}},{"type":"Feature","id":"da29ffe9ce2b67e4","geometry":{"type":"Point","coordinates":[145.27197,-38.13216]},"properties":{"species":"Vombatus ursinus","eventDate":"2024-07-29","basisOfRecord":"OBSERVATION","license":"CC-BY 4.0 (Int)","coordinateUncertaintyM":10.0,"uncertaintyUnknown":false,"observationCount":2,"geographicOutlier":false}},{"type":"Feature","id":"b7dfb6184a6d9930","geometry":{"type":"Point","coordinates":[145.27106,-38.13384]},"properties":{"species":"Vombatus ursinus","eventDate":"2024-07-29","basisOfRecord":"OBSERVATION","license":"CC-BY 4.0 (Int)","coordinateUncertaintyM":10.0,"uncertaintyUnknown":false,"observationCount":2,"geographicOutlier":false}},{"type":"Feature","id":"9a6ba8e21186dcd9","geometry":{"type":"Point","coordinates":[139.825245,-36.5392]},"properties":{"species":"Vombatus ursinus","eventDate":"2024-07-28","basisOfRecord":"HUMAN_OBSERVATION","license":"CC-BY 4.0 (Int)","coordinateUncertaintyM":null,"uncertaintyUnknown":true,"observationCount":1,"geographicOutlier":true}},{"type":"Feature","id":"ad068f427625e5d6","geometry":{"type":"Point","coordinates":[149.862865,-33.7647]},"properties":{"species":"Vombatus ursinus","eventDate":"2024-07-27","basisOfRecord":"HUMAN_OBSERVATION","license":"CC-BY 4.0 (Int)","coordinateUncertaintyM":30.0,"uncertaintyUnknown":false,"observationCount":1,"geographicOutlier":false}},{"type":"Feature","id":"637d4a79b5659d1f","geometry":{"type":"Point","coordinates":[149.756767,-36.616612]},"properties":{"species":"Vombatus ursinus","eventDate":"2024-07-26","basisOfRecord":"HUMAN_OBSERVATION","license":"CC-BY 4.0 (Int)","coordinateUncertaintyM":30.0,"uncertaintyUnknown":false,"observationCount":1,"geographicOutlier":false}},{"type":"Feature","id":"ab5f1aef1222df8c","geometry":{"type":"Point","coordinates":[149.79489,-36.128492]},"properties":{"species":"Vombatus ursinus","eventDate":"2024-07-26","basisOfRecord":"HUMAN_OBSERVATION","license":"CC-BY 4.0 (Int)","coordinateUncertaintyM":30.0,"uncertaintyUnknown":false,"observationCount":1,"geographicOutlier":false}},{"type":"Feature","id":"6a822daf35f16d66","geometry":{"type":"Point","coordinates":[150.067128,-35.835882]},"properties":{"species":"Vombatus ursinus","eventDate":"2024-07-25","basisOfRecord":"HUMAN_OBSERVATION","license":"CC-BY 4.0 (Int)","coordinateUncertaintyM":10.0,"uncertaintyUnknown":false,"observationCount":1,"geographicOutlier":false}},{"type":"Feature","id":"4a1e225fd59072e4","geometry":{"type":"Point","coordinates":[150.610572,-34.788246]},"properties":{"species":"Vombatus ursinus","eventDate":"2024-07-24","basisOfRecord":"HUMAN_OBSERVATION","license":"CC-BY 4.0 (Int)","coordinateUncertaintyM":30.0,"uncertaintyUnknown":false,"observationCount":1,"geographicOutlier":false}},{"type":"Feature","id":"5cedb3523d94e5ca","geometry":{"type":"Point","coordinates":[149.205376,-35.448838]},"properties":{"species":"Vombatus ursinus","eventDate":"2024-07-24","basisOfRecord":"HUMAN_OBSERVATION","license":"CC-BY 4.0 (Int)","coordinateUncertaintyM":30.0,"uncertaintyUnknown":false,"observationCount":1,"geographicOutlier":false}},{"type":"Feature","id":"f078aa3b8fcc046c","geometry":{"type":"Point","coordinates":[150.629374,-33.866268]},"properties":{"species":"Vombatus ursinus","eventDate":"2024-07-23","basisOfRecord":"HUMAN_OBSERVATION","license":"CC-BY 4.0 (Int)","coordinateUncertaintyM":30.0,"uncertaintyUnknown":false,"observationCount":1,"geographicOutlier":false}},{"type":"Feature","id":"e9b06d692a4af424","geometry":{"type":"Point","coordinates":[148.692612,-36.366051]},"properties":{"species":"Vombatus ursinus","eventDate":"2024-07-23","basisOfRecord":"HUMAN_OBSERVATION","license":"CC-BY 4.0 (Int)","coordinateUncertaintyM":10.0,"uncertaintyUnknown":false,"observationCount":1,"geographicOutlier":false}},{"type":"Feature","id":"e3eb5028b236e771","geometry":{"type":"Point","coordinates":[150.18456,-33.465718]},"properties":{"species":"Vombatus ursinus","eventDate":"2024-07-22","basisOfRecord":"HUMAN_OBSERVATION","license":"CC-BY 4.0 (Int)","coordinateUncertaintyM":30.0,"uncertaintyUnknown":false,"observationCount":1,"geographicOutlier":false}},{"type":"Feature","id":"23966ef97a578476","geometry":{"type":"Point","coordinates":[150.15925,-33.02941]},"properties":{"species":"Vombatus ursinus","eventDate":"2024-07-22","basisOfRecord":"HUMAN_OBSERVATION","license":"CC-BY 4.0 (Int)","coordinateUncertaintyM":10.0,"uncertaintyUnknown":false,"observationCount":1,"geographicOutlier":false}},{"type":"Feature","id":"c3c8cfcc2e2dbd91","geometry":{"type":"Point","coordinates":[149.781123,-33.516316]},"properties":{"species":"Vombatus ursinus","eventDate":"2024-07-21","basisOfRecord":"HUMAN_OBSERVATION","license":"CC-BY 4.0 (Int)","coordinateUncertaintyM":30.0,"uncertaintyUnknown":false,"observationCount":1,"geographicOutlier":false}},{"type":"Feature","id":"06c66ca1e2f55452","geometry":{"type":"Point","coordinates":[147.269879,-35.412723]},"properties":{"species":"Vombatus ursinus","eventDate":"2024-07-19","basisOfRecord":"HUMAN_OBSERVATION","license":"CC-BY 4.0 (Int)","coordinateUncertaintyM":500.0,"uncertaintyUnknown":false,"observationCount":1,"geographicOutlier":false}},{"type":"Feature","id":"2a824fe12fb6f63b","geometry":{"type":"Point","coordinates":[149.171674,-35.106245]},"properties":{"species":"Vombatus ursinus","eventDate":"2024-07-18","basisOfRecord":"HUMAN_OBSERVATION","license":"CC-BY 4.0 (Int)","coordinateUncertaintyM":500.0,"uncertaintyUnknown":false,"observationCount":1,"geographicOutlier":false}},{"type":"Feature","id":"b74789bc7a6da468","geometry":{"type":"Point","coordinates":[149.916909,-33.643621]},"properties":{"species":"Vombatus ursinus","eventDate":"2024-07-17","basisOfRecord":"HUMAN_OBSERVATION","license":"CC-BY 4.0 (Int)","coordinateUncertaintyM":500.0,"uncertaintyUnknown":false,"observationCount":1,"geographicOutlier":false}},{"type":"Feature","id":"729ed273d71a85ef","geometry":{"type":"Point","coordinates":[148.60979,-36.450187]},"properties":{"species":"Vombatus ursinus","eventDate":"2024-07-17","basisOfRecord":"HUMAN_OBSERVATION","license":"CC-BY 4.0 (Int)","coordinateUncertaintyM":10.0,"uncertaintyUnknown":false,"observationCount":1,"geographicOutlier":false}},{"type":"Feature","id":"4235e6ece6ddc059","geometry":{"type":"Point","coordinates":[150.671399,-34.597751]},"properties":{"species":"Vombatus ursinus","eventDate":"2024-07-16","basisOfRecord":"HUMAN_OBSERVATION","license":"CC-BY 4.0 (Int)","coordinateUncertaintyM":500.0,"uncertaintyUnknown":false,"observationCount":1,"geographicOutlier":false}},{"type":"Feature","id":"7212aad8feba8700","geometry":{"type":"Point","coordinates":[150.851966,-34.650004]},"properties":{"species":"Vombatus ursinus","eventDate":"2024-07-15","basisOfRecord":"HUMAN_OBSERVATION","license":"CC-BY 4.0 (Int)","coordinateUncertaintyM":500.0,"uncertaintyUnknown":false,"observationCount":3,"geographicOutlier":false}},{"type":"Feature","id":"ad481aa7e875f222","geometry":{"type":"Point","coordinates":[149.956862,-33.712601]},"properties":{"species":"Vombatus ursinus","eventDate":"2024-07-14","basisOfRecord":"HUMAN_OBSERVATION","license":"CC-BY 4.0 (Int)","coordinateUncertaintyM":500.0,"uncertaintyUnknown":false,"observationCount":2,"geographicOutlier":false}},{"type":"Feature","id":"316d37e9c87766fa","geometry":{"type":"Point","coordinates":[149.84056,-36.716345]},"properties":{"species":"Vombatus ursinus","eventDate":"2024-07-14","basisOfRecord":"HUMAN_OBSERVATION","license":"CC-BY 4.0 (Int)","coordinateUncertaintyM":500.0,"uncertaintyUnknown":false,"observationCount":1,"geographicOutlier":false}},{"type":"Feature","id":"f95c9760a0d4f182","geometry":{"type":"Point","coordinates":[149.172395,-35.097496]},"properties":{"species":"Vombatus ursinus","eventDate":"2024-07-13","basisOfRecord":"HUMAN_OBSERVATION","license":"CC-BY 4.0 (Int)","coordinateUncertaintyM":30.0,"uncertaintyUnknown":false,"observationCount":1,"geographicOutlier":false}},{"type":"Feature","id":"ff60bfdc248922a2","geometry":{"type":"Point","coordinates":[149.337361,-37.100342]},"properties":{"species":"Vombatus ursinus","eventDate":"2024-07-12","basisOfRecord":"HUMAN_OBSERVATION","license":"CC-BY 4.0 (Int)","coordinateUncertaintyM":10.0,"uncertaintyUnknown":false,"observationCount":1,"geographicOutlier":false}},{"type":"Feature","id":"c0d7d29d9817efb1","geometry":{"type":"Point","coordinates":[149.329747,-37.071067]},"properties":{"species":"Vombatus ursinus","eventDate":"2024-07-12","basisOfRecord":"HUMAN_OBSERVATION","license":"CC-BY 4.0 (Int)","coordinateUncertaintyM":10.0,"uncertaintyUnknown":false,"observationCount":1,"geographicOutlier":false}},{"type":"Feature","id":"bae8e7035f5c03f9","geometry":{"type":"Point","coordinates":[150.798996,-34.564422]},"properties":{"species":"Vombatus ursinus","eventDate":"2024-07-12","basisOfRecord":"HUMAN_OBSERVATION","license":"CC-BY 4.0 (Int)","coordinateUncertaintyM":500.0,"uncertaintyUnknown":false,"observationCount":1,"geographicOutlier":false}},{"type":"Feature","id":"0cd7c811b9c3eb53","geometry":{"type":"Point","coordinates":[150.41907,-34.499786]},"properties":{"species":"Vombatus ursinus","eventDate":"2024-07-11","basisOfRecord":"HUMAN_OBSERVATION","license":"CC-BY 4.0 (Int)","coordinateUncertaintyM":30.0,"uncertaintyUnknown":false,"observationCount":1,"geographicOutlier":false}},{"type":"Feature","id":"1223f370e08c8dc3","geometry":{"type":"Point","coordinates":[151.056748,-34.031304]},"properties":{"species":"Vombatus ursinus","eventDate":"2024-07-11","basisOfRecord":"HUMAN_OBSERVATION","license":"CC-BY 4.0 (Int)","coordinateUncertaintyM":1066.0,"uncertaintyUnknown":false,"observationCount":1,"geographicOutlier":false}},{"type":"Feature","id":"16c4c83839fa1b07","geometry":{"type":"Point","coordinates":[149.119824,-36.239822]},"properties":{"species":"Vombatus ursinus","eventDate":"2024-07-11","basisOfRecord":"HUMAN_OBSERVATION","license":"CC-BY 4.0 (Int)","coordinateUncertaintyM":10.0,"uncertaintyUnknown":false,"observationCount":1,"geographicOutlier":false}},{"type":"Feature","id":"67435136dd1f1c78","geometry":{"type":"Point","coordinates":[150.528557,-34.148513]},"properties":{"species":"Vombatus ursinus","eventDate":"2024-07-10","basisOfRecord":"HUMAN_OBSERVATION","license":"CC-BY 4.0 (Int)","coordinateUncertaintyM":30.0,"uncertaintyUnknown":false,"observationCount":1,"geographicOutlier":false}},{"type":"Feature","id":"659a8e956164647a","geometry":{"type":"Point","coordinates":[150.236939,-35.554254]},"properties":{"species":"Vombatus ursinus","eventDate":"2024-07-09","basisOfRecord":"HUMAN_OBSERVATION","license":"CC-BY 4.0 (Int)","coordinateUncertaintyM":30.0,"uncertaintyUnknown":false,"observationCount":1,"geographicOutlier":false}},{"type":"Feature","id":"c390b81196529002","geometry":{"type":"Point","coordinates":[150.599504,-34.09516]},"properties":{"species":"Vombatus ursinus","eventDate":"2024-07-09","basisOfRecord":"HUMAN_OBSERVATION","license":"CC-BY 4.0 (Int)","coordinateUncertaintyM":30.0,"uncertaintyUnknown":false,"observationCount":1,"geographicOutlier":false}},{"type":"Feature","id":"fcf88e77d90c6036","geometry":{"type":"Point","coordinates":[149.739646,-34.57395]},"properties":{"species":"Vombatus ursinus","eventDate":"2024-07-08","basisOfRecord":"HUMAN_OBSERVATION","license":"CC-BY 4.0 (Int)","coordinateUncertaintyM":30.0,"uncertaintyUnknown":false,"observationCount":1,"geographicOutlier":false}},{"type":"Feature","id":"a73d7160ad6a486a","geometry":{"type":"Point","coordinates":[150.694703,-34.549092]},"properties":{"species":"Vombatus ursinus","eventDate":"2024-07-08","basisOfRecord":"HUMAN_OBSERVATION","license":"CC-BY 4.0 (Int)","coordinateUncertaintyM":30.0,"uncertaintyUnknown":false,"observationCount":1,"geographicOutlier":false}},{"type":"Feature","id":"7eff5e4f99724d47","geometry":{"type":"Point","coordinates":[150.070109,-36.450043]},"properties":{"species":"Vombatus ursinus","eventDate":"2024-07-07","basisOfRecord":"HUMAN_OBSERVATION","license":"CC-BY 4.0 (Int)","coordinateUncertaintyM":500.0,"uncertaintyUnknown":false,"observationCount":1,"geographicOutlier":false}},{"type":"Feature","id":"445fa21628a425c8","geometry":{"type":"Point","coordinates":[149.350438,-35.927042]},"properties":{"species":"Vombatus ursinus","eventDate":"2024-07-06","basisOfRecord":"HUMAN_OBSERVATION","license":"CC-BY 4.0 (Int)","coordinateUncertaintyM":10.0,"uncertaintyUnknown":false,"observationCount":1,"geographicOutlier":false}},{"type":"Feature","id":"8ad1c7db97e9f94d","geometry":{"type":"Point","coordinates":[150.682568,-34.154362]},"properties":{"species":"Vombatus ursinus","eventDate":"2024-07-05","basisOfRecord":"HUMAN_OBSERVATION","license":"CC-BY 4.0 (Int)","coordinateUncertaintyM":30.0,"uncertaintyUnknown":false,"observationCount":2,"geographicOutlier":false}},{"type":"Feature","id":"04c47bce51c23d6c","geometry":{"type":"Point","coordinates":[150.325483,-34.460464]},"properties":{"species":"Vombatus ursinus","eventDate":"2024-07-03","basisOfRecord":"HUMAN_OBSERVATION","license":"CC-BY 4.0 (Int)","coordinateUncertaintyM":500.0,"uncertaintyUnknown":false,"observationCount":2,"geographicOutlier":false}},{"type":"Feature","id":"186de4c5a2878f8c","geometry":{"type":"Point","coordinates":[149.720311,-34.749115]},"properties":{"species":"Vombatus ursinus","eventDate":"2024-07-03","basisOfRecord":"HUMAN_OBSERVATION","license":"CC-BY 4.0 (Int)","coordinateUncertaintyM":30.0,"uncertaintyUnknown":false,"observationCount":1,"geographicOutlier":false}},{"type":"Feature","id":"0414570c9eb462fc","geometry":{"type":"Point","coordinates":[150.034634,-32.320873]},"properties":{"species":"Vombatus ursinus","eventDate":"2024-07-02","basisOfRecord":"HUMAN_OBSERVATION","license":"CC-BY 4.0 (Int)","coordinateUncertaintyM":100.0,"uncertaintyUnknown":false,"observationCount":1,"geographicOutlier":false}},{"type":"Feature","id":"6a35ad1a62fd4187","geometry":{"type":"Point","coordinates":[148.821556,-36.044345]},"properties":{"species":"Vombatus ursinus","eventDate":"2024-07-01","basisOfRecord":"HUMAN_OBSERVATION","license":"CC-BY 4.0 (Int)","coordinateUncertaintyM":10.0,"uncertaintyUnknown":false,"observationCount":1,"geographicOutlier":false}},{"type":"Feature","id":"60f3c57940ec35fd","geometry":{"type":"Point","coordinates":[146.486408,-35.527557]},"properties":{"species":"Vombatus ursinus","eventDate":"2024-07-01","basisOfRecord":"HUMAN_OBSERVATION","license":"CC-BY 4.0 (Int)","coordinateUncertaintyM":30.0,"uncertaintyUnknown":false,"observationCount":1,"geographicOutlier":false}},{"type":"Feature","id":"1c8bed427d619d58","geometry":{"type":"Point","coordinates":[151.128372,-32.927919]},"properties":{"species":"Vombatus ursinus","eventDate":"2024-06-30","basisOfRecord":"HUMAN_OBSERVATION","license":"CC-BY 4.0 (Int)","coordinateUncertaintyM":500.0,"uncertaintyUnknown":false,"observationCount":1,"geographicOutlier":false}},{"type":"Feature","id":"763ec8c5c71ce7b9","geometry":{"type":"Point","coordinates":[150.568891,-34.801853]},"properties":{"species":"Vombatus ursinus","eventDate":"2024-06-30","basisOfRecord":"HUMAN_OBSERVATION","license":"CC-BY 4.0 (Int)","coordinateUncertaintyM":30.0,"uncertaintyUnknown":false,"observationCount":1,"geographicOutlier":false}},{"type":"Feature","id":"628184cd48bc7211","geometry":{"type":"Point","coordinates":[151.117576,-33.026841]},"properties":{"species":"Vombatus ursinus","eventDate":"2024-06-28","basisOfRecord":"HUMAN_OBSERVATION","license":"CC-BY 4.0 (Int)","coordinateUncertaintyM":500.0,"uncertaintyUnknown":false,"observationCount":1,"geographicOutlier":false}},{"type":"Feature","id":"e27b5ff94c08e4ba","geometry":{"type":"Point","coordinates":[148.640962,-34.812298]},"properties":{"species":"Vombatus ursinus","eventDate":"2024-06-27","basisOfRecord":"HUMAN_OBSERVATION","license":"CC-BY 4.0 (Int)","coordinateUncertaintyM":500.0,"uncertaintyUnknown":false,"observationCount":2,"geographicOutlier":false}},{"type":"Feature","id":"de4f4b67fc36583e","geometry":{"type":"Point","coordinates":[149.944922,-32.460568]},"properties":{"species":"Vombatus ursinus","eventDate":"2024-06-27","basisOfRecord":"HUMAN_OBSERVATION","license":"CC-BY 4.0 (Int)","coordinateUncertaintyM":100.0,"uncertaintyUnknown":false,"observationCount":1,"geographicOutlier":false}},{"type":"Feature","id":"35dff622ff4f6a97","geometry":{"type":"Point","coordinates":[150.528376,-34.04451]},"properties":{"species":"Vombatus ursinus","eventDate":"2024-06-26","basisOfRecord":"HUMAN_OBSERVATION","license":"CC-BY 4.0 (Int)","coordinateUncertaintyM":30.0,"uncertaintyUnknown":false,"observationCount":1,"geographicOutlier":false}},{"type":"Feature","id":"4e7a48eff6e9a615","geometry":{"type":"Point","coordinates":[150.487432,-34.355682]},"properties":{"species":"Vombatus ursinus","eventDate":"2024-06-26","basisOfRecord":"HUMAN_OBSERVATION","license":"CC-BY 4.0 (Int)","coordinateUncertaintyM":30.0,"uncertaintyUnknown":false,"observationCount":1,"geographicOutlier":false}},{"type":"Feature","id":"8d8f70b26517b40c","geometry":{"type":"Point","coordinates":[145.58281,-38.34301]},"properties":{"species":"Vombatus ursinus","eventDate":"2024-06-26","basisOfRecord":"OBSERVATION","license":"CC-BY 4.0 (Int)","coordinateUncertaintyM":10.0,"uncertaintyUnknown":false,"observationCount":1,"geographicOutlier":false}},{"type":"Feature","id":"612390b3a80927dc","geometry":{"type":"Point","coordinates":[151.375833,-33.236024]},"properties":{"species":"Vombatus ursinus","eventDate":"2024-06-25","basisOfRecord":"HUMAN_OBSERVATION","license":"CC-BY 4.0 (Int)","coordinateUncertaintyM":30.0,"uncertaintyUnknown":false,"observationCount":1,"geographicOutlier":false}},{"type":"Feature","id":"088c47f041ba3924","geometry":{"type":"Point","coordinates":[150.185031,-34.656083]},"properties":{"species":"Vombatus ursinus","eventDate":"2024-06-24","basisOfRecord":"HUMAN_OBSERVATION","license":"CC-BY 4.0 (Int)","coordinateUncertaintyM":500.0,"uncertaintyUnknown":false,"observationCount":1,"geographicOutlier":false}},{"type":"Feature","id":"fb4bc7bde574b03b","geometry":{"type":"Point","coordinates":[150.543273,-34.739896]},"properties":{"species":"Vombatus ursinus","eventDate":"2024-06-23","basisOfRecord":"HUMAN_OBSERVATION","license":"CC-BY 4.0 (Int)","coordinateUncertaintyM":500.0,"uncertaintyUnknown":false,"observationCount":20,"geographicOutlier":false}},{"type":"Feature","id":"2a6001ec60095612","geometry":{"type":"Point","coordinates":[150.441388,-34.448665]},"properties":{"species":"Vombatus ursinus","eventDate":"2024-06-21","basisOfRecord":"HUMAN_OBSERVATION","license":"CC-BY 4.0 (Int)","coordinateUncertaintyM":500.0,"uncertaintyUnknown":false,"observationCount":3,"geographicOutlier":false}},{"type":"Feature","id":"52d6d8ea4bb7108e","geometry":{"type":"Point","coordinates":[150.585349,-34.704398]},"properties":{"species":"Vombatus ursinus","eventDate":"2024-06-21","basisOfRecord":"HUMAN_OBSERVATION","license":"CC-BY 4.0 (Int)","coordinateUncertaintyM":500.0,"uncertaintyUnknown":false,"observationCount":1,"geographicOutlier":false}},{"type":"Feature","id":"7cfbb6a6ae2e70f7","geometry":{"type":"Point","coordinates":[149.543489,-37.307991]},"properties":{"species":"Vombatus ursinus","eventDate":"2024-06-20","basisOfRecord":"HUMAN_OBSERVATION","license":"CC-BY 4.0 (Int)","coordinateUncertaintyM":10.0,"uncertaintyUnknown":false,"observationCount":1,"geographicOutlier":false}},{"type":"Feature","id":"00ea7a4ace4f0c7a","geometry":{"type":"Point","coordinates":[150.210573,-33.684657]},"properties":{"species":"Vombatus ursinus","eventDate":"2024-06-18","basisOfRecord":"HUMAN_OBSERVATION","license":"CC-BY 4.0 (Int)","coordinateUncertaintyM":30.0,"uncertaintyUnknown":false,"observationCount":1,"geographicOutlier":false}},{"type":"Feature","id":"557576e127764511","geometry":{"type":"Point","coordinates":[147.349048,-35.107803]},"properties":{"species":"Vombatus ursinus","eventDate":"2024-06-17","basisOfRecord":"HUMAN_OBSERVATION","license":"CC-BY 4.0 (Int)","coordinateUncertaintyM":500.0,"uncertaintyUnknown":false,"observationCount":1,"geographicOutlier":false}},{"type":"Feature","id":"e6bdf6169954b3f3","geometry":{"type":"Point","coordinates":[149.898229,-36.82522]},"properties":{"species":"Vombatus ursinus","eventDate":"2024-06-15","basisOfRecord":"HUMAN_OBSERVATION","license":"CC-BY 4.0 (Int)","coordinateUncertaintyM":30.0,"uncertaintyUnknown":false,"observationCount":1,"geographicOutlier":false}},{"type":"Feature","id":"0c4f88b2e106e40b","geometry":{"type":"Point","coordinates":[149.713392,-31.828682]},"properties":{"species":"Vombatus ursinus","eventDate":"2024-06-14","basisOfRecord":"HUMAN_OBSERVATION","license":"CC-BY 4.0 (Int)","coordinateUncertaintyM":30.0,"uncertaintyUnknown":false,"observationCount":1,"geographicOutlier":false}},{"type":"Feature","id":"3882f96d74c118b7","geometry":{"type":"Point","coordinates":[149.658846,-32.625962]},"properties":{"species":"Vombatus ursinus","eventDate":"2024-06-14","basisOfRecord":"HUMAN_OBSERVATION","license":"CC-BY 4.0 (Int)","coordinateUncertaintyM":30.0,"uncertaintyUnknown":false,"observationCount":1,"geographicOutlier":false}},{"type":"Feature","id":"208d415a489f774e","geometry":{"type":"Point","coordinates":[150.978783,-33.521643]},"properties":{"species":"Vombatus ursinus","eventDate":"2024-06-13","basisOfRecord":"HUMAN_OBSERVATION","license":"CC-BY 4.0 (Int)","coordinateUncertaintyM":100.0,"uncertaintyUnknown":false,"observationCount":1,"geographicOutlier":false}},{"type":"Feature","id":"929feb92f2e07fa0","geometry":{"type":"Point","coordinates":[150.509779,-34.839096]},"properties":{"species":"Vombatus ursinus","eventDate":"2024-06-12","basisOfRecord":"HUMAN_OBSERVATION","license":"CC-BY 4.0 (Int)","coordinateUncertaintyM":30.0,"uncertaintyUnknown":false,"observationCount":1,"geographicOutlier":false}},{"type":"Feature","id":"4a6a1c86385f3e2b","geometry":{"type":"Point","coordinates":[150.153993,-34.580035]},"properties":{"species":"Vombatus ursinus","eventDate":"2024-06-10","basisOfRecord":"HUMAN_OBSERVATION","license":"CC-BY 4.0 (Int)","coordinateUncertaintyM":30.0,"uncertaintyUnknown":false,"observationCount":1,"geographicOutlier":false}},{"type":"Feature","id":"78b48ec3d75531cb","geometry":{"type":"Point","coordinates":[150.379159,-33.742238]},"properties":{"species":"Vombatus ursinus","eventDate":"2024-06-09","basisOfRecord":"HUMAN_OBSERVATION","license":"CC-BY 4.0 (Int)","coordinateUncertaintyM":500.0,"uncertaintyUnknown":false,"observationCount":1,"geographicOutlier":false}},{"type":"Feature","id":"e684d3353819f9db","geometry":{"type":"Point","coordinates":[149.637623,-35.075628]},"properties":{"species":"Vombatus ursinus","eventDate":"2024-06-08","basisOfRecord":"HUMAN_OBSERVATION","license":"CC-BY 4.0 (Int)","coordinateUncertaintyM":30.0,"uncertaintyUnknown":false,"observationCount":1,"geographicOutlier":false}},{"type":"Feature","id":"0f6801c5372a3c86","geometry":{"type":"Point","coordinates":[149.718888,-36.749388]},"properties":{"species":"Vombatus ursinus","eventDate":"2024-06-08","basisOfRecord":"HUMAN_OBSERVATION","license":"CC-BY 4.0 (Int)","coordinateUncertaintyM":500.0,"uncertaintyUnknown":false,"observationCount":1,"geographicOutlier":false}},{"type":"Feature","id":"1109625e8754dd04","geometry":{"type":"Point","coordinates":[150.617118,-34.003114]},"properties":{"species":"Vombatus ursinus","eventDate":"2024-06-06","basisOfRecord":"HUMAN_OBSERVATION","license":"CC-BY 4.0 (Int)","coordinateUncertaintyM":30.0,"uncertaintyUnknown":false,"observationCount":1,"geographicOutlier":false}},{"type":"Feature","id":"6eb75dcd6bce72b1","geometry":{"type":"Point","coordinates":[149.857939,-37.156314]},"properties":{"species":"Vombatus ursinus","eventDate":"2024-06-05","basisOfRecord":"HUMAN_OBSERVATION","license":"CC-BY 4.0 (Int)","coordinateUncertaintyM":500.0,"uncertaintyUnknown":false,"observationCount":1,"geographicOutlier":false}},{"type":"Feature","id":"942c6ffb1281b5cc","geometry":{"type":"Point","coordinates":[148.68947,-37.44091]},"properties":{"species":"Vombatus ursinus","eventDate":"2024-06-05","basisOfRecord":"OCCURRENCE","license":"CC-BY 4.0 (Int)","coordinateUncertaintyM":10.0,"uncertaintyUnknown":false,"observationCount":8,"geographicOutlier":false}},{"type":"Feature","id":"1d16a85cc604a0b3","geometry":{"type":"Point","coordinates":[151.382627,-33.172028]},"properties":{"species":"Vombatus ursinus","eventDate":"2024-06-05","basisOfRecord":"HUMAN_OBSERVATION","license":"CC-BY 4.0 (Int)","coordinateUncertaintyM":30.0,"uncertaintyUnknown":false,"observationCount":1,"geographicOutlier":false}},{"type":"Feature","id":"745eba28067b16e7","geometry":{"type":"Point","coordinates":[150.221916,-33.578464]},"properties":{"species":"Vombatus ursinus","eventDate":"2024-06-05","basisOfRecord":"HUMAN_OBSERVATION","license":"CC-BY 4.0 (Int)","coordinateUncertaintyM":30.0,"uncertaintyUnknown":false,"observationCount":1,"geographicOutlier":false}},{"type":"Feature","id":"78e29620ce5fb3e3","geometry":{"type":"Point","coordinates":[149.41802,-37.71245]},"properties":{"species":"Vombatus ursinus","eventDate":"2024-06-04","basisOfRecord":"OCCURRENCE","license":"CC-BY 4.0 (Int)","coordinateUncertaintyM":10.0,"uncertaintyUnknown":false,"observationCount":7,"geographicOutlier":false}},{"type":"Feature","id":"73b3fb94949cd3c4","geometry":{"type":"Point","coordinates":[149.06039,-37.69113]},"properties":{"species":"Vombatus ursinus","eventDate":"2024-06-04","basisOfRecord":"OCCURRENCE","license":"CC-BY 4.0 (Int)","coordinateUncertaintyM":10.0,"uncertaintyUnknown":false,"observationCount":2,"geographicOutlier":false}},{"type":"Feature","id":"a90e3d9812dc0674","geometry":{"type":"Point","coordinates":[148.97811,-37.72195]},"properties":{"species":"Vombatus ursinus","eventDate":"2024-06-04","basisOfRecord":"OCCURRENCE","license":"CC-BY 4.0 (Int)","coordinateUncertaintyM":10.0,"uncertaintyUnknown":false,"observationCount":3,"geographicOutlier":false}},{"type":"Feature","id":"40b18f80683f549b","geometry":{"type":"Point","coordinates":[149.57181,-37.5483]},"properties":{"species":"Vombatus ursinus","eventDate":"2024-06-04","basisOfRecord":"OCCURRENCE","license":"CC-BY 4.0 (Int)","coordinateUncertaintyM":10.0,"uncertaintyUnknown":false,"observationCount":3,"geographicOutlier":false}},{"type":"Feature","id":"9b23b322990b1217","geometry":{"type":"Point","coordinates":[149.477194,-35.251602]},"properties":{"species":"Vombatus ursinus","eventDate":"2024-06-03","basisOfRecord":"HUMAN_OBSERVATION","license":"CC-BY 4.0 (Int)","coordinateUncertaintyM":500.0,"uncertaintyUnknown":false,"observationCount":6,"geographicOutlier":false}},{"type":"Feature","id":"186e6a647bf5d176","geometry":{"type":"Point","coordinates":[150.429416,-34.4994]},"properties":{"species":"Vombatus ursinus","eventDate":"2024-06-02","basisOfRecord":"HUMAN_OBSERVATION","license":"CC-BY 4.0 (Int)","coordinateUncertaintyM":500.0,"uncertaintyUnknown":false,"observationCount":1,"geographicOutlier":false}},{"type":"Feature","id":"92ec0b98575ceadf","geometry":{"type":"Point","coordinates":[150.219292,-33.682448]},"properties":{"species":"Vombatus ursinus","eventDate":"2024-06-01","basisOfRecord":"HUMAN_OBSERVATION","license":"CC-BY 4.0 (Int)","coordinateUncertaintyM":30.0,"uncertaintyUnknown":false,"observationCount":1,"geographicOutlier":false}},{"type":"Feature","id":"e6df638f3e558ea1","geometry":{"type":"Point","coordinates":[148.84941,-37.08028]},"properties":{"species":"Vombatus ursinus","eventDate":"2024-05-31","basisOfRecord":"OCCURRENCE","license":"CC-BY 4.0 (Int)","coordinateUncertaintyM":10.0,"uncertaintyUnknown":false,"observationCount":6,"geographicOutlier":false}},{"type":"Feature","id":"5011ea4796615802","geometry":{"type":"Point","coordinates":[148.89812,-37.26543]},"properties":{"species":"Vombatus ursinus","eventDate":"2024-05-31","basisOfRecord":"OCCURRENCE","license":"CC-BY 4.0 (Int)","coordinateUncertaintyM":10.0,"uncertaintyUnknown":false,"observationCount":9,"geographicOutlier":false}},{"type":"Feature","id":"b7540334f0fa06c5","geometry":{"type":"Point","coordinates":[148.84203,-37.10072]},"properties":{"species":"Vombatus ursinus","eventDate":"2024-05-31","basisOfRecord":"OCCURRENCE","license":"CC-BY 4.0 (Int)","coordinateUncertaintyM":10.0,"uncertaintyUnknown":false,"observationCount":8,"geographicOutlier":false}},{"type":"Feature","id":"5fc6953b95eb28d4","geometry":{"type":"Point","coordinates":[151.360111,-33.129561]},"properties":{"species":"Vombatus ursinus","eventDate":"2024-05-30","basisOfRecord":"HUMAN_OBSERVATION","license":"CC-BY 4.0 (Int)","coordinateUncertaintyM":30.0,"uncertaintyUnknown":false,"observationCount":1,"geographicOutlier":false}},{"type":"Feature","id":"03aede1a2f835957","geometry":{"type":"Point","coordinates":[150.715475,-34.744716]},"properties":{"species":"Vombatus ursinus","eventDate":"2024-05-30","basisOfRecord":"HUMAN_OBSERVATION","license":"CC-BY 4.0 (Int)","coordinateUncertaintyM":30.0,"uncertaintyUnknown":false,"observationCount":1,"geographicOutlier":false}},{"type":"Feature","id":"ba0988c30a4e938f","geometry":{"type":"Point","coordinates":[149.39807,-37.38876]},"properties":{"species":"Vombatus ursinus","eventDate":"2024-05-30","basisOfRecord":"OCCURRENCE","license":"CC-BY 4.0 (Int)","coordinateUncertaintyM":10.0,"uncertaintyUnknown":false,"observationCount":5,"geographicOutlier":false}},{"type":"Feature","id":"07680d18a0272b02","geometry":{"type":"Point","coordinates":[149.863374,-33.75441]},"properties":{"species":"Vombatus ursinus","eventDate":"2024-05-28","basisOfRecord":"HUMAN_OBSERVATION","license":"CC-BY 4.0 (Int)","coordinateUncertaintyM":30.0,"uncertaintyUnknown":false,"observationCount":1,"geographicOutlier":false}},{"type":"Feature","id":"684def942a41dbe5","geometry":{"type":"Point","coordinates":[145.69267,-37.94177]},"properties":{"species":"Vombatus ursinus","eventDate":"2024-05-26","basisOfRecord":"OCCURRENCE","license":"CC-BY 4.0 (Int)","coordinateUncertaintyM":1.0,"uncertaintyUnknown":false,"observationCount":1,"geographicOutlier":false}},{"type":"Feature","id":"53930e676423f710","geometry":{"type":"Point","coordinates":[149.229247,-35.516243]},"properties":{"species":"Vombatus ursinus","eventDate":"2024-05-25","basisOfRecord":"HUMAN_OBSERVATION","license":"CC-BY 4.0 (Int)","coordinateUncertaintyM":500.0,"uncertaintyUnknown":false,"observationCount":1,"geographicOutlier":false}},{"type":"Feature","id":"c52e2f772203cd38","geometry":{"type":"Point","coordinates":[149.453401,-35.323057]},"properties":{"species":"Vombatus ursinus","eventDate":"2024-05-25","basisOfRecord":"HUMAN_OBSERVATION","license":"CC-BY 4.0 (Int)","coordinateUncertaintyM":30.0,"uncertaintyUnknown":false,"observationCount":1,"geographicOutlier":false}},{"type":"Feature","id":"68bc4db78d3dc4d3","geometry":{"type":"Point","coordinates":[150.314299,-34.660797]},"properties":{"species":"Vombatus ursinus","eventDate":"2024-05-23","basisOfRecord":"HUMAN_OBSERVATION","license":"CC-BY 4.0 (Int)","coordinateUncertaintyM":30.0,"uncertaintyUnknown":false,"observationCount":1,"geographicOutlier":false}},{"type":"Feature","id":"513b3f1a9cc84a4a","geometry":{"type":"Point","coordinates":[151.354986,-33.190779]},"properties":{"species":"Vombatus ursinus","eventDate":"2024-05-22","basisOfRecord":"HUMAN_OBSERVATION","license":"CC-BY 4.0 (Int)","coordinateUncertaintyM":30.0,"uncertaintyUnknown":false,"observationCount":1,"geographicOutlier":false}},{"type":"Feature","id":"e87ca287aa80bdf7","geometry":{"type":"Point","coordinates":[150.773056,-34.661313]},"properties":{"species":"Vombatus ursinus","eventDate":"2024-05-21","basisOfRecord":"HUMAN_OBSERVATION","license":"CC-BY 4.0 (Int)","coordinateUncertaintyM":30.0,"uncertaintyUnknown":false,"observationCount":2,"geographicOutlier":false}},{"type":"Feature","id":"a583ba4f5967b9c4","geometry":{"type":"Point","coordinates":[150.379864,-34.523891]},"properties":{"species":"Vombatus ursinus","eventDate":"2024-05-20","basisOfRecord":"HUMAN_OBSERVATION","license":"CC-BY 4.0 (Int)","coordinateUncertaintyM":30.0,"uncertaintyUnknown":false,"observationCount":1,"geographicOutlier":false}},{"type":"Feature","id":"dd071d7f847bf511","geometry":{"type":"Point","coordinates":[150.696114,-34.540201]},"properties":{"species":"Vombatus ursinus","eventDate":"2024-05-19","basisOfRecord":"HUMAN_OBSERVATION","license":"CC-BY 4.0 (Int)","coordinateUncertaintyM":30.0,"uncertaintyUnknown":false,"observationCount":1,"geographicOutlier":false}},{"type":"Feature","id":"18728cd226507c38","geometry":{"type":"Point","coordinates":[151.355873,-32.775403]},"properties":{"species":"Vombatus ursinus","eventDate":"2024-05-18","basisOfRecord":"HUMAN_OBSERVATION","license":"CC-BY 4.0 (Int)","coordinateUncertaintyM":10.0,"uncertaintyUnknown":false,"observationCount":1,"geographicOutlier":false}},{"type":"Feature","id":"c05357298f560651","geometry":{"type":"Point","coordinates":[150.596164,-34.85494]},"properties":{"species":"Vombatus ursinus","eventDate":"2024-05-17","basisOfRecord":"HUMAN_OBSERVATION","license":"CC-BY 4.0 (Int)","coordinateUncertaintyM":30.0,"uncertaintyUnknown":false,"observationCount":1,"geographicOutlier":false}},{"type":"Feature","id":"9ef49742d4de348b","geometry":{"type":"Point","coordinates":[149.694267,-37.319395]},"properties":{"species":"Vombatus ursinus","eventDate":"2024-05-16","basisOfRecord":"HUMAN_OBSERVATION","license":"CC-BY 4.0 (Int)","coordinateUncertaintyM":10.0,"uncertaintyUnknown":false,"observationCount":1,"geographicOutlier":false}},{"type":"Feature","id":"eccbc49aa1dcb850","geometry":{"type":"Point","coordinates":[149.26176,-35.51719]},"properties":{"species":"Vombatus ursinus","eventDate":"2024-05-15","basisOfRecord":"HUMAN_OBSERVATION","license":"CC-BY 4.0 (Int)","coordinateUncertaintyM":null,"uncertaintyUnknown":true,"observationCount":1,"geographicOutlier":false}},{"type":"Feature","id":"0d5f0c322abe5f1b","geometry":{"type":"Point","coordinates":[148.718662,-36.031085]},"properties":{"species":"Vombatus ursinus","eventDate":"2024-05-14","basisOfRecord":"HUMAN_OBSERVATION","license":"CC-BY 4.0 (Int)","coordinateUncertaintyM":500.0,"uncertaintyUnknown":false,"observationCount":1,"geographicOutlier":false}},{"type":"Feature","id":"38c724f9d7ac0ca0","geometry":{"type":"Point","coordinates":[150.598,-34.967]},"properties":{"species":"Vombatus ursinus","eventDate":"2024-05-14","basisOfRecord":"HUMAN_OBSERVATION","license":"CC-BY 4.0 (Int)","coordinateUncertaintyM":10.0,"uncertaintyUnknown":false,"observationCount":1,"geographicOutlier":false}},{"type":"Feature","id":"fd5f02bbae58709c","geometry":{"type":"Point","coordinates":[149.147692,-33.538855]},"properties":{"species":"Vombatus ursinus","eventDate":"2024-05-13","basisOfRecord":"HUMAN_OBSERVATION","license":"CC-BY 4.0 (Int)","coordinateUncertaintyM":500.0,"uncertaintyUnknown":false,"observationCount":1,"geographicOutlier":false}},{"type":"Feature","id":"ac88fa86a5eec344","geometry":{"type":"Point","coordinates":[147.262502,-35.823393]},"properties":{"species":"Vombatus ursinus","eventDate":"2024-05-12","basisOfRecord":"HUMAN_OBSERVATION","license":"CC-BY 4.0 (Int)","coordinateUncertaintyM":500.0,"uncertaintyUnknown":false,"observationCount":1,"geographicOutlier":false}},{"type":"Feature","id":"1a79704a74697848","geometry":{"type":"Point","coordinates":[150.76092,-34.934537]},"properties":{"species":"Vombatus ursinus","eventDate":"2024-05-12","basisOfRecord":"HUMAN_OBSERVATION","license":"CC-BY 4.0 (Int)","coordinateUncertaintyM":30.0,"uncertaintyUnknown":false,"observationCount":1,"geographicOutlier":false}},{"type":"Feature","id":"0567f61000e319cd","geometry":{"type":"Point","coordinates":[149.237561,-30.997356]},"properties":{"species":"Vombatus ursinus","eventDate":"2024-05-09","basisOfRecord":"HUMAN_OBSERVATION","license":"CC-BY 4.0 (Int)","coordinateUncertaintyM":null,"uncertaintyUnknown":true,"observationCount":1,"geographicOutlier":false}},{"type":"Feature","id":"108fe1e972a32161","geometry":{"type":"Point","coordinates":[149.242213,-35.565803]},"properties":{"species":"Vombatus ursinus","eventDate":"2024-05-09","basisOfRecord":"HUMAN_OBSERVATION","license":"CC-BY 4.0 (Int)","coordinateUncertaintyM":500.0,"uncertaintyUnknown":false,"observationCount":2,"geographicOutlier":false}},{"type":"Feature","id":"5a317396621a6dfd","geometry":{"type":"Point","coordinates":[149.565189,-34.033374]},"properties":{"species":"Vombatus ursinus","eventDate":"2024-05-08","basisOfRecord":"HUMAN_OBSERVATION","license":"CC-BY 4.0 (Int)","coordinateUncertaintyM":1250.0,"uncertaintyUnknown":false,"observationCount":1,"geographicOutlier":false}},{"type":"Feature","id":"907a4e9c700bc111","geometry":{"type":"Point","coordinates":[150.704457,-34.615783]},"properties":{"species":"Vombatus ursinus","eventDate":"2024-05-07","basisOfRecord":"HUMAN_OBSERVATION","license":"CC-BY 4.0 (Int)","coordinateUncertaintyM":30.0,"uncertaintyUnknown":false,"observationCount":1,"geographicOutlier":false}},{"type":"Feature","id":"5db775436588cc4c","geometry":{"type":"Point","coordinates":[150.603541,-33.891704]},"properties":{"species":"Vombatus ursinus","eventDate":"2024-05-06","basisOfRecord":"HUMAN_OBSERVATION","license":"CC-BY 4.0 (Int)","coordinateUncertaintyM":30.0,"uncertaintyUnknown":false,"observationCount":1,"geographicOutlier":false}},{"type":"Feature","id":"9f4b879822502346","geometry":{"type":"Point","coordinates":[146.1021,-36.87372]},"properties":{"species":"Vombatus ursinus","eventDate":"2024-05-05","basisOfRecord":"OCCURRENCE","license":"CC-BY 4.0 (Int)","coordinateUncertaintyM":1.0,"uncertaintyUnknown":false,"observationCount":1,"geographicOutlier":false}},{"type":"Feature","id":"a7de2dc8a580ffd2","geometry":{"type":"Point","coordinates":[150.567363,-33.979801]},"properties":{"species":"Vombatus ursinus","eventDate":"2024-05-03","basisOfRecord":"HUMAN_OBSERVATION","license":"CC-BY 4.0 (Int)","coordinateUncertaintyM":500.0,"uncertaintyUnknown":false,"observationCount":1,"geographicOutlier":false}},{"type":"Feature","id":"6baa888188b54a12","geometry":{"type":"Point","coordinates":[147.92125,-37.28735]},"properties":{"species":"Vombatus ursinus","eventDate":"2024-05-02","basisOfRecord":"OCCURRENCE","license":"CC-BY 4.0 (Int)","coordinateUncertaintyM":1.0,"uncertaintyUnknown":false,"observationCount":1,"geographicOutlier":false}},{"type":"Feature","id":"731912c2a32cc672","geometry":{"type":"Point","coordinates":[150.15304,-33.06788]},"properties":{"species":"Vombatus ursinus","eventDate":"2024-05-02","basisOfRecord":"HUMAN_OBSERVATION","license":"CC-BY 4.0 (Int)","coordinateUncertaintyM":10.0,"uncertaintyUnknown":false,"observationCount":1,"geographicOutlier":false}},{"type":"Feature","id":"28a61c0a1729ca1d","geometry":{"type":"Point","coordinates":[146.2491,-38.91305]},"properties":{"species":"Vombatus ursinus","eventDate":"2024-05-01","basisOfRecord":"OCCURRENCE","license":"CC-BY 4.0 (Int)","coordinateUncertaintyM":10.0,"uncertaintyUnknown":false,"observationCount":1,"geographicOutlier":false}},{"type":"Feature","id":"edcd7056e0a6122e","geometry":{"type":"Point","coordinates":[147.66369,-37.99715]},"properties":{"species":"Vombatus ursinus","eventDate":"2024-05-01","basisOfRecord":"OCCURRENCE","license":"CC-BY 4.0 (Int)","coordinateUncertaintyM":10.0,"uncertaintyUnknown":false,"observationCount":1,"geographicOutlier":false}},{"type":"Feature","id":"6613cb7a479a36f7","geometry":{"type":"Point","coordinates":[148.21679,-37.57592]},"properties":{"species":"Vombatus ursinus","eventDate":"2024-05-01","basisOfRecord":"OCCURRENCE","license":"CC-BY 4.0 (Int)","coordinateUncertaintyM":10.0,"uncertaintyUnknown":false,"observationCount":2,"geographicOutlier":false}},{"type":"Feature","id":"73bb99f215a2719d","geometry":{"type":"Point","coordinates":[148.25046,-37.5255]},"properties":{"species":"Vombatus ursinus","eventDate":"2024-05-01","basisOfRecord":"OCCURRENCE","license":"CC-BY 4.0 (Int)","coordinateUncertaintyM":10.0,"uncertaintyUnknown":false,"observationCount":10,"geographicOutlier":false}},{"type":"Feature","id":"b538b68b5391f7d9","geometry":{"type":"Point","coordinates":[146.24143,-38.91697]},"properties":{"species":"Vombatus ursinus","eventDate":"2024-05-01","basisOfRecord":"OCCURRENCE","license":"CC-BY 4.0 (Int)","coordinateUncertaintyM":10.0,"uncertaintyUnknown":false,"observationCount":1,"geographicOutlier":false}},{"type":"Feature","id":"5b8c7665371820f3","geometry":{"type":"Point","coordinates":[146.2612,-38.88682]},"properties":{"species":"Vombatus ursinus","eventDate":"2024-04-30","basisOfRecord":"OCCURRENCE","license":"CC-BY 4.0 (Int)","coordinateUncertaintyM":10.0,"uncertaintyUnknown":false,"observationCount":1,"geographicOutlier":false}},{"type":"Feature","id":"fd4e516b90e48e1a","geometry":{"type":"Point","coordinates":[150.610354,-34.592573]},"properties":{"species":"Vombatus ursinus","eventDate":"2024-04-30","basisOfRecord":"HUMAN_OBSERVATION","license":"CC-BY 4.0 (Int)","coordinateUncertaintyM":30.0,"uncertaintyUnknown":false,"observationCount":1,"geographicOutlier":false}},{"type":"Feature","id":"89c26aa2ba2bb570","geometry":{"type":"Point","coordinates":[150.037897,-33.02113]},"properties":{"species":"Vombatus ursinus","eventDate":"2024-04-30","basisOfRecord":"HUMAN_OBSERVATION","license":"CC-BY 4.0 (Int)","coordinateUncertaintyM":10.0,"uncertaintyUnknown":false,"observationCount":52,"geographicOutlier":false}},{"type":"Feature","id":"cb5eeda7c1028f39","geometry":{"type":"Point","coordinates":[146.25525,-38.91285]},"properties":{"species":"Vombatus ursinus","eventDate":"2024-04-30","basisOfRecord":"OCCURRENCE","license":"CC-BY 4.0 (Int)","coordinateUncertaintyM":10.0,"uncertaintyUnknown":false,"observationCount":1,"geographicOutlier":false}},{"type":"Feature","id":"007e84b412b013e6","geometry":{"type":"Point","coordinates":[146.2423,-38.88406]},"properties":{"species":"Vombatus ursinus","eventDate":"2024-04-30","basisOfRecord":"OCCURRENCE","license":"CC-BY 4.0 (Int)","coordinateUncertaintyM":10.0,"uncertaintyUnknown":false,"observationCount":1,"geographicOutlier":false}},{"type":"Feature","id":"ec4070abd9bf7339","geometry":{"type":"Point","coordinates":[140.38727,-36.68708]},"properties":{"species":"Vombatus ursinus","eventDate":"2024-04-30","basisOfRecord":"HUMAN_OBSERVATION","license":"CC-BY 4.0 (Int)","coordinateUncertaintyM":50.0,"uncertaintyUnknown":false,"observationCount":1,"geographicOutlier":true}},{"type":"Feature","id":"a87bb3532c6b7956","geometry":{"type":"Point","coordinates":[146.26712,-38.87286]},"properties":{"species":"Vombatus ursinus","eventDate":"2024-04-29","basisOfRecord":"OCCURRENCE","license":"CC-BY 4.0 (Int)","coordinateUncertaintyM":10.0,"uncertaintyUnknown":false,"observationCount":1,"geographicOutlier":false}},{"type":"Feature","id":"06dcf96c14f49a77","geometry":{"type":"Point","coordinates":[147.61203,-37.35616]},"properties":{"species":"Vombatus ursinus","eventDate":"2024-04-29","basisOfRecord":"OCCURRENCE","license":"CC-BY 4.0 (Int)","coordinateUncertaintyM":1.0,"uncertaintyUnknown":false,"observationCount":1,"geographicOutlier":false}},{"type":"Feature","id":"f0707c130e62ca19","geometry":{"type":"Point","coordinates":[147.533,-37.28609]},"properties":{"species":"Vombatus ursinus","eventDate":"2024-04-28","basisOfRecord":"OCCURRENCE","license":"CC-BY 4.0 (Int)","coordinateUncertaintyM":1.0,"uncertaintyUnknown":false,"observationCount":1,"geographicOutlier":false}},{"type":"Feature","id":"b0f2a42c1a2582f1","geometry":{"type":"Point","coordinates":[147.60118,-37.35268]},"properties":{"species":"Vombatus ursinus","eventDate":"2024-04-28","basisOfRecord":"OCCURRENCE","license":"CC-BY 4.0 (Int)","coordinateUncertaintyM":1.0,"uncertaintyUnknown":false,"observationCount":4,"geographicOutlier":false}},{"type":"Feature","id":"435efa2f54e1120e","geometry":{"type":"Point","coordinates":[148.736334,-33.854462]},"properties":{"species":"Vombatus ursinus","eventDate":"2024-04-27","basisOfRecord":"HUMAN_OBSERVATION","license":"CC-BY 4.0 (Int)","coordinateUncertaintyM":30.0,"uncertaintyUnknown":false,"observationCount":1,"geographicOutlier":false}},{"type":"Feature","id":"aba0bed35618bb81","geometry":{"type":"Point","coordinates":[148.355,-37.77288]},"properties":{"species":"Vombatus ursinus","eventDate":"2024-04-26","basisOfRecord":"OCCURRENCE","license":"CC-BY 4.0 (Int)","coordinateUncertaintyM":10.0,"uncertaintyUnknown":false,"observationCount":10,"geographicOutlier":false}},{"type":"Feature","id":"6b522646609812dd","geometry":{"type":"Point","coordinates":[147.43535,-37.21818]},"properties":{"species":"Vombatus ursinus","eventDate":"2024-04-26","basisOfRecord":"OCCURRENCE","license":"CC-BY 4.0 (Int)","coordinateUncertaintyM":1.0,"uncertaintyUnknown":false,"observationCount":1,"geographicOutlier":false}},{"type":"Feature","id":"e4cc62e6bbf2d7c7","geometry":{"type":"Point","coordinates":[147.94035,-37.06442]},"properties":{"species":"Vombatus ursinus","eventDate":"2024-04-25","basisOfRecord":"OCCURRENCE","license":"CC-BY 4.0 (Int)","coordinateUncertaintyM":1.0,"uncertaintyUnknown":false,"observationCount":2,"geographicOutlier":false}},{"type":"Feature","id":"c60dbfab2731ba96","geometry":{"type":"Point","coordinates":[147.42083,-37.40204]},"properties":{"species":"Vombatus ursinus","eventDate":"2024-04-25","basisOfRecord":"OCCURRENCE","license":"CC-BY 4.0 (Int)","coordinateUncertaintyM":1.0,"uncertaintyUnknown":false,"observationCount":3,"geographicOutlier":false}},{"type":"Feature","id":"bf7424b469bc884f","geometry":{"type":"Point","coordinates":[147.9197,-37.29225]},"properties":{"species":"Vombatus ursinus","eventDate":"2024-04-23","basisOfRecord":"OCCURRENCE","license":"CC-BY 4.0 (Int)","coordinateUncertaintyM":1.0,"uncertaintyUnknown":false,"observationCount":1,"geographicOutlier":false}},{"type":"Feature","id":"78c78f4a85a2682d","geometry":{"type":"Point","coordinates":[150.14762,-33.07039]},"properties":{"species":"Vombatus ursinus","eventDate":"2024-04-23","basisOfRecord":"HUMAN_OBSERVATION","license":"CC-BY 4.0 (Int)","coordinateUncertaintyM":10.0,"uncertaintyUnknown":false,"observationCount":1,"geographicOutlier":false}},{"type":"Feature","id":"0e4f6df30833382d","geometry":{"type":"Point","coordinates":[149.974693,-32.800198]},"properties":{"species":"Vombatus ursinus","eventDate":"2024-04-22","basisOfRecord":"HUMAN_OBSERVATION","license":"CC-BY 4.0 (Int)","coordinateUncertaintyM":30.0,"uncertaintyUnknown":false,"observationCount":1,"geographicOutlier":false}},{"type":"Feature","id":"06c12426845bb7d1","geometry":{"type":"Point","coordinates":[147.60146,-37.35311]},"properties":{"species":"Vombatus ursinus","eventDate":"2024-04-21","basisOfRecord":"OCCURRENCE","license":"CC-BY 4.0 (Int)","coordinateUncertaintyM":1.0,"uncertaintyUnknown":false,"observationCount":2,"geographicOutlier":false}},{"type":"Feature","id":"94a2d602a0b96437","geometry":{"type":"Point","coordinates":[147.54163,-37.26216]},"properties":{"species":"Vombatus ursinus","eventDate":"2024-04-20","basisOfRecord":"OCCURRENCE","license":"CC-BY 4.0 (Int)","coordinateUncertaintyM":1.0,"uncertaintyUnknown":false,"observationCount":3,"geographicOutlier":false}},{"type":"Feature","id":"fe0073c5ffe03376","geometry":{"type":"Point","coordinates":[149.604239,-32.574328]},"properties":{"species":"Vombatus ursinus","eventDate":"2024-04-19","basisOfRecord":"HUMAN_OBSERVATION","license":"CC-BY 4.0 (Int)","coordinateUncertaintyM":500.0,"uncertaintyUnknown":false,"observationCount":1,"geographicOutlier":false}},{"type":"Feature","id":"5d02deab0e4b5800","geometry":{"type":"Point","coordinates":[145.578212,-35.816573]},"properties":{"species":"Vombatus ursinus","eventDate":"2024-04-18","basisOfRecord":"HUMAN_OBSERVATION","license":"CC-BY 4.0 (Int)","coordinateUncertaintyM":30.0,"uncertaintyUnknown":false,"observationCount":1,"geographicOutlier":false}},{"type":"Feature","id":"7cc049285d8a1345","geometry":{"type":"Point","coordinates":[147.52981,-37.27802]},"properties":{"species":"Vombatus ursinus","eventDate":"2024-04-17","basisOfRecord":"OCCURRENCE","license":"CC-BY 4.0 (Int)","coordinateUncertaintyM":1.0,"uncertaintyUnknown":false,"observationCount":3,"geographicOutlier":false}},{"type":"Feature","id":"62833417c6650d9d","geometry":{"type":"Point","coordinates":[150.599738,-34.037325]},"properties":{"species":"Vombatus ursinus","eventDate":"2024-04-15","basisOfRecord":"HUMAN_OBSERVATION","license":"CC-BY 4.0 (Int)","coordinateUncertaintyM":30.0,"uncertaintyUnknown":false,"observationCount":1,"geographicOutlier":false}},{"type":"Feature","id":"39dc09501b894a2e","geometry":{"type":"Point","coordinates":[151.199557,-33.195804]},"properties":{"species":"Vombatus ursinus","eventDate":"2024-04-15","basisOfRecord":"HUMAN_OBSERVATION","license":"CC-BY 4.0 (Int)","coordinateUncertaintyM":500.0,"uncertaintyUnknown":false,"observationCount":1,"geographicOutlier":false}},{"type":"Feature","id":"c76d0466f02b271e","geometry":{"type":"Point","coordinates":[150.839371,-34.700409]},"properties":{"species":"Vombatus ursinus","eventDate":"2024-04-14","basisOfRecord":"HUMAN_OBSERVATION","license":"CC-BY 4.0 (Int)","coordinateUncertaintyM":500.0,"uncertaintyUnknown":false,"observationCount":2,"geographicOutlier":false}},{"type":"Feature","id":"8522960fd6b71858","geometry":{"type":"Point","coordinates":[150.988391,-33.558239]},"properties":{"species":"Vombatus ursinus","eventDate":"2024-04-14","basisOfRecord":"HUMAN_OBSERVATION","license":"CC-BY 4.0 (Int)","coordinateUncertaintyM":200.0,"uncertaintyUnknown":false,"observationCount":1,"geographicOutlier":false}},{"type":"Feature","id":"316891e1e16e26d7","geometry":{"type":"Point","coordinates":[145.698883,-37.757972]},"properties":{"species":"Vombatus ursinus","eventDate":"2024-04-13","basisOfRecord":"HUMAN_OBSERVATION","license":"CC-BY 4.0 (Int)","coordinateUncertaintyM":null,"uncertaintyUnknown":true,"observationCount":1,"geographicOutlier":false}},{"type":"Feature","id":"cbdbf424ed30ef18","geometry":{"type":"Point","coordinates":[145.110096,-37.629045]},"properties":{"species":"Vombatus ursinus","eventDate":"2024-04-12","basisOfRecord":"HUMAN_OBSERVATION","license":"CC-BY 4.0 (Int)","coordinateUncertaintyM":6.0,"uncertaintyUnknown":false,"observationCount":1,"geographicOutlier":false}},{"type":"Feature","id":"72ed12a3bcd415db","geometry":{"type":"Point","coordinates":[150.574833,-34.183786]},"properties":{"species":"Vombatus ursinus","eventDate":"2024-04-12","basisOfRecord":"HUMAN_OBSERVATION","license":"CC-BY 4.0 (Int)","coordinateUncertaintyM":30.0,"uncertaintyUnknown":false,"observationCount":1,"geographicOutlier":false}},{"type":"Feature","id":"6ac058e7dc323657","geometry":{"type":"Point","coordinates":[151.276161,-33.180974]},"properties":{"species":"Vombatus ursinus","eventDate":"2024-04-11","basisOfRecord":"HUMAN_OBSERVATION","license":"CC-BY 4.0 (Int)","coordinateUncertaintyM":30.0,"uncertaintyUnknown":false,"observationCount":2,"geographicOutlier":false}},{"type":"Feature","id":"cb4a4af2c505e6fa","geometry":{"type":"Point","coordinates":[150.692463,-34.075585]},"properties":{"species":"Vombatus ursinus","eventDate":"2024-04-10","basisOfRecord":"HUMAN_OBSERVATION","license":"CC-BY 4.0 (Int)","coordinateUncertaintyM":30.0,"uncertaintyUnknown":false,"observationCount":1,"geographicOutlier":false}},{"type":"Feature","id":"6189be1fc1d7c057","geometry":{"type":"Point","coordinates":[150.256712,-34.429453]},"properties":{"species":"Vombatus ursinus","eventDate":"2024-04-10","basisOfRecord":"HUMAN_OBSERVATION","license":"CC-BY 4.0 (Int)","coordinateUncertaintyM":30.0,"uncertaintyUnknown":false,"observationCount":1,"geographicOutlier":false}},{"type":"Feature","id":"b2bbf3c906d2c623","geometry":{"type":"Point","coordinates":[150.627604,-33.995889]},"properties":{"species":"Vombatus ursinus","eventDate":"2024-04-09","basisOfRecord":"HUMAN_OBSERVATION","license":"CC-BY 4.0 (Int)","coordinateUncertaintyM":30.0,"uncertaintyUnknown":false,"observationCount":1,"geographicOutlier":false}},{"type":"Feature","id":"18d38bbc602bf472","geometry":{"type":"Point","coordinates":[147.29855,-37.90722]},"properties":{"species":"Vombatus ursinus","eventDate":"2024-04-09","basisOfRecord":"OCCURRENCE","license":"CC-BY 4.0 (Int)","coordinateUncertaintyM":10.0,"uncertaintyUnknown":false,"observationCount":1,"geographicOutlier":false}},{"type":"Feature","id":"c940a01cdee537a5","geometry":{"type":"Point","coordinates":[148.3949,-36.23319]},"properties":{"species":"Vombatus ursinus","eventDate":"2024-04-08","basisOfRecord":"HUMAN_OBSERVATION","license":"CC-BY 4.0 (Int)","coordinateUncertaintyM":10.0,"uncertaintyUnknown":false,"observationCount":1,"geographicOutlier":false}},{"type":"Feature","id":"9ec3e5f19dea800b","geometry":{"type":"Point","coordinates":[150.784455,-34.597516]},"properties":{"species":"Vombatus ursinus","eventDate":"2024-04-07","basisOfRecord":"HUMAN_OBSERVATION","license":"CC-BY 4.0 (Int)","coordinateUncertaintyM":500.0,"uncertaintyUnknown":false,"observationCount":2,"geographicOutlier":false}},{"type":"Feature","id":"a96c8ca6ff236967","geometry":{"type":"Point","coordinates":[145.391638,-37.829545]},"properties":{"species":"Vombatus ursinus","eventDate":"2024-04-04","basisOfRecord":"HUMAN_OBSERVATION","license":"CC-BY 4.0 (Int)","coordinateUncertaintyM":5.0,"uncertaintyUnknown":false,"observationCount":1,"geographicOutlier":false}},{"type":"Feature","id":"3a4c865bed22f98f","geometry":{"type":"Point","coordinates":[149.224928,-35.567636]},"properties":{"species":"Vombatus ursinus","eventDate":"2024-04-03","basisOfRecord":"HUMAN_OBSERVATION","license":"CC-BY 4.0 (Int)","coordinateUncertaintyM":500.0,"uncertaintyUnknown":false,"observationCount":8,"geographicOutlier":false}},{"type":"Feature","id":"fb02e2e822dace9e","geometry":{"type":"Point","coordinates":[150.783195,-34.602519]},"properties":{"species":"Vombatus ursinus","eventDate":"2024-04-03","basisOfRecord":"HUMAN_OBSERVATION","license":"CC-BY 4.0 (Int)","coordinateUncertaintyM":30.0,"uncertaintyUnknown":false,"observationCount":1,"geographicOutlier":false}},{"type":"Feature","id":"98a84a90ba283bc8","geometry":{"type":"Point","coordinates":[148.813422,-36.366899]},"properties":{"species":"Vombatus ursinus","eventDate":"2024-04-02","basisOfRecord":"HUMAN_OBSERVATION","license":"CC-BY 4.0 (Int)","coordinateUncertaintyM":30.0,"uncertaintyUnknown":false,"observationCount":1,"geographicOutlier":false}},{"type":"Feature","id":"d3360ab1c8ef31c0","geometry":{"type":"Point","coordinates":[151.280072,-33.203355]},"properties":{"species":"Vombatus ursinus","eventDate":"2024-04-01","basisOfRecord":"HUMAN_OBSERVATION","license":"CC-BY 4.0 (Int)","coordinateUncertaintyM":30.0,"uncertaintyUnknown":false,"observationCount":1,"geographicOutlier":false}},{"type":"Feature","id":"6851d070c01dbb84","geometry":{"type":"Point","coordinates":[150.410257,-35.268215]},"properties":{"species":"Vombatus ursinus","eventDate":"2024-03-30","basisOfRecord":"HUMAN_OBSERVATION","license":"CC-BY 4.0 (Int)","coordinateUncertaintyM":500.0,"uncertaintyUnknown":false,"observationCount":1,"geographicOutlier":false}},{"type":"Feature","id":"c5d9f15b80e40429","geometry":{"type":"Point","coordinates":[150.826934,-32.841186]},"properties":{"species":"Vombatus ursinus","eventDate":"2024-03-28","basisOfRecord":"HUMAN_OBSERVATION","license":"CC-BY 4.0 (Int)","coordinateUncertaintyM":30.0,"uncertaintyUnknown":false,"observationCount":1,"geographicOutlier":false}},{"type":"Feature","id":"4fbd19a3882871f4","geometry":{"type":"Point","coordinates":[150.781499,-34.600917]},"properties":{"species":"Vombatus ursinus","eventDate":"2024-03-27","basisOfRecord":"HUMAN_OBSERVATION","license":"CC-BY 4.0 (Int)","coordinateUncertaintyM":30.0,"uncertaintyUnknown":false,"observationCount":1,"geographicOutlier":false}},{"type":"Feature","id":"44baf3e446898312","geometry":{"type":"Point","coordinates":[150.653114,-34.602002]},"properties":{"species":"Vombatus ursinus","eventDate":"2024-03-26","basisOfRecord":"HUMAN_OBSERVATION","license":"CC-BY 4.0 (Int)","coordinateUncertaintyM":500.0,"uncertaintyUnknown":false,"observationCount":1,"geographicOutlier":false}},{"type":"Feature","id":"b6fdacb602baaba0","geometry":{"type":"Point","coordinates":[150.349639,-34.446489]},"properties":{"species":"Vombatus ursinus","eventDate":"2024-03-26","basisOfRecord":"HUMAN_OBSERVATION","license":"CC-BY 4.0 (Int)","coordinateUncertaintyM":30.0,"uncertaintyUnknown":false,"observationCount":1,"geographicOutlier":false}},{"type":"Feature","id":"258b80b7854aec4a","geometry":{"type":"Point","coordinates":[145.73975,-37.87641]},"properties":{"species":"Vombatus ursinus","eventDate":"2024-03-25","basisOfRecord":"OCCURRENCE","license":"CC-BY 4.0 (Int)","coordinateUncertaintyM":1.0,"uncertaintyUnknown":false,"observationCount":1,"geographicOutlier":false}},{"type":"Feature","id":"45e7acfde5e860bd","geometry":{"type":"Point","coordinates":[150.624352,-34.784736]},"properties":{"species":"Vombatus ursinus","eventDate":"2024-03-25","basisOfRecord":"HUMAN_OBSERVATION","license":"CC-BY 4.0 (Int)","coordinateUncertaintyM":30.0,"uncertaintyUnknown":false,"observationCount":1,"geographicOutlier":false}},{"type":"Feature","id":"3ba4195aebaf46a9","geometry":{"type":"Point","coordinates":[149.47611,-36.156931]},"properties":{"species":"Vombatus ursinus","eventDate":"2024-03-24","basisOfRecord":"HUMAN_OBSERVATION","license":"CC-BY 4.0 (Int)","coordinateUncertaintyM":500.0,"uncertaintyUnknown":false,"observationCount":1,"geographicOutlier":false}},{"type":"Feature","id":"0c13a265a5ad0c4a","geometry":{"type":"Point","coordinates":[148.05751,-35.980451]},"properties":{"species":"Vombatus ursinus","eventDate":"2024-03-23","basisOfRecord":"HUMAN_OBSERVATION","license":"CC-BY 4.0 (Int)","coordinateUncertaintyM":500.0,"uncertaintyUnknown":false,"observationCount":2,"geographicOutlier":false}},{"type":"Feature","id":"ca16b228a6f15455","geometry":{"type":"Point","coordinates":[145.97053,-37.56891]},"properties":{"species":"Vombatus ursinus","eventDate":"2024-03-22","basisOfRecord":"OCCURRENCE","license":"CC-BY 4.0 (Int)","coordinateUncertaintyM":1.0,"uncertaintyUnknown":false,"observationCount":1,"geographicOutlier":false}},{"type":"Feature","id":"daf67261fce7b0cd","geometry":{"type":"Point","coordinates":[150.676064,-34.771469]},"properties":{"species":"Vombatus ursinus","eventDate":"2024-03-21","basisOfRecord":"HUMAN_OBSERVATION","license":"CC-BY 4.0 (Int)","coordinateUncertaintyM":30.0,"uncertaintyUnknown":false,"observationCount":1,"geographicOutlier":false}},{"type":"Feature","id":"e19796916f534ebe","geometry":{"type":"Point","coordinates":[147.27823,-38.25601]},"properties":{"species":"Vombatus ursinus","eventDate":"2024-03-20","basisOfRecord":"OBSERVATION","license":"CC-BY 4.0 (Int)","coordinateUncertaintyM":10.0,"uncertaintyUnknown":false,"observationCount":1,"geographicOutlier":false}},{"type":"Feature","id":"06514c3bf92172e7","geometry":{"type":"Point","coordinates":[145.80717,-37.82985]},"properties":{"species":"Vombatus ursinus","eventDate":"2024-03-20","basisOfRecord":"OCCURRENCE","license":"CC-BY 4.0 (Int)","coordinateUncertaintyM":1.0,"uncertaintyUnknown":false,"observationCount":1,"geographicOutlier":false}},{"type":"Feature","id":"8e1a23e9231756d2","geometry":{"type":"Point","coordinates":[150.050163,-35.935898]},"properties":{"species":"Vombatus ursinus","eventDate":"2024-03-18","basisOfRecord":"HUMAN_OBSERVATION","license":"CC-BY 4.0 (Int)","coordinateUncertaintyM":30.0,"uncertaintyUnknown":false,"observationCount":2,"geographicOutlier":false}},{"type":"Feature","id":"d4dd5a0758b5fb08","geometry":{"type":"Point","coordinates":[145.94257,-37.53168]},"properties":{"species":"Vombatus ursinus","eventDate":"2024-03-16","basisOfRecord":"OCCURRENCE","license":"CC-BY 4.0 (Int)","coordinateUncertaintyM":1.0,"uncertaintyUnknown":false,"observationCount":1,"geographicOutlier":false}},{"type":"Feature","id":"238eb5b2fde4a332","geometry":{"type":"Point","coordinates":[150.257382,-34.314084]},"properties":{"species":"Vombatus ursinus","eventDate":"2024-03-16","basisOfRecord":"HUMAN_OBSERVATION","license":"CC-BY 4.0 (Int)","coordinateUncertaintyM":10.0,"uncertaintyUnknown":false,"observationCount":1,"geographicOutlier":false}},{"type":"Feature","id":"553e61fac33048b3","geometry":{"type":"Point","coordinates":[149.789111,-37.227785]},"properties":{"species":"Vombatus ursinus","eventDate":"2024-03-15","basisOfRecord":"HUMAN_OBSERVATION","license":"CC-BY 4.0 (Int)","coordinateUncertaintyM":10.0,"uncertaintyUnknown":false,"observationCount":1,"geographicOutlier":false}},{"type":"Feature","id":"f5381827b1015f09","geometry":{"type":"Point","coordinates":[150.297434,-34.188046]},"properties":{"species":"Vombatus ursinus","eventDate":"2024-03-15","basisOfRecord":"HUMAN_OBSERVATION","license":"CC-BY 4.0 (Int)","coordinateUncertaintyM":10.0,"uncertaintyUnknown":false,"observationCount":1,"geographicOutlier":false}},{"type":"Feature","id":"258ef9f788fb5e53","geometry":{"type":"Point","coordinates":[147.2358,-36.85478]},"properties":{"species":"Vombatus ursinus","eventDate":"2024-03-14","basisOfRecord":"OBSERVATION","license":"CC-BY 4.0 (Int)","coordinateUncertaintyM":10.0,"uncertaintyUnknown":false,"observationCount":1,"geographicOutlier":false}},{"type":"Feature","id":"fd934fe96ecd39a9","geometry":{"type":"Point","coordinates":[149.475774,-34.462127]},"properties":{"species":"Vombatus ursinus","eventDate":"2024-03-13","basisOfRecord":"HUMAN_OBSERVATION","license":"CC-BY 4.0 (Int)","coordinateUncertaintyM":30.0,"uncertaintyUnknown":false,"observationCount":1,"geographicOutlier":false}},{"type":"Feature","id":"897c69eb9282a9a3","geometry":{"type":"Point","coordinates":[150.592315,-34.591112]},"properties":{"species":"Vombatus ursinus","eventDate":"2024-03-12","basisOfRecord":"HUMAN_OBSERVATION","license":"CC-BY 4.0 (Int)","coordinateUncertaintyM":500.0,"uncertaintyUnknown":false,"observationCount":1,"geographicOutlier":false}},{"type":"Feature","id":"b2ad5dbe3e8bd11e","geometry":{"type":"Point","coordinates":[145.9891,-37.53109]},"properties":{"species":"Vombatus ursinus","eventDate":"2024-03-12","basisOfRecord":"OCCURRENCE","license":"CC-BY 4.0 (Int)","coordinateUncertaintyM":1.0,"uncertaintyUnknown":false,"observationCount":1,"geographicOutlier":false}},{"type":"Feature","id":"15d51859e0ce1b52","geometry":{"type":"Point","coordinates":[150.413031,-34.441302]},"properties":{"species":"Vombatus ursinus","eventDate":"2024-03-10","basisOfRecord":"HUMAN_OBSERVATION","license":"CC-BY 4.0 (Int)","coordinateUncertaintyM":500.0,"uncertaintyUnknown":false,"observationCount":5,"geographicOutlier":false}},{"type":"Feature","id":"19474db47b2ab42d","geometry":{"type":"Point","coordinates":[150.265857,-34.610385]},"properties":{"species":"Vombatus ursinus","eventDate":"2024-03-09","basisOfRecord":"HUMAN_OBSERVATION","license":"CC-BY 4.0 (Int)","coordinateUncertaintyM":500.0,"uncertaintyUnknown":false,"observationCount":3,"geographicOutlier":false}},{"type":"Feature","id":"e82805e20cedbbc7","geometry":{"type":"Point","coordinates":[145.60832,-38.36287]},"properties":{"species":"Vombatus ursinus","eventDate":"2024-03-08","basisOfRecord":"OBSERVATION","license":"CC-BY 4.0 (Int)","coordinateUncertaintyM":10.0,"uncertaintyUnknown":false,"observationCount":1,"geographicOutlier":false}},{"type":"Feature","id":"51d9e251b7c662b0","geometry":{"type":"Point","coordinates":[149.813768,-36.7062]},"properties":{"species":"Vombatus ursinus","eventDate":"2024-03-08","basisOfRecord":"HUMAN_OBSERVATION","license":"CC-BY 4.0 (Int)","coordinateUncertaintyM":30.0,"uncertaintyUnknown":false,"observationCount":1,"geographicOutlier":false}},{"type":"Feature","id":"a729d1f2c92a0ed6","geometry":{"type":"Point","coordinates":[149.840813,-35.563275]},"properties":{"species":"Vombatus ursinus","eventDate":"2024-03-08","basisOfRecord":"HUMAN_OBSERVATION","license":"CC-BY 4.0 (Int)","coordinateUncertaintyM":500.0,"uncertaintyUnknown":false,"observationCount":3,"geographicOutlier":false}},{"type":"Feature","id":"c5f986cfc3285278","geometry":{"type":"Point","coordinates":[150.852126,-34.68801]},"properties":{"species":"Vombatus ursinus","eventDate":"2024-03-07","basisOfRecord":"HUMAN_OBSERVATION","license":"CC-BY 4.0 (Int)","coordinateUncertaintyM":500.0,"uncertaintyUnknown":false,"observationCount":1,"geographicOutlier":false}},{"type":"Feature","id":"d8e8fcdbe36dcaa1","geometry":{"type":"Point","coordinates":[150.628141,-34.542567]},"properties":{"species":"Vombatus ursinus","eventDate":"2024-03-06","basisOfRecord":"HUMAN_OBSERVATION","license":"CC-BY 4.0 (Int)","coordinateUncertaintyM":10.0,"uncertaintyUnknown":false,"observationCount":1,"geographicOutlier":false}},{"type":"Feature","id":"d5eaf2abb7d156a4","geometry":{"type":"Point","coordinates":[145.2692,-38.1322]},"properties":{"species":"Vombatus ursinus","eventDate":"2024-03-06","basisOfRecord":"OBSERVATION","license":"CC-BY 4.0 (Int)","coordinateUncertaintyM":10.0,"uncertaintyUnknown":false,"observationCount":1,"geographicOutlier":false}},{"type":"Feature","id":"2bdf95a1b060d4e7","geometry":{"type":"Point","coordinates":[149.46811,-34.460151]},"properties":{"species":"Vombatus ursinus","eventDate":"2024-03-06","basisOfRecord":"HUMAN_OBSERVATION","license":"CC-BY 4.0 (Int)","coordinateUncertaintyM":30.0,"uncertaintyUnknown":false,"observationCount":1,"geographicOutlier":false}},{"type":"Feature","id":"043b953d8e3769d8","geometry":{"type":"Point","coordinates":[150.037038,-33.023628]},"properties":{"species":"Vombatus ursinus","eventDate":"2024-03-05","basisOfRecord":"HUMAN_OBSERVATION","license":"CC-BY 4.0 (Int)","coordinateUncertaintyM":null,"uncertaintyUnknown":true,"observationCount":1,"geographicOutlier":false}},{"type":"Feature","id":"c426170a451afd64","geometry":{"type":"Point","coordinates":[147.46736,-38.10159]},"properties":{"species":"Vombatus ursinus","eventDate":"2024-03-05","basisOfRecord":"OCCURRENCE","license":"CC-BY 4.0 (Int)","coordinateUncertaintyM":10.0,"uncertaintyUnknown":false,"observationCount":2,"geographicOutlier":false}},{"type":"Feature","id":"ae37cabda1874c20","geometry":{"type":"Point","coordinates":[147.54623,-38.05959]},"properties":{"species":"Vombatus ursinus","eventDate":"2024-03-04","basisOfRecord":"OCCURRENCE","license":"CC-BY 4.0 (Int)","coordinateUncertaintyM":10.0,"uncertaintyUnknown":false,"observationCount":1,"geographicOutlier":false}},{"type":"Feature","id":"fb56859d1c5351e7","geometry":{"type":"Point","coordinates":[150.154703,-34.343705]},"properties":{"species":"Vombatus ursinus","eventDate":"2024-03-04","basisOfRecord":"HUMAN_OBSERVATION","license":"CC-BY 4.0 (Int)","coordinateUncertaintyM":500.0,"uncertaintyUnknown":false,"observationCount":1,"geographicOutlier":false}},{"type":"Feature","id":"9a93c54f4ed9501f","geometry":{"type":"Point","coordinates":[150.731787,-34.185333]},"properties":{"species":"Vombatus ursinus","eventDate":"2024-03-02","basisOfRecord":"HUMAN_OBSERVATION","license":"CC-BY 4.0 (Int)","coordinateUncertaintyM":30.0,"uncertaintyUnknown":false,"observationCount":2,"geographicOutlier":false}},{"type":"Feature","id":"18b50d2fca9e8ee7","geometry":{"type":"Point","coordinates":[146.80122,-36.65726]},"properties":{"species":"Vombatus ursinus","eventDate":"2024-03-01","basisOfRecord":"OCCURRENCE","license":"CC-BY 4.0 (Int)","coordinateUncertaintyM":10.0,"uncertaintyUnknown":false,"observationCount":1,"geographicOutlier":false}},{"type":"Feature","id":"9de019581e3d35e8","geometry":{"type":"Point","coordinates":[146.77356,-36.70291]},"properties":{"species":"Vombatus ursinus","eventDate":"2024-03-01","basisOfRecord":"OCCURRENCE","license":"CC-BY 4.0 (Int)","coordinateUncertaintyM":10.0,"uncertaintyUnknown":false,"observationCount":1,"geographicOutlier":false}},{"type":"Feature","id":"ab009de358a1b605","geometry":{"type":"Point","coordinates":[146.78212,-36.76688]},"properties":{"species":"Vombatus ursinus","eventDate":"2024-03-01","basisOfRecord":"OCCURRENCE","license":"CC-BY 4.0 (Int)","coordinateUncertaintyM":10.0,"uncertaintyUnknown":false,"observationCount":1,"geographicOutlier":false}},{"type":"Feature","id":"8bf5f6c49646db0f","geometry":{"type":"Point","coordinates":[146.84537,-36.7723]},"properties":{"species":"Vombatus ursinus","eventDate":"2024-03-01","basisOfRecord":"OCCURRENCE","license":"CC-BY 4.0 (Int)","coordinateUncertaintyM":10.0,"uncertaintyUnknown":false,"observationCount":1,"geographicOutlier":false}},{"type":"Feature","id":"e0b1fa86f1cf7432","geometry":{"type":"Point","coordinates":[146.82097,-36.68524]},"properties":{"species":"Vombatus ursinus","eventDate":"2024-03-01","basisOfRecord":"OCCURRENCE","license":"CC-BY 4.0 (Int)","coordinateUncertaintyM":10.0,"uncertaintyUnknown":false,"observationCount":1,"geographicOutlier":false}},{"type":"Feature","id":"5c284aee499d2d6d","geometry":{"type":"Point","coordinates":[146.81623,-36.73832]},"properties":{"species":"Vombatus ursinus","eventDate":"2024-03-01","basisOfRecord":"OCCURRENCE","license":"CC-BY 4.0 (Int)","coordinateUncertaintyM":10.0,"uncertaintyUnknown":false,"observationCount":1,"geographicOutlier":false}},{"type":"Feature","id":"84e6765eddc91af2","geometry":{"type":"Point","coordinates":[146.80864,-36.74733]},"properties":{"species":"Vombatus ursinus","eventDate":"2024-03-01","basisOfRecord":"OCCURRENCE","license":"CC-BY 4.0 (Int)","coordinateUncertaintyM":10.0,"uncertaintyUnknown":false,"observationCount":1,"geographicOutlier":false}},{"type":"Feature","id":"ecb3b9503079d525","geometry":{"type":"Point","coordinates":[146.77288,-36.72044]},"properties":{"species":"Vombatus ursinus","eventDate":"2024-03-01","basisOfRecord":"OCCURRENCE","license":"CC-BY 4.0 (Int)","coordinateUncertaintyM":10.0,"uncertaintyUnknown":false,"observationCount":1,"geographicOutlier":false}},{"type":"Feature","id":"20fd873c28a2b654","geometry":{"type":"Point","coordinates":[146.84389,-36.72297]},"properties":{"species":"Vombatus ursinus","eventDate":"2024-03-01","basisOfRecord":"OCCURRENCE","license":"CC-BY 4.0 (Int)","coordinateUncertaintyM":10.0,"uncertaintyUnknown":false,"observationCount":1,"geographicOutlier":false}},{"type":"Feature","id":"5da63a4c966c2a02","geometry":{"type":"Point","coordinates":[146.84823,-36.76568]},"properties":{"species":"Vombatus ursinus","eventDate":"2024-03-01","basisOfRecord":"OCCURRENCE","license":"CC-BY 4.0 (Int)","coordinateUncertaintyM":10.0,"uncertaintyUnknown":false,"observationCount":1,"geographicOutlier":false}},{"type":"Feature","id":"7be088cadc834597","geometry":{"type":"Point","coordinates":[146.82467,-36.67674]},"properties":{"species":"Vombatus ursinus","eventDate":"2024-03-01","basisOfRecord":"OCCURRENCE","license":"CC-BY 4.0 (Int)","coordinateUncertaintyM":10.0,"uncertaintyUnknown":false,"observationCount":1,"geographicOutlier":false}},{"type":"Feature","id":"5472f1c2222f4ab3","geometry":{"type":"Point","coordinates":[146.84831,-36.78579]},"properties":{"species":"Vombatus ursinus","eventDate":"2024-03-01","basisOfRecord":"OCCURRENCE","license":"CC-BY 4.0 (Int)","coordinateUncertaintyM":10.0,"uncertaintyUnknown":false,"observationCount":1,"geographicOutlier":false}},{"type":"Feature","id":"554dc720d37f1aba","geometry":{"type":"Point","coordinates":[150.28594,-34.164729]},"properties":{"species":"Vombatus ursinus","eventDate":"2024-02-28","basisOfRecord":"HUMAN_OBSERVATION","license":"CC-BY 4.0 (Int)","coordinateUncertaintyM":10.0,"uncertaintyUnknown":false,"observationCount":1,"geographicOutlier":false}},{"type":"Feature","id":"fa2aa23611321311","geometry":{"type":"Point","coordinates":[149.821627,-35.407548]},"properties":{"species":"Vombatus ursinus","eventDate":"2024-02-27","basisOfRecord":"HUMAN_OBSERVATION","license":"CC-BY 4.0 (Int)","coordinateUncertaintyM":500.0,"uncertaintyUnknown":false,"observationCount":3,"geographicOutlier":false}},{"type":"Feature","id":"c34e17e355f3558e","geometry":{"type":"Point","coordinates":[151.382598,-33.241402]},"properties":{"species":"Vombatus ursinus","eventDate":"2024-02-26","basisOfRecord":"HUMAN_OBSERVATION","license":"CC-BY 4.0 (Int)","coordinateUncertaintyM":30.0,"uncertaintyUnknown":false,"observationCount":1,"geographicOutlier":false}},{"type":"Feature","id":"1a0e37f170a4308d","geometry":{"type":"Point","coordinates":[150.772674,-34.47154]},"properties":{"species":"Vombatus ursinus","eventDate":"2024-02-25","basisOfRecord":"HUMAN_OBSERVATION","license":"CC-BY 4.0 (Int)","coordinateUncertaintyM":30.0,"uncertaintyUnknown":false,"observationCount":1,"geographicOutlier":false}},{"type":"Feature","id":"011a21c29640e535","geometry":{"type":"Point","coordinates":[150.647698,-33.987665]},"properties":{"species":"Vombatus ursinus","eventDate":"2024-02-22","basisOfRecord":"HUMAN_OBSERVATION","license":"CC-BY 4.0 (Int)","coordinateUncertaintyM":30.0,"uncertaintyUnknown":false,"observationCount":1,"geographicOutlier":false}},{"type":"Feature","id":"84bfa3343a3a68ad","geometry":{"type":"Point","coordinates":[150.735093,-34.554488]},"properties":{"species":"Vombatus ursinus","eventDate":"2024-02-21","basisOfRecord":"HUMAN_OBSERVATION","license":"CC-BY 4.0 (Int)","coordinateUncertaintyM":500.0,"uncertaintyUnknown":false,"observationCount":3,"geographicOutlier":false}},{"type":"Feature","id":"7e5f2787dc77956f","geometry":{"type":"Point","coordinates":[145.2803,-38.1318]},"properties":{"species":"Vombatus ursinus","eventDate":"2024-02-19","basisOfRecord":"OBSERVATION","license":"CC-BY 4.0 (Int)","coordinateUncertaintyM":10.0,"uncertaintyUnknown":false,"observationCount":1,"geographicOutlier":false}},{"type":"Feature","id":"f50f1dd5c82774e2","geometry":{"type":"Point","coordinates":[150.497477,-34.364508]},"properties":{"species":"Vombatus ursinus","eventDate":"2024-02-19","basisOfRecord":"HUMAN_OBSERVATION","license":"CC-BY 4.0 (Int)","coordinateUncertaintyM":30.0,"uncertaintyUnknown":false,"observationCount":1,"geographicOutlier":false}},{"type":"Feature","id":"a47e184dd5d15eae","geometry":{"type":"Point","coordinates":[149.729047,-34.76835]},"properties":{"species":"Vombatus ursinus","eventDate":"2024-02-17","basisOfRecord":"HUMAN_OBSERVATION","license":"CC-BY 4.0 (Int)","coordinateUncertaintyM":30.0,"uncertaintyUnknown":false,"observationCount":1,"geographicOutlier":false}},{"type":"Feature","id":"d6555e1f1f161b86","geometry":{"type":"Point","coordinates":[150.40994,-34.450845]},"properties":{"species":"Vombatus ursinus","eventDate":"2024-02-14","basisOfRecord":"HUMAN_OBSERVATION","license":"CC-BY 4.0 (Int)","coordinateUncertaintyM":5.0,"uncertaintyUnknown":false,"observationCount":1,"geographicOutlier":false}},{"type":"Feature","id":"05b2b21ae8e05af1","geometry":{"type":"Point","coordinates":[149.904471,-36.884333]},"properties":{"species":"Vombatus ursinus","eventDate":"2024-02-14","basisOfRecord":"HUMAN_OBSERVATION","license":"CC-BY 4.0 (Int)","coordinateUncertaintyM":30.0,"uncertaintyUnknown":false,"observationCount":1,"geographicOutlier":false}},{"type":"Feature","id":"6c36dfa0e04c50c0","geometry":{"type":"Point","coordinates":[150.391849,-34.479523]},"properties":{"species":"Vombatus ursinus","eventDate":"2024-02-13","basisOfRecord":"HUMAN_OBSERVATION","license":"CC-BY 4.0 (Int)","coordinateUncertaintyM":500.0,"uncertaintyUnknown":false,"observationCount":2,"geographicOutlier":false}},{"type":"Feature","id":"00383e665e7214b7","geometry":{"type":"Point","coordinates":[149.593578,-35.008947]},"properties":{"species":"Vombatus ursinus","eventDate":"2024-02-11","basisOfRecord":"HUMAN_OBSERVATION","license":"CC-BY 4.0 (Int)","coordinateUncertaintyM":30.0,"uncertaintyUnknown":false,"observationCount":1,"geographicOutlier":false}},{"type":"Feature","id":"9937f992086e8d31","geometry":{"type":"Point","coordinates":[147.56927,-36.47878]},"properties":{"species":"Vombatus ursinus","eventDate":"2024-02-09","basisOfRecord":"OCCURRENCE","license":"CC-BY 4.0 (Int)","coordinateUncertaintyM":10.0,"uncertaintyUnknown":false,"observationCount":1,"geographicOutlier":false}},{"type":"Feature","id":"c37fe39074eddb21","geometry":{"type":"Point","coordinates":[150.317907,-34.430995]},"properties":{"species":"Vombatus ursinus","eventDate":"2024-02-09","basisOfRecord":"HUMAN_OBSERVATION","license":"CC-BY 4.0 (Int)","coordinateUncertaintyM":30.0,"uncertaintyUnknown":false,"observationCount":1,"geographicOutlier":false}},{"type":"Feature","id":"6c51900a4ae2b8f5","geometry":{"type":"Point","coordinates":[147.50508,-36.29048]},"properties":{"species":"Vombatus ursinus","eventDate":"2024-02-08","basisOfRecord":"OCCURRENCE","license":"CC-BY 4.0 (Int)","coordinateUncertaintyM":10.0,"uncertaintyUnknown":false,"observationCount":1,"geographicOutlier":false}},{"type":"Feature","id":"f245679dd9066ba6","geometry":{"type":"Point","coordinates":[149.834847,-37.189455]},"properties":{"species":"Vombatus ursinus","eventDate":"2024-02-07","basisOfRecord":"HUMAN_OBSERVATION","license":"CC-BY 4.0 (Int)","coordinateUncertaintyM":10.0,"uncertaintyUnknown":false,"observationCount":1,"geographicOutlier":false}},{"type":"Feature","id":"dfc81b6200b01d41","geometry":{"type":"Point","coordinates":[146.24391,-36.74642]},"properties":{"species":"Vombatus ursinus","eventDate":"2024-02-07","basisOfRecord":"OCCURRENCE","license":"CC-BY 4.0 (Int)","coordinateUncertaintyM":1.0,"uncertaintyUnknown":false,"observationCount":2,"geographicOutlier":false}},{"type":"Feature","id":"cec4c00e07b3727f","geometry":{"type":"Point","coordinates":[146.21117,-36.75423]},"properties":{"species":"Vombatus ursinus","eventDate":"2024-02-06","basisOfRecord":"OCCURRENCE","license":"CC-BY 4.0 (Int)","coordinateUncertaintyM":1.0,"uncertaintyUnknown":false,"observationCount":1,"geographicOutlier":false}},{"type":"Feature","id":"febe1e7c9924cda0","geometry":{"type":"Point","coordinates":[150.536845,-34.845513]},"properties":{"species":"Vombatus ursinus","eventDate":"2024-02-03","basisOfRecord":"HUMAN_OBSERVATION","license":"CC-BY 4.0 (Int)","coordinateUncertaintyM":500.0,"uncertaintyUnknown":false,"observationCount":1,"geographicOutlier":false}},{"type":"Feature","id":"6201c211e203d3b9","geometry":{"type":"Point","coordinates":[146.08999,-36.88321]},"properties":{"species":"Vombatus ursinus","eventDate":"2024-02-03","basisOfRecord":"OCCURRENCE","license":"CC-BY 4.0 (Int)","coordinateUncertaintyM":1.0,"uncertaintyUnknown":false,"observationCount":5,"geographicOutlier":false}},{"type":"Feature","id":"25319ee7d097938f","geometry":{"type":"Point","coordinates":[150.459098,-34.457438]},"properties":{"species":"Vombatus ursinus","eventDate":"2024-02-02","basisOfRecord":"HUMAN_OBSERVATION","license":"CC-BY 4.0 (Int)","coordinateUncertaintyM":30.0,"uncertaintyUnknown":false,"observationCount":1,"geographicOutlier":false}},{"type":"Feature","id":"efbdba05e72bc683","geometry":{"type":"Point","coordinates":[146.591519,-42.010344]},"properties":{"species":"Vombatus ursinus","eventDate":"2024-01-31","basisOfRecord":"HUMAN_OBSERVATION","license":"CC-BY 4.0 (Int)","coordinateUncertaintyM":null,"uncertaintyUnknown":true,"observationCount":1,"geographicOutlier":false}},{"type":"Feature","id":"193a0e2d6395a54e","geometry":{"type":"Point","coordinates":[151.370205,-33.147751]},"properties":{"species":"Vombatus ursinus","eventDate":"2024-01-31","basisOfRecord":"HUMAN_OBSERVATION","license":"CC-BY 4.0 (Int)","coordinateUncertaintyM":30.0,"uncertaintyUnknown":false,"observationCount":1,"geographicOutlier":false}},{"type":"Feature","id":"e211dab789716bac","geometry":{"type":"Point","coordinates":[146.09993,-36.83544]},"properties":{"species":"Vombatus ursinus","eventDate":"2024-01-30","basisOfRecord":"OCCURRENCE","license":"CC-BY 4.0 (Int)","coordinateUncertaintyM":1.0,"uncertaintyUnknown":false,"observationCount":1,"geographicOutlier":false}},{"type":"Feature","id":"34ef73fb35c50037","geometry":{"type":"Point","coordinates":[149.900605,-37.271537]},"properties":{"species":"Vombatus ursinus","eventDate":"2024-01-29","basisOfRecord":"HUMAN_OBSERVATION","license":"CC-BY 4.0 (Int)","coordinateUncertaintyM":10.0,"uncertaintyUnknown":false,"observationCount":1,"geographicOutlier":false}},{"type":"Feature","id":"06b7b29a204289ed","geometry":{"type":"Point","coordinates":[149.183441,-33.447325]},"properties":{"species":"Vombatus ursinus","eventDate":"2024-01-28","basisOfRecord":"HUMAN_OBSERVATION","license":"CC-BY 4.0 (Int)","coordinateUncertaintyM":30.0,"uncertaintyUnknown":false,"observationCount":1,"geographicOutlier":false}},{"type":"Feature","id":"ade0b0871c229275","geometry":{"type":"Point","coordinates":[146.2869,-38.946264]},"properties":{"species":"Vombatus ursinus","eventDate":"2024-01-25","basisOfRecord":"HUMAN_OBSERVATION","license":"CC-BY 4.0 (Int)","coordinateUncertaintyM":1388.0,"uncertaintyUnknown":false,"observationCount":1,"geographicOutlier":false}},{"type":"Feature","id":"5f5bf5dcf00a1c84","geometry":{"type":"Point","coordinates":[149.36961,-37.72028]},"properties":{"species":"Vombatus ursinus","eventDate":"2024-01-25","basisOfRecord":"OCCURRENCE","license":"CC-BY 4.0 (Int)","coordinateUncertaintyM":10.0,"uncertaintyUnknown":false,"observationCount":2,"geographicOutlier":false}},{"type":"Feature","id":"426bf7fe81f20599","geometry":{"type":"Point","coordinates":[146.321762,-39.030105]},"properties":{"species":"Vombatus ursinus","eventDate":"2024-01-24","basisOfRecord":"HUMAN_OBSERVATION","license":"CC-BY 4.0 (Int)","coordinateUncertaintyM":9.0,"uncertaintyUnknown":false,"observationCount":1,"geographicOutlier":false}},{"type":"Feature","id":"e9f8131fa9a61559","geometry":{"type":"Point","coordinates":[150.046261,-33.116754]},"properties":{"species":"Vombatus ursinus","eventDate":"2024-01-24","basisOfRecord":"HUMAN_OBSERVATION","license":"CC-BY 4.0 (Int)","coordinateUncertaintyM":10.0,"uncertaintyUnknown":false,"observationCount":1,"geographicOutlier":false}},{"type":"Feature","id":"c9f46b0b6d5dce16","geometry":{"type":"Point","coordinates":[149.17081,-37.30382]},"properties":{"species":"Vombatus ursinus","eventDate":"2024-01-23","basisOfRecord":"OCCURRENCE","license":"CC-BY 4.0 (Int)","coordinateUncertaintyM":10.0,"uncertaintyUnknown":false,"observationCount":2,"geographicOutlier":false}},{"type":"Feature","id":"9e3e4db27df24312","geometry":{"type":"Point","coordinates":[149.746792,-34.73561]},"properties":{"species":"Vombatus ursinus","eventDate":"2024-01-23","basisOfRecord":"HUMAN_OBSERVATION","license":"CC-BY 4.0 (Int)","coordinateUncertaintyM":30.0,"uncertaintyUnknown":false,"observationCount":1,"geographicOutlier":false}},{"type":"Feature","id":"3fbc7ffb49d9ec1f","geometry":{"type":"Point","coordinates":[148.93109,-37.23481]},"properties":{"species":"Vombatus ursinus","eventDate":"2024-01-22","basisOfRecord":"OCCURRENCE","license":"CC-BY 4.0 (Int)","coordinateUncertaintyM":10.0,"uncertaintyUnknown":false,"observationCount":2,"geographicOutlier":false}},{"type":"Feature","id":"74c35fa3b64958ef","geometry":{"type":"Point","coordinates":[148.92157,-33.907601]},"properties":{"species":"Vombatus ursinus","eventDate":"2024-01-21","basisOfRecord":"HUMAN_OBSERVATION","license":"CC-BY 4.0 (Int)","coordinateUncertaintyM":500.0,"uncertaintyUnknown":false,"observationCount":1,"geographicOutlier":false}},{"type":"Feature","id":"fe3ccd4518a7a8b8","geometry":{"type":"Point","coordinates":[150.497,-33.01269]},"properties":{"species":"Vombatus ursinus","eventDate":"2024-01-19","basisOfRecord":"HUMAN_OBSERVATION","license":"CC-BY 4.0 (Int)","coordinateUncertaintyM":10.0,"uncertaintyUnknown":false,"observationCount":1,"geographicOutlier":false}},{"type":"Feature","id":"c72f514bab4b96b5","geometry":{"type":"Point","coordinates":[146.08989,-36.87733]},"properties":{"species":"Vombatus ursinus","eventDate":"2024-01-18","basisOfRecord":"OCCURRENCE","license":"CC-BY 4.0 (Int)","coordinateUncertaintyM":1.0,"uncertaintyUnknown":false,"observationCount":1,"geographicOutlier":false}},{"type":"Feature","id":"44f21116b6bfa2f0","geometry":{"type":"Point","coordinates":[148.63523,-37.65754]},"properties":{"species":"Vombatus ursinus","eventDate":"2024-01-16","basisOfRecord":"OCCURRENCE","license":"CC-BY 4.0 (Int)","coordinateUncertaintyM":10.0,"uncertaintyUnknown":false,"observationCount":1,"geographicOutlier":false}},{"type":"Feature","id":"097a868d351e6fde","geometry":{"type":"Point","coordinates":[150.046375,-33.013944]},"properties":{"species":"Vombatus ursinus","eventDate":"2024-01-16","basisOfRecord":"HUMAN_OBSERVATION","license":"CC-BY 4.0 (Int)","coordinateUncertaintyM":5.0,"uncertaintyUnknown":false,"observationCount":2,"geographicOutlier":false}},{"type":"Feature","id":"0f9f2453b97278d3","geometry":{"type":"Point","coordinates":[148.254473,-36.584868]},"properties":{"species":"Vombatus ursinus","eventDate":"2024-01-15","basisOfRecord":"HUMAN_OBSERVATION","license":"CC-BY 4.0 (Int)","coordinateUncertaintyM":3.0,"uncertaintyUnknown":false,"observationCount":1,"geographicOutlier":false}},{"type":"Feature","id":"161a4f2b7dff3c46","geometry":{"type":"Point","coordinates":[150.31916,-34.407181]},"properties":{"species":"Vombatus ursinus","eventDate":"2024-01-14","basisOfRecord":"HUMAN_OBSERVATION","license":"CC-BY 4.0 (Int)","coordinateUncertaintyM":500.0,"uncertaintyUnknown":false,"observationCount":1,"geographicOutlier":false}},{"type":"Feature","id":"97076536b2b0e08d","geometry":{"type":"Point","coordinates":[148.226421,-36.658416]},"properties":{"species":"Vombatus ursinus","eventDate":"2024-01-13","basisOfRecord":"HUMAN_OBSERVATION","license":"CC-BY 4.0 (Int)","coordinateUncertaintyM":3.0,"uncertaintyUnknown":false,"observationCount":1,"geographicOutlier":false}},{"type":"Feature","id":"ef74ef8a5645a99b","geometry":{"type":"Point","coordinates":[150.73071,-34.673113]},"properties":{"species":"Vombatus ursinus","eventDate":"2024-01-12","basisOfRecord":"HUMAN_OBSERVATION","license":"CC-BY 4.0 (Int)","coordinateUncertaintyM":500.0,"uncertaintyUnknown":false,"observationCount":1,"geographicOutlier":false}},{"type":"Feature","id":"1c4f04af689accf6","geometry":{"type":"Point","coordinates":[150.046934,-33.109515]},"properties":{"species":"Vombatus ursinus","eventDate":"2024-01-11","basisOfRecord":"HUMAN_OBSERVATION","license":"CC-BY 4.0 (Int)","coordinateUncertaintyM":10.0,"uncertaintyUnknown":false,"observationCount":1,"geographicOutlier":false}},{"type":"Feature","id":"b48f36769f93dc19","geometry":{"type":"Point","coordinates":[148.24958,-36.693467]},"properties":{"species":"Vombatus ursinus","eventDate":"2024-01-10","basisOfRecord":"HUMAN_OBSERVATION","license":"CC-BY 4.0 (Int)","coordinateUncertaintyM":2.0,"uncertaintyUnknown":false,"observationCount":1,"geographicOutlier":false}},{"type":"Feature","id":"014f83c01cae90ac","geometry":{"type":"Point","coordinates":[150.504,-35.096]},"properties":{"species":"Vombatus ursinus","eventDate":"2024-01-09","basisOfRecord":"HUMAN_OBSERVATION","license":"CC-BY 4.0 (Int)","coordinateUncertaintyM":10.0,"uncertaintyUnknown":false,"observationCount":1,"geographicOutlier":false}},{"type":"Feature","id":"dd505bfc2094dbc4","geometry":{"type":"Point","coordinates":[144.68559,-41.100765]},"properties":{"species":"Vombatus ursinus","eventDate":"2024-01-08","basisOfRecord":"HUMAN_OBSERVATION","license":"CC-BY 4.0 (Int)","coordinateUncertaintyM":null,"uncertaintyUnknown":true,"observationCount":1,"geographicOutlier":false}},{"type":"Feature","id":"5321b65ba0e4874f","geometry":{"type":"Point","coordinates":[149.670592,-36.713918]},"properties":{"species":"Vombatus ursinus","eventDate":"2024-01-07","basisOfRecord":"HUMAN_OBSERVATION","license":"CC-BY 4.0 (Int)","coordinateUncertaintyM":30.0,"uncertaintyUnknown":false,"observationCount":1,"geographicOutlier":false}},{"type":"Feature","id":"12e366b1d6b33f7f","geometry":{"type":"Point","coordinates":[150.502495,-34.724464]},"properties":{"species":"Vombatus ursinus","eventDate":"2024-01-06","basisOfRecord":"HUMAN_OBSERVATION","license":"CC-BY 4.0 (Int)","coordinateUncertaintyM":500.0,"uncertaintyUnknown":false,"observationCount":8,"geographicOutlier":false}},{"type":"Feature","id":"e2b4f98d8e70f4c1","geometry":{"type":"Point","coordinates":[150.603017,-34.846901]},"properties":{"species":"Vombatus ursinus","eventDate":"2024-01-04","basisOfRecord":"HUMAN_OBSERVATION","license":"CC-BY 4.0 (Int)","coordinateUncertaintyM":500.0,"uncertaintyUnknown":false,"observationCount":2,"geographicOutlier":false}},{"type":"Feature","id":"f1e9aa3cd0901319","geometry":{"type":"Point","coordinates":[149.152622,-35.743149]},"properties":{"species":"Vombatus ursinus","eventDate":"2024-01-04","basisOfRecord":"HUMAN_OBSERVATION","license":"CC-BY 4.0 (Int)","coordinateUncertaintyM":500.0,"uncertaintyUnknown":false,"observationCount":1,"geographicOutlier":false}},{"type":"Feature","id":"bba53532c317c9ee","geometry":{"type":"Point","coordinates":[150.606745,-34.227566]},"properties":{"species":"Vombatus ursinus","eventDate":"2024-01-01","basisOfRecord":"HUMAN_OBSERVATION","license":"CC-BY 4.0 (Int)","coordinateUncertaintyM":1000.0,"uncertaintyUnknown":false,"observationCount":1,"geographicOutlier":false}},{"type":"Feature","id":"17098eb9bc6cd50b","geometry":{"type":"Point","coordinates":[151.374982,-33.177355]},"properties":{"species":"Vombatus ursinus","eventDate":"2024-01-01","basisOfRecord":"HUMAN_OBSERVATION","license":"CC-BY 4.0 (Int)","coordinateUncertaintyM":500.0,"uncertaintyUnknown":false,"observationCount":2,"geographicOutlier":false}},{"type":"Feature","id":"c6d9bb826c233539","geometry":{"type":"Point","coordinates":[151.196843,-33.547147]},"properties":{"species":"Vombatus ursinus","eventDate":"2023-12-29","basisOfRecord":"HUMAN_OBSERVATION","license":"CC-BY 4.0 (Int)","coordinateUncertaintyM":500.0,"uncertaintyUnknown":false,"observationCount":1,"geographicOutlier":false}},{"type":"Feature","id":"10ff1bf60467cdf8","geometry":{"type":"Point","coordinates":[151.432443,-33.084917]},"properties":{"species":"Vombatus ursinus","eventDate":"2023-12-27","basisOfRecord":"HUMAN_OBSERVATION","license":"CC-BY 4.0 (Int)","coordinateUncertaintyM":30.0,"uncertaintyUnknown":false,"observationCount":1,"geographicOutlier":false}},{"type":"Feature","id":"38b43ce75078d535","geometry":{"type":"Point","coordinates":[151.156816,-33.781693]},"properties":{"species":"Vombatus ursinus","eventDate":"2023-12-26","basisOfRecord":"HUMAN_OBSERVATION","license":"CC-BY 4.0 (Int)","coordinateUncertaintyM":30.0,"uncertaintyUnknown":false,"observationCount":1,"geographicOutlier":false}},{"type":"Feature","id":"18274e037451271d","geometry":{"type":"Point","coordinates":[140.63188,-37.17473]},"properties":{"species":"Vombatus ursinus","eventDate":"2023-12-21","basisOfRecord":"HUMAN_OBSERVATION","license":"CC-BY 4.0 (Int)","coordinateUncertaintyM":250.0,"uncertaintyUnknown":false,"observationCount":1,"geographicOutlier":true}},{"type":"Feature","id":"49ea81719a502a0a","geometry":{"type":"Point","coordinates":[149.941972,-32.346711]},"properties":{"species":"Vombatus ursinus","eventDate":"2023-12-18","basisOfRecord":"HUMAN_OBSERVATION","license":"CC-BY 4.0 (Int)","coordinateUncertaintyM":100.0,"uncertaintyUnknown":false,"observationCount":1,"geographicOutlier":false}},{"type":"Feature","id":"bf347e9e19477412","geometry":{"type":"Point","coordinates":[150.154149,-34.578346]},"properties":{"species":"Vombatus ursinus","eventDate":"2023-12-15","basisOfRecord":"HUMAN_OBSERVATION","license":"CC-BY 4.0 (Int)","coordinateUncertaintyM":30.0,"uncertaintyUnknown":false,"observationCount":1,"geographicOutlier":false}},{"type":"Feature","id":"0ff99d77f8807ffb","geometry":{"type":"Point","coordinates":[148.765671,-35.998048]},"properties":{"species":"Vombatus ursinus","eventDate":"2023-12-13","basisOfRecord":"HUMAN_OBSERVATION","license":"CC-BY 4.0 (Int)","coordinateUncertaintyM":500.0,"uncertaintyUnknown":false,"observationCount":1,"geographicOutlier":false}},{"type":"Feature","id":"e47f353140706730","geometry":{"type":"Point","coordinates":[150.953777,-33.549661]},"properties":{"species":"Vombatus ursinus","eventDate":"2023-12-12","basisOfRecord":"HUMAN_OBSERVATION","license":"CC-BY 4.0 (Int)","coordinateUncertaintyM":500.0,"uncertaintyUnknown":false,"observationCount":1,"geographicOutlier":false}},{"type":"Feature","id":"050c5a2766981e25","geometry":{"type":"Point","coordinates":[149.433911,-37.12664]},"properties":{"species":"Vombatus ursinus","eventDate":"2023-12-12","basisOfRecord":"HUMAN_OBSERVATION","license":"CC-BY 4.0 (Int)","coordinateUncertaintyM":3.0,"uncertaintyUnknown":false,"observationCount":21,"geographicOutlier":false}},{"type":"Feature","id":"4028ca6eca92316e","geometry":{"type":"Point","coordinates":[150.170112,-33.385601]},"properties":{"species":"Vombatus ursinus","eventDate":"2023-12-11","basisOfRecord":"HUMAN_OBSERVATION","license":"CC-BY 4.0 (Int)","coordinateUncertaintyM":1.0,"uncertaintyUnknown":false,"observationCount":1,"geographicOutlier":false}},{"type":"Feature","id":"e5e3baf6f3691271","geometry":{"type":"Point","coordinates":[149.727325,-34.722927]},"properties":{"species":"Vombatus ursinus","eventDate":"2023-12-08","basisOfRecord":"HUMAN_OBSERVATION","license":"CC-BY 4.0 (Int)","coordinateUncertaintyM":30.0,"uncertaintyUnknown":false,"observationCount":1,"geographicOutlier":false}},{"type":"Feature","id":"d37d85af20f52928","geometry":{"type":"Point","coordinates":[150.07196,-36.379258]},"properties":{"species":"Vombatus ursinus","eventDate":"2023-12-07","basisOfRecord":"HUMAN_OBSERVATION","license":"CC-BY 4.0 (Int)","coordinateUncertaintyM":30.0,"uncertaintyUnknown":false,"observationCount":1,"geographicOutlier":false}},{"type":"Feature","id":"8f9a68b5cc414fe4","geometry":{"type":"Point","coordinates":[145.67157,-37.98288]},"properties":{"species":"Vombatus ursinus","eventDate":"2023-12-07","basisOfRecord":"OCCURRENCE","license":"CC-BY 4.0 (Int)","coordinateUncertaintyM":2.0,"uncertaintyUnknown":false,"observationCount":1,"geographicOutlier":false}},{"type":"Feature","id":"0e754d7dac3da3ab","geometry":{"type":"Point","coordinates":[150.198464,-33.428698]},"properties":{"species":"Vombatus ursinus","eventDate":"2023-12-06","basisOfRecord":"HUMAN_OBSERVATION","license":"CC-BY 4.0 (Int)","coordinateUncertaintyM":1.0,"uncertaintyUnknown":false,"observationCount":1,"geographicOutlier":false}},{"type":"Feature","id":"b2dd4a6f8addf862","geometry":{"type":"Point","coordinates":[150.196251,-33.400881]},"properties":{"species":"Vombatus ursinus","eventDate":"2023-12-05","basisOfRecord":"HUMAN_OBSERVATION","license":"CC-BY 4.0 (Int)","coordinateUncertaintyM":1.0,"uncertaintyUnknown":false,"observationCount":1,"geographicOutlier":false}},{"type":"Feature","id":"5767adc1935b8ad5","geometry":{"type":"Point","coordinates":[150.2038,-33.391404]},"properties":{"species":"Vombatus ursinus","eventDate":"2023-12-05","basisOfRecord":"HUMAN_OBSERVATION","license":"CC-BY 4.0 (Int)","coordinateUncertaintyM":1.0,"uncertaintyUnknown":false,"observationCount":1,"geographicOutlier":false}},{"type":"Feature","id":"ad73bf163f1a3fa7","geometry":{"type":"Point","coordinates":[150.159038,-33.367271]},"properties":{"species":"Vombatus ursinus","eventDate":"2023-12-04","basisOfRecord":"HUMAN_OBSERVATION","license":"CC-BY 4.0 (Int)","coordinateUncertaintyM":1.0,"uncertaintyUnknown":false,"observationCount":1,"geographicOutlier":false}},{"type":"Feature","id":"d8445582a5c27c00","geometry":{"type":"Point","coordinates":[145.46495,-37.12022]},"properties":{"species":"Vombatus ursinus","eventDate":"2023-12-03","basisOfRecord":"OCCURRENCE","license":"CC-BY 4.0 (Int)","coordinateUncertaintyM":30.0,"uncertaintyUnknown":false,"observationCount":1,"geographicOutlier":false}},{"type":"Feature","id":"c6d9331f5baddecd","geometry":{"type":"Point","coordinates":[150.570157,-34.918986]},"properties":{"species":"Vombatus ursinus","eventDate":"2023-12-03","basisOfRecord":"HUMAN_OBSERVATION","license":"CC-BY 4.0 (Int)","coordinateUncertaintyM":30.0,"uncertaintyUnknown":false,"observationCount":1,"geographicOutlier":false}},{"type":"Feature","id":"ec7abde29665a29b","geometry":{"type":"Point","coordinates":[149.888283,-33.385222]},"properties":{"species":"Vombatus ursinus","eventDate":"2023-12-01","basisOfRecord":"HUMAN_OBSERVATION","license":"CC-BY 4.0 (Int)","coordinateUncertaintyM":500.0,"uncertaintyUnknown":false,"observationCount":1,"geographicOutlier":false}},{"type":"Feature","id":"89f581fdd3d6cc29","geometry":{"type":"Point","coordinates":[150.276035,-33.640338]},"properties":{"species":"Vombatus ursinus","eventDate":"2023-11-30","basisOfRecord":"HUMAN_OBSERVATION","license":"CC-BY 4.0 (Int)","coordinateUncertaintyM":500.0,"uncertaintyUnknown":false,"observationCount":1,"geographicOutlier":false}},{"type":"Feature","id":"461c251f3148b332","geometry":{"type":"Point","coordinates":[148.680985,-33.822584]},"properties":{"species":"Vombatus ursinus","eventDate":"2023-11-28","basisOfRecord":"HUMAN_OBSERVATION","license":"CC-BY 4.0 (Int)","coordinateUncertaintyM":30.0,"uncertaintyUnknown":false,"observationCount":1,"geographicOutlier":false}},{"type":"Feature","id":"3f5c5c1429eb0564","geometry":{"type":"Point","coordinates":[150.787157,-34.691032]},"properties":{"species":"Vombatus ursinus","eventDate":"2023-11-26","basisOfRecord":"HUMAN_OBSERVATION","license":"CC-BY 4.0 (Int)","coordinateUncertaintyM":30.0,"uncertaintyUnknown":false,"observationCount":1,"geographicOutlier":false}},{"type":"Feature","id":"1604f3b046be501b","geometry":{"type":"Point","coordinates":[149.128921,-36.242565]},"properties":{"species":"Vombatus ursinus","eventDate":"2023-11-24","basisOfRecord":"HUMAN_OBSERVATION","license":"CC-BY 4.0 (Int)","coordinateUncertaintyM":30.0,"uncertaintyUnknown":false,"observationCount":1,"geographicOutlier":false}},{"type":"Feature","id":"effd075ba8aa04d3","geometry":{"type":"Point","coordinates":[145.7458,-38.0311]},"properties":{"species":"Vombatus ursinus","eventDate":"2023-11-23","basisOfRecord":"OCCURRENCE","license":"CC-BY 4.0 (Int)","coordinateUncertaintyM":2.0,"uncertaintyUnknown":false,"observationCount":1,"geographicOutlier":false}},{"type":"Feature","id":"0c76c95b70dc054f","geometry":{"type":"Point","coordinates":[149.645034,-36.92915]},"properties":{"species":"Vombatus ursinus","eventDate":"2023-11-22","basisOfRecord":"HUMAN_OBSERVATION","license":"CC-BY 4.0 (Int)","coordinateUncertaintyM":30.0,"uncertaintyUnknown":false,"observationCount":1,"geographicOutlier":false}},{"type":"Feature","id":"0c5412519f92c3f9","geometry":{"type":"Point","coordinates":[149.793421,-37.245634]},"properties":{"species":"Vombatus ursinus","eventDate":"2023-11-21","basisOfRecord":"HUMAN_OBSERVATION","license":"CC-BY 4.0 (Int)","coordinateUncertaintyM":10.0,"uncertaintyUnknown":false,"observationCount":1,"geographicOutlier":false}},{"type":"Feature","id":"31c0cbb39efc42d3","geometry":{"type":"Point","coordinates":[150.556289,-34.785637]},"properties":{"species":"Vombatus ursinus","eventDate":"2023-11-21","basisOfRecord":"HUMAN_OBSERVATION","license":"CC-BY 4.0 (Int)","coordinateUncertaintyM":30.0,"uncertaintyUnknown":false,"observationCount":1,"geographicOutlier":false}},{"type":"Feature","id":"44e39c4109ad69ab","geometry":{"type":"Point","coordinates":[144.19901,-37.42841]},"properties":{"species":"Vombatus ursinus","eventDate":"2023-11-20","basisOfRecord":"OCCURRENCE","license":"CC-BY 4.0 (Int)","coordinateUncertaintyM":5.0,"uncertaintyUnknown":false,"observationCount":1,"geographicOutlier":false}},{"type":"Feature","id":"82670a3989f4e30f","geometry":{"type":"Point","coordinates":[149.773665,-36.735129]},"properties":{"species":"Vombatus ursinus","eventDate":"2023-11-20","basisOfRecord":"HUMAN_OBSERVATION","license":"CC-BY 4.0 (Int)","coordinateUncertaintyM":500.0,"uncertaintyUnknown":false,"observationCount":1,"geographicOutlier":false}},{"type":"Feature","id":"697fc8d225ee27d6","geometry":{"type":"Point","coordinates":[144.25603,-37.3493]},"properties":{"species":"Vombatus ursinus","eventDate":"2023-11-16","basisOfRecord":"OCCURRENCE","license":"CC-BY 4.0 (Int)","coordinateUncertaintyM":5.0,"uncertaintyUnknown":false,"observationCount":1,"geographicOutlier":false}},{"type":"Feature","id":"ecd6d858946a8f94","geometry":{"type":"Point","coordinates":[144.24959,-37.34265]},"properties":{"species":"Vombatus ursinus","eventDate":"2023-11-16","basisOfRecord":"OCCURRENCE","license":"CC-BY 4.0 (Int)","coordinateUncertaintyM":5.0,"uncertaintyUnknown":false,"observationCount":1,"geographicOutlier":false}},{"type":"Feature","id":"3533a7d164ff0018","geometry":{"type":"Point","coordinates":[144.2792,-37.33749]},"properties":{"species":"Vombatus ursinus","eventDate":"2023-11-14","basisOfRecord":"OCCURRENCE","license":"CC-BY 4.0 (Int)","coordinateUncertaintyM":5.0,"uncertaintyUnknown":false,"observationCount":1,"geographicOutlier":false}},{"type":"Feature","id":"37f1c19ce2f5bd85","geometry":{"type":"Point","coordinates":[147.88281,-37.24401]},"properties":{"species":"Vombatus ursinus","eventDate":"2023-11-14","basisOfRecord":"OBSERVATION","license":"CC-BY 4.0 (Int)","coordinateUncertaintyM":10.0,"uncertaintyUnknown":false,"observationCount":1,"geographicOutlier":false}},{"type":"Feature","id":"086b25e207a308ba","geometry":{"type":"Point","coordinates":[149.913489,-32.465384]},"properties":{"species":"Vombatus ursinus","eventDate":"2023-11-14","basisOfRecord":"HUMAN_OBSERVATION","license":"CC-BY 4.0 (Int)","coordinateUncertaintyM":100.0,"uncertaintyUnknown":false,"observationCount":1,"geographicOutlier":false}},{"type":"Feature","id":"e44d808e4fae7d4d","geometry":{"type":"Point","coordinates":[150.262991,-33.419015]},"properties":{"species":"Vombatus ursinus","eventDate":"2023-11-13","basisOfRecord":"HUMAN_OBSERVATION","license":"CC-BY 4.0 (Int)","coordinateUncertaintyM":1.0,"uncertaintyUnknown":false,"observationCount":3,"geographicOutlier":false}},{"type":"Feature","id":"fd0db7d328b1d4ee","geometry":{"type":"Point","coordinates":[145.41673,-37.91474]},"properties":{"species":"Vombatus ursinus","eventDate":"2023-11-12","basisOfRecord":"OBSERVATION","license":"CC-BY 4.0 (Int)","coordinateUncertaintyM":50.0,"uncertaintyUnknown":false,"observationCount":1,"geographicOutlier":false}},{"type":"Feature","id":"9cad23e58cfc333d","geometry":{"type":"Point","coordinates":[150.963186,-33.586973]},"properties":{"species":"Vombatus ursinus","eventDate":"2023-11-11","basisOfRecord":"HUMAN_OBSERVATION","license":"CC-BY 4.0 (Int)","coordinateUncertaintyM":100.0,"uncertaintyUnknown":false,"observationCount":1,"geographicOutlier":false}},{"type":"Feature","id":"3ff54b0b2ae1d490","geometry":{"type":"Point","coordinates":[150.406531,-35.297622]},"properties":{"species":"Vombatus ursinus","eventDate":"2023-11-09","basisOfRecord":"HUMAN_OBSERVATION","license":"CC-BY 4.0 (Int)","coordinateUncertaintyM":30.0,"uncertaintyUnknown":false,"observationCount":1,"geographicOutlier":false}},{"type":"Feature","id":"281219cbf8cabdbe","geometry":{"type":"Point","coordinates":[150.583153,-34.719644]},"properties":{"species":"Vombatus ursinus","eventDate":"2023-11-09","basisOfRecord":"HUMAN_OBSERVATION","license":"CC-BY 4.0 (Int)","coordinateUncertaintyM":40.0,"uncertaintyUnknown":false,"observationCount":1,"geographicOutlier":false}},{"type":"Feature","id":"80c8af329e04810b","geometry":{"type":"Point","coordinates":[149.939813,-32.341906]},"properties":{"species":"Vombatus ursinus","eventDate":"2023-11-06","basisOfRecord":"HUMAN_OBSERVATION","license":"CC-BY 4.0 (Int)","coordinateUncertaintyM":100.0,"uncertaintyUnknown":false,"observationCount":1,"geographicOutlier":false}},{"type":"Feature","id":"207d9ac6594bd707","geometry":{"type":"Point","coordinates":[150.223178,-33.434583]},"properties":{"species":"Vombatus ursinus","eventDate":"2023-11-06","basisOfRecord":"HUMAN_OBSERVATION","license":"CC-BY 4.0 (Int)","coordinateUncertaintyM":1.0,"uncertaintyUnknown":false,"observationCount":12,"geographicOutlier":false}},{"type":"Feature","id":"64e71dcbc96c25e9","geometry":{"type":"Point","coordinates":[150.074416,-33.428587]},"properties":{"species":"Vombatus ursinus","eventDate":"2023-11-04","basisOfRecord":"HUMAN_OBSERVATION","license":"CC-BY 4.0 (Int)","coordinateUncertaintyM":30.0,"uncertaintyUnknown":false,"observationCount":1,"geographicOutlier":false}},{"type":"Feature","id":"f44a9372d55a174e","geometry":{"type":"Point","coordinates":[150.770638,-34.503025]},"properties":{"species":"Vombatus ursinus","eventDate":"2023-11-04","basisOfRecord":"HUMAN_OBSERVATION","license":"CC-BY 4.0 (Int)","coordinateUncertaintyM":1014.0,"uncertaintyUnknown":false,"observationCount":1,"geographicOutlier":false}},{"type":"Feature","id":"97974257cefcfdf5","geometry":{"type":"Point","coordinates":[150.260458,-33.430165]},"properties":{"species":"Vombatus ursinus","eventDate":"2023-11-02","basisOfRecord":"HUMAN_OBSERVATION","license":"CC-BY 4.0 (Int)","coordinateUncertaintyM":1.0,"uncertaintyUnknown":false,"observationCount":5,"geographicOutlier":false}},{"type":"Feature","id":"00928e569a357e44","geometry":{"type":"Point","coordinates":[151.378056,-33.241658]},"properties":{"species":"Vombatus ursinus","eventDate":"2023-11-01","basisOfRecord":"HUMAN_OBSERVATION","license":"CC-BY 4.0 (Int)","coordinateUncertaintyM":30.0,"uncertaintyUnknown":false,"observationCount":1,"geographicOutlier":false}},{"type":"Feature","id":"ffc374e438c215fb","geometry":{"type":"Point","coordinates":[150.239704,-33.688928]},"properties":{"species":"Vombatus ursinus","eventDate":"2023-11-01","basisOfRecord":"HUMAN_OBSERVATION","license":"CC-BY 4.0 (Int)","coordinateUncertaintyM":100.0,"uncertaintyUnknown":false,"observationCount":1,"geographicOutlier":false}},{"type":"Feature","id":"7670123ae994170c","geometry":{"type":"Point","coordinates":[150.627454,-34.103873]},"properties":{"species":"Vombatus ursinus","eventDate":"2023-10-31","basisOfRecord":"HUMAN_OBSERVATION","license":"CC-BY 4.0 (Int)","coordinateUncertaintyM":500.0,"uncertaintyUnknown":false,"observationCount":1,"geographicOutlier":false}},{"type":"Feature","id":"bc329e48c08a0904","geometry":{"type":"Point","coordinates":[145.31099,-37.87075]},"properties":{"species":"Vombatus ursinus","eventDate":"2023-10-30","basisOfRecord":"OCCURRENCE","license":"CC-BY 4.0 (Int)","coordinateUncertaintyM":1.0,"uncertaintyUnknown":false,"observationCount":5,"geographicOutlier":false}},{"type":"Feature","id":"e2cf5165cdead8dc","geometry":{"type":"Point","coordinates":[147.53751,-37.45203]},"properties":{"species":"Vombatus ursinus","eventDate":"2023-10-29","basisOfRecord":"OCCURRENCE","license":"CC-BY 4.0 (Int)","coordinateUncertaintyM":1.0,"uncertaintyUnknown":false,"observationCount":1,"geographicOutlier":false}},{"type":"Feature","id":"9dbf38b93ef701fe","geometry":{"type":"Point","coordinates":[149.609047,-34.069913]},"properties":{"species":"Vombatus ursinus","eventDate":"2023-10-28","basisOfRecord":"HUMAN_OBSERVATION","license":"CC-BY 4.0 (Int)","coordinateUncertaintyM":500.0,"uncertaintyUnknown":false,"observationCount":1,"geographicOutlier":false}},{"type":"Feature","id":"2b255a2c4238b848","geometry":{"type":"Point","coordinates":[145.3275,-37.92778]},"properties":{"species":"Vombatus ursinus","eventDate":"2023-10-27","basisOfRecord":"OCCURRENCE","license":"CC-BY 4.0 (Int)","coordinateUncertaintyM":1.0,"uncertaintyUnknown":false,"observationCount":7,"geographicOutlier":false}},{"type":"Feature","id":"0cfbbabc048f7c48","geometry":{"type":"Point","coordinates":[141.13881,-38.02435]},"properties":{"species":"Vombatus ursinus","eventDate":"2023-10-27","basisOfRecord":"OBSERVATION","license":"CC-BY 4.0 (Int)","coordinateUncertaintyM":10.0,"uncertaintyUnknown":false,"observationCount":1,"geographicOutlier":true}},{"type":"Feature","id":"cbf36d54c864b665","geometry":{"type":"Point","coordinates":[146.83272,-36.78919]},"properties":{"species":"Vombatus ursinus","eventDate":"2023-10-26","basisOfRecord":"OCCURRENCE","license":"CC-BY 4.0 (Int)","coordinateUncertaintyM":10.0,"uncertaintyUnknown":false,"observationCount":1,"geographicOutlier":false}},{"type":"Feature","id":"fd02604717a1c657","geometry":{"type":"Point","coordinates":[145.99993,-37.28912]},"properties":{"species":"Vombatus ursinus","eventDate":"2023-10-26","basisOfRecord":"OCCURRENCE","license":"CC-BY 4.0 (Int)","coordinateUncertaintyM":1.0,"uncertaintyUnknown":false,"observationCount":1,"geographicOutlier":false}},{"type":"Feature","id":"efe842e818f24717","geometry":{"type":"Point","coordinates":[150.384831,-34.413678]},"properties":{"species":"Vombatus ursinus","eventDate":"2023-10-25","basisOfRecord":"HUMAN_OBSERVATION","license":"CC-BY 4.0 (Int)","coordinateUncertaintyM":500.0,"uncertaintyUnknown":false,"observationCount":1,"geographicOutlier":false}},{"type":"Feature","id":"7250cefc8ae6c006","geometry":{"type":"Point","coordinates":[149.265617,-36.183867]},"properties":{"species":"Vombatus ursinus","eventDate":"2023-10-25","basisOfRecord":"HUMAN_OBSERVATION","license":"CC-BY 4.0 (Int)","coordinateUncertaintyM":20.0,"uncertaintyUnknown":false,"observationCount":1,"geographicOutlier":false}},{"type":"Feature","id":"4ed97949c7423615","geometry":{"type":"Point","coordinates":[147.52678,-37.48784]},"properties":{"species":"Vombatus ursinus","eventDate":"2023-10-24","basisOfRecord":"OCCURRENCE","license":"CC-BY 4.0 (Int)","coordinateUncertaintyM":1.0,"uncertaintyUnknown":false,"observationCount":1,"geographicOutlier":false}},{"type":"Feature","id":"e668fcaf36893ddf","geometry":{"type":"Point","coordinates":[145.6688,-37.9813]},"properties":{"species":"Vombatus ursinus","eventDate":"2023-10-24","basisOfRecord":"OCCURRENCE","license":"CC-BY 4.0 (Int)","coordinateUncertaintyM":3.0,"uncertaintyUnknown":false,"observationCount":1,"geographicOutlier":false}},{"type":"Feature","id":"5fb6243cebcfd996","geometry":{"type":"Point","coordinates":[146.73058,-36.93565]},"properties":{"species":"Vombatus ursinus","eventDate":"2023-10-24","basisOfRecord":"OCCURRENCE","license":"CC-BY 4.0 (Int)","coordinateUncertaintyM":10.0,"uncertaintyUnknown":false,"observationCount":4,"geographicOutlier":false}},{"type":"Feature","id":"a36f8b6f9d8850fe","geometry":{"type":"Point","coordinates":[146.85289,-36.83353]},"properties":{"species":"Vombatus ursinus","eventDate":"2023-10-23","basisOfRecord":"OCCURRENCE","license":"CC-BY 4.0 (Int)","coordinateUncertaintyM":10.0,"uncertaintyUnknown":false,"observationCount":4,"geographicOutlier":false}},{"type":"Feature","id":"e9af0c0689a483cf","geometry":{"type":"Point","coordinates":[146.9297,-36.94657]},"properties":{"species":"Vombatus ursinus","eventDate":"2023-10-23","basisOfRecord":"OCCURRENCE","license":"CC-BY 4.0 (Int)","coordinateUncertaintyM":10.0,"uncertaintyUnknown":false,"observationCount":1,"geographicOutlier":false}},{"type":"Feature","id":"b10b80816139ef65","geometry":{"type":"Point","coordinates":[149.896685,-33.748948]},"properties":{"species":"Vombatus ursinus","eventDate":"2023-10-21","basisOfRecord":"HUMAN_OBSERVATION","license":"CC-BY 4.0 (Int)","coordinateUncertaintyM":30.0,"uncertaintyUnknown":false,"observationCount":1,"geographicOutlier":false}},{"type":"Feature","id":"58cfee7b680bdcf1","geometry":{"type":"Point","coordinates":[149.163771,-35.6834]},"properties":{"species":"Vombatus ursinus","eventDate":"2023-10-21","basisOfRecord":"HUMAN_OBSERVATION","license":"CC-BY 4.0 (Int)","coordinateUncertaintyM":10.0,"uncertaintyUnknown":false,"observationCount":1,"geographicOutlier":false}},{"type":"Feature","id":"f29847caf2294c13","geometry":{"type":"Point","coordinates":[145.65992,-38.3628]},"properties":{"species":"Vombatus ursinus","eventDate":"2023-10-20","basisOfRecord":"OCCURRENCE","license":"CC-BY 4.0 (Int)","coordinateUncertaintyM":20.0,"uncertaintyUnknown":false,"observationCount":1,"geographicOutlier":false}},{"type":"Feature","id":"609046e735842edd","geometry":{"type":"Point","coordinates":[148.04999,-42.601328]},"properties":{"species":"Vombatus ursinus","eventDate":"2023-10-19","basisOfRecord":"HUMAN_OBSERVATION","license":"CC-BY 4.0 (Int)","coordinateUncertaintyM":null,"uncertaintyUnknown":true,"observationCount":1,"geographicOutlier":false}},{"type":"Feature","id":"cbde13bc2f2e1699","geometry":{"type":"Point","coordinates":[150.610951,-34.025938]},"properties":{"species":"Vombatus ursinus","eventDate":"2023-10-19","basisOfRecord":"HUMAN_OBSERVATION","license":"CC-BY 4.0 (Int)","coordinateUncertaintyM":30.0,"uncertaintyUnknown":false,"observationCount":1,"geographicOutlier":false}},{"type":"Feature","id":"f9ea82cff856219d","geometry":{"type":"Point","coordinates":[151.276633,-33.183268]},"properties":{"species":"Vombatus ursinus","eventDate":"2023-10-19","basisOfRecord":"HUMAN_OBSERVATION","license":"CC-BY 4.0 (Int)","coordinateUncertaintyM":30.0,"uncertaintyUnknown":false,"observationCount":1,"geographicOutlier":false}},{"type":"Feature","id":"9cc6246337708c0f","geometry":{"type":"Point","coordinates":[150.575018,-34.046289]},"properties":{"species":"Vombatus ursinus","eventDate":"2023-10-18","basisOfRecord":"HUMAN_OBSERVATION","license":"CC-BY 4.0 (Int)","coordinateUncertaintyM":30.0,"uncertaintyUnknown":false,"observationCount":1,"geographicOutlier":false}},{"type":"Feature","id":"8518e4fbc4d063c5","geometry":{"type":"Point","coordinates":[145.32867,-37.93028]},"properties":{"species":"Vombatus ursinus","eventDate":"2023-10-17","basisOfRecord":"OCCURRENCE","license":"CC-BY 4.0 (Int)","coordinateUncertaintyM":1.0,"uncertaintyUnknown":false,"observationCount":2,"geographicOutlier":false}},{"type":"Feature","id":"8237d5004faa62c3","geometry":{"type":"Point","coordinates":[144.25096,-37.43642]},"properties":{"species":"Vombatus ursinus","eventDate":"2023-10-17","basisOfRecord":"OCCURRENCE","license":"CC-BY 4.0 (Int)","coordinateUncertaintyM":5.0,"uncertaintyUnknown":false,"observationCount":1,"geographicOutlier":false}},{"type":"Feature","id":"4975975024cfdef1","geometry":{"type":"Point","coordinates":[144.24697,-37.44346]},"properties":{"species":"Vombatus ursinus","eventDate":"2023-10-17","basisOfRecord":"OCCURRENCE","license":"CC-BY 4.0 (Int)","coordinateUncertaintyM":5.0,"uncertaintyUnknown":false,"observationCount":1,"geographicOutlier":false}},{"type":"Feature","id":"36f1a33c4721c0ad","geometry":{"type":"Point","coordinates":[150.204369,-33.390723]},"properties":{"species":"Vombatus ursinus","eventDate":"2023-10-16","basisOfRecord":"HUMAN_OBSERVATION","license":"CC-BY 4.0 (Int)","coordinateUncertaintyM":1.0,"uncertaintyUnknown":false,"observationCount":18,"geographicOutlier":false}},{"type":"Feature","id":"9a67e5cdc132aadc","geometry":{"type":"Point","coordinates":[150.0148,-36.37854]},"properties":{"species":"Vombatus ursinus","eventDate":"2023-10-15","basisOfRecord":"HUMAN_OBSERVATION","license":"CC-BY 4.0 (Int)","coordinateUncertaintyM":30.0,"uncertaintyUnknown":false,"observationCount":1,"geographicOutlier":false}},{"type":"Feature","id":"8f9d760f6d5d0c27","geometry":{"type":"Point","coordinates":[149.015482,-36.261072]},"properties":{"species":"Vombatus ursinus","eventDate":"2023-10-14","basisOfRecord":"HUMAN_OBSERVATION","license":"CC-BY 4.0 (Int)","coordinateUncertaintyM":10.0,"uncertaintyUnknown":false,"observationCount":1,"geographicOutlier":false}},{"type":"Feature","id":"a58794c11cbaaf40","geometry":{"type":"Point","coordinates":[149.655977,-36.906236]},"properties":{"species":"Vombatus ursinus","eventDate":"2023-10-12","basisOfRecord":"HUMAN_OBSERVATION","license":"CC-BY 4.0 (Int)","coordinateUncertaintyM":500.0,"uncertaintyUnknown":false,"observationCount":1,"geographicOutlier":false}},{"type":"Feature","id":"732e3437806fe394","geometry":{"type":"Point","coordinates":[151.198062,-33.129688]},"properties":{"species":"Vombatus ursinus","eventDate":"2023-10-11","basisOfRecord":"HUMAN_OBSERVATION","license":"CC-BY 4.0 (Int)","coordinateUncertaintyM":500.0,"uncertaintyUnknown":false,"observationCount":1,"geographicOutlier":false}},{"type":"Feature","id":"859c381d5dc8cd9b","geometry":{"type":"Point","coordinates":[150.69295,-34.198785]},"properties":{"species":"Vombatus ursinus","eventDate":"2023-10-10","basisOfRecord":"HUMAN_OBSERVATION","license":"CC-BY 4.0 (Int)","coordinateUncertaintyM":370.77,"uncertaintyUnknown":false,"observationCount":1,"geographicOutlier":false}},{"type":"Feature","id":"48aa53244b7f269f","geometry":{"type":"Point","coordinates":[149.798047,-34.534632]},"properties":{"species":"Vombatus ursinus","eventDate":"2023-10-09","basisOfRecord":"HUMAN_OBSERVATION","license":"CC-BY 4.0 (Int)","coordinateUncertaintyM":30.0,"uncertaintyUnknown":false,"observationCount":1,"geographicOutlier":false}},{"type":"Feature","id":"dcca3fd74579c0bb","geometry":{"type":"Point","coordinates":[149.45742,-35.473572]},"properties":{"species":"Vombatus ursinus","eventDate":"2023-10-09","basisOfRecord":"HUMAN_OBSERVATION","license":"CC-BY 4.0 (Int)","coordinateUncertaintyM":500.0,"uncertaintyUnknown":false,"observationCount":1,"geographicOutlier":false}},{"type":"Feature","id":"de643a078397def4","geometry":{"type":"Point","coordinates":[144.31324,-37.41847]},"properties":{"species":"Vombatus ursinus","eventDate":"2023-10-09","basisOfRecord":"OCCURRENCE","license":"CC-BY 4.0 (Int)","coordinateUncertaintyM":5.0,"uncertaintyUnknown":false,"observationCount":1,"geographicOutlier":false}},{"type":"Feature","id":"902c2169cf679417","geometry":{"type":"Point","coordinates":[144.31875,-37.42728]},"properties":{"species":"Vombatus ursinus","eventDate":"2023-10-09","basisOfRecord":"OCCURRENCE","license":"CC-BY 4.0 (Int)","coordinateUncertaintyM":5.0,"uncertaintyUnknown":false,"observationCount":1,"geographicOutlier":false}},{"type":"Feature","id":"25fa76e1ec6d36d6","geometry":{"type":"Point","coordinates":[150.779125,-34.032549]},"properties":{"species":"Vombatus ursinus","eventDate":"2023-10-07","basisOfRecord":"HUMAN_OBSERVATION","license":"CC-BY 4.0 (Int)","coordinateUncertaintyM":30.0,"uncertaintyUnknown":false,"observationCount":1,"geographicOutlier":false}},{"type":"Feature","id":"e92ca8a171d26fd6","geometry":{"type":"Point","coordinates":[149.497774,-35.431614]},"properties":{"species":"Vombatus ursinus","eventDate":"2023-10-06","basisOfRecord":"HUMAN_OBSERVATION","license":"CC-BY 4.0 (Int)","coordinateUncertaintyM":30.0,"uncertaintyUnknown":false,"observationCount":1,"geographicOutlier":false}},{"type":"Feature","id":"23a550b76b1d7ba2","geometry":{"type":"Point","coordinates":[150.016827,-33.816909]},"properties":{"species":"Vombatus ursinus","eventDate":"2023-10-05","basisOfRecord":"HUMAN_OBSERVATION","license":"CC-BY 4.0 (Int)","coordinateUncertaintyM":7.51,"uncertaintyUnknown":false,"observationCount":1,"geographicOutlier":false}},{"type":"Feature","id":"3823f6c2e4609c87","geometry":{"type":"Point","coordinates":[145.32254,-37.40724]},"properties":{"species":"Vombatus ursinus","eventDate":"2023-10-04","basisOfRecord":"OCCURRENCE","license":"CC-BY 4.0 (Int)","coordinateUncertaintyM":1.0,"uncertaintyUnknown":false,"observationCount":6,"geographicOutlier":false}},{"type":"Feature","id":"4b0ac2e9bfe9ebf8","geometry":{"type":"Point","coordinates":[150.035324,-34.702]},"properties":{"species":"Vombatus ursinus","eventDate":"2023-10-03","basisOfRecord":"HUMAN_OBSERVATION","license":"CC-BY 4.0 (Int)","coordinateUncertaintyM":30.0,"uncertaintyUnknown":false,"observationCount":1,"geographicOutlier":false}},{"type":"Feature","id":"5279462d3fdac6b0","geometry":{"type":"Point","coordinates":[151.596003,-32.891815]},"properties":{"species":"Vombatus ursinus","eventDate":"2023-10-03","basisOfRecord":"HUMAN_OBSERVATION","license":"CC-BY 4.0 (Int)","coordinateUncertaintyM":10.0,"uncertaintyUnknown":false,"observationCount":1,"geographicOutlier":false}},{"type":"Feature","id":"8e24fd7ec3bd8870","geometry":{"type":"Point","coordinates":[145.25716,-37.3462]},"properties":{"species":"Vombatus ursinus","eventDate":"2023-10-02","basisOfRecord":"OCCURRENCE","license":"CC-BY 4.0 (Int)","coordinateUncertaintyM":1.0,"uncertaintyUnknown":false,"observationCount":2,"geographicOutlier":false}},{"type":"Feature","id":"0ee23b031ff1fa5a","geometry":{"type":"Point","coordinates":[145.56795,-37.29279]},"properties":{"species":"Vombatus ursinus","eventDate":"2023-10-01","basisOfRecord":"OCCURRENCE","license":"CC-BY 4.0 (Int)","coordinateUncertaintyM":1.0,"uncertaintyUnknown":false,"observationCount":2,"geographicOutlier":false}},{"type":"Feature","id":"3380b90511591011","geometry":{"type":"Point","coordinates":[149.66679,-35.529864]},"properties":{"species":"Vombatus ursinus","eventDate":"2023-09-30","basisOfRecord":"HUMAN_OBSERVATION","license":"CC-BY 4.0 (Int)","coordinateUncertaintyM":500.0,"uncertaintyUnknown":false,"observationCount":1,"geographicOutlier":false}},{"type":"Feature","id":"9f805074e5f225d6","geometry":{"type":"Point","coordinates":[144.32097,-37.51625]},"properties":{"species":"Vombatus ursinus","eventDate":"2023-09-29","basisOfRecord":"OCCURRENCE","license":"CC-BY 4.0 (Int)","coordinateUncertaintyM":1.0,"uncertaintyUnknown":false,"observationCount":2,"geographicOutlier":false}},{"type":"Feature","id":"671d7d796ddb81a1","geometry":{"type":"Point","coordinates":[148.48939,-37.67347]},"properties":{"species":"Vombatus ursinus","eventDate":"2023-09-29","basisOfRecord":"OCCURRENCE","license":"CC-BY 4.0 (Int)","coordinateUncertaintyM":5.0,"uncertaintyUnknown":false,"observationCount":1,"geographicOutlier":false}},{"type":"Feature","id":"5b29bddf53ca7706","geometry":{"type":"Point","coordinates":[150.577505,-34.169035]},"properties":{"species":"Vombatus ursinus","eventDate":"2023-09-29","basisOfRecord":"HUMAN_OBSERVATION","license":"CC-BY 4.0 (Int)","coordinateUncertaintyM":30.0,"uncertaintyUnknown":false,"observationCount":1,"geographicOutlier":false}},{"type":"Feature","id":"2394c033ac75009a","geometry":{"type":"Point","coordinates":[151.407176,-33.058555]},"properties":{"species":"Vombatus ursinus","eventDate":"2023-09-28","basisOfRecord":"HUMAN_OBSERVATION","license":"CC-BY 4.0 (Int)","coordinateUncertaintyM":30.0,"uncertaintyUnknown":false,"observationCount":1,"geographicOutlier":false}},{"type":"Feature","id":"c70a49389be9751f","geometry":{"type":"Point","coordinates":[144.14261,-37.36399]},"properties":{"species":"Vombatus ursinus","eventDate":"2023-09-27","basisOfRecord":"OCCURRENCE","license":"CC-BY 4.0 (Int)","coordinateUncertaintyM":1.0,"uncertaintyUnknown":false,"observationCount":8,"geographicOutlier":false}},{"type":"Feature","id":"11a12eb11872d870","geometry":{"type":"Point","coordinates":[145.54136,-37.22147]},"properties":{"species":"Vombatus ursinus","eventDate":"2023-09-27","basisOfRecord":"OCCURRENCE","license":"CC-BY 4.0 (Int)","coordinateUncertaintyM":1.0,"uncertaintyUnknown":false,"observationCount":2,"geographicOutlier":false}},{"type":"Feature","id":"e92fc435e8983de5","geometry":{"type":"Point","coordinates":[144.29851,-37.42246]},"properties":{"species":"Vombatus ursinus","eventDate":"2023-09-27","basisOfRecord":"OBSERVATION","license":"CC-BY 4.0 (Int)","coordinateUncertaintyM":10.0,"uncertaintyUnknown":false,"observationCount":1,"geographicOutlier":false}},{"type":"Feature","id":"2bc818751ac88d9e","geometry":{"type":"Point","coordinates":[148.41381,-37.65101]},"properties":{"species":"Vombatus ursinus","eventDate":"2023-09-27","basisOfRecord":"OCCURRENCE","license":"CC-BY 4.0 (Int)","coordinateUncertaintyM":5.0,"uncertaintyUnknown":false,"observationCount":1,"geographicOutlier":false}},{"type":"Feature","id":"c6f4b9e329bbc0d4","geometry":{"type":"Point","coordinates":[145.56941,-37.25952]},"properties":{"species":"Vombatus ursinus","eventDate":"2023-09-26","basisOfRecord":"OCCURRENCE","license":"CC-BY 4.0 (Int)","coordinateUncertaintyM":1.0,"uncertaintyUnknown":false,"observationCount":2,"geographicOutlier":false}},{"type":"Feature","id":"232e9176b50d02b8","geometry":{"type":"Point","coordinates":[146.27152,-37.58431]},"properties":{"species":"Vombatus ursinus","eventDate":"2023-09-26","basisOfRecord":"OCCURRENCE","license":"CC-BY 4.0 (Int)","coordinateUncertaintyM":10.0,"uncertaintyUnknown":false,"observationCount":1,"geographicOutlier":false}},{"type":"Feature","id":"889141802fd31a98","geometry":{"type":"Point","coordinates":[148.79667,-37.67821]},"properties":{"species":"Vombatus ursinus","eventDate":"2023-09-25","basisOfRecord":"OCCURRENCE","license":"CC-BY 4.0 (Int)","coordinateUncertaintyM":5.0,"uncertaintyUnknown":false,"observationCount":1,"geographicOutlier":false}},{"type":"Feature","id":"7b66246e9479fd92","geometry":{"type":"Point","coordinates":[145.56189,-37.28951]},"properties":{"species":"Vombatus ursinus","eventDate":"2023-09-25","basisOfRecord":"OCCURRENCE","license":"CC-BY 4.0 (Int)","coordinateUncertaintyM":1.0,"uncertaintyUnknown":false,"observationCount":2,"geographicOutlier":false}},{"type":"Feature","id":"8c4aec814bd63036","geometry":{"type":"Point","coordinates":[144.19872,-37.45581]},"properties":{"species":"Vombatus ursinus","eventDate":"2023-09-25","basisOfRecord":"OCCURRENCE","license":"CC-BY 4.0 (Int)","coordinateUncertaintyM":1.0,"uncertaintyUnknown":false,"observationCount":1,"geographicOutlier":false}},{"type":"Feature","id":"8c74ab2b314e0aab","geometry":{"type":"Point","coordinates":[145.56101,-37.30863]},"properties":{"species":"Vombatus ursinus","eventDate":"2023-09-25","basisOfRecord":"OCCURRENCE","license":"CC-BY 4.0 (Int)","coordinateUncertaintyM":1.0,"uncertaintyUnknown":false,"observationCount":1,"geographicOutlier":false}},{"type":"Feature","id":"35c0140566188a87","geometry":{"type":"Point","coordinates":[144.19974,-37.45585]},"properties":{"species":"Vombatus ursinus","eventDate":"2023-09-24","basisOfRecord":"OCCURRENCE","license":"CC-BY 4.0 (Int)","coordinateUncertaintyM":1.0,"uncertaintyUnknown":false,"observationCount":1,"geographicOutlier":false}},{"type":"Feature","id":"7167ff6f49248c98","geometry":{"type":"Point","coordinates":[145.57349,-37.23854]},"properties":{"species":"Vombatus ursinus","eventDate":"2023-09-24","basisOfRecord":"OCCURRENCE","license":"CC-BY 4.0 (Int)","coordinateUncertaintyM":1.0,"uncertaintyUnknown":false,"observationCount":2,"geographicOutlier":false}},{"type":"Feature","id":"0e3b1f7a94f151a2","geometry":{"type":"Point","coordinates":[149.84892,-36.469297]},"properties":{"species":"Vombatus ursinus","eventDate":"2023-09-23","basisOfRecord":"HUMAN_OBSERVATION","license":"CC-BY 4.0 (Int)","coordinateUncertaintyM":30.0,"uncertaintyUnknown":false,"observationCount":1,"geographicOutlier":false}},{"type":"Feature","id":"f27ff70ece862d55","geometry":{"type":"Point","coordinates":[144.22613,-37.35217]},"properties":{"species":"Vombatus ursinus","eventDate":"2023-09-23","basisOfRecord":"OCCURRENCE","license":"CC-BY 4.0 (Int)","coordinateUncertaintyM":1.0,"uncertaintyUnknown":false,"observationCount":2,"geographicOutlier":false}},{"type":"Feature","id":"d6eadd9bbcb58eed","geometry":{"type":"Point","coordinates":[150.579446,-34.303957]},"properties":{"species":"Vombatus ursinus","eventDate":"2023-09-22","basisOfRecord":"HUMAN_OBSERVATION","license":"CC-BY 4.0 (Int)","coordinateUncertaintyM":500.0,"uncertaintyUnknown":false,"observationCount":1,"geographicOutlier":false}},{"type":"Feature","id":"bb2a7acba3d354c5","geometry":{"type":"Point","coordinates":[145.56143,-37.30964]},"properties":{"species":"Vombatus ursinus","eventDate":"2023-09-21","basisOfRecord":"OCCURRENCE","license":"CC-BY 4.0 (Int)","coordinateUncertaintyM":1.0,"uncertaintyUnknown":false,"observationCount":1,"geographicOutlier":false}},{"type":"Feature","id":"b41a89e9b73bf884","geometry":{"type":"Point","coordinates":[144.4553,-37.47767]},"properties":{"species":"Vombatus ursinus","eventDate":"2023-09-21","basisOfRecord":"OCCURRENCE","license":"CC-BY 4.0 (Int)","coordinateUncertaintyM":1.0,"uncertaintyUnknown":false,"observationCount":8,"geographicOutlier":false}},{"type":"Feature","id":"33c4add5bde9df58","geometry":{"type":"Point","coordinates":[144.1471,-37.39793]},"properties":{"species":"Vombatus ursinus","eventDate":"2023-09-20","basisOfRecord":"OCCURRENCE","license":"CC-BY 4.0 (Int)","coordinateUncertaintyM":1.0,"uncertaintyUnknown":false,"observationCount":2,"geographicOutlier":false}},{"type":"Feature","id":"4a7ab2722f362108","geometry":{"type":"Point","coordinates":[149.244534,-35.423361]},"properties":{"species":"Vombatus ursinus","eventDate":"2023-09-20","basisOfRecord":"HUMAN_OBSERVATION","license":"CC-BY 4.0 (Int)","coordinateUncertaintyM":500.0,"uncertaintyUnknown":false,"observationCount":1,"geographicOutlier":false}},{"type":"Feature","id":"689bbdd459a4f496","geometry":{"type":"Point","coordinates":[146.80331,-38.49762]},"properties":{"species":"Vombatus ursinus","eventDate":"2023-09-20","basisOfRecord":"OBSERVATION","license":"CC-BY 4.0 (Int)","coordinateUncertaintyM":5.0,"uncertaintyUnknown":false,"observationCount":1,"geographicOutlier":false}},{"type":"Feature","id":"6cda33130706034b","geometry":{"type":"Point","coordinates":[145.51286,-37.41948]},"properties":{"species":"Vombatus ursinus","eventDate":"2023-09-19","basisOfRecord":"OCCURRENCE","license":"CC-BY 4.0 (Int)","coordinateUncertaintyM":1.0,"uncertaintyUnknown":false,"observationCount":1,"geographicOutlier":false}},{"type":"Feature","id":"046a10e2820bbd8a","geometry":{"type":"Point","coordinates":[149.455843,-36.21298]},"properties":{"species":"Vombatus ursinus","eventDate":"2023-09-19","basisOfRecord":"HUMAN_OBSERVATION","license":"CC-BY 4.0 (Int)","coordinateUncertaintyM":500.0,"uncertaintyUnknown":false,"observationCount":1,"geographicOutlier":false}},{"type":"Feature","id":"62d26a73b86f610d","geometry":{"type":"Point","coordinates":[145.58252,-37.23247]},"properties":{"species":"Vombatus ursinus","eventDate":"2023-09-18","basisOfRecord":"OCCURRENCE","license":"CC-BY 4.0 (Int)","coordinateUncertaintyM":1.0,"uncertaintyUnknown":false,"observationCount":1,"geographicOutlier":false}},{"type":"Feature","id":"7df5040d32325ce1","geometry":{"type":"Point","coordinates":[148.683573,-33.590678]},"properties":{"species":"Vombatus ursinus","eventDate":"2023-09-18","basisOfRecord":"HUMAN_OBSERVATION","license":"CC-BY 4.0 (Int)","coordinateUncertaintyM":30.0,"uncertaintyUnknown":false,"observationCount":1,"geographicOutlier":false}},{"type":"Feature","id":"ac47f145df1486dc","geometry":{"type":"Point","coordinates":[144.14791,-37.40887]},"properties":{"species":"Vombatus ursinus","eventDate":"2023-09-18","basisOfRecord":"OCCURRENCE","license":"CC-BY 4.0 (Int)","coordinateUncertaintyM":1.0,"uncertaintyUnknown":false,"observationCount":1,"geographicOutlier":false}},{"type":"Feature","id":"384ac137b57f305f","geometry":{"type":"Point","coordinates":[144.12283,-37.37551]},"properties":{"species":"Vombatus ursinus","eventDate":"2023-09-17","basisOfRecord":"OCCURRENCE","license":"CC-BY 4.0 (Int)","coordinateUncertaintyM":1.0,"uncertaintyUnknown":false,"observationCount":1,"geographicOutlier":false}},{"type":"Feature","id":"48743b7083bb918c","geometry":{"type":"Point","coordinates":[149.992579,-32.670561]},"properties":{"species":"Vombatus ursinus","eventDate":"2023-09-16","basisOfRecord":"HUMAN_OBSERVATION","license":"CC-BY 4.0 (Int)","coordinateUncertaintyM":30.0,"uncertaintyUnknown":false,"observationCount":1,"geographicOutlier":false}},{"type":"Feature","id":"9ac1b5da84cab39a","geometry":{"type":"Point","coordinates":[150.680006,-33.791604]},"properties":{"species":"Vombatus ursinus","eventDate":"2023-09-15","basisOfRecord":"HUMAN_OBSERVATION","license":"CC-BY 4.0 (Int)","coordinateUncertaintyM":1761.0,"uncertaintyUnknown":false,"observationCount":2,"geographicOutlier":false}},{"type":"Feature","id":"c255f7261a6cb27b","geometry":{"type":"Point","coordinates":[150.965254,-33.267282]},"properties":{"species":"Vombatus ursinus","eventDate":"2023-09-15","basisOfRecord":"HUMAN_OBSERVATION","license":"CC-BY 4.0 (Int)","coordinateUncertaintyM":30.0,"uncertaintyUnknown":false,"observationCount":1,"geographicOutlier":false}},{"type":"Feature","id":"bea28cd9c0a0b1e8","geometry":{"type":"Point","coordinates":[145.53805,-37.40441]},"properties":{"species":"Vombatus ursinus","eventDate":"2023-09-15","basisOfRecord":"OCCURRENCE","license":"CC-BY 4.0 (Int)","coordinateUncertaintyM":1.0,"uncertaintyUnknown":false,"observationCount":1,"geographicOutlier":false}},{"type":"Feature","id":"3554bbcc5c228941","geometry":{"type":"Point","coordinates":[145.444227,-37.876472]},"properties":{"species":"Vombatus ursinus","eventDate":"2023-09-14","basisOfRecord":"HUMAN_OBSERVATION","license":"CC-BY 4.0 (Int)","coordinateUncertaintyM":null,"uncertaintyUnknown":true,"observationCount":1,"geographicOutlier":false}},{"type":"Feature","id":"1489fe437e6c6e5d","geometry":{"type":"Point","coordinates":[149.643848,-35.209549]},"properties":{"species":"Vombatus ursinus","eventDate":"2023-09-14","basisOfRecord":"HUMAN_OBSERVATION","license":"CC-BY 4.0 (Int)","coordinateUncertaintyM":30.0,"uncertaintyUnknown":false,"observationCount":1,"geographicOutlier":false}},{"type":"Feature","id":"e37bb7aa5bbc43f9","geometry":{"type":"Point","coordinates":[145.50566,-37.41478]},"properties":{"species":"Vombatus ursinus","eventDate":"2023-09-13","basisOfRecord":"OCCURRENCE","license":"CC-BY 4.0 (Int)","coordinateUncertaintyM":1.0,"uncertaintyUnknown":false,"observationCount":1,"geographicOutlier":false}},{"type":"Feature","id":"a7de31712400cdc7","geometry":{"type":"Point","coordinates":[149.37752,-37.50918]},"properties":{"species":"Vombatus ursinus","eventDate":"2023-09-13","basisOfRecord":"OCCURRENCE","license":"CC-BY 4.0 (Int)","coordinateUncertaintyM":10.0,"uncertaintyUnknown":false,"observationCount":1,"geographicOutlier":false}},{"type":"Feature","id":"7272a971582830d0","geometry":{"type":"Point","coordinates":[150.966673,-33.555401]},"properties":{"species":"Vombatus ursinus","eventDate":"2023-09-12","basisOfRecord":"HUMAN_OBSERVATION","license":"CC-BY 4.0 (Int)","coordinateUncertaintyM":200.0,"uncertaintyUnknown":false,"observationCount":1,"geographicOutlier":false}},{"type":"Feature","id":"a7f3efdcdc9defcb","geometry":{"type":"Point","coordinates":[151.006417,-33.579306]},"properties":{"species":"Vombatus ursinus","eventDate":"2023-09-12","basisOfRecord":"HUMAN_OBSERVATION","license":"CC-BY 4.0 (Int)","coordinateUncertaintyM":500.0,"uncertaintyUnknown":false,"observationCount":1,"geographicOutlier":false}},{"type":"Feature","id":"11dd67ab3cd36b5a","geometry":{"type":"Point","coordinates":[144.31429,-37.53038]},"properties":{"species":"Vombatus ursinus","eventDate":"2023-09-11","basisOfRecord":"OCCURRENCE","license":"CC-BY 4.0 (Int)","coordinateUncertaintyM":1.0,"uncertaintyUnknown":false,"observationCount":2,"geographicOutlier":false}},{"type":"Feature","id":"b4a7e930bee04202","geometry":{"type":"Point","coordinates":[149.866078,-33.517881]},"properties":{"species":"Vombatus ursinus","eventDate":"2023-09-10","basisOfRecord":"HUMAN_OBSERVATION","license":"CC-BY 4.0 (Int)","coordinateUncertaintyM":30.0,"uncertaintyUnknown":false,"observationCount":1,"geographicOutlier":false}},{"type":"Feature","id":"0cc8173e64ba1d60","geometry":{"type":"Point","coordinates":[144.1412,-37.37641]},"properties":{"species":"Vombatus ursinus","eventDate":"2023-09-10","basisOfRecord":"OCCURRENCE","license":"CC-BY 4.0 (Int)","coordinateUncertaintyM":1.0,"uncertaintyUnknown":false,"observationCount":1,"geographicOutlier":false}},{"type":"Feature","id":"1eb48f382d40d1db","geometry":{"type":"Point","coordinates":[150.494234,-34.075548]},"properties":{"species":"Vombatus ursinus","eventDate":"2023-09-10","basisOfRecord":"HUMAN_OBSERVATION","license":"CC-BY 4.0 (Int)","coordinateUncertaintyM":30.0,"uncertaintyUnknown":false,"observationCount":1,"geographicOutlier":false}},{"type":"Feature","id":"5344bf678a00b3cf","geometry":{"type":"Point","coordinates":[144.16773,-37.39435]},"properties":{"species":"Vombatus ursinus","eventDate":"2023-09-08","basisOfRecord":"OCCURRENCE","license":"CC-BY 4.0 (Int)","coordinateUncertaintyM":1.0,"uncertaintyUnknown":false,"observationCount":1,"geographicOutlier":false}},{"type":"Feature","id":"df04b300ea7437f4","geometry":{"type":"Point","coordinates":[144.08761,-37.4471]},"properties":{"species":"Vombatus ursinus","eventDate":"2023-09-06","basisOfRecord":"OCCURRENCE","license":"CC-BY 4.0 (Int)","coordinateUncertaintyM":1.0,"uncertaintyUnknown":false,"observationCount":1,"geographicOutlier":false}},{"type":"Feature","id":"72fd3189f92021b0","geometry":{"type":"Point","coordinates":[150.682444,-34.232123]},"properties":{"species":"Vombatus ursinus","eventDate":"2023-09-05","basisOfRecord":"HUMAN_OBSERVATION","license":"CC-BY 4.0 (Int)","coordinateUncertaintyM":500.0,"uncertaintyUnknown":false,"observationCount":1,"geographicOutlier":false}},{"type":"Feature","id":"d0944c44cd34a391","geometry":{"type":"Point","coordinates":[150.132417,-33.365198]},"properties":{"species":"Vombatus ursinus","eventDate":"2023-09-04","basisOfRecord":"HUMAN_OBSERVATION","license":"CC-BY 4.0 (Int)","coordinateUncertaintyM":1.0,"uncertaintyUnknown":false,"observationCount":15,"geographicOutlier":false}},{"type":"Feature","id":"fa86e47d7ca8270c","geometry":{"type":"Point","coordinates":[151.364492,-33.142079]},"properties":{"species":"Vombatus ursinus","eventDate":"2023-09-03","basisOfRecord":"HUMAN_OBSERVATION","license":"CC-BY 4.0 (Int)","coordinateUncertaintyM":30.0,"uncertaintyUnknown":false,"observationCount":1,"geographicOutlier":false}},{"type":"Feature","id":"cba39e8ed515914b","geometry":{"type":"Point","coordinates":[150.775579,-34.715622]},"properties":{"species":"Vombatus ursinus","eventDate":"2023-09-02","basisOfRecord":"HUMAN_OBSERVATION","license":"CC-BY 4.0 (Int)","coordinateUncertaintyM":30.0,"uncertaintyUnknown":false,"observationCount":1,"geographicOutlier":false}},{"type":"Feature","id":"6112dfe32e38b38d","geometry":{"type":"Point","coordinates":[151.230381,-33.333523]},"properties":{"species":"Vombatus ursinus","eventDate":"2023-09-01","basisOfRecord":"HUMAN_OBSERVATION","license":"CC-BY 4.0 (Int)","coordinateUncertaintyM":30.0,"uncertaintyUnknown":false,"observationCount":1,"geographicOutlier":false}},{"type":"Feature","id":"2b6cc94ce759c5ed","geometry":{"type":"Point","coordinates":[149.800333,-36.476805]},"properties":{"species":"Vombatus ursinus","eventDate":"2023-08-30","basisOfRecord":"HUMAN_OBSERVATION","license":"CC-BY 4.0 (Int)","coordinateUncertaintyM":30.0,"uncertaintyUnknown":false,"observationCount":1,"geographicOutlier":false}},{"type":"Feature","id":"4d062b83d1192ffa","geometry":{"type":"Point","coordinates":[149.986754,-36.420213]},"properties":{"species":"Vombatus ursinus","eventDate":"2023-08-28","basisOfRecord":"HUMAN_OBSERVATION","license":"CC-BY 4.0 (Int)","coordinateUncertaintyM":30.0,"uncertaintyUnknown":false,"observationCount":1,"geographicOutlier":false}},{"type":"Feature","id":"0b338de1fd63dd96","geometry":{"type":"Point","coordinates":[150.637871,-34.754751]},"properties":{"species":"Vombatus ursinus","eventDate":"2023-08-26","basisOfRecord":"HUMAN_OBSERVATION","license":"CC-BY 4.0 (Int)","coordinateUncertaintyM":500.0,"uncertaintyUnknown":false,"observationCount":1,"geographicOutlier":false}},{"type":"Feature","id":"5435c3b4240022c7","geometry":{"type":"Point","coordinates":[151.397002,-33.259231]},"properties":{"species":"Vombatus ursinus","eventDate":"2023-08-25","basisOfRecord":"HUMAN_OBSERVATION","license":"CC-BY 4.0 (Int)","coordinateUncertaintyM":30.0,"uncertaintyUnknown":false,"observationCount":1,"geographicOutlier":false}},{"type":"Feature","id":"a095c265f2b9ec2b","geometry":{"type":"Point","coordinates":[149.74043,-37.243089]},"properties":{"species":"Vombatus ursinus","eventDate":"2023-08-24","basisOfRecord":"HUMAN_OBSERVATION","license":"CC-BY 4.0 (Int)","coordinateUncertaintyM":10.0,"uncertaintyUnknown":false,"observationCount":1,"geographicOutlier":false}},{"type":"Feature","id":"a8b91f1e4b79c2ac","geometry":{"type":"Point","coordinates":[149.752307,-34.722277]},"properties":{"species":"Vombatus ursinus","eventDate":"2023-08-23","basisOfRecord":"HUMAN_OBSERVATION","license":"CC-BY 4.0 (Int)","coordinateUncertaintyM":30.0,"uncertaintyUnknown":false,"observationCount":1,"geographicOutlier":false}},{"type":"Feature","id":"3bfec111997c84e7","geometry":{"type":"Point","coordinates":[150.550011,-34.006527]},"properties":{"species":"Vombatus ursinus","eventDate":"2023-08-22","basisOfRecord":"HUMAN_OBSERVATION","license":"CC-BY 4.0 (Int)","coordinateUncertaintyM":30.0,"uncertaintyUnknown":false,"observationCount":1,"geographicOutlier":false}},{"type":"Feature","id":"8f6df155b4ea492e","geometry":{"type":"Point","coordinates":[150.154666,-34.692275]},"properties":{"species":"Vombatus ursinus","eventDate":"2023-08-21","basisOfRecord":"HUMAN_OBSERVATION","license":"CC-BY 4.0 (Int)","coordinateUncertaintyM":30.0,"uncertaintyUnknown":false,"observationCount":1,"geographicOutlier":false}},{"type":"Feature","id":"aa0a83c1885957b0","geometry":{"type":"Point","coordinates":[150.493718,-34.482019]},"properties":{"species":"Vombatus ursinus","eventDate":"2023-08-21","basisOfRecord":"HUMAN_OBSERVATION","license":"CC-BY 4.0 (Int)","coordinateUncertaintyM":30.0,"uncertaintyUnknown":false,"observationCount":1,"geographicOutlier":false}},{"type":"Feature","id":"7c0ce2204ee7726e","geometry":{"type":"Point","coordinates":[149.220052,-35.589978]},"properties":{"species":"Vombatus ursinus","eventDate":"2023-08-20","basisOfRecord":"HUMAN_OBSERVATION","license":"CC-BY 4.0 (Int)","coordinateUncertaintyM":30.0,"uncertaintyUnknown":false,"observationCount":1,"geographicOutlier":false}},{"type":"Feature","id":"7349f06b4680294c","geometry":{"type":"Point","coordinates":[150.027915,-33.819096]},"properties":{"species":"Vombatus ursinus","eventDate":"2023-08-20","basisOfRecord":"HUMAN_OBSERVATION","license":"CC-BY 4.0 (Int)","coordinateUncertaintyM":4.32,"uncertaintyUnknown":false,"observationCount":1,"geographicOutlier":false}},{"type":"Feature","id":"d4382c535c3d6e66","geometry":{"type":"Point","coordinates":[150.15791,-32.91795]},"properties":{"species":"Vombatus ursinus","eventDate":"2023-08-20","basisOfRecord":"HUMAN_OBSERVATION","license":"CC-BY 4.0 (Int)","coordinateUncertaintyM":10.0,"uncertaintyUnknown":false,"observationCount":1,"geographicOutlier":false}},{"type":"Feature","id":"43ef01b7082f25bf","geometry":{"type":"Point","coordinates":[149.545786,-36.6729]},"properties":{"species":"Vombatus ursinus","eventDate":"2023-08-18","basisOfRecord":"HUMAN_OBSERVATION","license":"CC-BY 4.0 (Int)","coordinateUncertaintyM":30.0,"uncertaintyUnknown":false,"observationCount":1,"geographicOutlier":false}},{"type":"Feature","id":"31ce4ac056bc1ba1","geometry":{"type":"Point","coordinates":[150.652927,-33.774137]},"properties":{"species":"Vombatus ursinus","eventDate":"2023-08-18","basisOfRecord":"HUMAN_OBSERVATION","license":"CC-BY 4.0 (Int)","coordinateUncertaintyM":30.0,"uncertaintyUnknown":false,"observationCount":1,"geographicOutlier":false}},{"type":"Feature","id":"ef065f44f9a4dc64","geometry":{"type":"Point","coordinates":[151.682091,-31.48997]},"properties":{"species":"Vombatus ursinus","eventDate":"2023-08-16","basisOfRecord":"HUMAN_OBSERVATION","license":"CC-BY 4.0 (Int)","coordinateUncertaintyM":500.0,"uncertaintyUnknown":false,"observationCount":1,"geographicOutlier":false}},{"type":"Feature","id":"f26c05171803802d","geometry":{"type":"Point","coordinates":[145.98299,-37.59544]},"properties":{"species":"Vombatus ursinus","eventDate":"2023-08-15","basisOfRecord":"OBSERVATION","license":"CC-BY 4.0 (Int)","coordinateUncertaintyM":50.0,"uncertaintyUnknown":false,"observationCount":1,"geographicOutlier":false}},{"type":"Feature","id":"79f88406e521f94a","geometry":{"type":"Point","coordinates":[151.12205,-33.008145]},"properties":{"species":"Vombatus ursinus","eventDate":"2023-08-14","basisOfRecord":"HUMAN_OBSERVATION","license":"CC-BY 4.0 (Int)","coordinateUncertaintyM":500.0,"uncertaintyUnknown":false,"observationCount":6,"geographicOutlier":false}},{"type":"Feature","id":"bf8fe9f95c1bcb8e","geometry":{"type":"Point","coordinates":[150.10762,-36.252944]},"properties":{"species":"Vombatus ursinus","eventDate":"2023-08-13","basisOfRecord":"HUMAN_OBSERVATION","license":"CC-BY 4.0 (Int)","coordinateUncertaintyM":500.0,"uncertaintyUnknown":false,"observationCount":1,"geographicOutlier":false}},{"type":"Feature","id":"e96308f929ea5101","geometry":{"type":"Point","coordinates":[150.586229,-33.998447]},"properties":{"species":"Vombatus ursinus","eventDate":"2023-08-13","basisOfRecord":"HUMAN_OBSERVATION","license":"CC-BY 4.0 (Int)","coordinateUncertaintyM":30.0,"uncertaintyUnknown":false,"observationCount":1,"geographicOutlier":false}},{"type":"Feature","id":"df6c0b32fcd68459","geometry":{"type":"Point","coordinates":[148.147572,-36.221237]},"properties":{"species":"Vombatus ursinus","eventDate":"2023-08-12","basisOfRecord":"HUMAN_OBSERVATION","license":"CC-BY 4.0 (Int)","coordinateUncertaintyM":500.0,"uncertaintyUnknown":false,"observationCount":3,"geographicOutlier":false}},{"type":"Feature","id":"27a2d25fbf0a1f08","geometry":{"type":"Point","coordinates":[145.375186,-37.890452]},"properties":{"species":"Vombatus ursinus","eventDate":"2023-08-11","basisOfRecord":"HUMAN_OBSERVATION","license":"CC-BY 4.0 (Int)","coordinateUncertaintyM":4.0,"uncertaintyUnknown":false,"observationCount":1,"geographicOutlier":false}},{"type":"Feature","id":"96990c6b31ab9fb0","geometry":{"type":"Point","coordinates":[150.517791,-34.544598]},"properties":{"species":"Vombatus ursinus","eventDate":"2023-08-11","basisOfRecord":"HUMAN_OBSERVATION","license":"CC-BY 4.0 (Int)","coordinateUncertaintyM":30.0,"uncertaintyUnknown":false,"observationCount":1,"geographicOutlier":false}},{"type":"Feature","id":"4da064e891729678","geometry":{"type":"Point","coordinates":[149.270817,-37.18865]},"properties":{"species":"Vombatus ursinus","eventDate":"2023-08-09","basisOfRecord":"HUMAN_OBSERVATION","license":"CC-BY 4.0 (Int)","coordinateUncertaintyM":10.0,"uncertaintyUnknown":false,"observationCount":1,"geographicOutlier":false}},{"type":"Feature","id":"72caee518cfe896f","geometry":{"type":"Point","coordinates":[149.275051,-37.201763]},"properties":{"species":"Vombatus ursinus","eventDate":"2023-08-09","basisOfRecord":"HUMAN_OBSERVATION","license":"CC-BY 4.0 (Int)","coordinateUncertaintyM":10.0,"uncertaintyUnknown":false,"observationCount":1,"geographicOutlier":false}},{"type":"Feature","id":"61793acf0af0275b","geometry":{"type":"Point","coordinates":[145.54271,-37.07423]},"properties":{"species":"Vombatus ursinus","eventDate":"2023-08-09","basisOfRecord":"OCCURRENCE","license":"CC-BY 4.0 (Int)","coordinateUncertaintyM":30.0,"uncertaintyUnknown":false,"observationCount":1,"geographicOutlier":false}},{"type":"Feature","id":"951057bc0967ac2c","geometry":{"type":"Point","coordinates":[149.260121,-37.162007]},"properties":{"species":"Vombatus ursinus","eventDate":"2023-08-09","basisOfRecord":"HUMAN_OBSERVATION","license":"CC-BY 4.0 (Int)","coordinateUncertaintyM":10.0,"uncertaintyUnknown":false,"observationCount":1,"geographicOutlier":false}},{"type":"Feature","id":"fffa03f036b64b85","geometry":{"type":"Point","coordinates":[149.252451,-37.191903]},"properties":{"species":"Vombatus ursinus","eventDate":"2023-08-09","basisOfRecord":"HUMAN_OBSERVATION","license":"CC-BY 4.0 (Int)","coordinateUncertaintyM":10.0,"uncertaintyUnknown":false,"observationCount":1,"geographicOutlier":false}},{"type":"Feature","id":"e36e133341698941","geometry":{"type":"Point","coordinates":[149.284448,-37.088811]},"properties":{"species":"Vombatus ursinus","eventDate":"2023-08-09","basisOfRecord":"HUMAN_OBSERVATION","license":"CC-BY 4.0 (Int)","coordinateUncertaintyM":10.0,"uncertaintyUnknown":false,"observationCount":1,"geographicOutlier":false}},{"type":"Feature","id":"da8fbb52904cba8d","geometry":{"type":"Point","coordinates":[149.248185,-37.08899]},"properties":{"species":"Vombatus ursinus","eventDate":"2023-08-09","basisOfRecord":"HUMAN_OBSERVATION","license":"CC-BY 4.0 (Int)","coordinateUncertaintyM":10.0,"uncertaintyUnknown":false,"observationCount":1,"geographicOutlier":false}},{"type":"Feature","id":"5560c2434e7e9539","geometry":{"type":"Point","coordinates":[149.259285,-37.188762]},"properties":{"species":"Vombatus ursinus","eventDate":"2023-08-09","basisOfRecord":"HUMAN_OBSERVATION","license":"CC-BY 4.0 (Int)","coordinateUncertaintyM":10.0,"uncertaintyUnknown":false,"observationCount":1,"geographicOutlier":false}},{"type":"Feature","id":"d4b680f798405e8f","geometry":{"type":"Point","coordinates":[148.662434,-36.392223]},"properties":{"species":"Vombatus ursinus","eventDate":"2023-08-09","basisOfRecord":"HUMAN_OBSERVATION","license":"CC-BY 4.0 (Int)","coordinateUncertaintyM":500.0,"uncertaintyUnknown":false,"observationCount":3,"geographicOutlier":false}},{"type":"Feature","id":"6f962cea1f065531","geometry":{"type":"Point","coordinates":[149.259024,-37.177745]},"properties":{"species":"Vombatus ursinus","eventDate":"2023-08-09","basisOfRecord":"HUMAN_OBSERVATION","license":"CC-BY 4.0 (Int)","coordinateUncertaintyM":10.0,"uncertaintyUnknown":false,"observationCount":1,"geographicOutlier":false}},{"type":"Feature","id":"d4fef0940ec41356","geometry":{"type":"Point","coordinates":[149.266904,-37.179469]},"properties":{"species":"Vombatus ursinus","eventDate":"2023-08-09","basisOfRecord":"HUMAN_OBSERVATION","license":"CC-BY 4.0 (Int)","coordinateUncertaintyM":10.0,"uncertaintyUnknown":false,"observationCount":1,"geographicOutlier":false}},{"type":"Feature","id":"4f146495eca5526a","geometry":{"type":"Point","coordinates":[150.991185,-33.505561]},"properties":{"species":"Vombatus ursinus","eventDate":"2023-08-08","basisOfRecord":"HUMAN_OBSERVATION","license":"CC-BY 4.0 (Int)","coordinateUncertaintyM":200.0,"uncertaintyUnknown":false,"observationCount":1,"geographicOutlier":false}},{"type":"Feature","id":"07866d1d70fb948e","geometry":{"type":"Point","coordinates":[150.673337,-34.181688]},"properties":{"species":"Vombatus ursinus","eventDate":"2023-08-07","basisOfRecord":"HUMAN_OBSERVATION","license":"CC-BY 4.0 (Int)","coordinateUncertaintyM":30.0,"uncertaintyUnknown":false,"observationCount":1,"geographicOutlier":false}},{"type":"Feature","id":"85a0a10048d30df3","geometry":{"type":"Point","coordinates":[149.357848,-34.769472]},"properties":{"species":"Vombatus ursinus","eventDate":"2023-08-05","basisOfRecord":"HUMAN_OBSERVATION","license":"CC-BY 4.0 (Int)","coordinateUncertaintyM":500.0,"uncertaintyUnknown":false,"observationCount":1,"geographicOutlier":false}},{"type":"Feature","id":"10a88209add1ba39","geometry":{"type":"Point","coordinates":[149.80914,-36.943895]},"properties":{"species":"Vombatus ursinus","eventDate":"2023-08-04","basisOfRecord":"HUMAN_OBSERVATION","license":"CC-BY 4.0 (Int)","coordinateUncertaintyM":30.0,"uncertaintyUnknown":false,"observationCount":1,"geographicOutlier":false}},{"type":"Feature","id":"d8a93f8dafe570e4","geometry":{"type":"Point","coordinates":[147.388431,-37.726273]},"properties":{"species":"Vombatus ursinus","eventDate":"2023-08-03","basisOfRecord":"HUMAN_OBSERVATION","license":"CC-BY 4.0 (Int)","coordinateUncertaintyM":15.0,"uncertaintyUnknown":false,"observationCount":1,"geographicOutlier":false}},{"type":"Feature","id":"ab7b1025ee3917df","geometry":{"type":"Point","coordinates":[150.762928,-34.614833]},"properties":{"species":"Vombatus ursinus","eventDate":"2023-08-03","basisOfRecord":"HUMAN_OBSERVATION","license":"CC-BY 4.0 (Int)","coordinateUncertaintyM":30.0,"uncertaintyUnknown":false,"observationCount":1,"geographicOutlier":false}},{"type":"Feature","id":"efe84f971083e602","geometry":{"type":"Point","coordinates":[149.38724,-37.48396]},"properties":{"species":"Vombatus ursinus","eventDate":"2023-08-03","basisOfRecord":"OCCURRENCE","license":"CC-BY 4.0 (Int)","coordinateUncertaintyM":5.0,"uncertaintyUnknown":false,"observationCount":1,"geographicOutlier":false}},{"type":"Feature","id":"c6a455eb7a9a961d","geometry":{"type":"Point","coordinates":[149.148713,-35.961239]},"properties":{"species":"Vombatus ursinus","eventDate":"2023-08-02","basisOfRecord":"HUMAN_OBSERVATION","license":"CC-BY 4.0 (Int)","coordinateUncertaintyM":10.0,"uncertaintyUnknown":false,"observationCount":1,"geographicOutlier":false}},{"type":"Feature","id":"c1763b0657e07c35","geometry":{"type":"Point","coordinates":[149.917088,-32.312211]},"properties":{"species":"Vombatus ursinus","eventDate":"2023-08-01","basisOfRecord":"HUMAN_OBSERVATION","license":"CC-BY 4.0 (Int)","coordinateUncertaintyM":100.0,"uncertaintyUnknown":false,"observationCount":5,"geographicOutlier":false}},{"type":"Feature","id":"6459d756af5c3281","geometry":{"type":"Point","coordinates":[150.506054,-34.134508]},"properties":{"species":"Vombatus ursinus","eventDate":"2023-07-31","basisOfRecord":"HUMAN_OBSERVATION","license":"CC-BY 4.0 (Int)","coordinateUncertaintyM":30.0,"uncertaintyUnknown":false,"observationCount":1,"geographicOutlier":false}},{"type":"Feature","id":"7a0055e98f19a9ca","geometry":{"type":"Point","coordinates":[150.555991,-34.190191]},"properties":{"species":"Vombatus ursinus","eventDate":"2023-07-31","basisOfRecord":"HUMAN_OBSERVATION","license":"CC-BY 4.0 (Int)","coordinateUncertaintyM":500.0,"uncertaintyUnknown":false,"observationCount":1,"geographicOutlier":false}},{"type":"Feature","id":"c5a69c788d343e36","geometry":{"type":"Point","coordinates":[149.695557,-33.655686]},"properties":{"species":"Vombatus ursinus","eventDate":"2023-07-30","basisOfRecord":"HUMAN_OBSERVATION","license":"CC-BY 4.0 (Int)","coordinateUncertaintyM":30.0,"uncertaintyUnknown":false,"observationCount":1,"geographicOutlier":false}},{"type":"Feature","id":"7b682891d933c118","geometry":{"type":"Point","coordinates":[148.064061,-42.581353]},"properties":{"species":"Vombatus ursinus","eventDate":"2023-07-29","basisOfRecord":"HUMAN_OBSERVATION","license":"CC-BY 4.0 (Int)","coordinateUncertaintyM":31.0,"uncertaintyUnknown":false,"observationCount":1,"geographicOutlier":false}},{"type":"Feature","id":"23b8725a717bd174","geometry":{"type":"Point","coordinates":[150.586995,-34.58909]},"properties":{"species":"Vombatus ursinus","eventDate":"2023-07-29","basisOfRecord":"HUMAN_OBSERVATION","license":"CC-BY 4.0 (Int)","coordinateUncertaintyM":500.0,"uncertaintyUnknown":false,"observationCount":1,"geographicOutlier":false}},{"type":"Feature","id":"a72293501ad28d0d","geometry":{"type":"Point","coordinates":[150.475361,-32.226104]},"properties":{"species":"Vombatus ursinus","eventDate":"2023-07-28","basisOfRecord":"HUMAN_OBSERVATION","license":"CC-BY 4.0 (Int)","coordinateUncertaintyM":30.0,"uncertaintyUnknown":false,"observationCount":1,"geographicOutlier":false}},{"type":"Feature","id":"a5a85d95bbe0d55b","geometry":{"type":"Point","coordinates":[144.21279,-37.43983]},"properties":{"species":"Vombatus ursinus","eventDate":"2023-07-28","basisOfRecord":"OCCURRENCE","license":"CC-BY 4.0 (Int)","coordinateUncertaintyM":5.0,"uncertaintyUnknown":false,"observationCount":1,"geographicOutlier":false}},{"type":"Feature","id":"7fb3413c0e72d0de","geometry":{"type":"Point","coordinates":[151.62926,-31.42746]},"properties":{"species":"Vombatus ursinus","eventDate":"2023-07-27","basisOfRecord":"HUMAN_OBSERVATION","license":"CC-BY 4.0 (Int)","coordinateUncertaintyM":20.0,"uncertaintyUnknown":false,"observationCount":1,"geographicOutlier":false}},{"type":"Feature","id":"636fd037ec887a58","geometry":{"type":"Point","coordinates":[149.192787,-35.385515]},"properties":{"species":"Vombatus ursinus","eventDate":"2023-07-27","basisOfRecord":"HUMAN_OBSERVATION","license":"CC-BY 4.0 (Int)","coordinateUncertaintyM":500.0,"uncertaintyUnknown":false,"observationCount":1,"geographicOutlier":false}},{"type":"Feature","id":"8a94e026ec9ef37d","geometry":{"type":"Point","coordinates":[146.332953,-39.013148]},"properties":{"species":"Vombatus ursinus","eventDate":"2023-07-26","basisOfRecord":"HUMAN_OBSERVATION","license":"CC-BY 4.0 (Int)","coordinateUncertaintyM":2.0,"uncertaintyUnknown":false,"observationCount":1,"geographicOutlier":false}},{"type":"Feature","id":"44d61b7244ff8d98","geometry":{"type":"Point","coordinates":[149.686913,-36.709491]},"properties":{"species":"Vombatus ursinus","eventDate":"2023-07-26","basisOfRecord":"HUMAN_OBSERVATION","license":"CC-BY 4.0 (Int)","coordinateUncertaintyM":500.0,"uncertaintyUnknown":false,"observationCount":1,"geographicOutlier":false}},{"type":"Feature","id":"67949ba34fcb0895","geometry":{"type":"Point","coordinates":[150.607844,-33.987534]},"properties":{"species":"Vombatus ursinus","eventDate":"2023-07-25","basisOfRecord":"HUMAN_OBSERVATION","license":"CC-BY 4.0 (Int)","coordinateUncertaintyM":30.0,"uncertaintyUnknown":false,"observationCount":1,"geographicOutlier":false}},{"type":"Feature","id":"724bc17d780c945a","geometry":{"type":"Point","coordinates":[148.548789,-36.443272]},"properties":{"species":"Vombatus ursinus","eventDate":"2023-07-24","basisOfRecord":"HUMAN_OBSERVATION","license":"CC-BY 4.0 (Int)","coordinateUncertaintyM":30.0,"uncertaintyUnknown":false,"observationCount":1,"geographicOutlier":false}},{"type":"Feature","id":"7b76c92af7ef1f3e","geometry":{"type":"Point","coordinates":[151.255004,-32.848025]},"properties":{"species":"Vombatus ursinus","eventDate":"2023-07-23","basisOfRecord":"HUMAN_OBSERVATION","license":"CC-BY 4.0 (Int)","coordinateUncertaintyM":30.0,"uncertaintyUnknown":false,"observationCount":1,"geographicOutlier":false}},{"type":"Feature","id":"e71135180aca1db4","geometry":{"type":"Point","coordinates":[150.871889,-33.418657]},"properties":{"species":"Vombatus ursinus","eventDate":"2023-07-22","basisOfRecord":"HUMAN_OBSERVATION","license":"CC-BY 4.0 (Int)","coordinateUncertaintyM":500.0,"uncertaintyUnknown":false,"observationCount":3,"geographicOutlier":false}},{"type":"Feature","id":"ff26c81897872a41","geometry":{"type":"Point","coordinates":[149.365019,-35.241705]},"properties":{"species":"Vombatus ursinus","eventDate":"2023-07-21","basisOfRecord":"HUMAN_OBSERVATION","license":"CC-BY 4.0 (Int)","coordinateUncertaintyM":30.0,"uncertaintyUnknown":false,"observationCount":1,"geographicOutlier":false}},{"type":"Feature","id":"1aaf635bc903dcdf","geometry":{"type":"Point","coordinates":[150.025589,-36.436679]},"properties":{"species":"Vombatus ursinus","eventDate":"2023-07-20","basisOfRecord":"HUMAN_OBSERVATION","license":"CC-BY 4.0 (Int)","coordinateUncertaintyM":500.0,"uncertaintyUnknown":false,"observationCount":2,"geographicOutlier":false}},{"type":"Feature","id":"c02cf7591407fc96","geometry":{"type":"Point","coordinates":[151.009537,-32.649822]},"properties":{"species":"Vombatus ursinus","eventDate":"2023-07-20","basisOfRecord":"HUMAN_OBSERVATION","license":"CC-BY 4.0 (Int)","coordinateUncertaintyM":30.0,"uncertaintyUnknown":false,"observationCount":1,"geographicOutlier":false}},{"type":"Feature","id":"fe4ad59038133bc8","geometry":{"type":"Point","coordinates":[149.587023,-32.595664]},"properties":{"species":"Vombatus ursinus","eventDate":"2023-07-19","basisOfRecord":"HUMAN_OBSERVATION","license":"CC-BY 4.0 (Int)","coordinateUncertaintyM":30.0,"uncertaintyUnknown":false,"observationCount":1,"geographicOutlier":false}},{"type":"Feature","id":"2c68d8dbdbf1d080","geometry":{"type":"Point","coordinates":[144.2915,-37.3224]},"properties":{"species":"Vombatus ursinus","eventDate":"2023-07-17","basisOfRecord":"OCCURRENCE","license":"CC-BY 4.0 (Int)","coordinateUncertaintyM":100.0,"uncertaintyUnknown":false,"observationCount":1,"geographicOutlier":false}},{"type":"Feature","id":"b6a14932ded1fb89","geometry":{"type":"Point","coordinates":[150.122029,-34.714706]},"properties":{"species":"Vombatus ursinus","eventDate":"2023-07-17","basisOfRecord":"HUMAN_OBSERVATION","license":"CC-BY 4.0 (Int)","coordinateUncertaintyM":500.0,"uncertaintyUnknown":false,"observationCount":1,"geographicOutlier":false}},{"type":"Feature","id":"b36f6da23f15f86b","geometry":{"type":"Point","coordinates":[150.701435,-34.08321]},"properties":{"species":"Vombatus ursinus","eventDate":"2023-07-16","basisOfRecord":"HUMAN_OBSERVATION","license":"CC-BY 4.0 (Int)","coordinateUncertaintyM":30.0,"uncertaintyUnknown":false,"observationCount":1,"geographicOutlier":false}},{"type":"Feature","id":"61609677b2fe6bff","geometry":{"type":"Point","coordinates":[150.406322,-34.436394]},"properties":{"species":"Vombatus ursinus","eventDate":"2023-07-15","basisOfRecord":"HUMAN_OBSERVATION","license":"CC-BY 4.0 (Int)","coordinateUncertaintyM":30.0,"uncertaintyUnknown":false,"observationCount":1,"geographicOutlier":false}},{"type":"Feature","id":"5a84259c0ab8d760","geometry":{"type":"Point","coordinates":[151.277023,-33.209824]},"properties":{"species":"Vombatus ursinus","eventDate":"2023-07-14","basisOfRecord":"HUMAN_OBSERVATION","license":"CC-BY 4.0 (Int)","coordinateUncertaintyM":500.0,"uncertaintyUnknown":false,"observationCount":3,"geographicOutlier":false}},{"type":"Feature","id":"e49d072172f27600","geometry":{"type":"Point","coordinates":[146.429675,-39.065125]},"properties":{"species":"Vombatus ursinus","eventDate":"2023-07-13","basisOfRecord":"HUMAN_OBSERVATION","license":"CC-BY 4.0 (Int)","coordinateUncertaintyM":190.0,"uncertaintyUnknown":false,"observationCount":1,"geographicOutlier":false}},{"type":"Feature","id":"0c6a7c93b520e77d","geometry":{"type":"Point","coordinates":[150.73217,-34.042762]},"properties":{"species":"Vombatus ursinus","eventDate":"2023-07-13","basisOfRecord":"HUMAN_OBSERVATION","license":"CC-BY 4.0 (Int)","coordinateUncertaintyM":1167.0,"uncertaintyUnknown":false,"observationCount":1,"geographicOutlier":false}},{"type":"Feature","id":"eb9755a29b31f134","geometry":{"type":"Point","coordinates":[144.17373,-37.47013]},"properties":{"species":"Vombatus ursinus","eventDate":"2023-07-13","basisOfRecord":"OCCURRENCE","license":"CC-BY 4.0 (Int)","coordinateUncertaintyM":5.0,"uncertaintyUnknown":false,"observationCount":1,"geographicOutlier":false}},{"type":"Feature","id":"c21e10d7e0fe616e","geometry":{"type":"Point","coordinates":[149.816158,-36.705505]},"properties":{"species":"Vombatus ursinus","eventDate":"2023-07-11","basisOfRecord":"HUMAN_OBSERVATION","license":"CC-BY 4.0 (Int)","coordinateUncertaintyM":30.0,"uncertaintyUnknown":false,"observationCount":1,"geographicOutlier":false}},{"type":"Feature","id":"ed26f1c448f3d030","geometry":{"type":"Point","coordinates":[145.347692,-37.939722]},"properties":{"species":"Vombatus ursinus","eventDate":"2023-07-10","basisOfRecord":"HUMAN_OBSERVATION","license":"CC-BY 4.0 (Int)","coordinateUncertaintyM":null,"uncertaintyUnknown":true,"observationCount":1,"geographicOutlier":false}},{"type":"Feature","id":"2d84f927ab6cf88c","geometry":{"type":"Point","coordinates":[150.587087,-33.932964]},"properties":{"species":"Vombatus ursinus","eventDate":"2023-07-10","basisOfRecord":"HUMAN_OBSERVATION","license":"CC-BY 4.0 (Int)","coordinateUncertaintyM":30.0,"uncertaintyUnknown":false,"observationCount":1,"geographicOutlier":false}},{"type":"Feature","id":"885ff7e705583f48","geometry":{"type":"Point","coordinates":[150.650244,-34.593278]},"properties":{"species":"Vombatus ursinus","eventDate":"2023-07-09","basisOfRecord":"HUMAN_OBSERVATION","license":"CC-BY 4.0 (Int)","coordinateUncertaintyM":500.0,"uncertaintyUnknown":false,"observationCount":1,"geographicOutlier":false}},{"type":"Feature","id":"43775b993dd83fff","geometry":{"type":"Point","coordinates":[150.63034,-34.708249]},"properties":{"species":"Vombatus ursinus","eventDate":"2023-07-08","basisOfRecord":"HUMAN_OBSERVATION","license":"CC-BY 4.0 (Int)","coordinateUncertaintyM":10.0,"uncertaintyUnknown":false,"observationCount":17,"geographicOutlier":false}},{"type":"Feature","id":"ea947ecd519877a8","geometry":{"type":"Point","coordinates":[150.770608,-34.669767]},"properties":{"species":"Vombatus ursinus","eventDate":"2023-07-07","basisOfRecord":"HUMAN_OBSERVATION","license":"CC-BY 4.0 (Int)","coordinateUncertaintyM":30.0,"uncertaintyUnknown":false,"observationCount":1,"geographicOutlier":false}},{"type":"Feature","id":"e62407f3267e6429","geometry":{"type":"Point","coordinates":[144.25058,-37.49067]},"properties":{"species":"Vombatus ursinus","eventDate":"2023-07-06","basisOfRecord":"OCCURRENCE","license":"CC-BY 4.0 (Int)","coordinateUncertaintyM":5.0,"uncertaintyUnknown":false,"observationCount":1,"geographicOutlier":false}},{"type":"Feature","id":"fde242d87b2101f7","geometry":{"type":"Point","coordinates":[150.67756,-34.66749]},"properties":{"species":"Vombatus ursinus","eventDate":"2023-07-05","basisOfRecord":"HUMAN_OBSERVATION","license":"CC-BY 4.0 (Int)","coordinateUncertaintyM":10.0,"uncertaintyUnknown":false,"observationCount":56,"geographicOutlier":false}},{"type":"Feature","id":"d5a91844c9c3404a","geometry":{"type":"Point","coordinates":[151.256985,-32.710892]},"properties":{"species":"Vombatus ursinus","eventDate":"2023-07-04","basisOfRecord":"HUMAN_OBSERVATION","license":"CC-BY 4.0 (Int)","coordinateUncertaintyM":500.0,"uncertaintyUnknown":false,"observationCount":1,"geographicOutlier":false}},{"type":"Feature","id":"dfdaf960ebc72f33","geometry":{"type":"Point","coordinates":[150.772082,-34.685639]},"properties":{"species":"Vombatus ursinus","eventDate":"2023-07-02","basisOfRecord":"HUMAN_OBSERVATION","license":"CC-BY 4.0 (Int)","coordinateUncertaintyM":30.0,"uncertaintyUnknown":false,"observationCount":1,"geographicOutlier":false}},{"type":"Feature","id":"2b8d616924e4d2c8","geometry":{"type":"Point","coordinates":[150.724961,-34.538571]},"properties":{"species":"Vombatus ursinus","eventDate":"2023-07-02","basisOfRecord":"HUMAN_OBSERVATION","license":"CC-BY 4.0 (Int)","coordinateUncertaintyM":30.0,"uncertaintyUnknown":false,"observationCount":1,"geographicOutlier":false}},{"type":"Feature","id":"5a2eecb1406510dd","geometry":{"type":"Point","coordinates":[150.833748,-34.704212]},"properties":{"species":"Vombatus ursinus","eventDate":"2023-07-01","basisOfRecord":"HUMAN_OBSERVATION","license":"CC-BY 4.0 (Int)","coordinateUncertaintyM":30.0,"uncertaintyUnknown":false,"observationCount":1,"geographicOutlier":false}},{"type":"Feature","id":"b846c8a1b5bf5cbb","geometry":{"type":"Point","coordinates":[150.555567,-34.101253]},"properties":{"species":"Vombatus ursinus","eventDate":"2023-06-29","basisOfRecord":"HUMAN_OBSERVATION","license":"CC-BY 4.0 (Int)","coordinateUncertaintyM":30.0,"uncertaintyUnknown":false,"observationCount":1,"geographicOutlier":false}},{"type":"Feature","id":"e1150a0e133efefc","geometry":{"type":"Point","coordinates":[150.75421,-34.745902]},"properties":{"species":"Vombatus ursinus","eventDate":"2023-06-28","basisOfRecord":"HUMAN_OBSERVATION","license":"CC-BY 4.0 (Int)","coordinateUncertaintyM":30.0,"uncertaintyUnknown":false,"observationCount":1,"geographicOutlier":false}},{"type":"Feature","id":"b2d28496f42e31c0","geometry":{"type":"Point","coordinates":[150.678332,-32.105649]},"properties":{"species":"Vombatus ursinus","eventDate":"2023-06-27","basisOfRecord":"HUMAN_OBSERVATION","license":"CC-BY 4.0 (Int)","coordinateUncertaintyM":100.0,"uncertaintyUnknown":false,"observationCount":1,"geographicOutlier":false}},{"type":"Feature","id":"39516fe00dfd9773","geometry":{"type":"Point","coordinates":[150.609033,-34.589665]},"properties":{"species":"Vombatus ursinus","eventDate":"2023-06-25","basisOfRecord":"HUMAN_OBSERVATION","license":"CC-BY 4.0 (Int)","coordinateUncertaintyM":30.0,"uncertaintyUnknown":false,"observationCount":1,"geographicOutlier":false}},{"type":"Feature","id":"80d4dbe38ca65c30","geometry":{"type":"Point","coordinates":[149.11815,-36.193759]},"properties":{"species":"Vombatus ursinus","eventDate":"2023-06-25","basisOfRecord":"HUMAN_OBSERVATION","license":"CC-BY 4.0 (Int)","coordinateUncertaintyM":30.0,"uncertaintyUnknown":false,"observationCount":1,"geographicOutlier":false}},{"type":"Feature","id":"3c8398f59280e4e9","geometry":{"type":"Point","coordinates":[146.92948,-38.42727]},"properties":{"species":"Vombatus ursinus","eventDate":"2023-06-24","basisOfRecord":"OBSERVATION","license":"CC-BY 4.0 (Int)","coordinateUncertaintyM":5.0,"uncertaintyUnknown":false,"observationCount":1,"geographicOutlier":false}},{"type":"Feature","id":"c17ccbe7a3a19727","geometry":{"type":"Point","coordinates":[150.596682,-34.594793]},"properties":{"species":"Vombatus ursinus","eventDate":"2023-06-23","basisOfRecord":"HUMAN_OBSERVATION","license":"CC-BY 4.0 (Int)","coordinateUncertaintyM":30.0,"uncertaintyUnknown":false,"observationCount":1,"geographicOutlier":false}},{"type":"Feature","id":"1f10ac7d84f9f0f6","geometry":{"type":"Point","coordinates":[149.756648,-32.363809]},"properties":{"species":"Vombatus ursinus","eventDate":"2023-06-22","basisOfRecord":"HUMAN_OBSERVATION","license":"CC-BY 4.0 (Int)","coordinateUncertaintyM":20.0,"uncertaintyUnknown":false,"observationCount":1,"geographicOutlier":false}},{"type":"Feature","id":"6548643844430fda","geometry":{"type":"Point","coordinates":[150.463706,-34.502235]},"properties":{"species":"Vombatus ursinus","eventDate":"2023-06-22","basisOfRecord":"HUMAN_OBSERVATION","license":"CC-BY 4.0 (Int)","coordinateUncertaintyM":500.0,"uncertaintyUnknown":false,"observationCount":2,"geographicOutlier":false}},{"type":"Feature","id":"31ae8c32686e5308","geometry":{"type":"Point","coordinates":[150.650067,-34.210657]},"properties":{"species":"Vombatus ursinus","eventDate":"2023-06-21","basisOfRecord":"HUMAN_OBSERVATION","license":"CC-BY 4.0 (Int)","coordinateUncertaintyM":30.0,"uncertaintyUnknown":false,"observationCount":1,"geographicOutlier":false}},{"type":"Feature","id":"afada7e1246cebc3","geometry":{"type":"Point","coordinates":[145.6079,-37.4164]},"properties":{"species":"Vombatus ursinus","eventDate":"2023-06-21","basisOfRecord":"OBSERVATION","license":"CC-BY 4.0 (Int)","coordinateUncertaintyM":10.0,"uncertaintyUnknown":false,"observationCount":1,"geographicOutlier":false}},{"type":"Feature","id":"9310b68df5973326","geometry":{"type":"Point","coordinates":[149.276001,-37.205989]},"properties":{"species":"Vombatus ursinus","eventDate":"2023-06-21","basisOfRecord":"HUMAN_OBSERVATION","license":"CC-BY 4.0 (Int)","coordinateUncertaintyM":10.0,"uncertaintyUnknown":false,"observationCount":1,"geographicOutlier":false}},{"type":"Feature","id":"5be393c0534b7e4e","geometry":{"type":"Point","coordinates":[149.937753,-36.518567]},"properties":{"species":"Vombatus ursinus","eventDate":"2023-06-21","basisOfRecord":"HUMAN_OBSERVATION","license":"CC-BY 4.0 (Int)","coordinateUncertaintyM":20.0,"uncertaintyUnknown":false,"observationCount":1,"geographicOutlier":false}},{"type":"Feature","id":"ac7495a60e1e11ce","geometry":{"type":"Point","coordinates":[150.314,-34.491857]},"properties":{"species":"Vombatus ursinus","eventDate":"2023-06-20","basisOfRecord":"HUMAN_OBSERVATION","license":"CC-BY 4.0 (Int)","coordinateUncertaintyM":30.0,"uncertaintyUnknown":false,"observationCount":1,"geographicOutlier":false}},{"type":"Feature","id":"be00b87ad9ad4ccc","geometry":{"type":"Point","coordinates":[148.47395,-34.93068]},"properties":{"species":"Vombatus ursinus","eventDate":"2023-06-20","basisOfRecord":"HUMAN_OBSERVATION","license":"CC-BY 4.0 (Int)","coordinateUncertaintyM":200.0,"uncertaintyUnknown":false,"observationCount":1,"geographicOutlier":false}},{"type":"Feature","id":"13331fe3f3856b1e","geometry":{"type":"Point","coordinates":[148.42091,-35.06022]},"properties":{"species":"Vombatus ursinus","eventDate":"2023-06-20","basisOfRecord":"HUMAN_OBSERVATION","license":"CC-BY 4.0 (Int)","coordinateUncertaintyM":200.0,"uncertaintyUnknown":false,"observationCount":1,"geographicOutlier":false}},{"type":"Feature","id":"68f0044301c30e3e","geometry":{"type":"Point","coordinates":[150.776991,-34.59073]},"properties":{"species":"Vombatus ursinus","eventDate":"2023-06-19","basisOfRecord":"HUMAN_OBSERVATION","license":"CC-BY 4.0 (Int)","coordinateUncertaintyM":500.0,"uncertaintyUnknown":false,"observationCount":1,"geographicOutlier":false}},{"type":"Feature","id":"2aa46ba8db0654b2","geometry":{"type":"Point","coordinates":[151.284963,-32.963421]},"properties":{"species":"Vombatus ursinus","eventDate":"2023-06-19","basisOfRecord":"HUMAN_OBSERVATION","license":"CC-BY 4.0 (Int)","coordinateUncertaintyM":30.0,"uncertaintyUnknown":false,"observationCount":1,"geographicOutlier":false}},{"type":"Feature","id":"1e162c0e1f25cf7d","geometry":{"type":"Point","coordinates":[150.578738,-34.74571]},"properties":{"species":"Vombatus ursinus","eventDate":"2023-06-18","basisOfRecord":"HUMAN_OBSERVATION","license":"CC-BY 4.0 (Int)","coordinateUncertaintyM":500.0,"uncertaintyUnknown":false,"observationCount":5,"geographicOutlier":false}},{"type":"Feature","id":"dca750990d7f4dfe","geometry":{"type":"Point","coordinates":[144.24415,-37.4774]},"properties":{"species":"Vombatus ursinus","eventDate":"2023-06-16","basisOfRecord":"OCCURRENCE","license":"CC-BY 4.0 (Int)","coordinateUncertaintyM":5.0,"uncertaintyUnknown":false,"observationCount":1,"geographicOutlier":false}},{"type":"Feature","id":"07e94c240c2f03fc","geometry":{"type":"Point","coordinates":[150.653148,-33.772225]},"properties":{"species":"Vombatus ursinus","eventDate":"2023-06-16","basisOfRecord":"HUMAN_OBSERVATION","license":"CC-BY 4.0 (Int)","coordinateUncertaintyM":30.0,"uncertaintyUnknown":false,"observationCount":1,"geographicOutlier":false}},{"type":"Feature","id":"32901f4d8381ec5a","geometry":{"type":"Point","coordinates":[150.359265,-34.583008]},"properties":{"species":"Vombatus ursinus","eventDate":"2023-06-16","basisOfRecord":"HUMAN_OBSERVATION","license":"CC-BY 4.0 (Int)","coordinateUncertaintyM":500.0,"uncertaintyUnknown":false,"observationCount":1,"geographicOutlier":false}},{"type":"Feature","id":"2458292784aac971","geometry":{"type":"Point","coordinates":[150.153355,-34.772135]},"properties":{"species":"Vombatus ursinus","eventDate":"2023-06-15","basisOfRecord":"HUMAN_OBSERVATION","license":"CC-BY 4.0 (Int)","coordinateUncertaintyM":30.0,"uncertaintyUnknown":false,"observationCount":1,"geographicOutlier":false}},{"type":"Feature","id":"418737dfded8987f","geometry":{"type":"Point","coordinates":[148.29639,-35.04838]},"properties":{"species":"Vombatus ursinus","eventDate":"2023-06-15","basisOfRecord":"HUMAN_OBSERVATION","license":"CC-BY 4.0 (Int)","coordinateUncertaintyM":200.0,"uncertaintyUnknown":false,"observationCount":1,"geographicOutlier":false}},{"type":"Feature","id":"a778930ce4465bbd","geometry":{"type":"Point","coordinates":[150.572856,-34.561057]},"properties":{"species":"Vombatus ursinus","eventDate":"2023-06-14","basisOfRecord":"HUMAN_OBSERVATION","license":"CC-BY 4.0 (Int)","coordinateUncertaintyM":30.0,"uncertaintyUnknown":false,"observationCount":1,"geographicOutlier":false}},{"type":"Feature","id":"c07153b6022623f8","geometry":{"type":"Point","coordinates":[150.711813,-34.569919]},"properties":{"species":"Vombatus ursinus","eventDate":"2023-06-13","basisOfRecord":"HUMAN_OBSERVATION","license":"CC-BY 4.0 (Int)","coordinateUncertaintyM":30.0,"uncertaintyUnknown":false,"observationCount":1,"geographicOutlier":false}},{"type":"Feature","id":"7b65fcb31e44f3d1","geometry":{"type":"Point","coordinates":[149.939184,-35.431011]},"properties":{"species":"Vombatus ursinus","eventDate":"2023-06-13","basisOfRecord":"HUMAN_OBSERVATION","license":"CC-BY 4.0 (Int)","coordinateUncertaintyM":500.0,"uncertaintyUnknown":false,"observationCount":1,"geographicOutlier":false}},{"type":"Feature","id":"07d2a946efcc115a","geometry":{"type":"Point","coordinates":[150.17933,-33.636541]},"properties":{"species":"Vombatus ursinus","eventDate":"2023-06-11","basisOfRecord":"HUMAN_OBSERVATION","license":"CC-BY 4.0 (Int)","coordinateUncertaintyM":30.0,"uncertaintyUnknown":false,"observationCount":1,"geographicOutlier":false}},{"type":"Feature","id":"cec681250e2cce69","geometry":{"type":"Point","coordinates":[150.745675,-34.662196]},"properties":{"species":"Vombatus ursinus","eventDate":"2023-06-10","basisOfRecord":"HUMAN_OBSERVATION","license":"CC-BY 4.0 (Int)","coordinateUncertaintyM":30.0,"uncertaintyUnknown":false,"observationCount":1,"geographicOutlier":false}},{"type":"Feature","id":"6187ba60b6542a34","geometry":{"type":"Point","coordinates":[144.18779,-37.39712]},"properties":{"species":"Vombatus ursinus","eventDate":"2023-06-09","basisOfRecord":"OCCURRENCE","license":"CC-BY 4.0 (Int)","coordinateUncertaintyM":5.0,"uncertaintyUnknown":false,"observationCount":1,"geographicOutlier":false}},{"type":"Feature","id":"abdda16da2def3df","geometry":{"type":"Point","coordinates":[148.800148,-36.410314]},"properties":{"species":"Vombatus ursinus","eventDate":"2023-06-08","basisOfRecord":"HUMAN_OBSERVATION","license":"CC-BY 4.0 (Int)","coordinateUncertaintyM":500.0,"uncertaintyUnknown":false,"observationCount":2,"geographicOutlier":false}},{"type":"Feature","id":"821e174cef86c4b1","geometry":{"type":"Point","coordinates":[150.499852,-34.358694]},"properties":{"species":"Vombatus ursinus","eventDate":"2023-06-06","basisOfRecord":"HUMAN_OBSERVATION","license":"CC-BY 4.0 (Int)","coordinateUncertaintyM":30.0,"uncertaintyUnknown":false,"observationCount":1,"geographicOutlier":false}},{"type":"Feature","id":"b3ddc268eb838560","geometry":{"type":"Point","coordinates":[144.26574,-37.47336]},"properties":{"species":"Vombatus ursinus","eventDate":"2023-06-05","basisOfRecord":"OCCURRENCE","license":"CC-BY 4.0 (Int)","coordinateUncertaintyM":5.0,"uncertaintyUnknown":false,"observationCount":1,"geographicOutlier":false}},{"type":"Feature","id":"2fa0882aebce4be2","geometry":{"type":"Point","coordinates":[149.999212,-33.832686]},"properties":{"species":"Vombatus ursinus","eventDate":"2023-06-03","basisOfRecord":"HUMAN_OBSERVATION","license":"CC-BY 4.0 (Int)","coordinateUncertaintyM":6.93,"uncertaintyUnknown":false,"observationCount":1,"geographicOutlier":false}},{"type":"Feature","id":"ea3f87653fa065a8","geometry":{"type":"Point","coordinates":[150.22419,-34.340284]},"properties":{"species":"Vombatus ursinus","eventDate":"2023-06-02","basisOfRecord":"HUMAN_OBSERVATION","license":"CC-BY 4.0 (Int)","coordinateUncertaintyM":10.0,"uncertaintyUnknown":false,"observationCount":1,"geographicOutlier":false}},{"type":"Feature","id":"ab0704a93b9357f1","geometry":{"type":"Point","coordinates":[150.228582,-34.338427]},"properties":{"species":"Vombatus ursinus","eventDate":"2023-06-02","basisOfRecord":"HUMAN_OBSERVATION","license":"CC-BY 4.0 (Int)","coordinateUncertaintyM":10.0,"uncertaintyUnknown":false,"observationCount":1,"geographicOutlier":false}},{"type":"Feature","id":"1e6357b84f7dc06f","geometry":{"type":"Point","coordinates":[150.477661,-34.750727]},"properties":{"species":"Vombatus ursinus","eventDate":"2023-06-01","basisOfRecord":"HUMAN_OBSERVATION","license":"CC-BY 4.0 (Int)","coordinateUncertaintyM":100.0,"uncertaintyUnknown":false,"observationCount":1,"geographicOutlier":false}},{"type":"Feature","id":"3d4e52b2b191fd6b","geometry":{"type":"Point","coordinates":[144.31123,-37.4606]},"properties":{"species":"Vombatus ursinus","eventDate":"2023-06-01","basisOfRecord":"OCCURRENCE","license":"CC-BY 4.0 (Int)","coordinateUncertaintyM":5.0,"uncertaintyUnknown":false,"observationCount":1,"geographicOutlier":false}},{"type":"Feature","id":"71f8c573d65c1673","geometry":{"type":"Point","coordinates":[149.91553,-32.48914]},"properties":{"species":"Vombatus ursinus","eventDate":"2023-05-31","basisOfRecord":"HUMAN_OBSERVATION","license":"CC-BY 4.0 (Int)","coordinateUncertaintyM":10.0,"uncertaintyUnknown":false,"observationCount":1,"geographicOutlier":false}},{"type":"Feature","id":"567b1f231847993d","geometry":{"type":"Point","coordinates":[150.719182,-33.368299]},"properties":{"species":"Vombatus ursinus","eventDate":"2023-05-31","basisOfRecord":"HUMAN_OBSERVATION","license":"CC-BY 4.0 (Int)","coordinateUncertaintyM":30.0,"uncertaintyUnknown":false,"observationCount":1,"geographicOutlier":false}},{"type":"Feature","id":"3acc91b14dd44508","geometry":{"type":"Point","coordinates":[149.574791,-32.591472]},"properties":{"species":"Vombatus ursinus","eventDate":"2023-05-31","basisOfRecord":"HUMAN_OBSERVATION","license":"CC-BY 4.0 (Int)","coordinateUncertaintyM":30.0,"uncertaintyUnknown":false,"observationCount":1,"geographicOutlier":false}},{"type":"Feature","id":"34cacc11b76c36cf","geometry":{"type":"Point","coordinates":[147.27582,-35.85227]},"properties":{"species":"Vombatus ursinus","eventDate":"2023-05-30","basisOfRecord":"HUMAN_OBSERVATION","license":"CC-BY 4.0 (Int)","coordinateUncertaintyM":200.0,"uncertaintyUnknown":false,"observationCount":1,"geographicOutlier":false}},{"type":"Feature","id":"2aafc58df83cfd33","geometry":{"type":"Point","coordinates":[147.2713,-35.88135]},"properties":{"species":"Vombatus ursinus","eventDate":"2023-05-30","basisOfRecord":"HUMAN_OBSERVATION","license":"CC-BY 4.0 (Int)","coordinateUncertaintyM":200.0,"uncertaintyUnknown":false,"observationCount":1,"geographicOutlier":false}},{"type":"Feature","id":"bcf2e89b17a5e5d9","geometry":{"type":"Point","coordinates":[150.699196,-34.245314]},"properties":{"species":"Vombatus ursinus","eventDate":"2023-05-28","basisOfRecord":"HUMAN_OBSERVATION","license":"CC-BY 4.0 (Int)","coordinateUncertaintyM":500.0,"uncertaintyUnknown":false,"observationCount":3,"geographicOutlier":false}},{"type":"Feature","id":"86663e1c7aa5f625","geometry":{"type":"Point","coordinates":[150.797621,-34.663744]},"properties":{"species":"Vombatus ursinus","eventDate":"2023-05-26","basisOfRecord":"HUMAN_OBSERVATION","license":"CC-BY 4.0 (Int)","coordinateUncertaintyM":30.0,"uncertaintyUnknown":false,"observationCount":1,"geographicOutlier":false}},{"type":"Feature","id":"89393cb206e54453","geometry":{"type":"Point","coordinates":[150.320538,-34.622044]},"properties":{"species":"Vombatus ursinus","eventDate":"2023-05-25","basisOfRecord":"HUMAN_OBSERVATION","license":"CC-BY 4.0 (Int)","coordinateUncertaintyM":500.0,"uncertaintyUnknown":false,"observationCount":3,"geographicOutlier":false}},{"type":"Feature","id":"8b655cac048fa993","geometry":{"type":"Point","coordinates":[150.288203,-34.155864]},"properties":{"species":"Vombatus ursinus","eventDate":"2023-05-25","basisOfRecord":"HUMAN_OBSERVATION","license":"CC-BY 4.0 (Int)","coordinateUncertaintyM":10.0,"uncertaintyUnknown":false,"observationCount":1,"geographicOutlier":false}},{"type":"Feature","id":"4fb767cd302e980d","geometry":{"type":"Point","coordinates":[150.77112,-34.28568]},"properties":{"species":"Vombatus ursinus","eventDate":"2023-05-24","basisOfRecord":"HUMAN_OBSERVATION","license":"CC-BY 4.0 (Int)","coordinateUncertaintyM":20.0,"uncertaintyUnknown":false,"observationCount":1,"geographicOutlier":false}},{"type":"Feature","id":"cae9bcbbcd45475d","geometry":{"type":"Point","coordinates":[147.89747,-37.70672]},"properties":{"species":"Vombatus ursinus","eventDate":"2023-05-23","basisOfRecord":"OCCURRENCE","license":"CC-BY 4.0 (Int)","coordinateUncertaintyM":10.0,"uncertaintyUnknown":false,"observationCount":1,"geographicOutlier":false}},{"type":"Feature","id":"7a3c740105b97213","geometry":{"type":"Point","coordinates":[150.75959,-34.28911]},"properties":{"species":"Vombatus ursinus","eventDate":"2023-05-23","basisOfRecord":"HUMAN_OBSERVATION","license":"CC-BY 4.0 (Int)","coordinateUncertaintyM":20.0,"uncertaintyUnknown":false,"observationCount":1,"geographicOutlier":false}},{"type":"Feature","id":"5f0a73e54cafa956","geometry":{"type":"Point","coordinates":[150.408541,-35.293994]},"properties":{"species":"Vombatus ursinus","eventDate":"2023-05-22","basisOfRecord":"HUMAN_OBSERVATION","license":"CC-BY 4.0 (Int)","coordinateUncertaintyM":30.0,"uncertaintyUnknown":false,"observationCount":1,"geographicOutlier":false}},{"type":"Feature","id":"adb3b3a2b976b8f4","geometry":{"type":"Point","coordinates":[150.766803,-34.584778]},"properties":{"species":"Vombatus ursinus","eventDate":"2023-05-22","basisOfRecord":"HUMAN_OBSERVATION","license":"CC-BY 4.0 (Int)","coordinateUncertaintyM":30.0,"uncertaintyUnknown":false,"observationCount":1,"geographicOutlier":false}},{"type":"Feature","id":"46d4deb50e8be1de","geometry":{"type":"Point","coordinates":[147.004863,-35.968253]},"properties":{"species":"Vombatus ursinus","eventDate":"2023-05-22","basisOfRecord":"HUMAN_OBSERVATION","license":"CC-BY 4.0 (Int)","coordinateUncertaintyM":500.0,"uncertaintyUnknown":false,"observationCount":1,"geographicOutlier":false}},{"type":"Feature","id":"f13e24d1ad9be012","geometry":{"type":"Point","coordinates":[149.603101,-32.502298]},"properties":{"species":"Vombatus ursinus","eventDate":"2023-05-20","basisOfRecord":"HUMAN_OBSERVATION","license":"CC-BY 4.0 (Int)","coordinateUncertaintyM":500.0,"uncertaintyUnknown":false,"observationCount":1,"geographicOutlier":false}},{"type":"Feature","id":"bb2e421e8722fdcb","geometry":{"type":"Point","coordinates":[147.95526,-37.78328]},"properties":{"species":"Vombatus ursinus","eventDate":"2023-05-19","basisOfRecord":"OCCURRENCE","license":"CC-BY 4.0 (Int)","coordinateUncertaintyM":10.0,"uncertaintyUnknown":false,"observationCount":1,"geographicOutlier":false}},{"type":"Feature","id":"88466a92cd36aa3d","geometry":{"type":"Point","coordinates":[146.43622,-38.0171]},"properties":{"species":"Vombatus ursinus","eventDate":"2023-05-18","basisOfRecord":"OCCURRENCE","license":"CC-BY 4.0 (Int)","coordinateUncertaintyM":1.0,"uncertaintyUnknown":false,"observationCount":1,"geographicOutlier":false}},{"type":"Feature","id":"af54c4960e817dc9","geometry":{"type":"Point","coordinates":[150.38999,-33.729285]},"properties":{"species":"Vombatus ursinus","eventDate":"2023-05-16","basisOfRecord":"HUMAN_OBSERVATION","license":"CC-BY 4.0 (Int)","coordinateUncertaintyM":150.0,"uncertaintyUnknown":false,"observationCount":1,"geographicOutlier":false}},{"type":"Feature","id":"8f4c46b2fc2e1ee0","geometry":{"type":"Point","coordinates":[149.78378,-32.372162]},"properties":{"species":"Vombatus ursinus","eventDate":"2023-05-16","basisOfRecord":"HUMAN_OBSERVATION","license":"CC-BY 4.0 (Int)","coordinateUncertaintyM":20.0,"uncertaintyUnknown":false,"observationCount":1,"geographicOutlier":false}},{"type":"Feature","id":"b613309cc21dba0f","geometry":{"type":"Point","coordinates":[150.223815,-33.414249]},"properties":{"species":"Vombatus ursinus","eventDate":"2023-05-15","basisOfRecord":"HUMAN_OBSERVATION","license":"CC-BY 4.0 (Int)","coordinateUncertaintyM":1.0,"uncertaintyUnknown":false,"observationCount":8,"geographicOutlier":false}},{"type":"Feature","id":"75e1b235a7bfdc06","geometry":{"type":"Point","coordinates":[149.162588,-33.576635]},"properties":{"species":"Vombatus ursinus","eventDate":"2023-05-14","basisOfRecord":"HUMAN_OBSERVATION","license":"CC-BY 4.0 (Int)","coordinateUncertaintyM":500.0,"uncertaintyUnknown":false,"observationCount":1,"geographicOutlier":false}},{"type":"Feature","id":"a9436aead6582fd0","geometry":{"type":"Point","coordinates":[145.81667,-37.34119]},"properties":{"species":"Vombatus ursinus","eventDate":"2023-05-12","basisOfRecord":"OCCURRENCE","license":"CC-BY 4.0 (Int)","coordinateUncertaintyM":10.0,"uncertaintyUnknown":false,"observationCount":1,"geographicOutlier":false}},{"type":"Feature","id":"0471c726d566a1d3","geometry":{"type":"Point","coordinates":[144.25741,-37.47329]},"properties":{"species":"Vombatus ursinus","eventDate":"2023-05-12","basisOfRecord":"OCCURRENCE","license":"CC-BY 4.0 (Int)","coordinateUncertaintyM":5.0,"uncertaintyUnknown":false,"observationCount":1,"geographicOutlier":false}},{"type":"Feature","id":"eceb791c09ac7c61","geometry":{"type":"Point","coordinates":[146.23955,-38.87944]},"properties":{"species":"Vombatus ursinus","eventDate":"2023-05-11","basisOfRecord":"OCCURRENCE","license":"CC-BY 4.0 (Int)","coordinateUncertaintyM":10.0,"uncertaintyUnknown":false,"observationCount":1,"geographicOutlier":false}},{"type":"Feature","id":"d3733209837b22c1","geometry":{"type":"Point","coordinates":[146.24676,-38.89204]},"properties":{"species":"Vombatus ursinus","eventDate":"2023-05-11","basisOfRecord":"OCCURRENCE","license":"CC-BY 4.0 (Int)","coordinateUncertaintyM":10.0,"uncertaintyUnknown":false,"observationCount":1,"geographicOutlier":false}},{"type":"Feature","id":"d0fbdfe8aecb3e82","geometry":{"type":"Point","coordinates":[146.22977,-38.89109]},"properties":{"species":"Vombatus ursinus","eventDate":"2023-05-11","basisOfRecord":"OCCURRENCE","license":"CC-BY 4.0 (Int)","coordinateUncertaintyM":10.0,"uncertaintyUnknown":false,"observationCount":1,"geographicOutlier":false}},{"type":"Feature","id":"569213e2934d5394","geometry":{"type":"Point","coordinates":[146.27613,-38.88619]},"properties":{"species":"Vombatus ursinus","eventDate":"2023-05-10","basisOfRecord":"OCCURRENCE","license":"CC-BY 4.0 (Int)","coordinateUncertaintyM":10.0,"uncertaintyUnknown":false,"observationCount":1,"geographicOutlier":false}},{"type":"Feature","id":"5ef00a20c1ec5935","geometry":{"type":"Point","coordinates":[146.24912,-38.91303]},"properties":{"species":"Vombatus ursinus","eventDate":"2023-05-10","basisOfRecord":"OCCURRENCE","license":"CC-BY 4.0 (Int)","coordinateUncertaintyM":10.0,"uncertaintyUnknown":false,"observationCount":2,"geographicOutlier":false}},{"type":"Feature","id":"db18efc7b279e11f","geometry":{"type":"Point","coordinates":[146.24239,-38.90593]},"properties":{"species":"Vombatus ursinus","eventDate":"2023-05-09","basisOfRecord":"OCCURRENCE","license":"CC-BY 4.0 (Int)","coordinateUncertaintyM":10.0,"uncertaintyUnknown":false,"observationCount":1,"geographicOutlier":false}},{"type":"Feature","id":"1aacd0013ed6852c","geometry":{"type":"Point","coordinates":[148.726021,-34.442249]},"properties":{"species":"Vombatus ursinus","eventDate":"2023-05-09","basisOfRecord":"HUMAN_OBSERVATION","license":"CC-BY 4.0 (Int)","coordinateUncertaintyM":30.0,"uncertaintyUnknown":false,"observationCount":1,"geographicOutlier":false}},{"type":"Feature","id":"ef0ad64ec4340a68","geometry":{"type":"Point","coordinates":[150.206549,-35.78557]},"properties":{"species":"Vombatus ursinus","eventDate":"2023-05-08","basisOfRecord":"HUMAN_OBSERVATION","license":"CC-BY 4.0 (Int)","coordinateUncertaintyM":30.0,"uncertaintyUnknown":false,"observationCount":1,"geographicOutlier":false}},{"type":"Feature","id":"3fb0b5c4be8e42a7","geometry":{"type":"Point","coordinates":[150.038925,-31.73359]},"properties":{"species":"Vombatus ursinus","eventDate":"2023-05-08","basisOfRecord":"HUMAN_OBSERVATION","license":"CC-BY 4.0 (Int)","coordinateUncertaintyM":20.0,"uncertaintyUnknown":false,"observationCount":1,"geographicOutlier":false}},{"type":"Feature","id":"218fd70053bc28d4","geometry":{"type":"Point","coordinates":[150.27006,-34.294235]},"properties":{"species":"Vombatus ursinus","eventDate":"2023-05-07","basisOfRecord":"HUMAN_OBSERVATION","license":"CC-BY 4.0 (Int)","coordinateUncertaintyM":10.0,"uncertaintyUnknown":false,"observationCount":1,"geographicOutlier":false}},{"type":"Feature","id":"3ad2058fdf0f4c39","geometry":{"type":"Point","coordinates":[145.664101,-35.486983]},"properties":{"species":"Vombatus ursinus","eventDate":"2023-05-05","basisOfRecord":"HUMAN_OBSERVATION","license":"CC-BY 4.0 (Int)","coordinateUncertaintyM":20.0,"uncertaintyUnknown":false,"observationCount":1,"geographicOutlier":false}},{"type":"Feature","id":"6e868c6a8bfbf387","geometry":{"type":"Point","coordinates":[150.603164,-34.910344]},"properties":{"species":"Vombatus ursinus","eventDate":"2023-05-05","basisOfRecord":"HUMAN_OBSERVATION","license":"CC-BY 4.0 (Int)","coordinateUncertaintyM":500.0,"uncertaintyUnknown":false,"observationCount":1,"geographicOutlier":false}},{"type":"Feature","id":"977396bf64167a61","geometry":{"type":"Point","coordinates":[146.5109,-38.0749]},"properties":{"species":"Vombatus ursinus","eventDate":"2023-05-04","basisOfRecord":"OCCURRENCE","license":"CC-BY 4.0 (Int)","coordinateUncertaintyM":1.0,"uncertaintyUnknown":false,"observationCount":1,"geographicOutlier":false}},{"type":"Feature","id":"6aa58ec250178270","geometry":{"type":"Point","coordinates":[151.253314,-32.695971]},"properties":{"species":"Vombatus ursinus","eventDate":"2023-05-03","basisOfRecord":"HUMAN_OBSERVATION","license":"CC-BY 4.0 (Int)","coordinateUncertaintyM":30.0,"uncertaintyUnknown":false,"observationCount":1,"geographicOutlier":false}},{"type":"Feature","id":"b9b2cd4cdeb64ff4","geometry":{"type":"Point","coordinates":[146.42424,-38.06857]},"properties":{"species":"Vombatus ursinus","eventDate":"2023-05-02","basisOfRecord":"OCCURRENCE","license":"CC-BY 4.0 (Int)","coordinateUncertaintyM":1.0,"uncertaintyUnknown":false,"observationCount":1,"geographicOutlier":false}},{"type":"Feature","id":"49b59b66249bf196","geometry":{"type":"Point","coordinates":[149.935213,-32.831607]},"properties":{"species":"Vombatus ursinus","eventDate":"2023-05-01","basisOfRecord":"HUMAN_OBSERVATION","license":"CC-BY 4.0 (Int)","coordinateUncertaintyM":303.0,"uncertaintyUnknown":false,"observationCount":1,"geographicOutlier":false}},{"type":"Feature","id":"14b4e705a9936001","geometry":{"type":"Point","coordinates":[148.850296,-36.37962]},"properties":{"species":"Vombatus ursinus","eventDate":"2023-05-01","basisOfRecord":"HUMAN_OBSERVATION","license":"CC-BY 4.0 (Int)","coordinateUncertaintyM":500.0,"uncertaintyUnknown":false,"observationCount":1,"geographicOutlier":false}},{"type":"Feature","id":"45ca657e92b0faed","geometry":{"type":"Point","coordinates":[146.36671,-38.10639]},"properties":{"species":"Vombatus ursinus","eventDate":"2023-04-30","basisOfRecord":"OCCURRENCE","license":"CC-BY 4.0 (Int)","coordinateUncertaintyM":1.0,"uncertaintyUnknown":false,"observationCount":1,"geographicOutlier":false}},{"type":"Feature","id":"d5603140ba68bd5c","geometry":{"type":"Point","coordinates":[146.1009,-36.81243]},"properties":{"species":"Vombatus ursinus","eventDate":"2023-04-30","basisOfRecord":"OCCURRENCE","license":"CC-BY 4.0 (Int)","coordinateUncertaintyM":1.0,"uncertaintyUnknown":false,"observationCount":1,"geographicOutlier":false}},{"type":"Feature","id":"0eef0bb975a128e6","geometry":{"type":"Point","coordinates":[146.48765,-36.82931]},"properties":{"species":"Vombatus ursinus","eventDate":"2023-04-29","basisOfRecord":"OCCURRENCE","license":"CC-BY 4.0 (Int)","coordinateUncertaintyM":1.0,"uncertaintyUnknown":false,"observationCount":7,"geographicOutlier":false}},{"type":"Feature","id":"37d742a75b283a05","geometry":{"type":"Point","coordinates":[146.51719,-36.82448]},"properties":{"species":"Vombatus ursinus","eventDate":"2023-04-29","basisOfRecord":"OCCURRENCE","license":"CC-BY 4.0 (Int)","coordinateUncertaintyM":1.0,"uncertaintyUnknown":false,"observationCount":1,"geographicOutlier":false}},{"type":"Feature","id":"a810aedea29d2955","geometry":{"type":"Point","coordinates":[146.46224,-36.77409]},"properties":{"species":"Vombatus ursinus","eventDate":"2023-04-28","basisOfRecord":"OCCURRENCE","license":"CC-BY 4.0 (Int)","coordinateUncertaintyM":1.0,"uncertaintyUnknown":false,"observationCount":2,"geographicOutlier":false}},{"type":"Feature","id":"c440d1f6dde1361b","geometry":{"type":"Point","coordinates":[146.37495,-38.10884]},"properties":{"species":"Vombatus ursinus","eventDate":"2023-04-28","basisOfRecord":"OCCURRENCE","license":"CC-BY 4.0 (Int)","coordinateUncertaintyM":1.0,"uncertaintyUnknown":false,"observationCount":1,"geographicOutlier":false}},{"type":"Feature","id":"1892b32ddd7fc363","geometry":{"type":"Point","coordinates":[146.41174,-38.11733]},"properties":{"species":"Vombatus ursinus","eventDate":"2023-04-27","basisOfRecord":"OCCURRENCE","license":"CC-BY 4.0 (Int)","coordinateUncertaintyM":1.0,"uncertaintyUnknown":false,"observationCount":1,"geographicOutlier":false}},{"type":"Feature","id":"4a428fabf5f91af5","geometry":{"type":"Point","coordinates":[146.10209,-36.81292]},"properties":{"species":"Vombatus ursinus","eventDate":"2023-04-26","basisOfRecord":"OCCURRENCE","license":"CC-BY 4.0 (Int)","coordinateUncertaintyM":1.0,"uncertaintyUnknown":false,"observationCount":7,"geographicOutlier":false}},{"type":"Feature","id":"33d33fad854624a9","geometry":{"type":"Point","coordinates":[149.007,-37.71878]},"properties":{"species":"Vombatus ursinus","eventDate":"2023-04-26","basisOfRecord":"OCCURRENCE","license":"CC-BY 4.0 (Int)","coordinateUncertaintyM":10.0,"uncertaintyUnknown":false,"observationCount":1,"geographicOutlier":false}},{"type":"Feature","id":"108e6eae9c6f5e6c","geometry":{"type":"Point","coordinates":[146.16083,-36.82169]},"properties":{"species":"Vombatus ursinus","eventDate":"2023-04-25","basisOfRecord":"OCCURRENCE","license":"CC-BY 4.0 (Int)","coordinateUncertaintyM":1.0,"uncertaintyUnknown":false,"observationCount":2,"geographicOutlier":false}},{"type":"Feature","id":"f05da252cad2d514","geometry":{"type":"Point","coordinates":[149.849083,-34.929396]},"properties":{"species":"Vombatus ursinus","eventDate":"2023-04-24","basisOfRecord":"HUMAN_OBSERVATION","license":"CC-BY 4.0 (Int)","coordinateUncertaintyM":500.0,"uncertaintyUnknown":false,"observationCount":1,"geographicOutlier":false}},{"type":"Feature","id":"b0e28ce1682d3799","geometry":{"type":"Point","coordinates":[146.15656,-36.81775]},"properties":{"species":"Vombatus ursinus","eventDate":"2023-04-23","basisOfRecord":"OCCURRENCE","license":"CC-BY 4.0 (Int)","coordinateUncertaintyM":1.0,"uncertaintyUnknown":false,"observationCount":6,"geographicOutlier":false}},{"type":"Feature","id":"b9f9f38a65520744","geometry":{"type":"Point","coordinates":[146.17022,-36.75051]},"properties":{"species":"Vombatus ursinus","eventDate":"2023-04-22","basisOfRecord":"OCCURRENCE","license":"CC-BY 4.0 (Int)","coordinateUncertaintyM":1.0,"uncertaintyUnknown":false,"observationCount":2,"geographicOutlier":false}},{"type":"Feature","id":"34170893acd97cca","geometry":{"type":"Point","coordinates":[150.630515,-34.765481]},"properties":{"species":"Vombatus ursinus","eventDate":"2023-04-21","basisOfRecord":"HUMAN_OBSERVATION","license":"CC-BY 4.0 (Int)","coordinateUncertaintyM":30.0,"uncertaintyUnknown":false,"observationCount":3,"geographicOutlier":false}},{"type":"Feature","id":"5bd0fb07e19a35f3","geometry":{"type":"Point","coordinates":[149.668637,-32.636313]},"properties":{"species":"Vombatus ursinus","eventDate":"2023-04-20","basisOfRecord":"HUMAN_OBSERVATION","license":"CC-BY 4.0 (Int)","coordinateUncertaintyM":30.0,"uncertaintyUnknown":false,"observationCount":1,"geographicOutlier":false}},{"type":"Feature","id":"4996141d6dcbc63d","geometry":{"type":"Point","coordinates":[146.50241,-36.84576]},"properties":{"species":"Vombatus ursinus","eventDate":"2023-04-19","basisOfRecord":"OCCURRENCE","license":"CC-BY 4.0 (Int)","coordinateUncertaintyM":1.0,"uncertaintyUnknown":false,"observationCount":3,"geographicOutlier":false}},{"type":"Feature","id":"b05bbb0650ef6065","geometry":{"type":"Point","coordinates":[150.80858,-34.079579]},"properties":{"species":"Vombatus ursinus","eventDate":"2023-04-19","basisOfRecord":"HUMAN_OBSERVATION","license":"CC-BY 4.0 (Int)","coordinateUncertaintyM":500.0,"uncertaintyUnknown":false,"observationCount":1,"geographicOutlier":false}},{"type":"Feature","id":"eb6b1e7aafb7f998","geometry":{"type":"Point","coordinates":[148.627163,-32.266579]},"properties":{"species":"Vombatus ursinus","eventDate":"2023-04-18","basisOfRecord":"HUMAN_OBSERVATION","license":"CC-BY 4.0 (Int)","coordinateUncertaintyM":30.0,"uncertaintyUnknown":false,"observationCount":1,"geographicOutlier":false}},{"type":"Feature","id":"b503f4615e55b10c","geometry":{"type":"Point","coordinates":[149.545087,-33.405425]},"properties":{"species":"Vombatus ursinus","eventDate":"2023-04-17","basisOfRecord":"HUMAN_OBSERVATION","license":"CC-BY 4.0 (Int)","coordinateUncertaintyM":898.0,"uncertaintyUnknown":false,"observationCount":1,"geographicOutlier":false}},{"type":"Feature","id":"a1c3a7e35d843e2f","geometry":{"type":"Point","coordinates":[151.282607,-32.888829]},"properties":{"species":"Vombatus ursinus","eventDate":"2023-04-17","basisOfRecord":"HUMAN_OBSERVATION","license":"CC-BY 4.0 (Int)","coordinateUncertaintyM":978.0,"uncertaintyUnknown":false,"observationCount":1,"geographicOutlier":false}},{"type":"Feature","id":"b7c27264c0fc6574","geometry":{"type":"Point","coordinates":[149.920246,-32.549784]},"properties":{"species":"Vombatus ursinus","eventDate":"2023-04-15","basisOfRecord":"HUMAN_OBSERVATION","license":"CC-BY 4.0 (Int)","coordinateUncertaintyM":30.0,"uncertaintyUnknown":false,"observationCount":1,"geographicOutlier":false}},{"type":"Feature","id":"eabddf31e56aaa30","geometry":{"type":"Point","coordinates":[148.29985,-40.941483]},"properties":{"species":"Vombatus ursinus","eventDate":"2023-04-14","basisOfRecord":"HUMAN_OBSERVATION","license":"CC-BY 4.0 (Int)","coordinateUncertaintyM":13.0,"uncertaintyUnknown":false,"observationCount":1,"geographicOutlier":false}},{"type":"Feature","id":"3a924c07983636b7","geometry":{"type":"Point","coordinates":[149.973234,-32.85791]},"properties":{"species":"Vombatus ursinus","eventDate":"2023-04-14","basisOfRecord":"HUMAN_OBSERVATION","license":"CC-BY 4.0 (Int)","coordinateUncertaintyM":30.0,"uncertaintyUnknown":false,"observationCount":1,"geographicOutlier":false}},{"type":"Feature","id":"6ba732c034dea507","geometry":{"type":"Point","coordinates":[149.22853,-37.60179]},"properties":{"species":"Vombatus ursinus","eventDate":"2023-04-13","basisOfRecord":"OCCURRENCE","license":"CC-BY 4.0 (Int)","coordinateUncertaintyM":10.0,"uncertaintyUnknown":false,"observationCount":3,"geographicOutlier":false}},{"type":"Feature","id":"6853513101f12ec7","geometry":{"type":"Point","coordinates":[149.23701,-37.59762]},"properties":{"species":"Vombatus ursinus","eventDate":"2023-04-13","basisOfRecord":"OCCURRENCE","license":"CC-BY 4.0 (Int)","coordinateUncertaintyM":10.0,"uncertaintyUnknown":false,"observationCount":3,"geographicOutlier":false}},{"type":"Feature","id":"262623b7adb0caf5","geometry":{"type":"Point","coordinates":[147.48917,-38.07517]},"properties":{"species":"Vombatus ursinus","eventDate":"2023-04-12","basisOfRecord":"OCCURRENCE","license":"CC-BY 4.0 (Int)","coordinateUncertaintyM":10.0,"uncertaintyUnknown":false,"observationCount":1,"geographicOutlier":false}},{"type":"Feature","id":"09eafa7ab759cf2b","geometry":{"type":"Point","coordinates":[150.721209,-34.064044]},"properties":{"species":"Vombatus ursinus","eventDate":"2023-04-11","basisOfRecord":"HUMAN_OBSERVATION","license":"CC-BY 4.0 (Int)","coordinateUncertaintyM":500.0,"uncertaintyUnknown":false,"observationCount":1,"geographicOutlier":false}},{"type":"Feature","id":"48f8fa5bf7afa191","geometry":{"type":"Point","coordinates":[146.53336,-36.82437]},"properties":{"species":"Vombatus ursinus","eventDate":"2023-04-09","basisOfRecord":"OCCURRENCE","license":"CC-BY 4.0 (Int)","coordinateUncertaintyM":1.0,"uncertaintyUnknown":false,"observationCount":1,"geographicOutlier":false}},{"type":"Feature","id":"8afb27138465992b","geometry":{"type":"Point","coordinates":[149.875669,-36.962201]},"properties":{"species":"Vombatus ursinus","eventDate":"2023-04-07","basisOfRecord":"HUMAN_OBSERVATION","license":"CC-BY 4.0 (Int)","coordinateUncertaintyM":500.0,"uncertaintyUnknown":false,"observationCount":1,"geographicOutlier":false}},{"type":"Feature","id":"95889061faa2e5cf","geometry":{"type":"Point","coordinates":[148.05687,-37.81094]},"properties":{"species":"Vombatus ursinus","eventDate":"2023-04-06","basisOfRecord":"OCCURRENCE","license":"CC-BY 4.0 (Int)","coordinateUncertaintyM":5.0,"uncertaintyUnknown":false,"observationCount":1,"geographicOutlier":false}},{"type":"Feature","id":"a7437452a851ccd0","geometry":{"type":"Point","coordinates":[150.814897,-32.843257]},"properties":{"species":"Vombatus ursinus","eventDate":"2023-04-05","basisOfRecord":"HUMAN_OBSERVATION","license":"CC-BY 4.0 (Int)","coordinateUncertaintyM":30.0,"uncertaintyUnknown":false,"observationCount":1,"geographicOutlier":false}},{"type":"Feature","id":"d7312eb0b0abcb60","geometry":{"type":"Point","coordinates":[148.384405,-35.981092]},"properties":{"species":"Vombatus ursinus","eventDate":"2023-04-03","basisOfRecord":"HUMAN_OBSERVATION","license":"CC-BY 4.0 (Int)","coordinateUncertaintyM":2.0,"uncertaintyUnknown":false,"observationCount":1,"geographicOutlier":false}},{"type":"Feature","id":"c40873d74e223d8b","geometry":{"type":"Point","coordinates":[148.385403,-35.98]},"properties":{"species":"Vombatus ursinus","eventDate":"2023-04-03","basisOfRecord":"HUMAN_OBSERVATION","license":"CC-BY 4.0 (Int)","coordinateUncertaintyM":2.0,"uncertaintyUnknown":false,"observationCount":1,"geographicOutlier":false}},{"type":"Feature","id":"b38d1731428940f8","geometry":{"type":"Point","coordinates":[146.1633,-36.8399]},"properties":{"species":"Vombatus ursinus","eventDate":"2023-04-02","basisOfRecord":"OCCURRENCE","license":"CC-BY 4.0 (Int)","coordinateUncertaintyM":1.0,"uncertaintyUnknown":false,"observationCount":1,"geographicOutlier":false}},{"type":"Feature","id":"105e5ad5f92d9734","geometry":{"type":"Point","coordinates":[150.511129,-34.83398]},"properties":{"species":"Vombatus ursinus","eventDate":"2023-04-01","basisOfRecord":"HUMAN_OBSERVATION","license":"CC-BY 4.0 (Int)","coordinateUncertaintyM":30.0,"uncertaintyUnknown":false,"observationCount":3,"geographicOutlier":false}},{"type":"Feature","id":"d5115ca8d631f9d9","geometry":{"type":"Point","coordinates":[145.55854,-37.4833]},"properties":{"species":"Vombatus ursinus","eventDate":"2023-03-31","basisOfRecord":"OCCURRENCE","license":"CC-BY 4.0 (Int)","coordinateUncertaintyM":5.0,"uncertaintyUnknown":false,"observationCount":1,"geographicOutlier":false}},{"type":"Feature","id":"0e9ef5377da665aa","geometry":{"type":"Point","coordinates":[148.19998,-36.08061]},"properties":{"species":"Vombatus ursinus","eventDate":"2023-03-31","basisOfRecord":"HUMAN_OBSERVATION","license":"CC-BY 4.0 (Int)","coordinateUncertaintyM":3.0,"uncertaintyUnknown":false,"observationCount":1,"geographicOutlier":false}},{"type":"Feature","id":"c88266ef12f8cd42","geometry":{"type":"Point","coordinates":[148.989325,-33.842717]},"properties":{"species":"Vombatus ursinus","eventDate":"2023-03-30","basisOfRecord":"HUMAN_OBSERVATION","license":"CC-BY 4.0 (Int)","coordinateUncertaintyM":30.0,"uncertaintyUnknown":false,"observationCount":1,"geographicOutlier":false}},{"type":"Feature","id":"d0480eea8e33ed53","geometry":{"type":"Point","coordinates":[148.22408,-36.0637]},"properties":{"species":"Vombatus ursinus","eventDate":"2023-03-30","basisOfRecord":"HUMAN_OBSERVATION","license":"CC-BY 4.0 (Int)","coordinateUncertaintyM":3.0,"uncertaintyUnknown":false,"observationCount":1,"geographicOutlier":false}},{"type":"Feature","id":"76b67d4bb59f9947","geometry":{"type":"Point","coordinates":[147.91754,-37.23984]},"properties":{"species":"Vombatus ursinus","eventDate":"2023-03-29","basisOfRecord":"OCCURRENCE","license":"CC-BY 4.0 (Int)","coordinateUncertaintyM":10.0,"uncertaintyUnknown":false,"observationCount":1,"geographicOutlier":false}},{"type":"Feature","id":"e97d57b08d6a90a2","geometry":{"type":"Point","coordinates":[151.191985,-31.492996]},"properties":{"species":"Vombatus ursinus","eventDate":"2023-03-28","basisOfRecord":"HUMAN_OBSERVATION","license":"CC-BY 4.0 (Int)","coordinateUncertaintyM":100.0,"uncertaintyUnknown":false,"observationCount":1,"geographicOutlier":false}},{"type":"Feature","id":"2c437416ca6af8b2","geometry":{"type":"Point","coordinates":[150.242829,-34.287203]},"properties":{"species":"Vombatus ursinus","eventDate":"2023-03-27","basisOfRecord":"HUMAN_OBSERVATION","license":"CC-BY 4.0 (Int)","coordinateUncertaintyM":10.0,"uncertaintyUnknown":false,"observationCount":1,"geographicOutlier":false}},{"type":"Feature","id":"d61a048db84050fa","geometry":{"type":"Point","coordinates":[149.491549,-34.790072]},"properties":{"species":"Vombatus ursinus","eventDate":"2023-03-26","basisOfRecord":"HUMAN_OBSERVATION","license":"CC-BY 4.0 (Int)","coordinateUncertaintyM":30.0,"uncertaintyUnknown":false,"observationCount":1,"geographicOutlier":false}},{"type":"Feature","id":"dc6887aec841dca1","geometry":{"type":"Point","coordinates":[150.843385,-32.260009]},"properties":{"species":"Vombatus ursinus","eventDate":"2023-03-24","basisOfRecord":"HUMAN_OBSERVATION","license":"CC-BY 4.0 (Int)","coordinateUncertaintyM":500.0,"uncertaintyUnknown":false,"observationCount":1,"geographicOutlier":false}},{"type":"Feature","id":"831d1e2750e68a78","geometry":{"type":"Point","coordinates":[150.048955,-37.261116]},"properties":{"species":"Vombatus ursinus","eventDate":"2023-03-22","basisOfRecord":"HUMAN_OBSERVATION","license":"CC-BY 4.0 (Int)","coordinateUncertaintyM":10.0,"uncertaintyUnknown":false,"observationCount":1,"geographicOutlier":false}},{"type":"Feature","id":"84d266ce116a1aa3","geometry":{"type":"Point","coordinates":[148.20329,-36.92613]},"properties":{"species":"Vombatus ursinus","eventDate":"2023-03-21","basisOfRecord":"OCCURRENCE","license":"CC-BY 4.0 (Int)","coordinateUncertaintyM":1.0,"uncertaintyUnknown":false,"observationCount":1,"geographicOutlier":false}},{"type":"Feature","id":"8972275d3cbf0f77","geometry":{"type":"Point","coordinates":[147.97842,-36.95692]},"properties":{"species":"Vombatus ursinus","eventDate":"2023-03-19","basisOfRecord":"OCCURRENCE","license":"CC-BY 4.0 (Int)","coordinateUncertaintyM":1.0,"uncertaintyUnknown":false,"observationCount":1,"geographicOutlier":false}},{"type":"Feature","id":"36b823082ee1302e","geometry":{"type":"Point","coordinates":[150.558997,-34.816614]},"properties":{"species":"Vombatus ursinus","eventDate":"2023-03-18","basisOfRecord":"HUMAN_OBSERVATION","license":"CC-BY 4.0 (Int)","coordinateUncertaintyM":30.0,"uncertaintyUnknown":false,"observationCount":1,"geographicOutlier":false}},{"type":"Feature","id":"8c143cff47b4d7b1","geometry":{"type":"Point","coordinates":[150.146329,-34.684535]},"properties":{"species":"Vombatus ursinus","eventDate":"2023-03-17","basisOfRecord":"HUMAN_OBSERVATION","license":"CC-BY 4.0 (Int)","coordinateUncertaintyM":30.0,"uncertaintyUnknown":false,"observationCount":1,"geographicOutlier":false}},{"type":"Feature","id":"c0c81c00a2bdf618","geometry":{"type":"Point","coordinates":[147.31777,-37.93553]},"properties":{"species":"Vombatus ursinus","eventDate":"2023-03-16","basisOfRecord":"OCCURRENCE","license":"CC-BY 4.0 (Int)","coordinateUncertaintyM":10.0,"uncertaintyUnknown":false,"observationCount":2,"geographicOutlier":false}},{"type":"Feature","id":"b4bab33e494a88d9","geometry":{"type":"Point","coordinates":[147.89772,-37.20064]},"properties":{"species":"Vombatus ursinus","eventDate":"2023-03-16","basisOfRecord":"OCCURRENCE","license":"CC-BY 4.0 (Int)","coordinateUncertaintyM":1.0,"uncertaintyUnknown":false,"observationCount":1,"geographicOutlier":false}},{"type":"Feature","id":"76089699c56c1a35","geometry":{"type":"Point","coordinates":[147.95349,-36.84848]},"properties":{"species":"Vombatus ursinus","eventDate":"2023-03-15","basisOfRecord":"OCCURRENCE","license":"CC-BY 4.0 (Int)","coordinateUncertaintyM":1.0,"uncertaintyUnknown":false,"observationCount":1,"geographicOutlier":false}},{"type":"Feature","id":"ca03d02806631208","geometry":{"type":"Point","coordinates":[150.649595,-34.765692]},"properties":{"species":"Vombatus ursinus","eventDate":"2023-03-14","basisOfRecord":"HUMAN_OBSERVATION","license":"CC-BY 4.0 (Int)","coordinateUncertaintyM":1445.0,"uncertaintyUnknown":false,"observationCount":3,"geographicOutlier":false}},{"type":"Feature","id":"0bfefe939cf39d20","geometry":{"type":"Point","coordinates":[147.94056,-37.17133]},"properties":{"species":"Vombatus ursinus","eventDate":"2023-03-13","basisOfRecord":"OCCURRENCE","license":"CC-BY 4.0 (Int)","coordinateUncertaintyM":1.0,"uncertaintyUnknown":false,"observationCount":1,"geographicOutlier":false}},{"type":"Feature","id":"97ccf71c29def03e","geometry":{"type":"Point","coordinates":[148.635331,-36.407323]},"properties":{"species":"Vombatus ursinus","eventDate":"2023-03-12","basisOfRecord":"HUMAN_OBSERVATION","license":"CC-BY 4.0 (Int)","coordinateUncertaintyM":500.0,"uncertaintyUnknown":false,"observationCount":1,"geographicOutlier":false}},{"type":"Feature","id":"854c9226faf3e4f0","geometry":{"type":"Point","coordinates":[147.97946,-36.97503]},"properties":{"species":"Vombatus ursinus","eventDate":"2023-03-11","basisOfRecord":"OCCURRENCE","license":"CC-BY 4.0 (Int)","coordinateUncertaintyM":1.0,"uncertaintyUnknown":false,"observationCount":1,"geographicOutlier":false}},{"type":"Feature","id":"e5fdd318f668aa83","geometry":{"type":"Point","coordinates":[150.482587,-34.515137]},"properties":{"species":"Vombatus ursinus","eventDate":"2023-03-10","basisOfRecord":"HUMAN_OBSERVATION","license":"CC-BY 4.0 (Int)","coordinateUncertaintyM":30.0,"uncertaintyUnknown":false,"observationCount":1,"geographicOutlier":false}},{"type":"Feature","id":"1faf6da795c86027","geometry":{"type":"Point","coordinates":[147.65882,-37.37665]},"properties":{"species":"Vombatus ursinus","eventDate":"2023-03-09","basisOfRecord":"OCCURRENCE","license":"CC-BY 4.0 (Int)","coordinateUncertaintyM":10.0,"uncertaintyUnknown":false,"observationCount":1,"geographicOutlier":false}},{"type":"Feature","id":"45e31ff3b6b83342","geometry":{"type":"Point","coordinates":[147.89734,-37.18433]},"properties":{"species":"Vombatus ursinus","eventDate":"2023-03-09","basisOfRecord":"OCCURRENCE","license":"CC-BY 4.0 (Int)","coordinateUncertaintyM":1.0,"uncertaintyUnknown":false,"observationCount":1,"geographicOutlier":false}},{"type":"Feature","id":"573c0e51e523763e","geometry":{"type":"Point","coordinates":[146.1243,-37.85496]},"properties":{"species":"Vombatus ursinus","eventDate":"2023-03-08","basisOfRecord":"OBSERVATION","license":"CC-BY 4.0 (Int)","coordinateUncertaintyM":10.0,"uncertaintyUnknown":false,"observationCount":1,"geographicOutlier":false}},{"type":"Feature","id":"56fd291ef8d142e9","geometry":{"type":"Point","coordinates":[146.12746,-37.85386]},"properties":{"species":"Vombatus ursinus","eventDate":"2023-03-08","basisOfRecord":"OBSERVATION","license":"CC-BY 4.0 (Int)","coordinateUncertaintyM":10.0,"uncertaintyUnknown":false,"observationCount":1,"geographicOutlier":false}},{"type":"Feature","id":"015535fd8fc0bb2f","geometry":{"type":"Point","coordinates":[146.12682,-37.85538]},"properties":{"species":"Vombatus ursinus","eventDate":"2023-03-08","basisOfRecord":"OBSERVATION","license":"CC-BY 4.0 (Int)","coordinateUncertaintyM":10.0,"uncertaintyUnknown":false,"observationCount":1,"geographicOutlier":false}},{"type":"Feature","id":"ab040549bd7b435c","geometry":{"type":"Point","coordinates":[148.18442,-36.08046]},"properties":{"species":"Vombatus ursinus","eventDate":"2023-03-07","basisOfRecord":"HUMAN_OBSERVATION","license":"CC-BY 4.0 (Int)","coordinateUncertaintyM":3.0,"uncertaintyUnknown":false,"observationCount":1,"geographicOutlier":false}},{"type":"Feature","id":"d77143394a334bef","geometry":{"type":"Point","coordinates":[149.647755,-35.554375]},"properties":{"species":"Vombatus ursinus","eventDate":"2023-03-06","basisOfRecord":"HUMAN_OBSERVATION","license":"CC-BY 4.0 (Int)","coordinateUncertaintyM":30.0,"uncertaintyUnknown":false,"observationCount":1,"geographicOutlier":false}},{"type":"Feature","id":"e0ed5d0c49db33fa","geometry":{"type":"Point","coordinates":[149.80833,-32.855226]},"properties":{"species":"Vombatus ursinus","eventDate":"2023-03-05","basisOfRecord":"HUMAN_OBSERVATION","license":"CC-BY 4.0 (Int)","coordinateUncertaintyM":10.0,"uncertaintyUnknown":false,"observationCount":1,"geographicOutlier":false}},{"type":"Feature","id":"e82442cee06799cf","geometry":{"type":"Point","coordinates":[148.24945,-36.10207]},"properties":{"species":"Vombatus ursinus","eventDate":"2023-03-04","basisOfRecord":"HUMAN_OBSERVATION","license":"CC-BY 4.0 (Int)","coordinateUncertaintyM":3.0,"uncertaintyUnknown":false,"observationCount":1,"geographicOutlier":false}},{"type":"Feature","id":"a6d2ec2d9c0f4f81","geometry":{"type":"Point","coordinates":[148.28193,-36.03689]},"properties":{"species":"Vombatus ursinus","eventDate":"2023-03-02","basisOfRecord":"HUMAN_OBSERVATION","license":"CC-BY 4.0 (Int)","coordinateUncertaintyM":3.0,"uncertaintyUnknown":false,"observationCount":1,"geographicOutlier":false}},{"type":"Feature","id":"30822f4200e62bd8","geometry":{"type":"Point","coordinates":[146.66186,-36.5571]},"properties":{"species":"Vombatus ursinus","eventDate":"2023-03-02","basisOfRecord":"OCCURRENCE","license":"CC-BY 4.0 (Int)","coordinateUncertaintyM":1.0,"uncertaintyUnknown":false,"observationCount":3,"geographicOutlier":false}},{"type":"Feature","id":"d152456365ddea74","geometry":{"type":"Point","coordinates":[148.28096,-36.037722]},"properties":{"species":"Vombatus ursinus","eventDate":"2023-03-02","basisOfRecord":"HUMAN_OBSERVATION","license":"CC-BY 4.0 (Int)","coordinateUncertaintyM":3.0,"uncertaintyUnknown":false,"observationCount":1,"geographicOutlier":false}},{"type":"Feature","id":"f1ec9754409da7c0","geometry":{"type":"Point","coordinates":[148.40885,-37.09166]},"properties":{"species":"Vombatus ursinus","eventDate":"2023-03-02","basisOfRecord":"OCCURRENCE","license":"CC-BY 4.0 (Int)","coordinateUncertaintyM":5.0,"uncertaintyUnknown":false,"observationCount":4,"geographicOutlier":false}},{"type":"Feature","id":"e72b0aa656a509cb","geometry":{"type":"Point","coordinates":[148.25509,-36.05534]},"properties":{"species":"Vombatus ursinus","eventDate":"2023-03-01","basisOfRecord":"HUMAN_OBSERVATION","license":"CC-BY 4.0 (Int)","coordinateUncertaintyM":3.0,"uncertaintyUnknown":false,"observationCount":1,"geographicOutlier":false}},{"type":"Feature","id":"608309a540d78bdd","geometry":{"type":"Point","coordinates":[144.26604,-37.3448]},"properties":{"species":"Vombatus ursinus","eventDate":"2023-03-01","basisOfRecord":"OBSERVATION","license":"CC-BY 4.0 (Int)","coordinateUncertaintyM":10.0,"uncertaintyUnknown":false,"observationCount":1,"geographicOutlier":false}},{"type":"Feature","id":"4c6c38e45f5363b2","geometry":{"type":"Point","coordinates":[147.90019,-37.15354]},"properties":{"species":"Vombatus ursinus","eventDate":"2023-02-28","basisOfRecord":"OCCURRENCE","license":"CC-BY 4.0 (Int)","coordinateUncertaintyM":1.0,"uncertaintyUnknown":false,"observationCount":1,"geographicOutlier":false}},{"type":"Feature","id":"05224e7ae63f48f7","geometry":{"type":"Point","coordinates":[149.929853,-33.161802]},"properties":{"species":"Vombatus ursinus","eventDate":"2023-02-25","basisOfRecord":"HUMAN_OBSERVATION","license":"CC-BY 4.0 (Int)","coordinateUncertaintyM":10.0,"uncertaintyUnknown":false,"observationCount":1,"geographicOutlier":false}},{"type":"Feature","id":"d2a1d53e268ccbef","geometry":{"type":"Point","coordinates":[150.570609,-34.50241]},"properties":{"species":"Vombatus ursinus","eventDate":"2023-02-24","basisOfRecord":"HUMAN_OBSERVATION","license":"CC-BY 4.0 (Int)","coordinateUncertaintyM":10.0,"uncertaintyUnknown":false,"observationCount":1,"geographicOutlier":false}},{"type":"Feature","id":"55bdef28d5462230","geometry":{"type":"Point","coordinates":[150.534251,-34.045966]},"properties":{"species":"Vombatus ursinus","eventDate":"2023-02-23","basisOfRecord":"HUMAN_OBSERVATION","license":"CC-BY 4.0 (Int)","coordinateUncertaintyM":30.0,"uncertaintyUnknown":false,"observationCount":1,"geographicOutlier":false}},{"type":"Feature","id":"299e4cba73d33e07","geometry":{"type":"Point","coordinates":[150.652223,-34.530727]},"properties":{"species":"Vombatus ursinus","eventDate":"2023-02-22","basisOfRecord":"HUMAN_OBSERVATION","license":"CC-BY 4.0 (Int)","coordinateUncertaintyM":10.0,"uncertaintyUnknown":false,"observationCount":1,"geographicOutlier":false}},{"type":"Feature","id":"c2534f161a887ea0","geometry":{"type":"Point","coordinates":[150.170862,-35.489488]},"properties":{"species":"Vombatus ursinus","eventDate":"2023-02-21","basisOfRecord":"HUMAN_OBSERVATION","license":"CC-BY 4.0 (Int)","coordinateUncertaintyM":20.0,"uncertaintyUnknown":false,"observationCount":1,"geographicOutlier":false}},{"type":"Feature","id":"9f7fbdfdb1958fc5","geometry":{"type":"Point","coordinates":[148.18393,-37.41794]},"properties":{"species":"Vombatus ursinus","eventDate":"2023-02-20","basisOfRecord":"OCCURRENCE","license":"CC-BY 4.0 (Int)","coordinateUncertaintyM":5.0,"uncertaintyUnknown":false,"observationCount":1,"geographicOutlier":false}},{"type":"Feature","id":"c9dca09349511050","geometry":{"type":"Point","coordinates":[150.502832,-34.89008]},"properties":{"species":"Vombatus ursinus","eventDate":"2023-02-18","basisOfRecord":"HUMAN_OBSERVATION","license":"CC-BY 4.0 (Int)","coordinateUncertaintyM":30.0,"uncertaintyUnknown":false,"observationCount":1,"geographicOutlier":false}},{"type":"Feature","id":"0d066f5ecea43020","geometry":{"type":"Point","coordinates":[148.25564,-37.46154]},"properties":{"species":"Vombatus ursinus","eventDate":"2023-02-16","basisOfRecord":"OCCURRENCE","license":"CC-BY 4.0 (Int)","coordinateUncertaintyM":5.0,"uncertaintyUnknown":false,"observationCount":1,"geographicOutlier":false}},{"type":"Feature","id":"a7db69548d8169a0","geometry":{"type":"Point","coordinates":[148.25461,-37.45982]},"properties":{"species":"Vombatus ursinus","eventDate":"2023-02-16","basisOfRecord":"OCCURRENCE","license":"CC-BY 4.0 (Int)","coordinateUncertaintyM":5.0,"uncertaintyUnknown":false,"observationCount":1,"geographicOutlier":false}},{"type":"Feature","id":"1853395bd9077bc1","geometry":{"type":"Point","coordinates":[148.32085,-37.39004]},"properties":{"species":"Vombatus ursinus","eventDate":"2023-02-15","basisOfRecord":"OCCURRENCE","license":"CC-BY 4.0 (Int)","coordinateUncertaintyM":5.0,"uncertaintyUnknown":false,"observationCount":1,"geographicOutlier":false}},{"type":"Feature","id":"cf90784f10680a5c","geometry":{"type":"Point","coordinates":[148.32279,-37.39183]},"properties":{"species":"Vombatus ursinus","eventDate":"2023-02-15","basisOfRecord":"OCCURRENCE","license":"CC-BY 4.0 (Int)","coordinateUncertaintyM":5.0,"uncertaintyUnknown":false,"observationCount":1,"geographicOutlier":false}},{"type":"Feature","id":"fe2b19849eb4f2cd","geometry":{"type":"Point","coordinates":[150.316342,-34.603426]},"properties":{"species":"Vombatus ursinus","eventDate":"2023-02-15","basisOfRecord":"HUMAN_OBSERVATION","license":"CC-BY 4.0 (Int)","coordinateUncertaintyM":500.0,"uncertaintyUnknown":false,"observationCount":2,"geographicOutlier":false}},{"type":"Feature","id":"ad464783c05f92b8","geometry":{"type":"Point","coordinates":[151.268739,-32.691783]},"properties":{"species":"Vombatus ursinus","eventDate":"2023-02-15","basisOfRecord":"HUMAN_OBSERVATION","license":"CC-BY 4.0 (Int)","coordinateUncertaintyM":500.0,"uncertaintyUnknown":false,"observationCount":2,"geographicOutlier":false}},{"type":"Feature","id":"10a0c444d8fc97d2","geometry":{"type":"Point","coordinates":[150.109946,-35.712162]},"properties":{"species":"Vombatus ursinus","eventDate":"2023-02-14","basisOfRecord":"HUMAN_OBSERVATION","license":"CC-BY 4.0 (Int)","coordinateUncertaintyM":10.0,"uncertaintyUnknown":false,"observationCount":1,"geographicOutlier":false}},{"type":"Feature","id":"b7a4808acfdcf04c","geometry":{"type":"Point","coordinates":[148.35137,-37.36384]},"properties":{"species":"Vombatus ursinus","eventDate":"2023-02-14","basisOfRecord":"OCCURRENCE","license":"CC-BY 4.0 (Int)","coordinateUncertaintyM":5.0,"uncertaintyUnknown":false,"observationCount":1,"geographicOutlier":false}},{"type":"Feature","id":"be8b551a58de0a17","geometry":{"type":"Point","coordinates":[148.34758,-37.36419]},"properties":{"species":"Vombatus ursinus","eventDate":"2023-02-14","basisOfRecord":"OCCURRENCE","license":"CC-BY 4.0 (Int)","coordinateUncertaintyM":5.0,"uncertaintyUnknown":false,"observationCount":2,"geographicOutlier":false}},{"type":"Feature","id":"d0bbab45d78d7ef7","geometry":{"type":"Point","coordinates":[148.34795,-37.36214]},"properties":{"species":"Vombatus ursinus","eventDate":"2023-02-14","basisOfRecord":"OCCURRENCE","license":"CC-BY 4.0 (Int)","coordinateUncertaintyM":5.0,"uncertaintyUnknown":false,"observationCount":1,"geographicOutlier":false}},{"type":"Feature","id":"f12e90b8ed7b6ad7","geometry":{"type":"Point","coordinates":[148.34718,-37.36278]},"properties":{"species":"Vombatus ursinus","eventDate":"2023-02-14","basisOfRecord":"OCCURRENCE","license":"CC-BY 4.0 (Int)","coordinateUncertaintyM":5.0,"uncertaintyUnknown":false,"observationCount":1,"geographicOutlier":false}},{"type":"Feature","id":"a604c0d0d95f5e00","geometry":{"type":"Point","coordinates":[149.579585,-37.301226]},"properties":{"species":"Vombatus ursinus","eventDate":"2023-02-13","basisOfRecord":"HUMAN_OBSERVATION","license":"CC-BY 4.0 (Int)","coordinateUncertaintyM":10.0,"uncertaintyUnknown":false,"observationCount":1,"geographicOutlier":false}},{"type":"Feature","id":"84711769d5818046","geometry":{"type":"Point","coordinates":[148.24169,-37.39766]},"properties":{"species":"Vombatus ursinus","eventDate":"2023-02-13","basisOfRecord":"OCCURRENCE","license":"CC-BY 4.0 (Int)","coordinateUncertaintyM":5.0,"uncertaintyUnknown":false,"observationCount":1,"geographicOutlier":false}},{"type":"Feature","id":"a42688fb4dd84f63","geometry":{"type":"Point","coordinates":[146.92498,-36.67188]},"properties":{"species":"Vombatus ursinus","eventDate":"2023-02-12","basisOfRecord":"OCCURRENCE","license":"CC-BY 4.0 (Int)","coordinateUncertaintyM":1.0,"uncertaintyUnknown":false,"observationCount":3,"geographicOutlier":false}},{"type":"Feature","id":"431143543547450f","geometry":{"type":"Point","coordinates":[151.339866,-32.754387]},"properties":{"species":"Vombatus ursinus","eventDate":"2023-02-10","basisOfRecord":"HUMAN_OBSERVATION","license":"CC-BY 4.0 (Int)","coordinateUncertaintyM":500.0,"uncertaintyUnknown":false,"observationCount":1,"geographicOutlier":false}},{"type":"Feature","id":"f6599be34fe4325b","geometry":{"type":"Point","coordinates":[150.350682,-34.463188]},"properties":{"species":"Vombatus ursinus","eventDate":"2023-02-08","basisOfRecord":"HUMAN_OBSERVATION","license":"CC-BY 4.0 (Int)","coordinateUncertaintyM":100.0,"uncertaintyUnknown":false,"observationCount":1,"geographicOutlier":false}},{"type":"Feature","id":"5ec72dbe774ef523","geometry":{"type":"Point","coordinates":[149.656748,-37.373401]},"properties":{"species":"Vombatus ursinus","eventDate":"2023-02-08","basisOfRecord":"HUMAN_OBSERVATION","license":"CC-BY 4.0 (Int)","coordinateUncertaintyM":10.0,"uncertaintyUnknown":false,"observationCount":1,"geographicOutlier":false}},{"type":"Feature","id":"9667de644e4cdccb","geometry":{"type":"Point","coordinates":[148.31688,-37.72792]},"properties":{"species":"Vombatus ursinus","eventDate":"2023-02-07","basisOfRecord":"OCCURRENCE","license":"CC-BY 4.0 (Int)","coordinateUncertaintyM":1.0,"uncertaintyUnknown":false,"observationCount":3,"geographicOutlier":false}},{"type":"Feature","id":"4a88796cafc0c454","geometry":{"type":"Point","coordinates":[148.04747,-37.8041]},"properties":{"species":"Vombatus ursinus","eventDate":"2023-02-06","basisOfRecord":"OCCURRENCE","license":"CC-BY 4.0 (Int)","coordinateUncertaintyM":5.0,"uncertaintyUnknown":false,"observationCount":1,"geographicOutlier":false}},{"type":"Feature","id":"587a5cfc4cf868d8","geometry":{"type":"Point","coordinates":[148.04292,-37.82412]},"properties":{"species":"Vombatus ursinus","eventDate":"2023-02-06","basisOfRecord":"OCCURRENCE","license":"CC-BY 4.0 (Int)","coordinateUncertaintyM":5.0,"uncertaintyUnknown":false,"observationCount":5,"geographicOutlier":false}},{"type":"Feature","id":"61386f7858031b4c","geometry":{"type":"Point","coordinates":[146.94941,-36.66106]},"properties":{"species":"Vombatus ursinus","eventDate":"2023-02-05","basisOfRecord":"OCCURRENCE","license":"CC-BY 4.0 (Int)","coordinateUncertaintyM":1.0,"uncertaintyUnknown":false,"observationCount":1,"geographicOutlier":false}},{"type":"Feature","id":"6fb8b1e83a46c767","geometry":{"type":"Point","coordinates":[148.13043,-37.69935]},"properties":{"species":"Vombatus ursinus","eventDate":"2023-02-05","basisOfRecord":"OCCURRENCE","license":"CC-BY 4.0 (Int)","coordinateUncertaintyM":1.0,"uncertaintyUnknown":false,"observationCount":2,"geographicOutlier":false}},{"type":"Feature","id":"d7bb5fe6b6d373e8","geometry":{"type":"Point","coordinates":[148.13314,-37.71645]},"properties":{"species":"Vombatus ursinus","eventDate":"2023-02-04","basisOfRecord":"OCCURRENCE","license":"CC-BY 4.0 (Int)","coordinateUncertaintyM":1.0,"uncertaintyUnknown":false,"observationCount":8,"geographicOutlier":false}},{"type":"Feature","id":"4c6188274eac6a60","geometry":{"type":"Point","coordinates":[148.24385,-37.74544]},"properties":{"species":"Vombatus ursinus","eventDate":"2023-02-03","basisOfRecord":"OCCURRENCE","license":"CC-BY 4.0 (Int)","coordinateUncertaintyM":1.0,"uncertaintyUnknown":false,"observationCount":1,"geographicOutlier":false}},{"type":"Feature","id":"6bd59056392eacd0","geometry":{"type":"Point","coordinates":[148.25567,-37.7428]},"properties":{"species":"Vombatus ursinus","eventDate":"2023-02-03","basisOfRecord":"OCCURRENCE","license":"CC-BY 4.0 (Int)","coordinateUncertaintyM":1.0,"uncertaintyUnknown":false,"observationCount":1,"geographicOutlier":false}},{"type":"Feature","id":"c111d9ec5c77ca69","geometry":{"type":"Point","coordinates":[148.23306,-37.75707]},"properties":{"species":"Vombatus ursinus","eventDate":"2023-02-02","basisOfRecord":"OCCURRENCE","license":"CC-BY 4.0 (Int)","coordinateUncertaintyM":1.0,"uncertaintyUnknown":false,"observationCount":3,"geographicOutlier":false}},{"type":"Feature","id":"d34edcec0f827e17","geometry":{"type":"Point","coordinates":[146.98653,-36.65638]},"properties":{"species":"Vombatus ursinus","eventDate":"2023-02-01","basisOfRecord":"OCCURRENCE","license":"CC-BY 4.0 (Int)","coordinateUncertaintyM":1.0,"uncertaintyUnknown":false,"observationCount":1,"geographicOutlier":false}},{"type":"Feature","id":"1a518caf18ab356e","geometry":{"type":"Point","coordinates":[148.0021,-37.6908]},"properties":{"species":"Vombatus ursinus","eventDate":"2023-01-31","basisOfRecord":"OCCURRENCE","license":"CC-BY 4.0 (Int)","coordinateUncertaintyM":1.0,"uncertaintyUnknown":false,"observationCount":1,"geographicOutlier":false}},{"type":"Feature","id":"17f816c6317bb184","geometry":{"type":"Point","coordinates":[148.671743,-36.372285]},"properties":{"species":"Vombatus ursinus","eventDate":"2023-01-30","basisOfRecord":"HUMAN_OBSERVATION","license":"CC-BY 4.0 (Int)","coordinateUncertaintyM":30.0,"uncertaintyUnknown":false,"observationCount":1,"geographicOutlier":false}},{"type":"Feature","id":"9345587f1c2a26f2","geometry":{"type":"Point","coordinates":[147.29601,-36.42316]},"properties":{"species":"Vombatus ursinus","eventDate":"2023-01-30","basisOfRecord":"OBSERVATION","license":"CC-BY 4.0 (Int)","coordinateUncertaintyM":10.0,"uncertaintyUnknown":false,"observationCount":1,"geographicOutlier":false}},{"type":"Feature","id":"f5a4b85e85b31a6c","geometry":{"type":"Point","coordinates":[148.30009,-36.509117]},"properties":{"species":"Vombatus ursinus","eventDate":"2023-01-29","basisOfRecord":"HUMAN_OBSERVATION","license":"CC-BY 4.0 (Int)","coordinateUncertaintyM":500.0,"uncertaintyUnknown":false,"observationCount":1,"geographicOutlier":false}},{"type":"Feature","id":"45589c91822f464d","geometry":{"type":"Point","coordinates":[147.9169,-37.78461]},"properties":{"species":"Vombatus ursinus","eventDate":"2023-01-28","basisOfRecord":"OCCURRENCE","license":"CC-BY 4.0 (Int)","coordinateUncertaintyM":1.0,"uncertaintyUnknown":false,"observationCount":3,"geographicOutlier":false}},{"type":"Feature","id":"3ca546a6f18c8619","geometry":{"type":"Point","coordinates":[150.464819,-34.346103]},"properties":{"species":"Vombatus ursinus","eventDate":"2023-01-26","basisOfRecord":"HUMAN_OBSERVATION","license":"CC-BY 4.0 (Int)","coordinateUncertaintyM":30.0,"uncertaintyUnknown":false,"observationCount":1,"geographicOutlier":false}},{"type":"Feature","id":"c602a7b42c2adeed","geometry":{"type":"Point","coordinates":[145.72391,-37.91272]},"properties":{"species":"Vombatus ursinus","eventDate":"2023-01-25","basisOfRecord":"OBSERVATION","license":"CC-BY 4.0 (Int)","coordinateUncertaintyM":10.0,"uncertaintyUnknown":false,"observationCount":1,"geographicOutlier":false}},{"type":"Feature","id":"6679b747eff8b50e","geometry":{"type":"Point","coordinates":[150.560339,-34.127084]},"properties":{"species":"Vombatus ursinus","eventDate":"2023-01-23","basisOfRecord":"HUMAN_OBSERVATION","license":"CC-BY 4.0 (Int)","coordinateUncertaintyM":30.0,"uncertaintyUnknown":false,"observationCount":1,"geographicOutlier":false}},{"type":"Feature","id":"c811f0e75ae7d56f","geometry":{"type":"Point","coordinates":[150.476816,-34.720278]},"properties":{"species":"Vombatus ursinus","eventDate":"2023-01-22","basisOfRecord":"HUMAN_OBSERVATION","license":"CC-BY 4.0 (Int)","coordinateUncertaintyM":30.0,"uncertaintyUnknown":false,"observationCount":1,"geographicOutlier":false}},{"type":"Feature","id":"e26d412762282736","geometry":{"type":"Point","coordinates":[147.98841,-37.69705]},"properties":{"species":"Vombatus ursinus","eventDate":"2023-01-21","basisOfRecord":"OCCURRENCE","license":"CC-BY 4.0 (Int)","coordinateUncertaintyM":1.0,"uncertaintyUnknown":false,"observationCount":1,"geographicOutlier":false}},{"type":"Feature","id":"2772b298faaed1a6","geometry":{"type":"Point","coordinates":[150.539921,-34.251602]},"properties":{"species":"Vombatus ursinus","eventDate":"2023-01-20","basisOfRecord":"HUMAN_OBSERVATION","license":"CC-BY 4.0 (Int)","coordinateUncertaintyM":30.0,"uncertaintyUnknown":false,"observationCount":1,"geographicOutlier":false}},{"type":"Feature","id":"0e4c7359d9a60eb9","geometry":{"type":"Point","coordinates":[149.908016,-37.149319]},"properties":{"species":"Vombatus ursinus","eventDate":"2023-01-20","basisOfRecord":"HUMAN_OBSERVATION","license":"CC-BY 4.0 (Int)","coordinateUncertaintyM":10.0,"uncertaintyUnknown":false,"observationCount":1,"geographicOutlier":false}},{"type":"Feature","id":"8b598ff574a44d65","geometry":{"type":"Point","coordinates":[147.78615,-36.41615]},"properties":{"species":"Vombatus ursinus","eventDate":"2023-01-19","basisOfRecord":"OBSERVATION","license":"CC-BY 4.0 (Int)","coordinateUncertaintyM":10.0,"uncertaintyUnknown":false,"observationCount":1,"geographicOutlier":false}},{"type":"Feature","id":"bf010ab47ce61ed3","geometry":{"type":"Point","coordinates":[150.228715,-34.261339]},"properties":{"species":"Vombatus ursinus","eventDate":"2023-01-19","basisOfRecord":"HUMAN_OBSERVATION","license":"CC-BY 4.0 (Int)","coordinateUncertaintyM":10.0,"uncertaintyUnknown":false,"observationCount":1,"geographicOutlier":false}},{"type":"Feature","id":"6dce71f82a70e6a0","geometry":{"type":"Point","coordinates":[145.72316,-37.90842]},"properties":{"species":"Vombatus ursinus","eventDate":"2023-01-17","basisOfRecord":"OBSERVATION","license":"CC-BY 4.0 (Int)","coordinateUncertaintyM":10.0,"uncertaintyUnknown":false,"observationCount":1,"geographicOutlier":false}},{"type":"Feature","id":"ba34ea1175a1a18f","geometry":{"type":"Point","coordinates":[150.013038,-33.834592]},"properties":{"species":"Vombatus ursinus","eventDate":"2023-01-13","basisOfRecord":"HUMAN_OBSERVATION","license":"CC-BY 4.0 (Int)","coordinateUncertaintyM":5.26,"uncertaintyUnknown":false,"observationCount":1,"geographicOutlier":false}},{"type":"Feature","id":"8f290821e3c97f45","geometry":{"type":"Point","coordinates":[149.729395,-37.280227]},"properties":{"species":"Vombatus ursinus","eventDate":"2023-01-13","basisOfRecord":"HUMAN_OBSERVATION","license":"CC-BY 4.0 (Int)","coordinateUncertaintyM":10.0,"uncertaintyUnknown":false,"observationCount":1,"geographicOutlier":false}},{"type":"Feature","id":"9e1bd51483588af3","geometry":{"type":"Point","coordinates":[151.173043,-33.295581]},"properties":{"species":"Vombatus ursinus","eventDate":"2023-01-10","basisOfRecord":"HUMAN_OBSERVATION","license":"CC-BY 4.0 (Int)","coordinateUncertaintyM":500.0,"uncertaintyUnknown":false,"observationCount":1,"geographicOutlier":false}},{"type":"Feature","id":"d5e4bc2d34490d64","geometry":{"type":"Point","coordinates":[150.572059,-34.793575]},"properties":{"species":"Vombatus ursinus","eventDate":"2023-01-08","basisOfRecord":"HUMAN_OBSERVATION","license":"CC-BY 4.0 (Int)","coordinateUncertaintyM":500.0,"uncertaintyUnknown":false,"observationCount":3,"geographicOutlier":false}},{"type":"Feature","id":"1781dd4c8a0b7720","geometry":{"type":"Point","coordinates":[149.757938,-35.116455]},"properties":{"species":"Vombatus ursinus","eventDate":"2023-01-07","basisOfRecord":"HUMAN_OBSERVATION","license":"CC-BY 4.0 (Int)","coordinateUncertaintyM":30.0,"uncertaintyUnknown":false,"observationCount":1,"geographicOutlier":false}},{"type":"Feature","id":"d1c3677f086dd99b","geometry":{"type":"Point","coordinates":[150.867221,-32.816878]},"properties":{"species":"Vombatus ursinus","eventDate":"2023-01-04","basisOfRecord":"HUMAN_OBSERVATION","license":"CC-BY 4.0 (Int)","coordinateUncertaintyM":500.0,"uncertaintyUnknown":false,"observationCount":2,"geographicOutlier":false}},{"type":"Feature","id":"00445d6f6050f4ac","geometry":{"type":"Point","coordinates":[149.713352,-34.03683]},"properties":{"species":"Vombatus ursinus","eventDate":"2023-01-03","basisOfRecord":"HUMAN_OBSERVATION","license":"CC-BY 4.0 (Int)","coordinateUncertaintyM":5.0,"uncertaintyUnknown":false,"observationCount":101,"geographicOutlier":false}},{"type":"Feature","id":"c2e469456fcad524","geometry":{"type":"Point","coordinates":[151.47133,-32.991554]},"properties":{"species":"Vombatus ursinus","eventDate":"2023-01-01","basisOfRecord":"HUMAN_OBSERVATION","license":"CC-BY 4.0 (Int)","coordinateUncertaintyM":30.0,"uncertaintyUnknown":false,"observationCount":2,"geographicOutlier":false}},{"type":"Feature","id":"33bfd0fce0875c53","geometry":{"type":"Point","coordinates":[150.868617,-33.431848]},"properties":{"species":"Vombatus ursinus","eventDate":"2022-12-30","basisOfRecord":"HUMAN_OBSERVATION","license":"CC-BY 4.0 (Int)","coordinateUncertaintyM":500.0,"uncertaintyUnknown":false,"observationCount":1,"geographicOutlier":false}},{"type":"Feature","id":"58d1fa013d2790a6","geometry":{"type":"Point","coordinates":[150.134361,-33.475096]},"properties":{"species":"Vombatus ursinus","eventDate":"2022-12-28","basisOfRecord":"HUMAN_OBSERVATION","license":"CC-BY 4.0 (Int)","coordinateUncertaintyM":30.0,"uncertaintyUnknown":false,"observationCount":1,"geographicOutlier":false}},{"type":"Feature","id":"5e55e3f87544c03c","geometry":{"type":"Point","coordinates":[150.895559,-34.406815]},"properties":{"species":"Vombatus ursinus","eventDate":"2022-12-25","basisOfRecord":"HUMAN_OBSERVATION","license":"CC-BY 4.0 (Int)","coordinateUncertaintyM":877.0,"uncertaintyUnknown":false,"observationCount":1,"geographicOutlier":false}},{"type":"Feature","id":"02b1215db6461ad0","geometry":{"type":"Point","coordinates":[146.740921,-37.456022]},"properties":{"species":"Vombatus ursinus","eventDate":"2022-12-20","basisOfRecord":"HUMAN_OBSERVATION","license":"CC-BY 4.0 (Int)","coordinateUncertaintyM":null,"uncertaintyUnknown":true,"observationCount":1,"geographicOutlier":false}},{"type":"Feature","id":"db86444ef32bf902","geometry":{"type":"Point","coordinates":[150.497689,-34.402789]},"properties":{"species":"Vombatus ursinus","eventDate":"2022-12-19","basisOfRecord":"HUMAN_OBSERVATION","license":"CC-BY 4.0 (Int)","coordinateUncertaintyM":500.0,"uncertaintyUnknown":false,"observationCount":2,"geographicOutlier":false}},{"type":"Feature","id":"dd282f675811d332","geometry":{"type":"Point","coordinates":[150.640245,-34.279153]},"properties":{"species":"Vombatus ursinus","eventDate":"2022-12-17","basisOfRecord":"HUMAN_OBSERVATION","license":"CC-BY 4.0 (Int)","coordinateUncertaintyM":500.0,"uncertaintyUnknown":false,"observationCount":1,"geographicOutlier":false}},{"type":"Feature","id":"dbbf2aa1e6b3352d","geometry":{"type":"Point","coordinates":[150.626388,-33.96309]},"properties":{"species":"Vombatus ursinus","eventDate":"2022-12-15","basisOfRecord":"HUMAN_OBSERVATION","license":"CC-BY 4.0 (Int)","coordinateUncertaintyM":30.0,"uncertaintyUnknown":false,"observationCount":1,"geographicOutlier":false}},{"type":"Feature","id":"c5ec897cc97e8c7d","geometry":{"type":"Point","coordinates":[150.03168,-32.87205]},"properties":{"species":"Vombatus ursinus","eventDate":"2022-12-13","basisOfRecord":"HUMAN_OBSERVATION","license":"CC-BY 4.0 (Int)","coordinateUncertaintyM":10.0,"uncertaintyUnknown":false,"observationCount":1,"geographicOutlier":false}},{"type":"Feature","id":"14994b6bb14d3e36","geometry":{"type":"Point","coordinates":[149.666523,-34.068859]},"properties":{"species":"Vombatus ursinus","eventDate":"2022-12-11","basisOfRecord":"HUMAN_OBSERVATION","license":"CC-BY 4.0 (Int)","coordinateUncertaintyM":5.0,"uncertaintyUnknown":false,"observationCount":16,"geographicOutlier":false}},{"type":"Feature","id":"e8eddd9d0ca4db7d","geometry":{"type":"Point","coordinates":[150.50162,-34.840534]},"properties":{"species":"Vombatus ursinus","eventDate":"2022-12-09","basisOfRecord":"HUMAN_OBSERVATION","license":"CC-BY 4.0 (Int)","coordinateUncertaintyM":30.0,"uncertaintyUnknown":false,"observationCount":1,"geographicOutlier":false}},{"type":"Feature","id":"fb10572bc68c8751","geometry":{"type":"Point","coordinates":[150.22076,-33.448701]},"properties":{"species":"Vombatus ursinus","eventDate":"2022-12-08","basisOfRecord":"HUMAN_OBSERVATION","license":"CC-BY 4.0 (Int)","coordinateUncertaintyM":250.0,"uncertaintyUnknown":false,"observationCount":2,"geographicOutlier":false}},{"type":"Feature","id":"93a6837dfea4c37a","geometry":{"type":"Point","coordinates":[151.268253,-33.206255]},"properties":{"species":"Vombatus ursinus","eventDate":"2022-12-07","basisOfRecord":"HUMAN_OBSERVATION","license":"CC-BY 4.0 (Int)","coordinateUncertaintyM":30.0,"uncertaintyUnknown":false,"observationCount":1,"geographicOutlier":false}},{"type":"Feature","id":"69c50c5faeb8b639","geometry":{"type":"Point","coordinates":[150.757207,-34.932913]},"properties":{"species":"Vombatus ursinus","eventDate":"2022-12-05","basisOfRecord":"HUMAN_OBSERVATION","license":"CC-BY 4.0 (Int)","coordinateUncertaintyM":30.0,"uncertaintyUnknown":false,"observationCount":1,"geographicOutlier":false}},{"type":"Feature","id":"b6de77e71c2bc532","geometry":{"type":"Point","coordinates":[151.445185,-33.177405]},"properties":{"species":"Vombatus ursinus","eventDate":"2022-12-03","basisOfRecord":"HUMAN_OBSERVATION","license":"CC-BY 4.0 (Int)","coordinateUncertaintyM":30.0,"uncertaintyUnknown":false,"observationCount":1,"geographicOutlier":false}},{"type":"Feature","id":"81cd14380b2378b3","geometry":{"type":"Point","coordinates":[146.612197,-42.681031]},"properties":{"species":"Vombatus ursinus","eventDate":"2022-12-01","basisOfRecord":"HUMAN_OBSERVATION","license":"CC-BY 4.0 (Int)","coordinateUncertaintyM":6.0,"uncertaintyUnknown":false,"observationCount":1,"geographicOutlier":false}},{"type":"Feature","id":"45f91e2f063b0807","geometry":{"type":"Point","coordinates":[150.471066,-34.636211]},"properties":{"species":"Vombatus ursinus","eventDate":"2022-11-30","basisOfRecord":"HUMAN_OBSERVATION","license":"CC-BY 4.0 (Int)","coordinateUncertaintyM":500.0,"uncertaintyUnknown":false,"observationCount":3,"geographicOutlier":false}},{"type":"Feature","id":"348bc01ddbc8d993","geometry":{"type":"Point","coordinates":[149.880919,-37.283372]},"properties":{"species":"Vombatus ursinus","eventDate":"2022-11-29","basisOfRecord":"HUMAN_OBSERVATION","license":"CC-BY 4.0 (Int)","coordinateUncertaintyM":10.0,"uncertaintyUnknown":false,"observationCount":1,"geographicOutlier":false}},{"type":"Feature","id":"ff5ec7844c5d47f9","geometry":{"type":"Point","coordinates":[145.928055,-41.59485]},"properties":{"species":"Vombatus ursinus","eventDate":"2022-11-28","basisOfRecord":"HUMAN_OBSERVATION","license":"CC-BY 4.0 (Int)","coordinateUncertaintyM":4.0,"uncertaintyUnknown":false,"observationCount":1,"geographicOutlier":false}},{"type":"Feature","id":"5e8fa973ffc27ebf","geometry":{"type":"Point","coordinates":[149.982194,-33.145638]},"properties":{"species":"Vombatus ursinus","eventDate":"2022-11-27","basisOfRecord":"HUMAN_OBSERVATION","license":"CC-BY 4.0 (Int)","coordinateUncertaintyM":10.0,"uncertaintyUnknown":false,"observationCount":1,"geographicOutlier":false}},{"type":"Feature","id":"e1767820e04293f9","geometry":{"type":"Point","coordinates":[150.568469,-34.434013]},"properties":{"species":"Vombatus ursinus","eventDate":"2022-11-25","basisOfRecord":"HUMAN_OBSERVATION","license":"CC-BY 4.0 (Int)","coordinateUncertaintyM":100.0,"uncertaintyUnknown":false,"observationCount":1,"geographicOutlier":false}},{"type":"Feature","id":"201595657e6fa76f","geometry":{"type":"Point","coordinates":[151.38181,-33.255706]},"properties":{"species":"Vombatus ursinus","eventDate":"2022-11-23","basisOfRecord":"HUMAN_OBSERVATION","license":"CC-BY 4.0 (Int)","coordinateUncertaintyM":30.0,"uncertaintyUnknown":false,"observationCount":1,"geographicOutlier":false}},{"type":"Feature","id":"c5568e82efde4e89","geometry":{"type":"Point","coordinates":[148.29043,-37.36819]},"properties":{"species":"Vombatus ursinus","eventDate":"2022-11-23","basisOfRecord":"OBSERVATION","license":"CC-BY 4.0 (Int)","coordinateUncertaintyM":10.0,"uncertaintyUnknown":false,"observationCount":1,"geographicOutlier":false}},{"type":"Feature","id":"04e6dae07e533f5e","geometry":{"type":"Point","coordinates":[148.3795,-37.75974]},"properties":{"species":"Vombatus ursinus","eventDate":"2022-11-22","basisOfRecord":"OCCURRENCE","license":"CC-BY 4.0 (Int)","coordinateUncertaintyM":10.0,"uncertaintyUnknown":false,"observationCount":1,"geographicOutlier":false}},{"type":"Feature","id":"6a88954d2f2027ae","geometry":{"type":"Point","coordinates":[148.55033,-37.54525]},"properties":{"species":"Vombatus ursinus","eventDate":"2022-11-22","basisOfRecord":"OCCURRENCE","license":"CC-BY 4.0 (Int)","coordinateUncertaintyM":10.0,"uncertaintyUnknown":false,"observationCount":1,"geographicOutlier":false}},{"type":"Feature","id":"5042165ef72544c2","geometry":{"type":"Point","coordinates":[148.66448,-37.37938]},"properties":{"species":"Vombatus ursinus","eventDate":"2022-11-22","basisOfRecord":"OCCURRENCE","license":"CC-BY 4.0 (Int)","coordinateUncertaintyM":10.0,"uncertaintyUnknown":false,"observationCount":4,"geographicOutlier":false}},{"type":"Feature","id":"f23a7d4464e16148","geometry":{"type":"Point","coordinates":[150.443622,-35.350659]},"properties":{"species":"Vombatus ursinus","eventDate":"2022-11-21","basisOfRecord":"HUMAN_OBSERVATION","license":"CC-BY 4.0 (Int)","coordinateUncertaintyM":30.0,"uncertaintyUnknown":false,"observationCount":1,"geographicOutlier":false}},{"type":"Feature","id":"18d452b4a204f4df","geometry":{"type":"Point","coordinates":[150.0864,-34.698468]},"properties":{"species":"Vombatus ursinus","eventDate":"2022-11-18","basisOfRecord":"HUMAN_OBSERVATION","license":"CC-BY 4.0 (Int)","coordinateUncertaintyM":30.0,"uncertaintyUnknown":false,"observationCount":1,"geographicOutlier":false}},{"type":"Feature","id":"e8d11e234754817e","geometry":{"type":"Point","coordinates":[150.398939,-34.647614]},"properties":{"species":"Vombatus ursinus","eventDate":"2022-11-17","basisOfRecord":"HUMAN_OBSERVATION","license":"CC-BY 4.0 (Int)","coordinateUncertaintyM":500.0,"uncertaintyUnknown":false,"observationCount":1,"geographicOutlier":false}},{"type":"Feature","id":"c811363df7569fa6","geometry":{"type":"Point","coordinates":[150.558716,-34.10278]},"properties":{"species":"Vombatus ursinus","eventDate":"2022-11-15","basisOfRecord":"HUMAN_OBSERVATION","license":"CC-BY 4.0 (Int)","coordinateUncertaintyM":500.0,"uncertaintyUnknown":false,"observationCount":1,"geographicOutlier":false}},{"type":"Feature","id":"c1199392c28958e0","geometry":{"type":"Point","coordinates":[151.684519,-30.521042]},"properties":{"species":"Vombatus ursinus","eventDate":"2022-11-13","basisOfRecord":"HUMAN_OBSERVATION","license":"CC-BY 4.0 (Int)","coordinateUncertaintyM":30.0,"uncertaintyUnknown":false,"observationCount":1,"geographicOutlier":false}},{"type":"Feature","id":"f90e7f5d400a423d","geometry":{"type":"Point","coordinates":[150.230229,-34.263801]},"properties":{"species":"Vombatus ursinus","eventDate":"2022-11-11","basisOfRecord":"HUMAN_OBSERVATION","license":"CC-BY 4.0 (Int)","coordinateUncertaintyM":10.0,"uncertaintyUnknown":false,"observationCount":1,"geographicOutlier":false}},{"type":"Feature","id":"9064308647515d56","geometry":{"type":"Point","coordinates":[145.16242,-37.16209]},"properties":{"species":"Vombatus ursinus","eventDate":"2022-11-09","basisOfRecord":"OCCURRENCE","license":"CC-BY 4.0 (Int)","coordinateUncertaintyM":5.0,"uncertaintyUnknown":false,"observationCount":1,"geographicOutlier":false}},{"type":"Feature","id":"ced0e34ee077c647","geometry":{"type":"Point","coordinates":[148.013611,-33.391849]},"properties":{"species":"Vombatus ursinus","eventDate":"2022-11-09","basisOfRecord":"HUMAN_OBSERVATION","license":"CC-BY 4.0 (Int)","coordinateUncertaintyM":500.0,"uncertaintyUnknown":false,"observationCount":1,"geographicOutlier":false}},{"type":"Feature","id":"41629571117adb5e","geometry":{"type":"Point","coordinates":[146.47708,-38.79944]},"properties":{"species":"Vombatus ursinus","eventDate":"2022-11-07","basisOfRecord":"OBSERVATION","license":"CC-BY 4.0 (Int)","coordinateUncertaintyM":10.0,"uncertaintyUnknown":false,"observationCount":1,"geographicOutlier":false}},{"type":"Feature","id":"55908a3a20b7a4b0","geometry":{"type":"Point","coordinates":[151.275359,-32.942988]},"properties":{"species":"Vombatus ursinus","eventDate":"2022-11-06","basisOfRecord":"HUMAN_OBSERVATION","license":"CC-BY 4.0 (Int)","coordinateUncertaintyM":30.0,"uncertaintyUnknown":false,"observationCount":1,"geographicOutlier":false}},{"type":"Feature","id":"f7ef0bb0bae3907a","geometry":{"type":"Point","coordinates":[149.999925,-33.831422]},"properties":{"species":"Vombatus ursinus","eventDate":"2022-11-04","basisOfRecord":"HUMAN_OBSERVATION","license":"CC-BY 4.0 (Int)","coordinateUncertaintyM":4.95,"uncertaintyUnknown":false,"observationCount":1,"geographicOutlier":false}},{"type":"Feature","id":"e681a39133a49bc2","geometry":{"type":"Point","coordinates":[149.80367,-33.428857]},"properties":{"species":"Vombatus ursinus","eventDate":"2022-11-04","basisOfRecord":"HUMAN_OBSERVATION","license":"CC-BY 4.0 (Int)","coordinateUncertaintyM":250.0,"uncertaintyUnknown":false,"observationCount":1,"geographicOutlier":false}},{"type":"Feature","id":"293d5d57327bdcda","geometry":{"type":"Point","coordinates":[148.61403,-37.54053]},"properties":{"species":"Vombatus ursinus","eventDate":"2022-11-03","basisOfRecord":"OBSERVATION","license":"CC-BY 4.0 (Int)","coordinateUncertaintyM":10.0,"uncertaintyUnknown":false,"observationCount":1,"geographicOutlier":false}},{"type":"Feature","id":"9b8b4f6f7a21a36e","geometry":{"type":"Point","coordinates":[151.388409,-33.327091]},"properties":{"species":"Vombatus ursinus","eventDate":"2022-11-02","basisOfRecord":"HUMAN_OBSERVATION","license":"CC-BY 4.0 (Int)","coordinateUncertaintyM":30.0,"uncertaintyUnknown":false,"observationCount":1,"geographicOutlier":false}},{"type":"Feature","id":"9a1e2257c763aa6c","geometry":{"type":"Point","coordinates":[149.138044,-37.015096]},"properties":{"species":"Vombatus ursinus","eventDate":"2022-11-02","basisOfRecord":"HUMAN_OBSERVATION","license":"CC-BY 4.0 (Int)","coordinateUncertaintyM":500.0,"uncertaintyUnknown":false,"observationCount":1,"geographicOutlier":false}},{"type":"Feature","id":"9fd5f5704de8e7ab","geometry":{"type":"Point","coordinates":[149.827525,-37.168609]},"properties":{"species":"Vombatus ursinus","eventDate":"2022-10-31","basisOfRecord":"HUMAN_OBSERVATION","license":"CC-BY 4.0 (Int)","coordinateUncertaintyM":500.0,"uncertaintyUnknown":false,"observationCount":1,"geographicOutlier":false}},{"type":"Feature","id":"b451fe6e9e426aae","geometry":{"type":"Point","coordinates":[150.297308,-34.636118]},"properties":{"species":"Vombatus ursinus","eventDate":"2022-10-30","basisOfRecord":"HUMAN_OBSERVATION","license":"CC-BY 4.0 (Int)","coordinateUncertaintyM":30.0,"uncertaintyUnknown":false,"observationCount":1,"geographicOutlier":false}},{"type":"Feature","id":"23499b74e5b7b886","geometry":{"type":"Point","coordinates":[146.12473,-37.8702]},"properties":{"species":"Vombatus ursinus","eventDate":"2022-10-27","basisOfRecord":"OBSERVATION","license":"CC-BY 4.0 (Int)","coordinateUncertaintyM":10.0,"uncertaintyUnknown":false,"observationCount":1,"geographicOutlier":false}},{"type":"Feature","id":"c140248969fbbf12","geometry":{"type":"Point","coordinates":[149.939337,-32.337706]},"properties":{"species":"Vombatus ursinus","eventDate":"2022-10-26","basisOfRecord":"HUMAN_OBSERVATION","license":"CC-BY 4.0 (Int)","coordinateUncertaintyM":250.0,"uncertaintyUnknown":false,"observationCount":1,"geographicOutlier":false}},{"type":"Feature","id":"325ca8b4f1922a08","geometry":{"type":"Point","coordinates":[149.942661,-32.34687]},"properties":{"species":"Vombatus ursinus","eventDate":"2022-10-26","basisOfRecord":"HUMAN_OBSERVATION","license":"CC-BY 4.0 (Int)","coordinateUncertaintyM":250.0,"uncertaintyUnknown":false,"observationCount":1,"geographicOutlier":false}},{"type":"Feature","id":"3590b1b785fa8d01","geometry":{"type":"Point","coordinates":[146.20799,-37.60551]},"properties":{"species":"Vombatus ursinus","eventDate":"2022-10-25","basisOfRecord":"OBSERVATION","license":"CC-BY 4.0 (Int)","coordinateUncertaintyM":10.0,"uncertaintyUnknown":false,"observationCount":1,"geographicOutlier":false}},{"type":"Feature","id":"bd1a7817429a512e","geometry":{"type":"Point","coordinates":[147.281892,-36.021008]},"properties":{"species":"Vombatus ursinus","eventDate":"2022-10-24","basisOfRecord":"HUMAN_OBSERVATION","license":"CC-BY 4.0 (Int)","coordinateUncertaintyM":30.0,"uncertaintyUnknown":false,"observationCount":1,"geographicOutlier":false}},{"type":"Feature","id":"24125655ddcd43c5","geometry":{"type":"Point","coordinates":[150.44929,-33.523816]},"properties":{"species":"Vombatus ursinus","eventDate":"2022-10-22","basisOfRecord":"HUMAN_OBSERVATION","license":"CC-BY 4.0 (Int)","coordinateUncertaintyM":500.0,"uncertaintyUnknown":false,"observationCount":1,"geographicOutlier":false}},{"type":"Feature","id":"32973eb4fe697111","geometry":{"type":"Point","coordinates":[145.9266,-38.87245]},"properties":{"species":"Vombatus ursinus","eventDate":"2022-10-21","basisOfRecord":"OBSERVATION","license":"CC-BY 4.0 (Int)","coordinateUncertaintyM":10.0,"uncertaintyUnknown":false,"observationCount":1,"geographicOutlier":false}},{"type":"Feature","id":"23cb09542d41beb1","geometry":{"type":"Point","coordinates":[147.57073,-37.22133]},"properties":{"species":"Vombatus ursinus","eventDate":"2022-10-20","basisOfRecord":"OCCURRENCE","license":"CC-BY 4.0 (Int)","coordinateUncertaintyM":10.0,"uncertaintyUnknown":false,"observationCount":1,"geographicOutlier":false}},{"type":"Feature","id":"cd453d776948078c","geometry":{"type":"Point","coordinates":[147.38071,-36.66916]},"properties":{"species":"Vombatus ursinus","eventDate":"2022-10-20","basisOfRecord":"OCCURRENCE","license":"CC-BY 4.0 (Int)","coordinateUncertaintyM":10.0,"uncertaintyUnknown":false,"observationCount":1,"geographicOutlier":false}},{"type":"Feature","id":"c6667fb501202ee5","geometry":{"type":"Point","coordinates":[147.53951,-37.24253]},"properties":{"species":"Vombatus ursinus","eventDate":"2022-10-20","basisOfRecord":"OCCURRENCE","license":"CC-BY 4.0 (Int)","coordinateUncertaintyM":10.0,"uncertaintyUnknown":false,"observationCount":1,"geographicOutlier":false}},{"type":"Feature","id":"50f64a0481a58cbd","geometry":{"type":"Point","coordinates":[146.81742,-36.83218]},"properties":{"species":"Vombatus ursinus","eventDate":"2022-10-19","basisOfRecord":"OCCURRENCE","license":"CC-BY 4.0 (Int)","coordinateUncertaintyM":10.0,"uncertaintyUnknown":false,"observationCount":3,"geographicOutlier":false}},{"type":"Feature","id":"21cf3ccef4afdc89","geometry":{"type":"Point","coordinates":[147.37602,-36.68311]},"properties":{"species":"Vombatus ursinus","eventDate":"2022-10-18","basisOfRecord":"OCCURRENCE","license":"CC-BY 4.0 (Int)","coordinateUncertaintyM":10.0,"uncertaintyUnknown":false,"observationCount":1,"geographicOutlier":false}},{"type":"Feature","id":"912dc186cbecc212","geometry":{"type":"Point","coordinates":[146.93879,-36.86731]},"properties":{"species":"Vombatus ursinus","eventDate":"2022-10-18","basisOfRecord":"OCCURRENCE","license":"CC-BY 4.0 (Int)","coordinateUncertaintyM":10.0,"uncertaintyUnknown":false,"observationCount":1,"geographicOutlier":false}},{"type":"Feature","id":"fd00ab57f8056958","geometry":{"type":"Point","coordinates":[146.52357,-37.0384]},"properties":{"species":"Vombatus ursinus","eventDate":"2022-10-18","basisOfRecord":"OCCURRENCE","license":"CC-BY 4.0 (Int)","coordinateUncertaintyM":10.0,"uncertaintyUnknown":false,"observationCount":1,"geographicOutlier":false}},{"type":"Feature","id":"94921e767f8e8c15","geometry":{"type":"Point","coordinates":[150.004015,-36.129725]},"properties":{"species":"Vombatus ursinus","eventDate":"2022-10-17","basisOfRecord":"HUMAN_OBSERVATION","license":"CC-BY 4.0 (Int)","coordinateUncertaintyM":30.0,"uncertaintyUnknown":false,"observationCount":1,"geographicOutlier":false}},{"type":"Feature","id":"25859170c2f54591","geometry":{"type":"Point","coordinates":[146.4887,-36.9451]},"properties":{"species":"Vombatus ursinus","eventDate":"2022-10-17","basisOfRecord":"OCCURRENCE","license":"CC-BY 4.0 (Int)","coordinateUncertaintyM":10.0,"uncertaintyUnknown":false,"observationCount":1,"geographicOutlier":false}},{"type":"Feature","id":"97fb0307d8069e36","geometry":{"type":"Point","coordinates":[146.2122,-37.52055]},"properties":{"species":"Vombatus ursinus","eventDate":"2022-10-17","basisOfRecord":"OBSERVATION","license":"CC-BY 4.0 (Int)","coordinateUncertaintyM":10.0,"uncertaintyUnknown":false,"observationCount":1,"geographicOutlier":false}},{"type":"Feature","id":"c2a35ac6b13ee9b9","geometry":{"type":"Point","coordinates":[150.928046,-33.960856]},"properties":{"species":"Vombatus ursinus","eventDate":"2022-10-16","basisOfRecord":"HUMAN_OBSERVATION","license":"CC-BY 4.0 (Int)","coordinateUncertaintyM":4.0,"uncertaintyUnknown":false,"observationCount":1,"geographicOutlier":false}},{"type":"Feature","id":"384103c75f3d9ca9","geometry":{"type":"Point","coordinates":[146.57116,-38.66471]},"properties":{"species":"Vombatus ursinus","eventDate":"2022-10-13","basisOfRecord":"OBSERVATION","license":"CC-BY 4.0 (Int)","coordinateUncertaintyM":10.0,"uncertaintyUnknown":false,"observationCount":1,"geographicOutlier":false}},{"type":"Feature","id":"a3d760406e9386e4","geometry":{"type":"Point","coordinates":[147.46582,-38.03571]},"properties":{"species":"Vombatus ursinus","eventDate":"2022-10-12","basisOfRecord":"OBSERVATION","license":"CC-BY 4.0 (Int)","coordinateUncertaintyM":10.0,"uncertaintyUnknown":false,"observationCount":1,"geographicOutlier":false}},{"type":"Feature","id":"836d97c409be53d8","geometry":{"type":"Point","coordinates":[147.26393,-38.21481]},"properties":{"species":"Vombatus ursinus","eventDate":"2022-10-12","basisOfRecord":"OBSERVATION","license":"CC-BY 4.0 (Int)","coordinateUncertaintyM":10.0,"uncertaintyUnknown":false,"observationCount":1,"geographicOutlier":false}},{"type":"Feature","id":"81f4fd86fea0f1fc","geometry":{"type":"Point","coordinates":[148.56361,-37.78026]},"properties":{"species":"Vombatus ursinus","eventDate":"2022-10-11","basisOfRecord":"OBSERVATION","license":"CC-BY 4.0 (Int)","coordinateUncertaintyM":10.0,"uncertaintyUnknown":false,"observationCount":1,"geographicOutlier":false}},{"type":"Feature","id":"85cd59d4dec1ad69","geometry":{"type":"Point","coordinates":[149.876493,-36.925239]},"properties":{"species":"Vombatus ursinus","eventDate":"2022-10-11","basisOfRecord":"HUMAN_OBSERVATION","license":"CC-BY 4.0 (Int)","coordinateUncertaintyM":30.0,"uncertaintyUnknown":false,"observationCount":1,"geographicOutlier":false}},{"type":"Feature","id":"da58930f9679417d","geometry":{"type":"Point","coordinates":[146.74203,-37.03206]},"properties":{"species":"Vombatus ursinus","eventDate":"2022-10-10","basisOfRecord":"OCCURRENCE","license":"CC-BY 4.0 (Int)","coordinateUncertaintyM":10.0,"uncertaintyUnknown":false,"observationCount":1,"geographicOutlier":false}},{"type":"Feature","id":"f9d91666afcc46cf","geometry":{"type":"Point","coordinates":[148.1821,-37.82879]},"properties":{"species":"Vombatus ursinus","eventDate":"2022-10-10","basisOfRecord":"OBSERVATION","license":"CC-BY 4.0 (Int)","coordinateUncertaintyM":10.0,"uncertaintyUnknown":false,"observationCount":1,"geographicOutlier":false}},{"type":"Feature","id":"b63fedcff12fcf16","geometry":{"type":"Point","coordinates":[148.36025,-37.79902]},"properties":{"species":"Vombatus ursinus","eventDate":"2022-10-10","basisOfRecord":"OBSERVATION","license":"CC-BY 4.0 (Int)","coordinateUncertaintyM":10.0,"uncertaintyUnknown":false,"observationCount":1,"geographicOutlier":false}},{"type":"Feature","id":"ad36fe1ced0b26af","geometry":{"type":"Point","coordinates":[149.648004,-37.365244]},"properties":{"species":"Vombatus ursinus","eventDate":"2022-10-10","basisOfRecord":"HUMAN_OBSERVATION","license":"CC-BY 4.0 (Int)","coordinateUncertaintyM":10.0,"uncertaintyUnknown":false,"observationCount":1,"geographicOutlier":false}},{"type":"Feature","id":"44efdd7d0c01933e","geometry":{"type":"Point","coordinates":[149.62124,-37.357271]},"properties":{"species":"Vombatus ursinus","eventDate":"2022-10-10","basisOfRecord":"HUMAN_OBSERVATION","license":"CC-BY 4.0 (Int)","coordinateUncertaintyM":10.0,"uncertaintyUnknown":false,"observationCount":1,"geographicOutlier":false}},{"type":"Feature","id":"393776e32935816d","geometry":{"type":"Point","coordinates":[150.549537,-34.181788]},"properties":{"species":"Vombatus ursinus","eventDate":"2022-10-06","basisOfRecord":"HUMAN_OBSERVATION","license":"CC-BY 4.0 (Int)","coordinateUncertaintyM":30.0,"uncertaintyUnknown":false,"observationCount":1,"geographicOutlier":false}},{"type":"Feature","id":"8509d315d541c0dc","geometry":{"type":"Point","coordinates":[147.26725,-37.90702]},"properties":{"species":"Vombatus ursinus","eventDate":"2022-10-05","basisOfRecord":"OCCURRENCE","license":"CC-BY 4.0 (Int)","coordinateUncertaintyM":5.0,"uncertaintyUnknown":false,"observationCount":1,"geographicOutlier":false}},{"type":"Feature","id":"eb7839b38b7f36c8","geometry":{"type":"Point","coordinates":[150.151481,-34.687211]},"properties":{"species":"Vombatus ursinus","eventDate":"2022-10-04","basisOfRecord":"HUMAN_OBSERVATION","license":"CC-BY 4.0 (Int)","coordinateUncertaintyM":30.0,"uncertaintyUnknown":false,"observationCount":1,"geographicOutlier":false}},{"type":"Feature","id":"21f4f724d54b4a39","geometry":{"type":"Point","coordinates":[150.735877,-32.91494]},"properties":{"species":"Vombatus ursinus","eventDate":"2022-10-03","basisOfRecord":"HUMAN_OBSERVATION","license":"CC-BY 4.0 (Int)","coordinateUncertaintyM":500.0,"uncertaintyUnknown":false,"observationCount":1,"geographicOutlier":false}},{"type":"Feature","id":"07c93bd2a9c4d233","geometry":{"type":"Point","coordinates":[149.881232,-36.724363]},"properties":{"species":"Vombatus ursinus","eventDate":"2022-10-03","basisOfRecord":"HUMAN_OBSERVATION","license":"CC-BY 4.0 (Int)","coordinateUncertaintyM":1837.0,"uncertaintyUnknown":false,"observationCount":3,"geographicOutlier":false}},{"type":"Feature","id":"0a200072fddffb61","geometry":{"type":"Point","coordinates":[151.094349,-33.073066]},"properties":{"species":"Vombatus ursinus","eventDate":"2022-09-30","basisOfRecord":"HUMAN_OBSERVATION","license":"CC-BY 4.0 (Int)","coordinateUncertaintyM":30.0,"uncertaintyUnknown":false,"observationCount":1,"geographicOutlier":false}},{"type":"Feature","id":"7832a8fd2b61a369","geometry":{"type":"Point","coordinates":[149.750542,-37.032896]},"properties":{"species":"Vombatus ursinus","eventDate":"2022-09-29","basisOfRecord":"HUMAN_OBSERVATION","license":"CC-BY 4.0 (Int)","coordinateUncertaintyM":7.0,"uncertaintyUnknown":false,"observationCount":1,"geographicOutlier":false}},{"type":"Feature","id":"a9d1afd90619d979","geometry":{"type":"Point","coordinates":[145.23481,-37.51677]},"properties":{"species":"Vombatus ursinus","eventDate":"2022-09-29","basisOfRecord":"OCCURRENCE","license":"CC-BY 4.0 (Int)","coordinateUncertaintyM":10.0,"uncertaintyUnknown":false,"observationCount":1,"geographicOutlier":false}},{"type":"Feature","id":"984f8c47e0d587fe","geometry":{"type":"Point","coordinates":[149.894331,-34.91532]},"properties":{"species":"Vombatus ursinus","eventDate":"2022-09-28","basisOfRecord":"HUMAN_OBSERVATION","license":"CC-BY 4.0 (Int)","coordinateUncertaintyM":500.0,"uncertaintyUnknown":false,"observationCount":1,"geographicOutlier":false}},{"type":"Feature","id":"7e4e2898e9d58cc6","geometry":{"type":"Point","coordinates":[151.136666,-32.956087]},"properties":{"species":"Vombatus ursinus","eventDate":"2022-09-27","basisOfRecord":"HUMAN_OBSERVATION","license":"CC-BY 4.0 (Int)","coordinateUncertaintyM":500.0,"uncertaintyUnknown":false,"observationCount":1,"geographicOutlier":false}},{"type":"Feature","id":"7a1a82586c25aced","geometry":{"type":"Point","coordinates":[150.453398,-35.353725]},"properties":{"species":"Vombatus ursinus","eventDate":"2022-09-26","basisOfRecord":"HUMAN_OBSERVATION","license":"CC-BY 4.0 (Int)","coordinateUncertaintyM":30.0,"uncertaintyUnknown":false,"observationCount":1,"geographicOutlier":false}},{"type":"Feature","id":"3596485ed653bfc6","geometry":{"type":"Point","coordinates":[148.339876,-35.332329]},"properties":{"species":"Vombatus ursinus","eventDate":"2022-09-25","basisOfRecord":"HUMAN_OBSERVATION","license":"CC-BY 4.0 (Int)","coordinateUncertaintyM":500.0,"uncertaintyUnknown":false,"observationCount":1,"geographicOutlier":false}},{"type":"Feature","id":"5240ab7170dfcb80","geometry":{"type":"Point","coordinates":[150.34535,-35.400048]},"properties":{"species":"Vombatus ursinus","eventDate":"2022-09-24","basisOfRecord":"HUMAN_OBSERVATION","license":"CC-BY 4.0 (Int)","coordinateUncertaintyM":30.0,"uncertaintyUnknown":false,"observationCount":1,"geographicOutlier":false}},{"type":"Feature","id":"5e714d836329bdf9","geometry":{"type":"Point","coordinates":[149.809497,-35.379642]},"properties":{"species":"Vombatus ursinus","eventDate":"2022-09-23","basisOfRecord":"HUMAN_OBSERVATION","license":"CC-BY 4.0 (Int)","coordinateUncertaintyM":500.0,"uncertaintyUnknown":false,"observationCount":1,"geographicOutlier":false}},{"type":"Feature","id":"905c9c6f87cff019","geometry":{"type":"Point","coordinates":[149.876196,-33.286925]},"properties":{"species":"Vombatus ursinus","eventDate":"2022-09-22","basisOfRecord":"HUMAN_OBSERVATION","license":"CC-BY 4.0 (Int)","coordinateUncertaintyM":30.0,"uncertaintyUnknown":false,"observationCount":1,"geographicOutlier":false}},{"type":"Feature","id":"6ec358cebc9ace46","geometry":{"type":"Point","coordinates":[149.78927,-32.2425]},"properties":{"species":"Vombatus ursinus","eventDate":"2022-09-21","basisOfRecord":"HUMAN_OBSERVATION","license":"CC-BY 4.0 (Int)","coordinateUncertaintyM":10.0,"uncertaintyUnknown":false,"observationCount":1,"geographicOutlier":false}},{"type":"Feature","id":"4d87ef987fa8ddad","geometry":{"type":"Point","coordinates":[149.3991,-37.71258]},"properties":{"species":"Vombatus ursinus","eventDate":"2022-09-20","basisOfRecord":"OCCURRENCE","license":"CC-BY 4.0 (Int)","coordinateUncertaintyM":10.0,"uncertaintyUnknown":false,"observationCount":4,"geographicOutlier":false}},{"type":"Feature","id":"42a95d2d4c0a9f52","geometry":{"type":"Point","coordinates":[149.306672,-36.161375]},"properties":{"species":"Vombatus ursinus","eventDate":"2022-09-20","basisOfRecord":"HUMAN_OBSERVATION","license":"CC-BY 4.0 (Int)","coordinateUncertaintyM":30.0,"uncertaintyUnknown":false,"observationCount":1,"geographicOutlier":false}},{"type":"Feature","id":"c49b2ab4ccdd6acf","geometry":{"type":"Point","coordinates":[150.507807,-34.457217]},"properties":{"species":"Vombatus ursinus","eventDate":"2022-09-19","basisOfRecord":"HUMAN_OBSERVATION","license":"CC-BY 4.0 (Int)","coordinateUncertaintyM":30.0,"uncertaintyUnknown":false,"observationCount":1,"geographicOutlier":false}},{"type":"Feature","id":"92041b25aec74f91","geometry":{"type":"Point","coordinates":[149.943563,-32.347192]},"properties":{"species":"Vombatus ursinus","eventDate":"2022-09-19","basisOfRecord":"HUMAN_OBSERVATION","license":"CC-BY 4.0 (Int)","coordinateUncertaintyM":250.0,"uncertaintyUnknown":false,"observationCount":1,"geographicOutlier":false}},{"type":"Feature","id":"dbfac1ac2ffe017b","geometry":{"type":"Point","coordinates":[148.80564,-37.70017]},"properties":{"species":"Vombatus ursinus","eventDate":"2022-09-18","basisOfRecord":"OBSERVATION","license":"CC-BY 4.0 (Int)","coordinateUncertaintyM":5.0,"uncertaintyUnknown":false,"observationCount":1,"geographicOutlier":false}},{"type":"Feature","id":"a06a3ec2e44e1d7b","geometry":{"type":"Point","coordinates":[151.425028,-33.197412]},"properties":{"species":"Vombatus ursinus","eventDate":"2022-09-16","basisOfRecord":"HUMAN_OBSERVATION","license":"CC-BY 4.0 (Int)","coordinateUncertaintyM":500.0,"uncertaintyUnknown":false,"observationCount":1,"geographicOutlier":false}},{"type":"Feature","id":"33996d77986754b0","geometry":{"type":"Point","coordinates":[150.68064,-32.270141]},"properties":{"species":"Vombatus ursinus","eventDate":"2022-09-15","basisOfRecord":"HUMAN_OBSERVATION","license":"CC-BY 4.0 (Int)","coordinateUncertaintyM":10.0,"uncertaintyUnknown":false,"observationCount":1,"geographicOutlier":false}},{"type":"Feature","id":"c36468e1c42884d4","geometry":{"type":"Point","coordinates":[146.28049,-37.94691]},"properties":{"species":"Vombatus ursinus","eventDate":"2022-09-14","basisOfRecord":"OBSERVATION","license":"CC-BY 4.0 (Int)","coordinateUncertaintyM":10.0,"uncertaintyUnknown":false,"observationCount":1,"geographicOutlier":false}},{"type":"Feature","id":"c05392c5d2cecb1d","geometry":{"type":"Point","coordinates":[144.40487,-37.61261]},"properties":{"species":"Vombatus ursinus","eventDate":"2022-09-13","basisOfRecord":"OBSERVATION","license":"CC-BY 4.0 (Int)","coordinateUncertaintyM":10.0,"uncertaintyUnknown":false,"observationCount":1,"geographicOutlier":false}},{"type":"Feature","id":"b60e02471a12af77","geometry":{"type":"Point","coordinates":[150.817367,-34.056448]},"properties":{"species":"Vombatus ursinus","eventDate":"2022-09-12","basisOfRecord":"HUMAN_OBSERVATION","license":"CC-BY 4.0 (Int)","coordinateUncertaintyM":30.0,"uncertaintyUnknown":false,"observationCount":1,"geographicOutlier":false}},{"type":"Feature","id":"06c38727f28085f8","geometry":{"type":"Point","coordinates":[150.753992,-34.72617]},"properties":{"species":"Vombatus ursinus","eventDate":"2022-09-10","basisOfRecord":"HUMAN_OBSERVATION","license":"CC-BY 4.0 (Int)","coordinateUncertaintyM":30.0,"uncertaintyUnknown":false,"observationCount":1,"geographicOutlier":false}},{"type":"Feature","id":"ebb0b9a67f20841a","geometry":{"type":"Point","coordinates":[151.390351,-32.955055]},"properties":{"species":"Vombatus ursinus","eventDate":"2022-09-09","basisOfRecord":"HUMAN_OBSERVATION","license":"CC-BY 4.0 (Int)","coordinateUncertaintyM":30.0,"uncertaintyUnknown":false,"observationCount":3,"geographicOutlier":false}},{"type":"Feature","id":"d5122ce2944d9060","geometry":{"type":"Point","coordinates":[149.832054,-36.860385]},"properties":{"species":"Vombatus ursinus","eventDate":"2022-09-08","basisOfRecord":"HUMAN_OBSERVATION","license":"CC-BY 4.0 (Int)","coordinateUncertaintyM":200.0,"uncertaintyUnknown":false,"observationCount":1,"geographicOutlier":false}},{"type":"Feature","id":"f03af2b57793ed0a","geometry":{"type":"Point","coordinates":[150.73531,-34.297444]},"properties":{"species":"Vombatus ursinus","eventDate":"2022-09-07","basisOfRecord":"HUMAN_OBSERVATION","license":"CC-BY 4.0 (Int)","coordinateUncertaintyM":10.0,"uncertaintyUnknown":false,"observationCount":1,"geographicOutlier":false}},{"type":"Feature","id":"e2df987655b58e9d","geometry":{"type":"Point","coordinates":[151.111736,-32.661117]},"properties":{"species":"Vombatus ursinus","eventDate":"2022-09-06","basisOfRecord":"HUMAN_OBSERVATION","license":"CC-BY 4.0 (Int)","coordinateUncertaintyM":50.0,"uncertaintyUnknown":false,"observationCount":1,"geographicOutlier":false}},{"type":"Feature","id":"0e8d8357aa7348fb","geometry":{"type":"Point","coordinates":[145.61289,-37.78866]},"properties":{"species":"Vombatus ursinus","eventDate":"2022-09-05","basisOfRecord":"OBSERVATION","license":"CC-BY 4.0 (Int)","coordinateUncertaintyM":210.0,"uncertaintyUnknown":false,"observationCount":1,"geographicOutlier":false}},{"type":"Feature","id":"307cb8edccc9a5a3","geometry":{"type":"Point","coordinates":[150.150934,-33.368988]},"properties":{"species":"Vombatus ursinus","eventDate":"2022-09-05","basisOfRecord":"HUMAN_OBSERVATION","license":"CC-BY 4.0 (Int)","coordinateUncertaintyM":250.0,"uncertaintyUnknown":false,"observationCount":1,"geographicOutlier":false}},{"type":"Feature","id":"194f0ae27b609a33","geometry":{"type":"Point","coordinates":[147.47254,-38.09618]},"properties":{"species":"Vombatus ursinus","eventDate":"2022-09-04","basisOfRecord":"OBSERVATION","license":"CC-BY 4.0 (Int)","coordinateUncertaintyM":10.0,"uncertaintyUnknown":false,"observationCount":1,"geographicOutlier":false}},{"type":"Feature","id":"4a9dc3a1612fe0d3","geometry":{"type":"Point","coordinates":[150.649769,-34.006139]},"properties":{"species":"Vombatus ursinus","eventDate":"2022-09-02","basisOfRecord":"HUMAN_OBSERVATION","license":"CC-BY 4.0 (Int)","coordinateUncertaintyM":500.0,"uncertaintyUnknown":false,"observationCount":1,"geographicOutlier":false}},{"type":"Feature","id":"e47cc03dad055180","geometry":{"type":"Point","coordinates":[149.884993,-33.381718]},"properties":{"species":"Vombatus ursinus","eventDate":"2022-09-02","basisOfRecord":"HUMAN_OBSERVATION","license":"CC-BY 4.0 (Int)","coordinateUncertaintyM":500.0,"uncertaintyUnknown":false,"observationCount":1,"geographicOutlier":false}},{"type":"Feature","id":"c6163615fb9a967b","geometry":{"type":"Point","coordinates":[147.700503,-36.154906]},"properties":{"species":"Vombatus ursinus","eventDate":"2022-09-01","basisOfRecord":"MACHINE_OBSERVATION","license":"CC-BY 4.0 (Int)","coordinateUncertaintyM":null,"uncertaintyUnknown":true,"observationCount":31,"geographicOutlier":false}},{"type":"Feature","id":"7f5f739a72c7d1e5","geometry":{"type":"Point","coordinates":[147.737496,-35.931601]},"properties":{"species":"Vombatus ursinus","eventDate":"2022-08-31","basisOfRecord":"MACHINE_OBSERVATION","license":"CC-BY 4.0 (Int)","coordinateUncertaintyM":null,"uncertaintyUnknown":true,"observationCount":32,"geographicOutlier":false}},{"type":"Feature","id":"1c4644ed817d4d2d","geometry":{"type":"Point","coordinates":[150.705766,-33.344283]},"properties":{"species":"Vombatus ursinus","eventDate":"2022-08-29","basisOfRecord":"HUMAN_OBSERVATION","license":"CC-BY 4.0 (Int)","coordinateUncertaintyM":30.0,"uncertaintyUnknown":false,"observationCount":1,"geographicOutlier":false}},{"type":"Feature","id":"dd325278a9c321d5","geometry":{"type":"Point","coordinates":[149.311021,-36.515692]},"properties":{"species":"Vombatus ursinus","eventDate":"2022-08-29","basisOfRecord":"HUMAN_OBSERVATION","license":"CC-BY 4.0 (Int)","coordinateUncertaintyM":500.0,"uncertaintyUnknown":false,"observationCount":2,"geographicOutlier":false}},{"type":"Feature","id":"8222a08403a30f29","geometry":{"type":"Point","coordinates":[150.943031,-33.252836]},"properties":{"species":"Vombatus ursinus","eventDate":"2022-08-28","basisOfRecord":"HUMAN_OBSERVATION","license":"CC-BY 4.0 (Int)","coordinateUncertaintyM":500.0,"uncertaintyUnknown":false,"observationCount":1,"geographicOutlier":false}},{"type":"Feature","id":"13b25f78b6458c38","geometry":{"type":"Point","coordinates":[145.64839,-37.02323]},"properties":{"species":"Vombatus ursinus","eventDate":"2022-08-26","basisOfRecord":"OCCURRENCE","license":"CC-BY 4.0 (Int)","coordinateUncertaintyM":20.0,"uncertaintyUnknown":false,"observationCount":1,"geographicOutlier":false}},{"type":"Feature","id":"c135bcb3602b6ec9","geometry":{"type":"Point","coordinates":[147.70068,-36.157289]},"properties":{"species":"Vombatus ursinus","eventDate":"2022-08-25","basisOfRecord":"MACHINE_OBSERVATION","license":"CC-BY 4.0 (Int)","coordinateUncertaintyM":null,"uncertaintyUnknown":true,"observationCount":40,"geographicOutlier":false}},{"type":"Feature","id":"71df3f34d2fb490d","geometry":{"type":"Point","coordinates":[151.480031,-32.952286]},"properties":{"species":"Vombatus ursinus","eventDate":"2022-08-25","basisOfRecord":"HUMAN_OBSERVATION","license":"CC-BY 4.0 (Int)","coordinateUncertaintyM":30.0,"uncertaintyUnknown":false,"observationCount":2,"geographicOutlier":false}},{"type":"Feature","id":"4fca8a2a93131c96","geometry":{"type":"Point","coordinates":[149.828193,-37.024836]},"properties":{"species":"Vombatus ursinus","eventDate":"2022-08-24","basisOfRecord":"HUMAN_OBSERVATION","license":"CC-BY 4.0 (Int)","coordinateUncertaintyM":30.0,"uncertaintyUnknown":false,"observationCount":1,"geographicOutlier":false}},{"type":"Feature","id":"12928afe842326de","geometry":{"type":"Point","coordinates":[150.333665,-34.648811]},"properties":{"species":"Vombatus ursinus","eventDate":"2022-08-23","basisOfRecord":"HUMAN_OBSERVATION","license":"CC-BY 4.0 (Int)","coordinateUncertaintyM":30.0,"uncertaintyUnknown":false,"observationCount":2,"geographicOutlier":false}},{"type":"Feature","id":"cc453ac63993fc2e","geometry":{"type":"Point","coordinates":[150.263978,-34.670845]},"properties":{"species":"Vombatus ursinus","eventDate":"2022-08-22","basisOfRecord":"HUMAN_OBSERVATION","license":"CC-BY 4.0 (Int)","coordinateUncertaintyM":500.0,"uncertaintyUnknown":false,"observationCount":1,"geographicOutlier":false}},{"type":"Feature","id":"50c13ddacb88d23c","geometry":{"type":"Point","coordinates":[149.470916,-34.609447]},"properties":{"species":"Vombatus ursinus","eventDate":"2022-08-22","basisOfRecord":"HUMAN_OBSERVATION","license":"CC-BY 4.0 (Int)","coordinateUncertaintyM":30.0,"uncertaintyUnknown":false,"observationCount":1,"geographicOutlier":false}},{"type":"Feature","id":"081be8ea7f674710","geometry":{"type":"Point","coordinates":[150.489216,-32.205571]},"properties":{"species":"Vombatus ursinus","eventDate":"2022-08-21","basisOfRecord":"HUMAN_OBSERVATION","license":"CC-BY 4.0 (Int)","coordinateUncertaintyM":500.0,"uncertaintyUnknown":false,"observationCount":1,"geographicOutlier":false}},{"type":"Feature","id":"acc3b8485a609ec5","geometry":{"type":"Point","coordinates":[149.380813,-36.168684]},"properties":{"species":"Vombatus ursinus","eventDate":"2022-08-19","basisOfRecord":"HUMAN_OBSERVATION","license":"CC-BY 4.0 (Int)","coordinateUncertaintyM":500.0,"uncertaintyUnknown":false,"observationCount":1,"geographicOutlier":false}},{"type":"Feature","id":"b4829bd34fd5229a","geometry":{"type":"Point","coordinates":[150.9592,-33.918077]},"properties":{"species":"Vombatus ursinus","eventDate":"2022-08-18","basisOfRecord":"HUMAN_OBSERVATION","license":"CC-BY 4.0 (Int)","coordinateUncertaintyM":1507.0,"uncertaintyUnknown":false,"observationCount":1,"geographicOutlier":false}},{"type":"Feature","id":"33baee4cfb5e0e76","geometry":{"type":"Point","coordinates":[145.63033,-37.33709]},"properties":{"species":"Vombatus ursinus","eventDate":"2022-08-17","basisOfRecord":"OBSERVATION","license":"CC-BY 4.0 (Int)","coordinateUncertaintyM":10.0,"uncertaintyUnknown":false,"observationCount":1,"geographicOutlier":false}},{"type":"Feature","id":"b42f3e73d9a13aca","geometry":{"type":"Point","coordinates":[148.49755,-37.40395]},"properties":{"species":"Vombatus ursinus","eventDate":"2022-08-16","basisOfRecord":"OCCURRENCE","license":"CC-BY 4.0 (Int)","coordinateUncertaintyM":10.0,"uncertaintyUnknown":false,"observationCount":4,"geographicOutlier":false}},{"type":"Feature","id":"47d31d79e9547def","geometry":{"type":"Point","coordinates":[147.537022,-35.929378]},"properties":{"species":"Vombatus ursinus","eventDate":"2022-08-15","basisOfRecord":"MACHINE_OBSERVATION","license":"CC-BY 4.0 (Int)","coordinateUncertaintyM":null,"uncertaintyUnknown":true,"observationCount":15,"geographicOutlier":false}},{"type":"Feature","id":"2bb9a6e72c436e7f","geometry":{"type":"Point","coordinates":[147.68213,-36.13289]},"properties":{"species":"Vombatus ursinus","eventDate":"2022-08-15","basisOfRecord":"MACHINE_OBSERVATION","license":"CC-BY 4.0 (Int)","coordinateUncertaintyM":null,"uncertaintyUnknown":true,"observationCount":117,"geographicOutlier":false}},{"type":"Feature","id":"7f630e8e0a63d235","geometry":{"type":"Point","coordinates":[148.64578,-37.73074]},"properties":{"species":"Vombatus ursinus","eventDate":"2022-08-14","basisOfRecord":"OBSERVATION","license":"CC-BY 4.0 (Int)","coordinateUncertaintyM":5.0,"uncertaintyUnknown":false,"observationCount":1,"geographicOutlier":false}},{"type":"Feature","id":"b4671ea132c32a18","geometry":{"type":"Point","coordinates":[147.463026,-35.852064]},"properties":{"species":"Vombatus ursinus","eventDate":"2022-08-13","basisOfRecord":"MACHINE_OBSERVATION","license":"CC-BY 4.0 (Int)","coordinateUncertaintyM":null,"uncertaintyUnknown":true,"observationCount":16,"geographicOutlier":false}},{"type":"Feature","id":"ad2e90f43934f981","geometry":{"type":"Point","coordinates":[147.771048,-35.799618]},"properties":{"species":"Vombatus ursinus","eventDate":"2022-08-12","basisOfRecord":"MACHINE_OBSERVATION","license":"CC-BY 4.0 (Int)","coordinateUncertaintyM":null,"uncertaintyUnknown":true,"observationCount":26,"geographicOutlier":false}},{"type":"Feature","id":"f9dc19173d6329c5","geometry":{"type":"Point","coordinates":[147.459967,-35.850618]},"properties":{"species":"Vombatus ursinus","eventDate":"2022-08-12","basisOfRecord":"MACHINE_OBSERVATION","license":"CC-BY 4.0 (Int)","coordinateUncertaintyM":null,"uncertaintyUnknown":true,"observationCount":19,"geographicOutlier":false}},{"type":"Feature","id":"386e9ece6727252e","geometry":{"type":"Point","coordinates":[150.736644,-34.16804]},"properties":{"species":"Vombatus ursinus","eventDate":"2022-08-11","basisOfRecord":"HUMAN_OBSERVATION","license":"CC-BY 4.0 (Int)","coordinateUncertaintyM":30.0,"uncertaintyUnknown":false,"observationCount":1,"geographicOutlier":false}},{"type":"Feature","id":"0dd4ce61a3a05a72","geometry":{"type":"Point","coordinates":[149.677223,-31.933312]},"properties":{"species":"Vombatus ursinus","eventDate":"2022-08-10","basisOfRecord":"HUMAN_OBSERVATION","license":"CC-BY 4.0 (Int)","coordinateUncertaintyM":30.0,"uncertaintyUnknown":false,"observationCount":1,"geographicOutlier":false}},{"type":"Feature","id":"f382ba86c06cbec4","geometry":{"type":"Point","coordinates":[149.782516,-37.290478]},"properties":{"species":"Vombatus ursinus","eventDate":"2022-08-10","basisOfRecord":"HUMAN_OBSERVATION","license":"CC-BY 4.0 (Int)","coordinateUncertaintyM":10.0,"uncertaintyUnknown":false,"observationCount":1,"geographicOutlier":false}},{"type":"Feature","id":"16d1495ed8678000","geometry":{"type":"Point","coordinates":[150.518011,-34.44672]},"properties":{"species":"Vombatus ursinus","eventDate":"2022-08-10","basisOfRecord":"HUMAN_OBSERVATION","license":"CC-BY 4.0 (Int)","coordinateUncertaintyM":20.0,"uncertaintyUnknown":false,"observationCount":1,"geographicOutlier":false}},{"type":"Feature","id":"493472fd6ec63971","geometry":{"type":"Point","coordinates":[147.598561,-35.836053]},"properties":{"species":"Vombatus ursinus","eventDate":"2022-08-09","basisOfRecord":"MACHINE_OBSERVATION","license":"CC-BY 4.0 (Int)","coordinateUncertaintyM":null,"uncertaintyUnknown":true,"observationCount":38,"geographicOutlier":false}},{"type":"Feature","id":"04f8734c9956dba7","geometry":{"type":"Point","coordinates":[149.803596,-37.277148]},"properties":{"species":"Vombatus ursinus","eventDate":"2022-08-09","basisOfRecord":"HUMAN_OBSERVATION","license":"CC-BY 4.0 (Int)","coordinateUncertaintyM":10.0,"uncertaintyUnknown":false,"observationCount":1,"geographicOutlier":false}},{"type":"Feature","id":"c7cadf28d24b9164","geometry":{"type":"Point","coordinates":[149.67147,-37.39798]},"properties":{"species":"Vombatus ursinus","eventDate":"2022-08-08","basisOfRecord":"OCCURRENCE","license":"CC-BY 4.0 (Int)","coordinateUncertaintyM":10.0,"uncertaintyUnknown":false,"observationCount":2,"geographicOutlier":false}},{"type":"Feature","id":"fa4a96bc3a884b16","geometry":{"type":"Point","coordinates":[149.43239,-37.56589]},"properties":{"species":"Vombatus ursinus","eventDate":"2022-08-08","basisOfRecord":"OCCURRENCE","license":"CC-BY 4.0 (Int)","coordinateUncertaintyM":10.0,"uncertaintyUnknown":false,"observationCount":2,"geographicOutlier":false}},{"type":"Feature","id":"21b2cfc3c932e236","geometry":{"type":"Point","coordinates":[149.43697,-37.73059]},"properties":{"species":"Vombatus ursinus","eventDate":"2022-08-08","basisOfRecord":"OCCURRENCE","license":"CC-BY 4.0 (Int)","coordinateUncertaintyM":10.0,"uncertaintyUnknown":false,"observationCount":3,"geographicOutlier":false}},{"type":"Feature","id":"64a2ee1c3dd3f30f","geometry":{"type":"Point","coordinates":[149.52238,-37.40878]},"properties":{"species":"Vombatus ursinus","eventDate":"2022-08-08","basisOfRecord":"OCCURRENCE","license":"CC-BY 4.0 (Int)","coordinateUncertaintyM":10.0,"uncertaintyUnknown":false,"observationCount":3,"geographicOutlier":false}},{"type":"Feature","id":"9a59912bd07291e2","geometry":{"type":"Point","coordinates":[147.534933,-35.925658]},"properties":{"species":"Vombatus ursinus","eventDate":"2022-08-07","basisOfRecord":"MACHINE_OBSERVATION","license":"CC-BY 4.0 (Int)","coordinateUncertaintyM":null,"uncertaintyUnknown":true,"observationCount":30,"geographicOutlier":false}},{"type":"Feature","id":"016cacd11b2d350e","geometry":{"type":"Point","coordinates":[149.41079,-37.54336]},"properties":{"species":"Vombatus ursinus","eventDate":"2022-08-05","basisOfRecord":"OCCURRENCE","license":"CC-BY 4.0 (Int)","coordinateUncertaintyM":10.0,"uncertaintyUnknown":false,"observationCount":3,"geographicOutlier":false}},{"type":"Feature","id":"2d875b01a5459f89","geometry":{"type":"Point","coordinates":[149.46233,-37.42732]},"properties":{"species":"Vombatus ursinus","eventDate":"2022-08-05","basisOfRecord":"OCCURRENCE","license":"CC-BY 4.0 (Int)","coordinateUncertaintyM":10.0,"uncertaintyUnknown":false,"observationCount":3,"geographicOutlier":false}},{"type":"Feature","id":"dc93dd39f0cc06e7","geometry":{"type":"Point","coordinates":[149.26658,-37.6898]},"properties":{"species":"Vombatus ursinus","eventDate":"2022-08-04","basisOfRecord":"OCCURRENCE","license":"CC-BY 4.0 (Int)","coordinateUncertaintyM":10.0,"uncertaintyUnknown":false,"observationCount":2,"geographicOutlier":false}},{"type":"Feature","id":"db85c1beb0b80eab","geometry":{"type":"Point","coordinates":[149.28643,-37.67537]},"properties":{"species":"Vombatus ursinus","eventDate":"2022-08-04","basisOfRecord":"OCCURRENCE","license":"CC-BY 4.0 (Int)","coordinateUncertaintyM":10.0,"uncertaintyUnknown":false,"observationCount":3,"geographicOutlier":false}},{"type":"Feature","id":"a5c3d81eb879d031","geometry":{"type":"Point","coordinates":[149.848259,-37.277378]},"properties":{"species":"Vombatus ursinus","eventDate":"2022-08-03","basisOfRecord":"HUMAN_OBSERVATION","license":"CC-BY 4.0 (Int)","coordinateUncertaintyM":10.0,"uncertaintyUnknown":false,"observationCount":1,"geographicOutlier":false}},{"type":"Feature","id":"58848f2c38d0caf8","geometry":{"type":"Point","coordinates":[149.17717,-37.64642]},"properties":{"species":"Vombatus ursinus","eventDate":"2022-08-02","basisOfRecord":"OCCURRENCE","license":"CC-BY 4.0 (Int)","coordinateUncertaintyM":10.0,"uncertaintyUnknown":false,"observationCount":3,"geographicOutlier":false}},{"type":"Feature","id":"7b3494d6421318cf","geometry":{"type":"Point","coordinates":[149.22544,-37.61275]},"properties":{"species":"Vombatus ursinus","eventDate":"2022-08-02","basisOfRecord":"OCCURRENCE","license":"CC-BY 4.0 (Int)","coordinateUncertaintyM":10.0,"uncertaintyUnknown":false,"observationCount":3,"geographicOutlier":false}},{"type":"Feature","id":"d91d2e9bbfe0064d","geometry":{"type":"Point","coordinates":[147.96579,-37.56406]},"properties":{"species":"Vombatus ursinus","eventDate":"2022-08-02","basisOfRecord":"OCCURRENCE","license":"CC-BY 4.0 (Int)","coordinateUncertaintyM":100.0,"uncertaintyUnknown":false,"observationCount":1,"geographicOutlier":false}},{"type":"Feature","id":"d56a8625cbf1f6fe","geometry":{"type":"Point","coordinates":[147.771194,-35.880099]},"properties":{"species":"Vombatus ursinus","eventDate":"2022-08-01","basisOfRecord":"MACHINE_OBSERVATION","license":"CC-BY 4.0 (Int)","coordinateUncertaintyM":null,"uncertaintyUnknown":true,"observationCount":26,"geographicOutlier":false}},{"type":"Feature","id":"bf5a1edf14d08d45","geometry":{"type":"Point","coordinates":[147.771284,-35.797585]},"properties":{"species":"Vombatus ursinus","eventDate":"2022-08-01","basisOfRecord":"MACHINE_OBSERVATION","license":"CC-BY 4.0 (Int)","coordinateUncertaintyM":null,"uncertaintyUnknown":true,"observationCount":31,"geographicOutlier":false}},{"type":"Feature","id":"976d4ca591159910","geometry":{"type":"Point","coordinates":[148.26751,-35.369881]},"properties":{"species":"Vombatus ursinus","eventDate":"2022-07-31","basisOfRecord":"HUMAN_OBSERVATION","license":"CC-BY 4.0 (Int)","coordinateUncertaintyM":500.0,"uncertaintyUnknown":false,"observationCount":1,"geographicOutlier":false}},{"type":"Feature","id":"31241eda250496c2","geometry":{"type":"Point","coordinates":[150.53698,-34.256068]},"properties":{"species":"Vombatus ursinus","eventDate":"2022-07-30","basisOfRecord":"HUMAN_OBSERVATION","license":"CC-BY 4.0 (Int)","coordinateUncertaintyM":500.0,"uncertaintyUnknown":false,"observationCount":1,"geographicOutlier":false}},{"type":"Feature","id":"34cf5360c6ca7f7d","geometry":{"type":"Point","coordinates":[150.614995,-34.828333]},"properties":{"species":"Vombatus ursinus","eventDate":"2022-07-29","basisOfRecord":"HUMAN_OBSERVATION","license":"CC-BY 4.0 (Int)","coordinateUncertaintyM":30.0,"uncertaintyUnknown":false,"observationCount":1,"geographicOutlier":false}},{"type":"Feature","id":"2eb6f899c817e70c","geometry":{"type":"Point","coordinates":[148.82722,-37.55845]},"properties":{"species":"Vombatus ursinus","eventDate":"2022-07-29","basisOfRecord":"OCCURRENCE","license":"CC-BY 4.0 (Int)","coordinateUncertaintyM":10.0,"uncertaintyUnknown":false,"observationCount":3,"geographicOutlier":false}},{"type":"Feature","id":"ecd2f7e7cf455d42","geometry":{"type":"Point","coordinates":[148.40044,-37.75894]},"properties":{"species":"Vombatus ursinus","eventDate":"2022-07-28","basisOfRecord":"OCCURRENCE","license":"CC-BY 4.0 (Int)","coordinateUncertaintyM":10.0,"uncertaintyUnknown":false,"observationCount":2,"geographicOutlier":false}},{"type":"Feature","id":"e687039812cab877","geometry":{"type":"Point","coordinates":[150.586889,-34.810961]},"properties":{"species":"Vombatus ursinus","eventDate":"2022-07-28","basisOfRecord":"HUMAN_OBSERVATION","license":"CC-BY 4.0 (Int)","coordinateUncertaintyM":30.0,"uncertaintyUnknown":false,"observationCount":1,"geographicOutlier":false}},{"type":"Feature","id":"4823adf5c06dc4e0","geometry":{"type":"Point","coordinates":[149.02265,-37.64861]},"properties":{"species":"Vombatus ursinus","eventDate":"2022-07-28","basisOfRecord":"OCCURRENCE","license":"CC-BY 4.0 (Int)","coordinateUncertaintyM":10.0,"uncertaintyUnknown":false,"observationCount":4,"geographicOutlier":false}},{"type":"Feature","id":"937307e6253594d8","geometry":{"type":"Point","coordinates":[150.588324,-34.977555]},"properties":{"species":"Vombatus ursinus","eventDate":"2022-07-27","basisOfRecord":"HUMAN_OBSERVATION","license":"CC-BY 4.0 (Int)","coordinateUncertaintyM":500.0,"uncertaintyUnknown":false,"observationCount":1,"geographicOutlier":false}},{"type":"Feature","id":"e0c011b3adfba369","geometry":{"type":"Point","coordinates":[150.564044,-34.170938]},"properties":{"species":"Vombatus ursinus","eventDate":"2022-07-27","basisOfRecord":"HUMAN_OBSERVATION","license":"CC-BY 4.0 (Int)","coordinateUncertaintyM":30.0,"uncertaintyUnknown":false,"observationCount":1,"geographicOutlier":false}},{"type":"Feature","id":"aa556770b0124eca","geometry":{"type":"Point","coordinates":[148.90189,-37.68441]},"properties":{"species":"Vombatus ursinus","eventDate":"2022-07-27","basisOfRecord":"OCCURRENCE","license":"CC-BY 4.0 (Int)","coordinateUncertaintyM":10.0,"uncertaintyUnknown":false,"observationCount":3,"geographicOutlier":false}},{"type":"Feature","id":"fdf2209590f1d0d6","geometry":{"type":"Point","coordinates":[148.72024,-37.5793]},"properties":{"species":"Vombatus ursinus","eventDate":"2022-07-27","basisOfRecord":"OCCURRENCE","license":"CC-BY 4.0 (Int)","coordinateUncertaintyM":10.0,"uncertaintyUnknown":false,"observationCount":3,"geographicOutlier":false}},{"type":"Feature","id":"d9c253f02ef3e849","geometry":{"type":"Point","coordinates":[148.834922,-36.507238]},"properties":{"species":"Vombatus ursinus","eventDate":"2022-07-26","basisOfRecord":"HUMAN_OBSERVATION","license":"CC-BY 4.0 (Int)","coordinateUncertaintyM":30.0,"uncertaintyUnknown":false,"observationCount":1,"geographicOutlier":false}},{"type":"Feature","id":"776f2439fdc91d38","geometry":{"type":"Point","coordinates":[150.594245,-34.01854]},"properties":{"species":"Vombatus ursinus","eventDate":"2022-07-25","basisOfRecord":"HUMAN_OBSERVATION","license":"CC-BY 4.0 (Int)","coordinateUncertaintyM":30.0,"uncertaintyUnknown":false,"observationCount":1,"geographicOutlier":false}},{"type":"Feature","id":"f3f042dbbffc314a","geometry":{"type":"Point","coordinates":[145.803754,-35.657362]},"properties":{"species":"Vombatus ursinus","eventDate":"2022-07-24","basisOfRecord":"HUMAN_OBSERVATION","license":"CC-BY 4.0 (Int)","coordinateUncertaintyM":30.0,"uncertaintyUnknown":false,"observationCount":1,"geographicOutlier":false}},{"type":"Feature","id":"681bb8e6425e5a75","geometry":{"type":"Point","coordinates":[152.159559,-31.033045]},"properties":{"species":"Vombatus ursinus","eventDate":"2022-07-23","basisOfRecord":"HUMAN_OBSERVATION","license":"CC-BY 4.0 (Int)","coordinateUncertaintyM":10.0,"uncertaintyUnknown":false,"observationCount":2,"geographicOutlier":false}},{"type":"Feature","id":"bda3b45e4a603872","geometry":{"type":"Point","coordinates":[150.51923,-34.802129]},"properties":{"species":"Vombatus ursinus","eventDate":"2022-07-22","basisOfRecord":"HUMAN_OBSERVATION","license":"CC-BY 4.0 (Int)","coordinateUncertaintyM":500.0,"uncertaintyUnknown":false,"observationCount":1,"geographicOutlier":false}},{"type":"Feature","id":"d4ba7c970560c152","geometry":{"type":"Point","coordinates":[148.32312,-37.70865]},"properties":{"species":"Vombatus ursinus","eventDate":"2022-07-22","basisOfRecord":"OCCURRENCE","license":"CC-BY 4.0 (Int)","coordinateUncertaintyM":10.0,"uncertaintyUnknown":false,"observationCount":3,"geographicOutlier":false}},{"type":"Feature","id":"7e2c9a390bbabf0c","geometry":{"type":"Point","coordinates":[148.17859,-37.76073]},"properties":{"species":"Vombatus ursinus","eventDate":"2022-07-22","basisOfRecord":"OCCURRENCE","license":"CC-BY 4.0 (Int)","coordinateUncertaintyM":10.0,"uncertaintyUnknown":false,"observationCount":3,"geographicOutlier":false}},{"type":"Feature","id":"59362d7c6989b699","geometry":{"type":"Point","coordinates":[149.863957,-37.271169]},"properties":{"species":"Vombatus ursinus","eventDate":"2022-07-21","basisOfRecord":"HUMAN_OBSERVATION","license":"CC-BY 4.0 (Int)","coordinateUncertaintyM":10.0,"uncertaintyUnknown":false,"observationCount":1,"geographicOutlier":false}},{"type":"Feature","id":"77c647099dccfc02","geometry":{"type":"Point","coordinates":[150.574075,-34.814784]},"properties":{"species":"Vombatus ursinus","eventDate":"2022-07-21","basisOfRecord":"HUMAN_OBSERVATION","license":"CC-BY 4.0 (Int)","coordinateUncertaintyM":30.0,"uncertaintyUnknown":false,"observationCount":2,"geographicOutlier":false}},{"type":"Feature","id":"091b8952aa69868b","geometry":{"type":"Point","coordinates":[152.170249,-31.046175]},"properties":{"species":"Vombatus ursinus","eventDate":"2022-07-21","basisOfRecord":"HUMAN_OBSERVATION","license":"CC-BY 4.0 (Int)","coordinateUncertaintyM":10.0,"uncertaintyUnknown":false,"observationCount":2,"geographicOutlier":false}},{"type":"Feature","id":"d3fdc128942f0ae8","geometry":{"type":"Point","coordinates":[148.84515,-37.17674]},"properties":{"species":"Vombatus ursinus","eventDate":"2022-07-20","basisOfRecord":"OCCURRENCE","license":"CC-BY 4.0 (Int)","coordinateUncertaintyM":10.0,"uncertaintyUnknown":false,"observationCount":3,"geographicOutlier":false}},{"type":"Feature","id":"54807c9b47089529","geometry":{"type":"Point","coordinates":[150.582924,-34.817964]},"properties":{"species":"Vombatus ursinus","eventDate":"2022-07-20","basisOfRecord":"HUMAN_OBSERVATION","license":"CC-BY 4.0 (Int)","coordinateUncertaintyM":100.0,"uncertaintyUnknown":false,"observationCount":1,"geographicOutlier":false}},{"type":"Feature","id":"3df68286cdfc315a","geometry":{"type":"Point","coordinates":[147.773287,-35.799567]},"properties":{"species":"Vombatus ursinus","eventDate":"2022-07-20","basisOfRecord":"MACHINE_OBSERVATION","license":"CC-BY 4.0 (Int)","coordinateUncertaintyM":null,"uncertaintyUnknown":true,"observationCount":34,"geographicOutlier":false}},{"type":"Feature","id":"8b7ac00cd0c4e5bd","geometry":{"type":"Point","coordinates":[150.194328,-33.253588]},"properties":{"species":"Vombatus ursinus","eventDate":"2022-07-19","basisOfRecord":"HUMAN_OBSERVATION","license":"CC-BY 4.0 (Int)","coordinateUncertaintyM":30.0,"uncertaintyUnknown":false,"observationCount":2,"geographicOutlier":false}},{"type":"Feature","id":"a6e27764d9ef4ae9","geometry":{"type":"Point","coordinates":[148.47931,-37.6115]},"properties":{"species":"Vombatus ursinus","eventDate":"2022-07-18","basisOfRecord":"OCCURRENCE","license":"CC-BY 4.0 (Int)","coordinateUncertaintyM":10.0,"uncertaintyUnknown":false,"observationCount":3,"geographicOutlier":false}},{"type":"Feature","id":"8fac437394d41917","geometry":{"type":"Point","coordinates":[148.30895,-37.52334]},"properties":{"species":"Vombatus ursinus","eventDate":"2022-07-18","basisOfRecord":"OCCURRENCE","license":"CC-BY 4.0 (Int)","coordinateUncertaintyM":10.0,"uncertaintyUnknown":false,"observationCount":4,"geographicOutlier":false}},{"type":"Feature","id":"77ca91b499897bd7","geometry":{"type":"Point","coordinates":[149.904775,-36.877471]},"properties":{"species":"Vombatus ursinus","eventDate":"2022-07-16","basisOfRecord":"HUMAN_OBSERVATION","license":"CC-BY 4.0 (Int)","coordinateUncertaintyM":500.0,"uncertaintyUnknown":false,"observationCount":2,"geographicOutlier":false}},{"type":"Feature","id":"41aee643411f81fc","geometry":{"type":"Point","coordinates":[147.391701,-36.090162]},"properties":{"species":"Vombatus ursinus","eventDate":"2022-07-15","basisOfRecord":"MACHINE_OBSERVATION","license":"CC-BY 4.0 (Int)","coordinateUncertaintyM":null,"uncertaintyUnknown":true,"observationCount":15,"geographicOutlier":false}},{"type":"Feature","id":"779fc9dbfeb5f1fe","geometry":{"type":"Point","coordinates":[149.864911,-37.326302]},"properties":{"species":"Vombatus ursinus","eventDate":"2022-07-15","basisOfRecord":"HUMAN_OBSERVATION","license":"CC-BY 4.0 (Int)","coordinateUncertaintyM":10.0,"uncertaintyUnknown":false,"observationCount":1,"geographicOutlier":false}},{"type":"Feature","id":"03ec5275be7a48f6","geometry":{"type":"Point","coordinates":[151.25569,-32.887925]},"properties":{"species":"Vombatus ursinus","eventDate":"2022-07-14","basisOfRecord":"HUMAN_OBSERVATION","license":"CC-BY 4.0 (Int)","coordinateUncertaintyM":30.0,"uncertaintyUnknown":false,"observationCount":1,"geographicOutlier":false}},{"type":"Feature","id":"e691564e848a1516","geometry":{"type":"Point","coordinates":[147.415287,-36.109675]},"properties":{"species":"Vombatus ursinus","eventDate":"2022-07-13","basisOfRecord":"MACHINE_OBSERVATION","license":"CC-BY 4.0 (Int)","coordinateUncertaintyM":null,"uncertaintyUnknown":true,"observationCount":25,"geographicOutlier":false}},{"type":"Feature","id":"6339781d0b876afd","geometry":{"type":"Point","coordinates":[149.545907,-37.323476]},"properties":{"species":"Vombatus ursinus","eventDate":"2022-07-12","basisOfRecord":"HUMAN_OBSERVATION","license":"CC-BY 4.0 (Int)","coordinateUncertaintyM":10.0,"uncertaintyUnknown":false,"observationCount":1,"geographicOutlier":false}},{"type":"Feature","id":"944ec126271aaba0","geometry":{"type":"Point","coordinates":[148.724047,-36.436646]},"properties":{"species":"Vombatus ursinus","eventDate":"2022-07-11","basisOfRecord":"HUMAN_OBSERVATION","license":"CC-BY 4.0 (Int)","coordinateUncertaintyM":30.0,"uncertaintyUnknown":false,"observationCount":1,"geographicOutlier":false}},{"type":"Feature","id":"f1aee5d210be89c3","geometry":{"type":"Point","coordinates":[147.77088,-35.8821]},"properties":{"species":"Vombatus ursinus","eventDate":"2022-07-10","basisOfRecord":"MACHINE_OBSERVATION","license":"CC-BY 4.0 (Int)","coordinateUncertaintyM":null,"uncertaintyUnknown":true,"observationCount":11,"geographicOutlier":false}},{"type":"Feature","id":"fae72a1db92e9b8c","geometry":{"type":"Point","coordinates":[150.470433,-34.769349]},"properties":{"species":"Vombatus ursinus","eventDate":"2022-07-08","basisOfRecord":"HUMAN_OBSERVATION","license":"CC-BY 4.0 (Int)","coordinateUncertaintyM":500.0,"uncertaintyUnknown":false,"observationCount":1,"geographicOutlier":false}},{"type":"Feature","id":"b0b7f1e40d2c4dbe","geometry":{"type":"Point","coordinates":[149.58958,-37.50008]},"properties":{"species":"Vombatus ursinus","eventDate":"2022-07-08","basisOfRecord":"OCCURRENCE","license":"CC-BY 4.0 (Int)","coordinateUncertaintyM":10.0,"uncertaintyUnknown":false,"observationCount":1,"geographicOutlier":false}},{"type":"Feature","id":"129f5425c89ff05f","geometry":{"type":"Point","coordinates":[149.12002,-37.48726]},"properties":{"species":"Vombatus ursinus","eventDate":"2022-07-07","basisOfRecord":"OCCURRENCE","license":"CC-BY 4.0 (Int)","coordinateUncertaintyM":5.0,"uncertaintyUnknown":false,"observationCount":1,"geographicOutlier":false}},{"type":"Feature","id":"061e87d5b9fe2242","geometry":{"type":"Point","coordinates":[149.51656,-37.53565]},"properties":{"species":"Vombatus ursinus","eventDate":"2022-07-06","basisOfRecord":"OCCURRENCE","license":"CC-BY 4.0 (Int)","coordinateUncertaintyM":10.0,"uncertaintyUnknown":false,"observationCount":1,"geographicOutlier":false}},{"type":"Feature","id":"e9e640c88eeb5e1e","geometry":{"type":"Point","coordinates":[149.38669,-37.53642]},"properties":{"species":"Vombatus ursinus","eventDate":"2022-07-06","basisOfRecord":"OCCURRENCE","license":"CC-BY 4.0 (Int)","coordinateUncertaintyM":10.0,"uncertaintyUnknown":false,"observationCount":1,"geographicOutlier":false}},{"type":"Feature","id":"d93650edc2329407","geometry":{"type":"Point","coordinates":[149.933395,-34.430058]},"properties":{"species":"Vombatus ursinus","eventDate":"2022-07-06","basisOfRecord":"HUMAN_OBSERVATION","license":"CC-BY 4.0 (Int)","coordinateUncertaintyM":500.0,"uncertaintyUnknown":false,"observationCount":1,"geographicOutlier":false}},{"type":"Feature","id":"61f20cbc2c10b768","geometry":{"type":"Point","coordinates":[150.648059,-33.766302]},"properties":{"species":"Vombatus ursinus","eventDate":"2022-07-05","basisOfRecord":"HUMAN_OBSERVATION","license":"CC-BY 4.0 (Int)","coordinateUncertaintyM":887.0,"uncertaintyUnknown":false,"observationCount":2,"geographicOutlier":false}},{"type":"Feature","id":"d0efd017f7400820","geometry":{"type":"Point","coordinates":[147.356102,-35.120505]},"properties":{"species":"Vombatus ursinus","eventDate":"2022-07-05","basisOfRecord":"HUMAN_OBSERVATION","license":"CC-BY 4.0 (Int)","coordinateUncertaintyM":30.0,"uncertaintyUnknown":false,"observationCount":1,"geographicOutlier":false}},{"type":"Feature","id":"4302e6c79addb2b9","geometry":{"type":"Point","coordinates":[149.39089,-37.44082]},"properties":{"species":"Vombatus ursinus","eventDate":"2022-07-04","basisOfRecord":"OCCURRENCE","license":"CC-BY 4.0 (Int)","coordinateUncertaintyM":10.0,"uncertaintyUnknown":false,"observationCount":1,"geographicOutlier":false}},{"type":"Feature","id":"492c99b766635da9","geometry":{"type":"Point","coordinates":[150.701301,-34.082263]},"properties":{"species":"Vombatus ursinus","eventDate":"2022-07-04","basisOfRecord":"HUMAN_OBSERVATION","license":"CC-BY 4.0 (Int)","coordinateUncertaintyM":30.0,"uncertaintyUnknown":false,"observationCount":1,"geographicOutlier":false}},{"type":"Feature","id":"18ac4b43ecfe2e9a","geometry":{"type":"Point","coordinates":[149.657066,-34.658822]},"properties":{"species":"Vombatus ursinus","eventDate":"2022-07-03","basisOfRecord":"HUMAN_OBSERVATION","license":"CC-BY 4.0 (Int)","coordinateUncertaintyM":30.0,"uncertaintyUnknown":false,"observationCount":1,"geographicOutlier":false}},{"type":"Feature","id":"804b3e1594e01e53","geometry":{"type":"Point","coordinates":[145.929717,-41.594437]},"properties":{"species":"Vombatus ursinus","eventDate":"2022-07-01","basisOfRecord":"HUMAN_OBSERVATION","license":"CC-BY 4.0 (Int)","coordinateUncertaintyM":24.0,"uncertaintyUnknown":false,"observationCount":1,"geographicOutlier":false}},{"type":"Feature","id":"937717d268e97815","geometry":{"type":"Point","coordinates":[149.17049,-37.55969]},"properties":{"species":"Vombatus ursinus","eventDate":"2022-07-01","basisOfRecord":"OCCURRENCE","license":"CC-BY 4.0 (Int)","coordinateUncertaintyM":10.0,"uncertaintyUnknown":false,"observationCount":2,"geographicOutlier":false}},{"type":"Feature","id":"4f5ebd2268372723","geometry":{"type":"Point","coordinates":[147.635881,-35.89761]},"properties":{"species":"Vombatus ursinus","eventDate":"2022-06-30","basisOfRecord":"MACHINE_OBSERVATION","license":"CC-BY 4.0 (Int)","coordinateUncertaintyM":null,"uncertaintyUnknown":true,"observationCount":11,"geographicOutlier":false}},{"type":"Feature","id":"be2ef990979d82e9","geometry":{"type":"Point","coordinates":[150.853545,-34.446028]},"properties":{"species":"Vombatus ursinus","eventDate":"2022-06-30","basisOfRecord":"HUMAN_OBSERVATION","license":"CC-BY 4.0 (Int)","coordinateUncertaintyM":30.0,"uncertaintyUnknown":false,"observationCount":1,"geographicOutlier":false}},{"type":"Feature","id":"4db7084e5152b4b8","geometry":{"type":"Point","coordinates":[149.894764,-36.633283]},"properties":{"species":"Vombatus ursinus","eventDate":"2022-06-29","basisOfRecord":"HUMAN_OBSERVATION","license":"CC-BY 4.0 (Int)","coordinateUncertaintyM":30.0,"uncertaintyUnknown":false,"observationCount":1,"geographicOutlier":false}},{"type":"Feature","id":"29ab84d44ccdab6e","geometry":{"type":"Point","coordinates":[149.00099,-37.57522]},"properties":{"species":"Vombatus ursinus","eventDate":"2022-06-28","basisOfRecord":"OCCURRENCE","license":"CC-BY 4.0 (Int)","coordinateUncertaintyM":5.0,"uncertaintyUnknown":false,"observationCount":1,"geographicOutlier":false}},{"type":"Feature","id":"aec47dde93a02e97","geometry":{"type":"Point","coordinates":[148.15446,-36.92749]},"properties":{"species":"Vombatus ursinus","eventDate":"2022-06-28","basisOfRecord":"OCCURRENCE","license":"CC-BY 4.0 (Int)","coordinateUncertaintyM":5.0,"uncertaintyUnknown":false,"observationCount":1,"geographicOutlier":false}},{"type":"Feature","id":"a62738515bb918ce","geometry":{"type":"Point","coordinates":[150.490861,-34.356021]},"properties":{"species":"Vombatus ursinus","eventDate":"2022-06-27","basisOfRecord":"HUMAN_OBSERVATION","license":"CC-BY 4.0 (Int)","coordinateUncertaintyM":30.0,"uncertaintyUnknown":false,"observationCount":2,"geographicOutlier":false}},{"type":"Feature","id":"c8778e7a64ccdeaf","geometry":{"type":"Point","coordinates":[149.530528,-36.068688]},"properties":{"species":"Vombatus ursinus","eventDate":"2022-06-25","basisOfRecord":"HUMAN_OBSERVATION","license":"CC-BY 4.0 (Int)","coordinateUncertaintyM":30.0,"uncertaintyUnknown":false,"observationCount":1,"geographicOutlier":false}},{"type":"Feature","id":"80c0b54a0b542cc9","geometry":{"type":"Point","coordinates":[150.800837,-34.093972]},"properties":{"species":"Vombatus ursinus","eventDate":"2022-06-24","basisOfRecord":"HUMAN_OBSERVATION","license":"CC-BY 4.0 (Int)","coordinateUncertaintyM":30.0,"uncertaintyUnknown":false,"observationCount":1,"geographicOutlier":false}},{"type":"Feature","id":"3ca6e9c43f55f563","geometry":{"type":"Point","coordinates":[149.19277,-37.50026]},"properties":{"species":"Vombatus ursinus","eventDate":"2022-06-23","basisOfRecord":"OCCURRENCE","license":"CC-BY 4.0 (Int)","coordinateUncertaintyM":10.0,"uncertaintyUnknown":false,"observationCount":1,"geographicOutlier":false}},{"type":"Feature","id":"122919034b4298a6","geometry":{"type":"Point","coordinates":[148.97814,-37.72279]},"properties":{"species":"Vombatus ursinus","eventDate":"2022-06-23","basisOfRecord":"OCCURRENCE","license":"CC-BY 4.0 (Int)","coordinateUncertaintyM":10.0,"uncertaintyUnknown":false,"observationCount":2,"geographicOutlier":false}},{"type":"Feature","id":"cced03f48092999a","geometry":{"type":"Point","coordinates":[148.752782,-33.915919]},"properties":{"species":"Vombatus ursinus","eventDate":"2022-06-23","basisOfRecord":"HUMAN_OBSERVATION","license":"CC-BY 4.0 (Int)","coordinateUncertaintyM":500.0,"uncertaintyUnknown":false,"observationCount":1,"geographicOutlier":false}},{"type":"Feature","id":"da9814d1c4898c45","geometry":{"type":"Point","coordinates":[148.7368,-37.70134]},"properties":{"species":"Vombatus ursinus","eventDate":"2022-06-22","basisOfRecord":"OCCURRENCE","license":"CC-BY 4.0 (Int)","coordinateUncertaintyM":10.0,"uncertaintyUnknown":false,"observationCount":3,"geographicOutlier":false}},{"type":"Feature","id":"62fdd21acec6e476","geometry":{"type":"Point","coordinates":[149.421332,-34.936028]},"properties":{"species":"Vombatus ursinus","eventDate":"2022-06-22","basisOfRecord":"HUMAN_OBSERVATION","license":"CC-BY 4.0 (Int)","coordinateUncertaintyM":500.0,"uncertaintyUnknown":false,"observationCount":5,"geographicOutlier":false}},{"type":"Feature","id":"696d2a931ceb92e5","geometry":{"type":"Point","coordinates":[150.59556,-34.564013]},"properties":{"species":"Vombatus ursinus","eventDate":"2022-06-21","basisOfRecord":"HUMAN_OBSERVATION","license":"CC-BY 4.0 (Int)","coordinateUncertaintyM":30.0,"uncertaintyUnknown":false,"observationCount":1,"geographicOutlier":false}},{"type":"Feature","id":"3a1f9492d6d243d6","geometry":{"type":"Point","coordinates":[148.22506,-37.55992]},"properties":{"species":"Vombatus ursinus","eventDate":"2022-06-20","basisOfRecord":"OCCURRENCE","license":"CC-BY 4.0 (Int)","coordinateUncertaintyM":10.0,"uncertaintyUnknown":false,"observationCount":2,"geographicOutlier":false}},{"type":"Feature","id":"ef2a146315c201f3","geometry":{"type":"Point","coordinates":[148.26309,-37.64003]},"properties":{"species":"Vombatus ursinus","eventDate":"2022-06-20","basisOfRecord":"OCCURRENCE","license":"CC-BY 4.0 (Int)","coordinateUncertaintyM":10.0,"uncertaintyUnknown":false,"observationCount":2,"geographicOutlier":false}},{"type":"Feature","id":"9b79f9509180cb2f","geometry":{"type":"Point","coordinates":[149.631951,-33.308958]},"properties":{"species":"Vombatus ursinus","eventDate":"2022-06-20","basisOfRecord":"HUMAN_OBSERVATION","license":"CC-BY 4.0 (Int)","coordinateUncertaintyM":30.0,"uncertaintyUnknown":false,"observationCount":1,"geographicOutlier":false}},{"type":"Feature","id":"4dd78bfa626b36ee","geometry":{"type":"Point","coordinates":[148.19373,-37.68909]},"properties":{"species":"Vombatus ursinus","eventDate":"2022-06-20","basisOfRecord":"OCCURRENCE","license":"CC-BY 4.0 (Int)","coordinateUncertaintyM":10.0,"uncertaintyUnknown":false,"observationCount":2,"geographicOutlier":false}},{"type":"Feature","id":"9866fa5fcae73580","geometry":{"type":"Point","coordinates":[148.278343,-35.47204]},"properties":{"species":"Vombatus ursinus","eventDate":"2022-06-19","basisOfRecord":"HUMAN_OBSERVATION","license":"CC-BY 4.0 (Int)","coordinateUncertaintyM":500.0,"uncertaintyUnknown":false,"observationCount":5,"geographicOutlier":false}},{"type":"Feature","id":"b03bd746211987ff","geometry":{"type":"Point","coordinates":[150.307399,-34.410782]},"properties":{"species":"Vombatus ursinus","eventDate":"2022-06-16","basisOfRecord":"HUMAN_OBSERVATION","license":"CC-BY 4.0 (Int)","coordinateUncertaintyM":5.0,"uncertaintyUnknown":false,"observationCount":1,"geographicOutlier":false}},{"type":"Feature","id":"3b4e7b58dfb8d962","geometry":{"type":"Point","coordinates":[150.311771,-34.410281]},"properties":{"species":"Vombatus ursinus","eventDate":"2022-06-16","basisOfRecord":"HUMAN_OBSERVATION","license":"CC-BY 4.0 (Int)","coordinateUncertaintyM":5.0,"uncertaintyUnknown":false,"observationCount":1,"geographicOutlier":false}},{"type":"Feature","id":"15bae79c1982a90a","geometry":{"type":"Point","coordinates":[148.41427,-37.60783]},"properties":{"species":"Vombatus ursinus","eventDate":"2022-06-16","basisOfRecord":"OCCURRENCE","license":"CC-BY 4.0 (Int)","coordinateUncertaintyM":10.0,"uncertaintyUnknown":false,"observationCount":2,"geographicOutlier":false}},{"type":"Feature","id":"bf3c82a51a81d7a2","geometry":{"type":"Point","coordinates":[150.303888,-34.406711]},"properties":{"species":"Vombatus ursinus","eventDate":"2022-06-16","basisOfRecord":"HUMAN_OBSERVATION","license":"CC-BY 4.0 (Int)","coordinateUncertaintyM":5.0,"uncertaintyUnknown":false,"observationCount":1,"geographicOutlier":false}},{"type":"Feature","id":"7a6bac482134ce3a","geometry":{"type":"Point","coordinates":[148.5625,-37.31264]},"properties":{"species":"Vombatus ursinus","eventDate":"2022-06-15","basisOfRecord":"OCCURRENCE","license":"CC-BY 4.0 (Int)","coordinateUncertaintyM":10.0,"uncertaintyUnknown":false,"observationCount":2,"geographicOutlier":false}},{"type":"Feature","id":"9b61d95e8deb5f8a","geometry":{"type":"Point","coordinates":[149.860427,-37.333611]},"properties":{"species":"Vombatus ursinus","eventDate":"2022-06-15","basisOfRecord":"HUMAN_OBSERVATION","license":"CC-BY 4.0 (Int)","coordinateUncertaintyM":10.0,"uncertaintyUnknown":false,"observationCount":1,"geographicOutlier":false}},{"type":"Feature","id":"66eb671dec7ccbd5","geometry":{"type":"Point","coordinates":[149.85968,-37.31184]},"properties":{"species":"Vombatus ursinus","eventDate":"2022-06-15","basisOfRecord":"HUMAN_OBSERVATION","license":"CC-BY 4.0 (Int)","coordinateUncertaintyM":10.0,"uncertaintyUnknown":false,"observationCount":1,"geographicOutlier":false}},{"type":"Feature","id":"5b1be42ee108817a","geometry":{"type":"Point","coordinates":[148.57139,-37.25177]},"properties":{"species":"Vombatus ursinus","eventDate":"2022-06-15","basisOfRecord":"OCCURRENCE","license":"CC-BY 4.0 (Int)","coordinateUncertaintyM":10.0,"uncertaintyUnknown":false,"observationCount":3,"geographicOutlier":false}},{"type":"Feature","id":"0aa202dcdbf63e58","geometry":{"type":"Point","coordinates":[148.69554,-37.00891]},"properties":{"species":"Vombatus ursinus","eventDate":"2022-06-14","basisOfRecord":"OCCURRENCE","license":"CC-BY 4.0 (Int)","coordinateUncertaintyM":10.0,"uncertaintyUnknown":false,"observationCount":2,"geographicOutlier":false}},{"type":"Feature","id":"d266a90adb76aa3d","geometry":{"type":"Point","coordinates":[150.770031,-34.719773]},"properties":{"species":"Vombatus ursinus","eventDate":"2022-06-13","basisOfRecord":"HUMAN_OBSERVATION","license":"CC-BY 4.0 (Int)","coordinateUncertaintyM":500.0,"uncertaintyUnknown":false,"observationCount":1,"geographicOutlier":false}},{"type":"Feature","id":"e7a2eb471c96ad0b","geometry":{"type":"Point","coordinates":[150.195149,-33.019748]},"properties":{"species":"Vombatus ursinus","eventDate":"2022-06-12","basisOfRecord":"HUMAN_OBSERVATION","license":"CC-BY 4.0 (Int)","coordinateUncertaintyM":30.0,"uncertaintyUnknown":false,"observationCount":1,"geographicOutlier":false}},{"type":"Feature","id":"5a61a66cdd54c9e2","geometry":{"type":"Point","coordinates":[150.572808,-34.207834]},"properties":{"species":"Vombatus ursinus","eventDate":"2022-06-12","basisOfRecord":"HUMAN_OBSERVATION","license":"CC-BY 4.0 (Int)","coordinateUncertaintyM":500.0,"uncertaintyUnknown":false,"observationCount":2,"geographicOutlier":false}},{"type":"Feature","id":"53030b5a2b42f353","geometry":{"type":"Point","coordinates":[150.052961,-34.658324]},"properties":{"species":"Vombatus ursinus","eventDate":"2022-06-11","basisOfRecord":"HUMAN_OBSERVATION","license":"CC-BY 4.0 (Int)","coordinateUncertaintyM":500.0,"uncertaintyUnknown":false,"observationCount":1,"geographicOutlier":false}},{"type":"Feature","id":"103d53f05cb9462d","geometry":{"type":"Point","coordinates":[150.0535,-33.357699]},"properties":{"species":"Vombatus ursinus","eventDate":"2022-06-10","basisOfRecord":"HUMAN_OBSERVATION","license":"CC-BY 4.0 (Int)","coordinateUncertaintyM":500.0,"uncertaintyUnknown":false,"observationCount":1,"geographicOutlier":false}},{"type":"Feature","id":"2b17f7662d1fe167","geometry":{"type":"Point","coordinates":[150.544488,-34.531397]},"properties":{"species":"Vombatus ursinus","eventDate":"2022-06-08","basisOfRecord":"HUMAN_OBSERVATION","license":"CC-BY 4.0 (Int)","coordinateUncertaintyM":30.0,"uncertaintyUnknown":false,"observationCount":1,"geographicOutlier":false}},{"type":"Feature","id":"f4876e7c96a4489d","geometry":{"type":"Point","coordinates":[149.232033,-32.323929]},"properties":{"species":"Vombatus ursinus","eventDate":"2022-06-07","basisOfRecord":"HUMAN_OBSERVATION","license":"CC-BY 4.0 (Int)","coordinateUncertaintyM":30.0,"uncertaintyUnknown":false,"observationCount":1,"geographicOutlier":false}},{"type":"Feature","id":"9188aed27866f0b2","geometry":{"type":"Point","coordinates":[149.639703,-33.309685]},"properties":{"species":"Vombatus ursinus","eventDate":"2022-06-06","basisOfRecord":"HUMAN_OBSERVATION","license":"CC-BY 4.0 (Int)","coordinateUncertaintyM":30.0,"uncertaintyUnknown":false,"observationCount":1,"geographicOutlier":false}},{"type":"Feature","id":"0d065b402cca4c1d","geometry":{"type":"Point","coordinates":[148.3006,-37.27311]},"properties":{"species":"Vombatus ursinus","eventDate":"2022-06-05","basisOfRecord":"OBSERVATION","license":"CC-BY 4.0 (Int)","coordinateUncertaintyM":10.0,"uncertaintyUnknown":false,"observationCount":13,"geographicOutlier":false}},{"type":"Feature","id":"6b6a08f899677888","geometry":{"type":"Point","coordinates":[148.29273,-37.33476]},"properties":{"species":"Vombatus ursinus","eventDate":"2022-06-04","basisOfRecord":"OBSERVATION","license":"CC-BY 4.0 (Int)","coordinateUncertaintyM":10.0,"uncertaintyUnknown":false,"observationCount":9,"geographicOutlier":false}},{"type":"Feature","id":"a42c77c159e2b14c","geometry":{"type":"Point","coordinates":[148.30121,-37.32666]},"properties":{"species":"Vombatus ursinus","eventDate":"2022-06-04","basisOfRecord":"OBSERVATION","license":"CC-BY 4.0 (Int)","coordinateUncertaintyM":10.0,"uncertaintyUnknown":false,"observationCount":5,"geographicOutlier":false}},{"type":"Feature","id":"f18dd63dc6bdb106","geometry":{"type":"Point","coordinates":[150.224074,-33.426372]},"properties":{"species":"Vombatus ursinus","eventDate":"2022-06-03","basisOfRecord":"HUMAN_OBSERVATION","license":"CC-BY 4.0 (Int)","coordinateUncertaintyM":250.0,"uncertaintyUnknown":false,"observationCount":4,"geographicOutlier":false}},{"type":"Feature","id":"16c970e001f6844e","geometry":{"type":"Point","coordinates":[150.628879,-33.83751]},"properties":{"species":"Vombatus ursinus","eventDate":"2022-06-02","basisOfRecord":"HUMAN_OBSERVATION","license":"CC-BY 4.0 (Int)","coordinateUncertaintyM":500.0,"uncertaintyUnknown":false,"observationCount":1,"geographicOutlier":false}},{"type":"Feature","id":"fe49a9c8d88d4326","geometry":{"type":"Point","coordinates":[149.859231,-33.689771]},"properties":{"species":"Vombatus ursinus","eventDate":"2022-06-01","basisOfRecord":"HUMAN_OBSERVATION","license":"CC-BY 4.0 (Int)","coordinateUncertaintyM":30.0,"uncertaintyUnknown":false,"observationCount":1,"geographicOutlier":false}},{"type":"Feature","id":"a7e3d8ca26c024c9","geometry":{"type":"Point","coordinates":[149.228486,-35.557483]},"properties":{"species":"Vombatus ursinus","eventDate":"2022-05-29","basisOfRecord":"HUMAN_OBSERVATION","license":"CC-BY 4.0 (Int)","coordinateUncertaintyM":500.0,"uncertaintyUnknown":false,"observationCount":1,"geographicOutlier":false}},{"type":"Feature","id":"0227135c46ad4bc4","geometry":{"type":"Point","coordinates":[150.089336,-34.699206]},"properties":{"species":"Vombatus ursinus","eventDate":"2022-05-28","basisOfRecord":"HUMAN_OBSERVATION","license":"CC-BY 4.0 (Int)","coordinateUncertaintyM":30.0,"uncertaintyUnknown":false,"observationCount":1,"geographicOutlier":false}},{"type":"Feature","id":"19bbfa6300958aa9","geometry":{"type":"Point","coordinates":[150.657998,-34.620594]},"properties":{"species":"Vombatus ursinus","eventDate":"2022-05-27","basisOfRecord":"HUMAN_OBSERVATION","license":"CC-BY 4.0 (Int)","coordinateUncertaintyM":null,"uncertaintyUnknown":true,"observationCount":1,"geographicOutlier":false}},{"type":"Feature","id":"b71db9318ef6f42c","geometry":{"type":"Point","coordinates":[147.753217,-35.891767]},"properties":{"species":"Vombatus ursinus","eventDate":"2022-05-27","basisOfRecord":"MACHINE_OBSERVATION","license":"CC-BY 4.0 (Int)","coordinateUncertaintyM":null,"uncertaintyUnknown":true,"observationCount":16,"geographicOutlier":false}},{"type":"Feature","id":"2a7f1f330fe5cff3","geometry":{"type":"Point","coordinates":[150.690001,-34.615559]},"properties":{"species":"Vombatus ursinus","eventDate":"2022-05-26","basisOfRecord":"HUMAN_OBSERVATION","license":"CC-BY 4.0 (Int)","coordinateUncertaintyM":30.0,"uncertaintyUnknown":false,"observationCount":1,"geographicOutlier":false}},{"type":"Feature","id":"129213a84dafb27a","geometry":{"type":"Point","coordinates":[148.28116,-37.33593]},"properties":{"species":"Vombatus ursinus","eventDate":"2022-05-26","basisOfRecord":"OBSERVATION","license":"CC-BY 4.0 (Int)","coordinateUncertaintyM":10.0,"uncertaintyUnknown":false,"observationCount":8,"geographicOutlier":false}},{"type":"Feature","id":"2a58849af71570cc","geometry":{"type":"Point","coordinates":[151.351608,-33.279878]},"properties":{"species":"Vombatus ursinus","eventDate":"2022-05-25","basisOfRecord":"HUMAN_OBSERVATION","license":"CC-BY 4.0 (Int)","coordinateUncertaintyM":30.0,"uncertaintyUnknown":false,"observationCount":1,"geographicOutlier":false}},{"type":"Feature","id":"96ea33ebcd1ac0c1","geometry":{"type":"Point","coordinates":[146.15261,-37.52565]},"properties":{"species":"Vombatus ursinus","eventDate":"2022-05-24","basisOfRecord":"OBSERVATION","license":"CC-BY 4.0 (Int)","coordinateUncertaintyM":10.0,"uncertaintyUnknown":false,"observationCount":1,"geographicOutlier":false}},{"type":"Feature","id":"752eb4e2a4c5cfa0","geometry":{"type":"Point","coordinates":[145.71994,-37.53588]},"properties":{"species":"Vombatus ursinus","eventDate":"2022-05-23","basisOfRecord":"OBSERVATION","license":"CC-BY 4.0 (Int)","coordinateUncertaintyM":10.0,"uncertaintyUnknown":false,"observationCount":1,"geographicOutlier":false}},{"type":"Feature","id":"9e0318a0b913e361","geometry":{"type":"Point","coordinates":[148.3084,-37.30431]},"properties":{"species":"Vombatus ursinus","eventDate":"2022-05-23","basisOfRecord":"OBSERVATION","license":"CC-BY 4.0 (Int)","coordinateUncertaintyM":10.0,"uncertaintyUnknown":false,"observationCount":3,"geographicOutlier":false}},{"type":"Feature","id":"60396f2777b72309","geometry":{"type":"Point","coordinates":[150.491212,-34.474462]},"properties":{"species":"Vombatus ursinus","eventDate":"2022-05-23","basisOfRecord":"HUMAN_OBSERVATION","license":"CC-BY 4.0 (Int)","coordinateUncertaintyM":30.0,"uncertaintyUnknown":false,"observationCount":1,"geographicOutlier":false}},{"type":"Feature","id":"a613094b0f19a270","geometry":{"type":"Point","coordinates":[148.31594,-37.34264]},"properties":{"species":"Vombatus ursinus","eventDate":"2022-05-23","basisOfRecord":"OBSERVATION","license":"CC-BY 4.0 (Int)","coordinateUncertaintyM":10.0,"uncertaintyUnknown":false,"observationCount":5,"geographicOutlier":false}},{"type":"Feature","id":"b4830abaa7aa4c75","geometry":{"type":"Point","coordinates":[150.554236,-34.030452]},"properties":{"species":"Vombatus ursinus","eventDate":"2022-05-22","basisOfRecord":"HUMAN_OBSERVATION","license":"CC-BY 4.0 (Int)","coordinateUncertaintyM":30.0,"uncertaintyUnknown":false,"observationCount":1,"geographicOutlier":false}},{"type":"Feature","id":"17924fa12b58b718","geometry":{"type":"Point","coordinates":[149.932427,-36.862324]},"properties":{"species":"Vombatus ursinus","eventDate":"2022-05-20","basisOfRecord":"HUMAN_OBSERVATION","license":"CC-BY 4.0 (Int)","coordinateUncertaintyM":30.0,"uncertaintyUnknown":false,"observationCount":1,"geographicOutlier":false}},{"type":"Feature","id":"cf67a73fd919008a","geometry":{"type":"Point","coordinates":[149.625822,-34.620719]},"properties":{"species":"Vombatus ursinus","eventDate":"2022-05-18","basisOfRecord":"HUMAN_OBSERVATION","license":"CC-BY 4.0 (Int)","coordinateUncertaintyM":10.0,"uncertaintyUnknown":false,"observationCount":1,"geographicOutlier":false}},{"type":"Feature","id":"3f52160889923e75","geometry":{"type":"Point","coordinates":[147.55097,-38.05578]},"properties":{"species":"Vombatus ursinus","eventDate":"2022-05-17","basisOfRecord":"OCCURRENCE","license":"CC-BY 4.0 (Int)","coordinateUncertaintyM":10.0,"uncertaintyUnknown":false,"observationCount":1,"geographicOutlier":false}},{"type":"Feature","id":"72c6ae5284ce2e17","geometry":{"type":"Point","coordinates":[145.18011,-37.5356]},"properties":{"species":"Vombatus ursinus","eventDate":"2022-05-16","basisOfRecord":"OCCURRENCE","license":"CC-BY 4.0 (Int)","coordinateUncertaintyM":10.0,"uncertaintyUnknown":false,"observationCount":1,"geographicOutlier":false}},{"type":"Feature","id":"bf70fe9bd044d561","geometry":{"type":"Point","coordinates":[149.24788,-37.48498]},"properties":{"species":"Vombatus ursinus","eventDate":"2022-05-16","basisOfRecord":"OCCURRENCE","license":"CC-BY 4.0 (Int)","coordinateUncertaintyM":10.0,"uncertaintyUnknown":false,"observationCount":2,"geographicOutlier":false}},{"type":"Feature","id":"a98bfa34569ef56f","geometry":{"type":"Point","coordinates":[149.57293,-37.64208]},"properties":{"species":"Vombatus ursinus","eventDate":"2022-05-16","basisOfRecord":"OCCURRENCE","license":"CC-BY 4.0 (Int)","coordinateUncertaintyM":10.0,"uncertaintyUnknown":false,"observationCount":2,"geographicOutlier":false}},{"type":"Feature","id":"53e77b01d51b1793","geometry":{"type":"Point","coordinates":[149.37611,-37.5938]},"properties":{"species":"Vombatus ursinus","eventDate":"2022-05-16","basisOfRecord":"OCCURRENCE","license":"CC-BY 4.0 (Int)","coordinateUncertaintyM":10.0,"uncertaintyUnknown":false,"observationCount":1,"geographicOutlier":false}},{"type":"Feature","id":"326acd0a98257cc7","geometry":{"type":"Point","coordinates":[145.16086,-37.53902]},"properties":{"species":"Vombatus ursinus","eventDate":"2022-05-16","basisOfRecord":"OCCURRENCE","license":"CC-BY 4.0 (Int)","coordinateUncertaintyM":10.0,"uncertaintyUnknown":false,"observationCount":1,"geographicOutlier":false}},{"type":"Feature","id":"18a44986a756acd8","geometry":{"type":"Point","coordinates":[149.626055,-32.15533]},"properties":{"species":"Vombatus ursinus","eventDate":"2022-05-15","basisOfRecord":"HUMAN_OBSERVATION","license":"CC-BY 4.0 (Int)","coordinateUncertaintyM":30.0,"uncertaintyUnknown":false,"observationCount":1,"geographicOutlier":false}},{"type":"Feature","id":"7a168b429e6d8d9d","geometry":{"type":"Point","coordinates":[148.399985,-36.000696]},"properties":{"species":"Vombatus ursinus","eventDate":"2022-05-13","basisOfRecord":"HUMAN_OBSERVATION","license":"CC-BY 4.0 (Int)","coordinateUncertaintyM":2.0,"uncertaintyUnknown":false,"observationCount":1,"geographicOutlier":false}},{"type":"Feature","id":"7cad1441f501b8bc","geometry":{"type":"Point","coordinates":[148.96032,-33.35528]},"properties":{"species":"Vombatus ursinus","eventDate":"2022-05-13","basisOfRecord":"HUMAN_OBSERVATION","license":"CC-BY 4.0 (Int)","coordinateUncertaintyM":300.0,"uncertaintyUnknown":false,"observationCount":1,"geographicOutlier":false}},{"type":"Feature","id":"7dbb23a353906630","geometry":{"type":"Point","coordinates":[151.323625,-33.422009]},"properties":{"species":"Vombatus ursinus","eventDate":"2022-05-13","basisOfRecord":"HUMAN_OBSERVATION","license":"CC-BY 4.0 (Int)","coordinateUncertaintyM":1234.0,"uncertaintyUnknown":false,"observationCount":1,"geographicOutlier":false}},{"type":"Feature","id":"01755d9426277fa5","geometry":{"type":"Point","coordinates":[149.816894,-35.601269]},"properties":{"species":"Vombatus ursinus","eventDate":"2022-05-13","basisOfRecord":"HUMAN_OBSERVATION","license":"CC-BY 4.0 (Int)","coordinateUncertaintyM":500.0,"uncertaintyUnknown":false,"observationCount":1,"geographicOutlier":false}},{"type":"Feature","id":"846b35b5e6b5bafe","geometry":{"type":"Point","coordinates":[150.524542,-34.267546]},"properties":{"species":"Vombatus ursinus","eventDate":"2022-05-12","basisOfRecord":"HUMAN_OBSERVATION","license":"CC-BY 4.0 (Int)","coordinateUncertaintyM":500.0,"uncertaintyUnknown":false,"observationCount":2,"geographicOutlier":false}},{"type":"Feature","id":"28385af09e8f32e2","geometry":{"type":"Point","coordinates":[142.45451,-36.8786]},"properties":{"species":"Vombatus ursinus","eventDate":"2022-05-12","basisOfRecord":"OCCURRENCE","license":"CC-BY 4.0 (Int)","coordinateUncertaintyM":20.0,"uncertaintyUnknown":false,"observationCount":1,"geographicOutlier":true}},{"type":"Feature","id":"1a24650cc45756ce","geometry":{"type":"Point","coordinates":[148.85727,-37.70348]},"properties":{"species":"Vombatus ursinus","eventDate":"2022-05-11","basisOfRecord":"OCCURRENCE","license":"CC-BY 4.0 (Int)","coordinateUncertaintyM":10.0,"uncertaintyUnknown":false,"observationCount":2,"geographicOutlier":false}},{"type":"Feature","id":"2286887ee5e51199","geometry":{"type":"Point","coordinates":[148.2299,-37.54163]},"properties":{"species":"Vombatus ursinus","eventDate":"2022-05-10","basisOfRecord":"OCCURRENCE","license":"CC-BY 4.0 (Int)","coordinateUncertaintyM":10.0,"uncertaintyUnknown":false,"observationCount":2,"geographicOutlier":false}},{"type":"Feature","id":"3e4d347a36247072","geometry":{"type":"Point","coordinates":[145.90891,-37.30946]},"properties":{"species":"Vombatus ursinus","eventDate":"2022-05-10","basisOfRecord":"OCCURRENCE","license":"CC-BY 4.0 (Int)","coordinateUncertaintyM":5.0,"uncertaintyUnknown":false,"observationCount":1,"geographicOutlier":false}},{"type":"Feature","id":"bb14df43d9a26aa5","geometry":{"type":"Point","coordinates":[148.9244,-37.4749]},"properties":{"species":"Vombatus ursinus","eventDate":"2022-05-09","basisOfRecord":"OCCURRENCE","license":"CC-BY 4.0 (Int)","coordinateUncertaintyM":10.0,"uncertaintyUnknown":false,"observationCount":2,"geographicOutlier":false}},{"type":"Feature","id":"0ffcdae9d9c6d1b5","geometry":{"type":"Point","coordinates":[150.132638,-33.483781]},"properties":{"species":"Vombatus ursinus","eventDate":"2022-05-09","basisOfRecord":"HUMAN_OBSERVATION","license":"CC-BY 4.0 (Int)","coordinateUncertaintyM":30.0,"uncertaintyUnknown":false,"observationCount":1,"geographicOutlier":false}},{"type":"Feature","id":"7cf03862f8f413b5","geometry":{"type":"Point","coordinates":[149.799878,-34.659807]},"properties":{"species":"Vombatus ursinus","eventDate":"2022-05-08","basisOfRecord":"HUMAN_OBSERVATION","license":"CC-BY 4.0 (Int)","coordinateUncertaintyM":500.0,"uncertaintyUnknown":false,"observationCount":1,"geographicOutlier":false}},{"type":"Feature","id":"81515c77be34e74e","geometry":{"type":"Point","coordinates":[148.32754,-37.31195]},"properties":{"species":"Vombatus ursinus","eventDate":"2022-05-07","basisOfRecord":"OBSERVATION","license":"CC-BY 4.0 (Int)","coordinateUncertaintyM":10.0,"uncertaintyUnknown":false,"observationCount":2,"geographicOutlier":false}},{"type":"Feature","id":"cfadd24867f82a9e","geometry":{"type":"Point","coordinates":[146.01612,-37.61331]},"properties":{"species":"Vombatus ursinus","eventDate":"2022-05-06","basisOfRecord":"OCCURRENCE","license":"CC-BY 4.0 (Int)","coordinateUncertaintyM":10.0,"uncertaintyUnknown":false,"observationCount":1,"geographicOutlier":false}},{"type":"Feature","id":"ce6e56ecd3d7f751","geometry":{"type":"Point","coordinates":[148.69119,-37.65251]},"properties":{"species":"Vombatus ursinus","eventDate":"2022-05-05","basisOfRecord":"OCCURRENCE","license":"CC-BY 4.0 (Int)","coordinateUncertaintyM":10.0,"uncertaintyUnknown":false,"observationCount":1,"geographicOutlier":false}},{"type":"Feature","id":"8f504fd0661672e5","geometry":{"type":"Point","coordinates":[148.55225,-37.68317]},"properties":{"species":"Vombatus ursinus","eventDate":"2022-05-05","basisOfRecord":"OCCURRENCE","license":"CC-BY 4.0 (Int)","coordinateUncertaintyM":5.0,"uncertaintyUnknown":false,"observationCount":1,"geographicOutlier":false}},{"type":"Feature","id":"036da50d8f4dafdd","geometry":{"type":"Point","coordinates":[148.403,-37.45472]},"properties":{"species":"Vombatus ursinus","eventDate":"2022-05-05","basisOfRecord":"OCCURRENCE","license":"CC-BY 4.0 (Int)","coordinateUncertaintyM":10.0,"uncertaintyUnknown":false,"observationCount":2,"geographicOutlier":false}},{"type":"Feature","id":"e207435f85a186f3","geometry":{"type":"Point","coordinates":[148.53974,-37.6865]},"properties":{"species":"Vombatus ursinus","eventDate":"2022-05-04","basisOfRecord":"OCCURRENCE","license":"CC-BY 4.0 (Int)","coordinateUncertaintyM":5.0,"uncertaintyUnknown":false,"observationCount":1,"geographicOutlier":false}},{"type":"Feature","id":"9be776340856ecd3","geometry":{"type":"Point","coordinates":[146.04999,-37.61354]},"properties":{"species":"Vombatus ursinus","eventDate":"2022-05-04","basisOfRecord":"OBSERVATION","license":"CC-BY 4.0 (Int)","coordinateUncertaintyM":10.0,"uncertaintyUnknown":false,"observationCount":1,"geographicOutlier":false}},{"type":"Feature","id":"92cc78d4aa697ecd","geometry":{"type":"Point","coordinates":[148.80126,-37.69072]},"properties":{"species":"Vombatus ursinus","eventDate":"2022-05-04","basisOfRecord":"OCCURRENCE","license":"CC-BY 4.0 (Int)","coordinateUncertaintyM":5.0,"uncertaintyUnknown":false,"observationCount":1,"geographicOutlier":false}},{"type":"Feature","id":"6597ead24a279378","geometry":{"type":"Point","coordinates":[149.04676,-37.41305]},"properties":{"species":"Vombatus ursinus","eventDate":"2022-05-04","basisOfRecord":"OCCURRENCE","license":"CC-BY 4.0 (Int)","coordinateUncertaintyM":10.0,"uncertaintyUnknown":false,"observationCount":3,"geographicOutlier":false}},{"type":"Feature","id":"6541bd3ecd598180","geometry":{"type":"Point","coordinates":[149.01092,-37.44148]},"properties":{"species":"Vombatus ursinus","eventDate":"2022-05-04","basisOfRecord":"OCCURRENCE","license":"CC-BY 4.0 (Int)","coordinateUncertaintyM":10.0,"uncertaintyUnknown":false,"observationCount":2,"geographicOutlier":false}},{"type":"Feature","id":"f0791842c9328b37","geometry":{"type":"Point","coordinates":[146.06012,-37.61761]},"properties":{"species":"Vombatus ursinus","eventDate":"2022-05-03","basisOfRecord":"OBSERVATION","license":"CC-BY 4.0 (Int)","coordinateUncertaintyM":10.0,"uncertaintyUnknown":false,"observationCount":1,"geographicOutlier":false}},{"type":"Feature","id":"3725130ea9b31e08","geometry":{"type":"Point","coordinates":[145.12788,-37.43102]},"properties":{"species":"Vombatus ursinus","eventDate":"2022-05-03","basisOfRecord":"OBSERVATION","license":"CC-BY 4.0 (Int)","coordinateUncertaintyM":10.0,"uncertaintyUnknown":false,"observationCount":1,"geographicOutlier":false}},{"type":"Feature","id":"06edd5e626c6fb80","geometry":{"type":"Point","coordinates":[148.74166,-37.25028]},"properties":{"species":"Vombatus ursinus","eventDate":"2022-05-03","basisOfRecord":"OCCURRENCE","license":"CC-BY 4.0 (Int)","coordinateUncertaintyM":10.0,"uncertaintyUnknown":false,"observationCount":1,"geographicOutlier":false}},{"type":"Feature","id":"d13ff4659b862ab9","geometry":{"type":"Point","coordinates":[148.54669,-37.25642]},"properties":{"species":"Vombatus ursinus","eventDate":"2022-05-03","basisOfRecord":"OCCURRENCE","license":"CC-BY 4.0 (Int)","coordinateUncertaintyM":10.0,"uncertaintyUnknown":false,"observationCount":3,"geographicOutlier":false}},{"type":"Feature","id":"5e7929aa6a872f9b","geometry":{"type":"Point","coordinates":[148.84374,-37.11374]},"properties":{"species":"Vombatus ursinus","eventDate":"2022-05-03","basisOfRecord":"OCCURRENCE","license":"CC-BY 4.0 (Int)","coordinateUncertaintyM":10.0,"uncertaintyUnknown":false,"observationCount":2,"geographicOutlier":false}},{"type":"Feature","id":"574a7a216ccc88bc","geometry":{"type":"Point","coordinates":[147.412085,-36.108012]},"properties":{"species":"Vombatus ursinus","eventDate":"2022-05-02","basisOfRecord":"MACHINE_OBSERVATION","license":"CC-BY 4.0 (Int)","coordinateUncertaintyM":null,"uncertaintyUnknown":true,"observationCount":1,"geographicOutlier":false}},{"type":"Feature","id":"9d24cd18873441ad","geometry":{"type":"Point","coordinates":[145.11214,-37.43315]},"properties":{"species":"Vombatus ursinus","eventDate":"2022-05-02","basisOfRecord":"OBSERVATION","license":"CC-BY 4.0 (Int)","coordinateUncertaintyM":10.0,"uncertaintyUnknown":false,"observationCount":1,"geographicOutlier":false}},{"type":"Feature","id":"512146c0cd004367","geometry":{"type":"Point","coordinates":[150.530494,-33.503145]},"properties":{"species":"Vombatus ursinus","eventDate":"2022-04-30","basisOfRecord":"HUMAN_OBSERVATION","license":"CC-BY 4.0 (Int)","coordinateUncertaintyM":500.0,"uncertaintyUnknown":false,"observationCount":2,"geographicOutlier":false}},{"type":"Feature","id":"f6505e840cb9694b","geometry":{"type":"Point","coordinates":[151.414315,-33.029398]},"properties":{"species":"Vombatus ursinus","eventDate":"2022-04-29","basisOfRecord":"HUMAN_OBSERVATION","license":"CC-BY 4.0 (Int)","coordinateUncertaintyM":30.0,"uncertaintyUnknown":false,"observationCount":1,"geographicOutlier":false}},{"type":"Feature","id":"5e0fc97973f9e2ed","geometry":{"type":"Point","coordinates":[148.3146,-37.32082]},"properties":{"species":"Vombatus ursinus","eventDate":"2022-04-28","basisOfRecord":"OBSERVATION","license":"CC-BY 4.0 (Int)","coordinateUncertaintyM":10.0,"uncertaintyUnknown":false,"observationCount":1,"geographicOutlier":false}},{"type":"Feature","id":"77f5c130d8794ff5","geometry":{"type":"Point","coordinates":[148.14706,-36.93115]},"properties":{"species":"Vombatus ursinus","eventDate":"2022-04-27","basisOfRecord":"OBSERVATION","license":"CC-BY 4.0 (Int)","coordinateUncertaintyM":5.0,"uncertaintyUnknown":false,"observationCount":1,"geographicOutlier":false}},{"type":"Feature","id":"3259e79c00f5d50e","geometry":{"type":"Point","coordinates":[147.507262,-35.87991]},"properties":{"species":"Vombatus ursinus","eventDate":"2022-04-26","basisOfRecord":"MACHINE_OBSERVATION","license":"CC-BY 4.0 (Int)","coordinateUncertaintyM":null,"uncertaintyUnknown":true,"observationCount":40,"geographicOutlier":false}},{"type":"Feature","id":"7bd837a6e1f0ad55","geometry":{"type":"Point","coordinates":[150.606912,-34.218972]},"properties":{"species":"Vombatus ursinus","eventDate":"2022-04-26","basisOfRecord":"HUMAN_OBSERVATION","license":"CC-BY 4.0 (Int)","coordinateUncertaintyM":500.0,"uncertaintyUnknown":false,"observationCount":1,"geographicOutlier":false}},{"type":"Feature","id":"07dabb09e19d9fa0","geometry":{"type":"Point","coordinates":[147.449483,-35.863352]},"properties":{"species":"Vombatus ursinus","eventDate":"2022-04-25","basisOfRecord":"MACHINE_OBSERVATION","license":"CC-BY 4.0 (Int)","coordinateUncertaintyM":null,"uncertaintyUnknown":true,"observationCount":86,"geographicOutlier":false}},{"type":"Feature","id":"ae9088a9ffd49d4f","geometry":{"type":"Point","coordinates":[147.605936,-35.878712]},"properties":{"species":"Vombatus ursinus","eventDate":"2022-04-24","basisOfRecord":"MACHINE_OBSERVATION","license":"CC-BY 4.0 (Int)","coordinateUncertaintyM":null,"uncertaintyUnknown":true,"observationCount":57,"geographicOutlier":false}},{"type":"Feature","id":"7694f8c9e12fa000","geometry":{"type":"Point","coordinates":[150.872933,-33.405333]},"properties":{"species":"Vombatus ursinus","eventDate":"2022-04-24","basisOfRecord":"HUMAN_OBSERVATION","license":"CC-BY 4.0 (Int)","coordinateUncertaintyM":30.0,"uncertaintyUnknown":false,"observationCount":1,"geographicOutlier":false}},{"type":"Feature","id":"4fc6ff5853aee97e","geometry":{"type":"Point","coordinates":[147.45814,-35.852999]},"properties":{"species":"Vombatus ursinus","eventDate":"2022-04-23","basisOfRecord":"MACHINE_OBSERVATION","license":"CC-BY 4.0 (Int)","coordinateUncertaintyM":null,"uncertaintyUnknown":true,"observationCount":40,"geographicOutlier":false}},{"type":"Feature","id":"bf95bf83ac6f7414","geometry":{"type":"Point","coordinates":[145.6867,-38.0547]},"properties":{"species":"Vombatus ursinus","eventDate":"2022-04-23","basisOfRecord":"OCCURRENCE","license":"CC-BY 4.0 (Int)","coordinateUncertaintyM":2.0,"uncertaintyUnknown":false,"observationCount":1,"geographicOutlier":false}},{"type":"Feature","id":"e1dcc2fc2e9e0bf7","geometry":{"type":"Point","coordinates":[144.4348,-37.4097]},"properties":{"species":"Vombatus ursinus","eventDate":"2022-04-21","basisOfRecord":"OCCURRENCE","license":"CC-BY 4.0 (Int)","coordinateUncertaintyM":100.0,"uncertaintyUnknown":false,"observationCount":1,"geographicOutlier":false}},{"type":"Feature","id":"a258da13cb183177","geometry":{"type":"Point","coordinates":[147.52274,-35.850405]},"properties":{"species":"Vombatus ursinus","eventDate":"2022-04-21","basisOfRecord":"MACHINE_OBSERVATION","license":"CC-BY 4.0 (Int)","coordinateUncertaintyM":null,"uncertaintyUnknown":true,"observationCount":81,"geographicOutlier":false}},{"type":"Feature","id":"58e0a3e3bce67652","geometry":{"type":"Point","coordinates":[145.86082,-37.88785]},"properties":{"species":"Vombatus ursinus","eventDate":"2022-04-20","basisOfRecord":"OBSERVATION","license":"CC-BY 4.0 (Int)","coordinateUncertaintyM":10.0,"uncertaintyUnknown":false,"observationCount":1,"geographicOutlier":false}},{"type":"Feature","id":"0d7e8deeecc83905","geometry":{"type":"Point","coordinates":[149.438636,-35.524493]},"properties":{"species":"Vombatus ursinus","eventDate":"2022-04-20","basisOfRecord":"HUMAN_OBSERVATION","license":"CC-BY 4.0 (Int)","coordinateUncertaintyM":30.0,"uncertaintyUnknown":false,"observationCount":1,"geographicOutlier":false}},{"type":"Feature","id":"57b2dc56106ab3ef","geometry":{"type":"Point","coordinates":[147.605258,-35.878945]},"properties":{"species":"Vombatus ursinus","eventDate":"2022-04-18","basisOfRecord":"MACHINE_OBSERVATION","license":"CC-BY 4.0 (Int)","coordinateUncertaintyM":null,"uncertaintyUnknown":true,"observationCount":15,"geographicOutlier":false}},{"type":"Feature","id":"c5057b28a9ee7dc4","geometry":{"type":"Point","coordinates":[147.527596,-35.892202]},"properties":{"species":"Vombatus ursinus","eventDate":"2022-04-17","basisOfRecord":"MACHINE_OBSERVATION","license":"CC-BY 4.0 (Int)","coordinateUncertaintyM":null,"uncertaintyUnknown":true,"observationCount":37,"geographicOutlier":false}},{"type":"Feature","id":"62ed9b7efa113e56","geometry":{"type":"Point","coordinates":[147.599553,-35.834987]},"properties":{"species":"Vombatus ursinus","eventDate":"2022-04-15","basisOfRecord":"MACHINE_OBSERVATION","license":"CC-BY 4.0 (Int)","coordinateUncertaintyM":null,"uncertaintyUnknown":true,"observationCount":36,"geographicOutlier":false}},{"type":"Feature","id":"382a6431832a52f3","geometry":{"type":"Point","coordinates":[147.588886,-35.877417]},"properties":{"species":"Vombatus ursinus","eventDate":"2022-04-13","basisOfRecord":"MACHINE_OBSERVATION","license":"CC-BY 4.0 (Int)","coordinateUncertaintyM":null,"uncertaintyUnknown":true,"observationCount":20,"geographicOutlier":false}},{"type":"Feature","id":"d82db11060358bd8","geometry":{"type":"Point","coordinates":[150.583938,-34.176727]},"properties":{"species":"Vombatus ursinus","eventDate":"2022-04-13","basisOfRecord":"HUMAN_OBSERVATION","license":"CC-BY 4.0 (Int)","coordinateUncertaintyM":30.0,"uncertaintyUnknown":false,"observationCount":1,"geographicOutlier":false}},{"type":"Feature","id":"5defccdfb1ea9dd9","geometry":{"type":"Point","coordinates":[148.68349,-37.49906]},"properties":{"species":"Vombatus ursinus","eventDate":"2022-04-12","basisOfRecord":"OCCURRENCE","license":"CC-BY 4.0 (Int)","coordinateUncertaintyM":10.0,"uncertaintyUnknown":false,"observationCount":1,"geographicOutlier":false}},{"type":"Feature","id":"612f29aedccf7f7d","geometry":{"type":"Point","coordinates":[148.0858,-36.88461]},"properties":{"species":"Vombatus ursinus","eventDate":"2022-04-12","basisOfRecord":"OCCURRENCE","license":"CC-BY 4.0 (Int)","coordinateUncertaintyM":5.0,"uncertaintyUnknown":false,"observationCount":1,"geographicOutlier":false}},{"type":"Feature","id":"65b20cebfd9add5f","geometry":{"type":"Point","coordinates":[147.609634,-35.894416]},"properties":{"species":"Vombatus ursinus","eventDate":"2022-04-11","basisOfRecord":"MACHINE_OBSERVATION","license":"CC-BY 4.0 (Int)","coordinateUncertaintyM":null,"uncertaintyUnknown":true,"observationCount":29,"geographicOutlier":false}},{"type":"Feature","id":"29fc64b9ad3ec94e","geometry":{"type":"Point","coordinates":[150.621707,-34.559712]},"properties":{"species":"Vombatus ursinus","eventDate":"2022-04-10","basisOfRecord":"HUMAN_OBSERVATION","license":"CC-BY 4.0 (Int)","coordinateUncertaintyM":500.0,"uncertaintyUnknown":false,"observationCount":1,"geographicOutlier":false}},{"type":"Feature","id":"4a0e037b561a541e","geometry":{"type":"Point","coordinates":[150.186746,-33.347302]},"properties":{"species":"Vombatus ursinus","eventDate":"2022-04-08","basisOfRecord":"HUMAN_OBSERVATION","license":"CC-BY 4.0 (Int)","coordinateUncertaintyM":250.0,"uncertaintyUnknown":false,"observationCount":1,"geographicOutlier":false}},{"type":"Feature","id":"880250e448b75174","geometry":{"type":"Point","coordinates":[146.23756,-38.90528]},"properties":{"species":"Vombatus ursinus","eventDate":"2022-04-07","basisOfRecord":"OCCURRENCE","license":"CC-BY 4.0 (Int)","coordinateUncertaintyM":10.0,"uncertaintyUnknown":false,"observationCount":2,"geographicOutlier":false}},{"type":"Feature","id":"28e6e378acc45c29","geometry":{"type":"Point","coordinates":[146.27783,-38.9113]},"properties":{"species":"Vombatus ursinus","eventDate":"2022-04-07","basisOfRecord":"OCCURRENCE","license":"CC-BY 4.0 (Int)","coordinateUncertaintyM":10.0,"uncertaintyUnknown":false,"observationCount":1,"geographicOutlier":false}},{"type":"Feature","id":"a5b174d86ac283f0","geometry":{"type":"Point","coordinates":[146.2874,-38.97168]},"properties":{"species":"Vombatus ursinus","eventDate":"2022-04-07","basisOfRecord":"OCCURRENCE","license":"CC-BY 4.0 (Int)","coordinateUncertaintyM":10.0,"uncertaintyUnknown":false,"observationCount":1,"geographicOutlier":false}},{"type":"Feature","id":"98aa713f8f746c6e","geometry":{"type":"Point","coordinates":[146.24144,-38.91695]},"properties":{"species":"Vombatus ursinus","eventDate":"2022-04-06","basisOfRecord":"OCCURRENCE","license":"CC-BY 4.0 (Int)","coordinateUncertaintyM":10.0,"uncertaintyUnknown":false,"observationCount":1,"geographicOutlier":false}},{"type":"Feature","id":"a60f603356053fdb","geometry":{"type":"Point","coordinates":[146.25156,-38.90792]},"properties":{"species":"Vombatus ursinus","eventDate":"2022-04-06","basisOfRecord":"OCCURRENCE","license":"CC-BY 4.0 (Int)","coordinateUncertaintyM":10.0,"uncertaintyUnknown":false,"observationCount":1,"geographicOutlier":false}},{"type":"Feature","id":"54c563b7ff8a3053","geometry":{"type":"Point","coordinates":[145.9278,-37.79366]},"properties":{"species":"Vombatus ursinus","eventDate":"2022-04-06","basisOfRecord":"OCCURRENCE","license":"CC-BY 4.0 (Int)","coordinateUncertaintyM":5.0,"uncertaintyUnknown":false,"observationCount":1,"geographicOutlier":false}},{"type":"Feature","id":"8358e7390cc09b18","geometry":{"type":"Point","coordinates":[147.504358,-35.849717]},"properties":{"species":"Vombatus ursinus","eventDate":"2022-04-06","basisOfRecord":"MACHINE_OBSERVATION","license":"CC-BY 4.0 (Int)","coordinateUncertaintyM":null,"uncertaintyUnknown":true,"observationCount":47,"geographicOutlier":false}},{"type":"Feature","id":"b137f601106b85e8","geometry":{"type":"Point","coordinates":[146.2689,-38.88424]},"properties":{"species":"Vombatus ursinus","eventDate":"2022-04-05","basisOfRecord":"OCCURRENCE","license":"CC-BY 4.0 (Int)","coordinateUncertaintyM":10.0,"uncertaintyUnknown":false,"observationCount":1,"geographicOutlier":false}},{"type":"Feature","id":"6fbce10436eea5f0","geometry":{"type":"Point","coordinates":[148.10386,-36.90347]},"properties":{"species":"Vombatus ursinus","eventDate":"2022-04-05","basisOfRecord":"OCCURRENCE","license":"CC-BY 4.0 (Int)","coordinateUncertaintyM":5.0,"uncertaintyUnknown":false,"observationCount":1,"geographicOutlier":false}},{"type":"Feature","id":"291f767dfe5c73cd","geometry":{"type":"Point","coordinates":[146.22975,-38.89108]},"properties":{"species":"Vombatus ursinus","eventDate":"2022-04-05","basisOfRecord":"OCCURRENCE","license":"CC-BY 4.0 (Int)","coordinateUncertaintyM":10.0,"uncertaintyUnknown":false,"observationCount":2,"geographicOutlier":false}},{"type":"Feature","id":"8abf190985f12797","geometry":{"type":"Point","coordinates":[147.393584,-36.089775]},"properties":{"species":"Vombatus ursinus","eventDate":"2022-04-04","basisOfRecord":"MACHINE_OBSERVATION","license":"CC-BY 4.0 (Int)","coordinateUncertaintyM":null,"uncertaintyUnknown":true,"observationCount":8,"geographicOutlier":false}},{"type":"Feature","id":"361fa1f2e7b05b2b","geometry":{"type":"Point","coordinates":[146.26808,-38.87524]},"properties":{"species":"Vombatus ursinus","eventDate":"2022-04-04","basisOfRecord":"OCCURRENCE","license":"CC-BY 4.0 (Int)","coordinateUncertaintyM":10.0,"uncertaintyUnknown":false,"observationCount":2,"geographicOutlier":false}},{"type":"Feature","id":"1e11cbecfaa53968","geometry":{"type":"Point","coordinates":[149.352093,-35.254232]},"properties":{"species":"Vombatus ursinus","eventDate":"2022-04-01","basisOfRecord":"HUMAN_OBSERVATION","license":"CC-BY 4.0 (Int)","coordinateUncertaintyM":500.0,"uncertaintyUnknown":false,"observationCount":1,"geographicOutlier":false}},{"type":"Feature","id":"598bd537cc6f7f5d","geometry":{"type":"Point","coordinates":[147.514568,-35.887434]},"properties":{"species":"Vombatus ursinus","eventDate":"2022-04-01","basisOfRecord":"MACHINE_OBSERVATION","license":"CC-BY 4.0 (Int)","coordinateUncertaintyM":null,"uncertaintyUnknown":true,"observationCount":25,"geographicOutlier":false}},{"type":"Feature","id":"21cc4267f9d30702","geometry":{"type":"Point","coordinates":[151.347215,-32.785827]},"properties":{"species":"Vombatus ursinus","eventDate":"2022-03-30","basisOfRecord":"HUMAN_OBSERVATION","license":"CC-BY 4.0 (Int)","coordinateUncertaintyM":500.0,"uncertaintyUnknown":false,"observationCount":1,"geographicOutlier":false}},{"type":"Feature","id":"0a5b6384c614f378","geometry":{"type":"Point","coordinates":[149.714387,-32.695]},"properties":{"species":"Vombatus ursinus","eventDate":"2022-03-30","basisOfRecord":"HUMAN_OBSERVATION","license":"CC-BY 4.0 (Int)","coordinateUncertaintyM":500.0,"uncertaintyUnknown":false,"observationCount":1,"geographicOutlier":false}},{"type":"Feature","id":"34235c6335ca51c3","geometry":{"type":"Point","coordinates":[150.793694,-34.640888]},"properties":{"species":"Vombatus ursinus","eventDate":"2022-03-28","basisOfRecord":"HUMAN_OBSERVATION","license":"CC-BY 4.0 (Int)","coordinateUncertaintyM":30.0,"uncertaintyUnknown":false,"observationCount":1,"geographicOutlier":false}},{"type":"Feature","id":"378625e264eb5652","geometry":{"type":"Point","coordinates":[148.61402,-37.52055]},"properties":{"species":"Vombatus ursinus","eventDate":"2022-03-27","basisOfRecord":"OBSERVATION","license":"CC-BY 4.0 (Int)","coordinateUncertaintyM":5.0,"uncertaintyUnknown":false,"observationCount":1,"geographicOutlier":false}},{"type":"Feature","id":"e916bfe635b6d6e0","geometry":{"type":"Point","coordinates":[145.60396,-37.49025]},"properties":{"species":"Vombatus ursinus","eventDate":"2022-03-25","basisOfRecord":"OBSERVATION","license":"CC-BY 4.0 (Int)","coordinateUncertaintyM":10.0,"uncertaintyUnknown":false,"observationCount":1,"geographicOutlier":false}},{"type":"Feature","id":"6920d1d745b25d9b","geometry":{"type":"Point","coordinates":[148.487085,-35.161178]},"properties":{"species":"Vombatus ursinus","eventDate":"2022-03-24","basisOfRecord":"HUMAN_OBSERVATION","license":"CC-BY 4.0 (Int)","coordinateUncertaintyM":500.0,"uncertaintyUnknown":false,"observationCount":5,"geographicOutlier":false}},{"type":"Feature","id":"f7cb6a971d23afff","geometry":{"type":"Point","coordinates":[149.578989,-36.665252]},"properties":{"species":"Vombatus ursinus","eventDate":"2022-03-23","basisOfRecord":"HUMAN_OBSERVATION","license":"CC-BY 4.0 (Int)","coordinateUncertaintyM":30.0,"uncertaintyUnknown":false,"observationCount":1,"geographicOutlier":false}},{"type":"Feature","id":"4a191a5e2fa9c9cb","geometry":{"type":"Point","coordinates":[149.13689,-35.8635]},"properties":{"species":"Vombatus ursinus","eventDate":"2022-03-23","basisOfRecord":"HUMAN_OBSERVATION","license":"CC-BY 4.0 (Int)","coordinateUncertaintyM":10.0,"uncertaintyUnknown":false,"observationCount":1,"geographicOutlier":false}},{"type":"Feature","id":"e613c6afdf68867e","geometry":{"type":"Point","coordinates":[150.256884,-35.591679]},"properties":{"species":"Vombatus ursinus","eventDate":"2022-03-22","basisOfRecord":"HUMAN_OBSERVATION","license":"CC-BY 4.0 (Int)","coordinateUncertaintyM":500.0,"uncertaintyUnknown":false,"observationCount":1,"geographicOutlier":false}},{"type":"Feature","id":"53f2a98f163bab6d","geometry":{"type":"Point","coordinates":[148.82441,-37.62279]},"properties":{"species":"Vombatus ursinus","eventDate":"2022-03-21","basisOfRecord":"OBSERVATION","license":"CC-BY 4.0 (Int)","coordinateUncertaintyM":5.0,"uncertaintyUnknown":false,"observationCount":1,"geographicOutlier":false}},{"type":"Feature","id":"8c33d6f5d7d44c2f","geometry":{"type":"Point","coordinates":[144.24783,-37.38307]},"properties":{"species":"Vombatus ursinus","eventDate":"2022-03-17","basisOfRecord":"OBSERVATION","license":"CC-BY 4.0 (Int)","coordinateUncertaintyM":10.0,"uncertaintyUnknown":false,"observationCount":1,"geographicOutlier":false}},{"type":"Feature","id":"b23421aba0aa1581","geometry":{"type":"Point","coordinates":[145.976143,-41.413738]},"properties":{"species":"Vombatus ursinus","eventDate":"2022-03-16","basisOfRecord":"HUMAN_OBSERVATION","license":"CC-BY 4.0 (Int)","coordinateUncertaintyM":200.0,"uncertaintyUnknown":false,"observationCount":1,"geographicOutlier":false}},{"type":"Feature","id":"7a80b9d23cfaa443","geometry":{"type":"Point","coordinates":[149.795495,-37.163861]},"properties":{"species":"Vombatus ursinus","eventDate":"2022-03-14","basisOfRecord":"HUMAN_OBSERVATION","license":"CC-BY 4.0 (Int)","coordinateUncertaintyM":10.0,"uncertaintyUnknown":false,"observationCount":1,"geographicOutlier":false}},{"type":"Feature","id":"511880ab337b52de","geometry":{"type":"Point","coordinates":[151.368228,-33.329479]},"properties":{"species":"Vombatus ursinus","eventDate":"2022-03-12","basisOfRecord":"HUMAN_OBSERVATION","license":"CC-BY 4.0 (Int)","coordinateUncertaintyM":990.0,"uncertaintyUnknown":false,"observationCount":5,"geographicOutlier":false}},{"type":"Feature","id":"4b7f9389440f93af","geometry":{"type":"Point","coordinates":[149.837894,-36.640035]},"properties":{"species":"Vombatus ursinus","eventDate":"2022-03-11","basisOfRecord":"HUMAN_OBSERVATION","license":"CC-BY 4.0 (Int)","coordinateUncertaintyM":500.0,"uncertaintyUnknown":false,"observationCount":1,"geographicOutlier":false}},{"type":"Feature","id":"3f3f2ab6442b0c28","geometry":{"type":"Point","coordinates":[150.476143,-34.386147]},"properties":{"species":"Vombatus ursinus","eventDate":"2022-03-09","basisOfRecord":"HUMAN_OBSERVATION","license":"CC-BY 4.0 (Int)","coordinateUncertaintyM":500.0,"uncertaintyUnknown":false,"observationCount":1,"geographicOutlier":false}},{"type":"Feature","id":"0fcc94a29f0d8964","geometry":{"type":"Point","coordinates":[148.676625,-35.575627]},"properties":{"species":"Vombatus ursinus","eventDate":"2022-03-08","basisOfRecord":"HUMAN_OBSERVATION","license":"CC-BY 4.0 (Int)","coordinateUncertaintyM":3.0,"uncertaintyUnknown":false,"observationCount":1,"geographicOutlier":false}},{"type":"Feature","id":"b56bdd9069229753","geometry":{"type":"Point","coordinates":[147.48467,-38.07445]},"properties":{"species":"Vombatus ursinus","eventDate":"2022-03-08","basisOfRecord":"OCCURRENCE","license":"CC-BY 4.0 (Int)","coordinateUncertaintyM":10.0,"uncertaintyUnknown":false,"observationCount":1,"geographicOutlier":false}},{"type":"Feature","id":"3662440ee5531038","geometry":{"type":"Point","coordinates":[148.63744,-35.36694]},"properties":{"species":"Vombatus ursinus","eventDate":"2022-03-08","basisOfRecord":"HUMAN_OBSERVATION","license":"CC-BY 4.0 (Int)","coordinateUncertaintyM":3.0,"uncertaintyUnknown":false,"observationCount":1,"geographicOutlier":false}},{"type":"Feature","id":"71aae3dd3114aa31","geometry":{"type":"Point","coordinates":[147.49154,-38.07802]},"properties":{"species":"Vombatus ursinus","eventDate":"2022-03-08","basisOfRecord":"OCCURRENCE","license":"CC-BY 4.0 (Int)","coordinateUncertaintyM":10.0,"uncertaintyUnknown":false,"observationCount":1,"geographicOutlier":false}},{"type":"Feature","id":"15d0ead0da341dfe","geometry":{"type":"Point","coordinates":[148.38715,-37.09028]},"properties":{"species":"Vombatus ursinus","eventDate":"2022-03-07","basisOfRecord":"OCCURRENCE","license":"CC-BY 4.0 (Int)","coordinateUncertaintyM":5.0,"uncertaintyUnknown":false,"observationCount":3,"geographicOutlier":false}},{"type":"Feature","id":"6623cdfea27c9ab4","geometry":{"type":"Point","coordinates":[150.557269,-34.84354]},"properties":{"species":"Vombatus ursinus","eventDate":"2022-03-06","basisOfRecord":"HUMAN_OBSERVATION","license":"CC-BY 4.0 (Int)","coordinateUncertaintyM":30.0,"uncertaintyUnknown":false,"observationCount":1,"geographicOutlier":false}},{"type":"Feature","id":"d7c5d9c3944b1156","geometry":{"type":"Point","coordinates":[151.006619,-32.624449]},"properties":{"species":"Vombatus ursinus","eventDate":"2022-03-06","basisOfRecord":"HUMAN_OBSERVATION","license":"CC-BY 4.0 (Int)","coordinateUncertaintyM":30.0,"uncertaintyUnknown":false,"observationCount":1,"geographicOutlier":false}},{"type":"Feature","id":"0c2cefa8edd2d4fb","geometry":{"type":"Point","coordinates":[150.549925,-34.931081]},"properties":{"species":"Vombatus ursinus","eventDate":"2022-03-04","basisOfRecord":"HUMAN_OBSERVATION","license":"CC-BY 4.0 (Int)","coordinateUncertaintyM":30.0,"uncertaintyUnknown":false,"observationCount":1,"geographicOutlier":false}},{"type":"Feature","id":"34bdd5d6d85782fe","geometry":{"type":"Point","coordinates":[147.57303,-37.2036]},"properties":{"species":"Vombatus ursinus","eventDate":"2022-03-04","basisOfRecord":"OCCURRENCE","license":"CC-BY 4.0 (Int)","coordinateUncertaintyM":1.0,"uncertaintyUnknown":false,"observationCount":1,"geographicOutlier":false}},{"type":"Feature","id":"f0f681f5810c86dd","geometry":{"type":"Point","coordinates":[147.3756,-37.08437]},"properties":{"species":"Vombatus ursinus","eventDate":"2022-03-03","basisOfRecord":"OCCURRENCE","license":"CC-BY 4.0 (Int)","coordinateUncertaintyM":1.0,"uncertaintyUnknown":false,"observationCount":5,"geographicOutlier":false}},{"type":"Feature","id":"e87cb3843d161256","geometry":{"type":"Point","coordinates":[150.045775,-33.314169]},"properties":{"species":"Vombatus ursinus","eventDate":"2022-03-02","basisOfRecord":"HUMAN_OBSERVATION","license":"CC-BY 4.0 (Int)","coordinateUncertaintyM":10.0,"uncertaintyUnknown":false,"observationCount":1,"geographicOutlier":false}},{"type":"Feature","id":"f582c084f624efa6","geometry":{"type":"Point","coordinates":[150.442763,-35.394218]},"properties":{"species":"Vombatus ursinus","eventDate":"2022-03-01","basisOfRecord":"HUMAN_OBSERVATION","license":"CC-BY 4.0 (Int)","coordinateUncertaintyM":30.0,"uncertaintyUnknown":false,"observationCount":1,"geographicOutlier":false}},{"type":"Feature","id":"7ed7c35b944194d6","geometry":{"type":"Point","coordinates":[149.611198,-34.80056]},"properties":{"species":"Vombatus ursinus","eventDate":"2022-02-28","basisOfRecord":"HUMAN_OBSERVATION","license":"CC-BY 4.0 (Int)","coordinateUncertaintyM":500.0,"uncertaintyUnknown":false,"observationCount":1,"geographicOutlier":false}},{"type":"Feature","id":"b8f404337b288fea","geometry":{"type":"Point","coordinates":[147.69516,-36.157379]},"properties":{"species":"Vombatus ursinus","eventDate":"2022-02-27","basisOfRecord":"MACHINE_OBSERVATION","license":"CC-BY 4.0 (Int)","coordinateUncertaintyM":null,"uncertaintyUnknown":true,"observationCount":8,"geographicOutlier":false}},{"type":"Feature","id":"4e0e0605a9ec3d72","geometry":{"type":"Point","coordinates":[150.519989,-34.263447]},"properties":{"species":"Vombatus ursinus","eventDate":"2022-02-25","basisOfRecord":"HUMAN_OBSERVATION","license":"CC-BY 4.0 (Int)","coordinateUncertaintyM":30.0,"uncertaintyUnknown":false,"observationCount":1,"geographicOutlier":false}},{"type":"Feature","id":"4a5e88f29c39db89","geometry":{"type":"Point","coordinates":[147.37893,-37.09716]},"properties":{"species":"Vombatus ursinus","eventDate":"2022-02-24","basisOfRecord":"OCCURRENCE","license":"CC-BY 4.0 (Int)","coordinateUncertaintyM":1.0,"uncertaintyUnknown":false,"observationCount":1,"geographicOutlier":false}},{"type":"Feature","id":"1c0095fd653593ce","geometry":{"type":"Point","coordinates":[149.32418,-37.48302]},"properties":{"species":"Vombatus ursinus","eventDate":"2022-02-23","basisOfRecord":"OCCURRENCE","license":"CC-BY 4.0 (Int)","coordinateUncertaintyM":5.0,"uncertaintyUnknown":false,"observationCount":1,"geographicOutlier":false}},{"type":"Feature","id":"029dccf60c35f0c4","geometry":{"type":"Point","coordinates":[147.50134,-35.86794]},"properties":{"species":"Vombatus ursinus","eventDate":"2022-02-21","basisOfRecord":"MACHINE_OBSERVATION","license":"CC-BY 4.0 (Int)","coordinateUncertaintyM":null,"uncertaintyUnknown":true,"observationCount":3,"geographicOutlier":false}},{"type":"Feature","id":"ae0c3f3725fe8a53","geometry":{"type":"Point","coordinates":[149.879098,-33.456724]},"properties":{"species":"Vombatus ursinus","eventDate":"2022-02-21","basisOfRecord":"HUMAN_OBSERVATION","license":"CC-BY 4.0 (Int)","coordinateUncertaintyM":30.0,"uncertaintyUnknown":false,"observationCount":1,"geographicOutlier":false}},{"type":"Feature","id":"9ed15f19239d8507","geometry":{"type":"Point","coordinates":[147.36578,-37.09832]},"properties":{"species":"Vombatus ursinus","eventDate":"2022-02-19","basisOfRecord":"OCCURRENCE","license":"CC-BY 4.0 (Int)","coordinateUncertaintyM":1.0,"uncertaintyUnknown":false,"observationCount":1,"geographicOutlier":false}},{"type":"Feature","id":"85eb93ed21251c28","geometry":{"type":"Point","coordinates":[144.4294,-37.4002]},"properties":{"species":"Vombatus ursinus","eventDate":"2022-02-17","basisOfRecord":"OCCURRENCE","license":"CC-BY 4.0 (Int)","coordinateUncertaintyM":80.0,"uncertaintyUnknown":false,"observationCount":1,"geographicOutlier":false}},{"type":"Feature","id":"c80159d58707e19a","geometry":{"type":"Point","coordinates":[148.384883,-35.250376]},"properties":{"species":"Vombatus ursinus","eventDate":"2022-02-16","basisOfRecord":"HUMAN_OBSERVATION","license":"CC-BY 4.0 (Int)","coordinateUncertaintyM":500.0,"uncertaintyUnknown":false,"observationCount":1,"geographicOutlier":false}},{"type":"Feature","id":"b2f982df7b4c1030","geometry":{"type":"Point","coordinates":[151.455002,-32.799591]},"properties":{"species":"Vombatus ursinus","eventDate":"2022-02-15","basisOfRecord":"HUMAN_OBSERVATION","license":"CC-BY 4.0 (Int)","coordinateUncertaintyM":500.0,"uncertaintyUnknown":false,"observationCount":1,"geographicOutlier":false}},{"type":"Feature","id":"ab57a6f33f43c8a5","geometry":{"type":"Point","coordinates":[149.929626,-36.863204]},"properties":{"species":"Vombatus ursinus","eventDate":"2022-02-11","basisOfRecord":"HUMAN_OBSERVATION","license":"CC-BY 4.0 (Int)","coordinateUncertaintyM":30.0,"uncertaintyUnknown":false,"observationCount":1,"geographicOutlier":false}},{"type":"Feature","id":"2d72bdce90f4052b","geometry":{"type":"Point","coordinates":[148.83448,-37.30384]},"properties":{"species":"Vombatus ursinus","eventDate":"2022-02-10","basisOfRecord":"OCCURRENCE","license":"CC-BY 4.0 (Int)","coordinateUncertaintyM":10.0,"uncertaintyUnknown":false,"observationCount":1,"geographicOutlier":false}},{"type":"Feature","id":"2da1809ae90b3de6","geometry":{"type":"Point","coordinates":[150.038295,-36.551486]},"properties":{"species":"Vombatus ursinus","eventDate":"2022-02-09","basisOfRecord":"HUMAN_OBSERVATION","license":"CC-BY 4.0 (Int)","coordinateUncertaintyM":30.0,"uncertaintyUnknown":false,"observationCount":1,"geographicOutlier":false}},{"type":"Feature","id":"f6b4dbb9e5faa315","geometry":{"type":"Point","coordinates":[147.535723,-35.920015]},"properties":{"species":"Vombatus ursinus","eventDate":"2022-02-08","basisOfRecord":"MACHINE_OBSERVATION","license":"CC-BY 4.0 (Int)","coordinateUncertaintyM":null,"uncertaintyUnknown":true,"observationCount":39,"geographicOutlier":false}},{"type":"Feature","id":"f3fd814748b4f9dc","geometry":{"type":"Point","coordinates":[148.60948,-35.47005]},"properties":{"species":"Vombatus ursinus","eventDate":"2022-02-08","basisOfRecord":"HUMAN_OBSERVATION","license":"CC-BY 4.0 (Int)","coordinateUncertaintyM":3.0,"uncertaintyUnknown":false,"observationCount":1,"geographicOutlier":false}},{"type":"Feature","id":"6916cc91c15a38b1","geometry":{"type":"Point","coordinates":[147.765292,-36.043112]},"properties":{"species":"Vombatus ursinus","eventDate":"2022-02-07","basisOfRecord":"MACHINE_OBSERVATION","license":"CC-BY 4.0 (Int)","coordinateUncertaintyM":null,"uncertaintyUnknown":true,"observationCount":11,"geographicOutlier":false}},{"type":"Feature","id":"1d2ff7a9ba608012","geometry":{"type":"Point","coordinates":[148.61778,-35.41843]},"properties":{"species":"Vombatus ursinus","eventDate":"2022-02-06","basisOfRecord":"HUMAN_OBSERVATION","license":"CC-BY 4.0 (Int)","coordinateUncertaintyM":3.0,"uncertaintyUnknown":false,"observationCount":1,"geographicOutlier":false}},{"type":"Feature","id":"7c1db8915ce7ef77","geometry":{"type":"Point","coordinates":[147.398765,-36.090921]},"properties":{"species":"Vombatus ursinus","eventDate":"2022-02-05","basisOfRecord":"MACHINE_OBSERVATION","license":"CC-BY 4.0 (Int)","coordinateUncertaintyM":null,"uncertaintyUnknown":true,"observationCount":3,"geographicOutlier":false}},{"type":"Feature","id":"2746c1730cfc5254","geometry":{"type":"Point","coordinates":[148.639825,-35.657252]},"properties":{"species":"Vombatus ursinus","eventDate":"2022-02-05","basisOfRecord":"HUMAN_OBSERVATION","license":"CC-BY 4.0 (Int)","coordinateUncertaintyM":3.0,"uncertaintyUnknown":false,"observationCount":1,"geographicOutlier":false}},{"type":"Feature","id":"fbe5d6622de178e3","geometry":{"type":"Point","coordinates":[148.34904,-37.36388]},"properties":{"species":"Vombatus ursinus","eventDate":"2022-02-04","basisOfRecord":"OCCURRENCE","license":"CC-BY 4.0 (Int)","coordinateUncertaintyM":10.0,"uncertaintyUnknown":false,"observationCount":1,"geographicOutlier":false}},{"type":"Feature","id":"60577047b651df13","geometry":{"type":"Point","coordinates":[148.60432,-35.48846]},"properties":{"species":"Vombatus ursinus","eventDate":"2022-02-04","basisOfRecord":"HUMAN_OBSERVATION","license":"CC-BY 4.0 (Int)","coordinateUncertaintyM":3.0,"uncertaintyUnknown":false,"observationCount":1,"geographicOutlier":false}},{"type":"Feature","id":"9b675e3fefa22935","geometry":{"type":"Point","coordinates":[148.664468,-35.319134]},"properties":{"species":"Vombatus ursinus","eventDate":"2022-02-03","basisOfRecord":"HUMAN_OBSERVATION","license":"CC-BY 4.0 (Int)","coordinateUncertaintyM":500.0,"uncertaintyUnknown":false,"observationCount":5,"geographicOutlier":false}},{"type":"Feature","id":"8fe0df874bceafd4","geometry":{"type":"Point","coordinates":[146.28439,-37.59846]},"properties":{"species":"Vombatus ursinus","eventDate":"2022-02-02","basisOfRecord":"OCCURRENCE","license":"CC-BY 4.0 (Int)","coordinateUncertaintyM":1.0,"uncertaintyUnknown":false,"observationCount":1,"geographicOutlier":false}},{"type":"Feature","id":"95190399334ef3cd","geometry":{"type":"Point","coordinates":[146.28331,-37.59927]},"properties":{"species":"Vombatus ursinus","eventDate":"2022-02-01","basisOfRecord":"OCCURRENCE","license":"CC-BY 4.0 (Int)","coordinateUncertaintyM":1.0,"uncertaintyUnknown":false,"observationCount":3,"geographicOutlier":false}},{"type":"Feature","id":"7edae35d86d5f99a","geometry":{"type":"Point","coordinates":[148.6434,-37.61568]},"properties":{"species":"Vombatus ursinus","eventDate":"2022-01-31","basisOfRecord":"OBSERVATION","license":"CC-BY 4.0 (Int)","coordinateUncertaintyM":5.0,"uncertaintyUnknown":false,"observationCount":1,"geographicOutlier":false}},{"type":"Feature","id":"e9db72579008a422","geometry":{"type":"Point","coordinates":[150.326985,-35.57731]},"properties":{"species":"Vombatus ursinus","eventDate":"2022-01-30","basisOfRecord":"HUMAN_OBSERVATION","license":"CC-BY 4.0 (Int)","coordinateUncertaintyM":10.0,"uncertaintyUnknown":false,"observationCount":30,"geographicOutlier":false}},{"type":"Feature","id":"9bd7cfd88b4ba762","geometry":{"type":"Point","coordinates":[146.36157,-37.68388]},"properties":{"species":"Vombatus ursinus","eventDate":"2022-01-29","basisOfRecord":"OCCURRENCE","license":"CC-BY 4.0 (Int)","coordinateUncertaintyM":1.0,"uncertaintyUnknown":false,"observationCount":2,"geographicOutlier":false}},{"type":"Feature","id":"0130724741d6bb75","geometry":{"type":"Point","coordinates":[146.24994,-37.67194]},"properties":{"species":"Vombatus ursinus","eventDate":"2022-01-27","basisOfRecord":"OCCURRENCE","license":"CC-BY 4.0 (Int)","coordinateUncertaintyM":1.0,"uncertaintyUnknown":false,"observationCount":1,"geographicOutlier":false}},{"type":"Feature","id":"4ab51cf327acc91a","geometry":{"type":"Point","coordinates":[149.10814,-33.284542]},"properties":{"species":"Vombatus ursinus","eventDate":"2022-01-26","basisOfRecord":"HUMAN_OBSERVATION","license":"CC-BY 4.0 (Int)","coordinateUncertaintyM":30.0,"uncertaintyUnknown":false,"observationCount":1,"geographicOutlier":false}},{"type":"Feature","id":"ce5f48faf6e81c8c","geometry":{"type":"Point","coordinates":[150.747506,-34.730992]},"properties":{"species":"Vombatus ursinus","eventDate":"2022-01-25","basisOfRecord":"HUMAN_OBSERVATION","license":"CC-BY 4.0 (Int)","coordinateUncertaintyM":30.0,"uncertaintyUnknown":false,"observationCount":1,"geographicOutlier":false}},{"type":"Feature","id":"4a5e5094172a12d9","geometry":{"type":"Point","coordinates":[150.547954,-33.480483]},"properties":{"species":"Vombatus ursinus","eventDate":"2022-01-24","basisOfRecord":"HUMAN_OBSERVATION","license":"CC-BY 4.0 (Int)","coordinateUncertaintyM":30.0,"uncertaintyUnknown":false,"observationCount":1,"geographicOutlier":false}},{"type":"Feature","id":"826ff9a31f3a6fc1","geometry":{"type":"Point","coordinates":[148.068921,-35.325583]},"properties":{"species":"Vombatus ursinus","eventDate":"2022-01-24","basisOfRecord":"HUMAN_OBSERVATION","license":"CC-BY 4.0 (Int)","coordinateUncertaintyM":30.0,"uncertaintyUnknown":false,"observationCount":1,"geographicOutlier":false}},{"type":"Feature","id":"20734492e4104ede","geometry":{"type":"Point","coordinates":[149.870524,-33.377575]},"properties":{"species":"Vombatus ursinus","eventDate":"2022-01-23","basisOfRecord":"HUMAN_OBSERVATION","license":"CC-BY 4.0 (Int)","coordinateUncertaintyM":30.0,"uncertaintyUnknown":false,"observationCount":1,"geographicOutlier":false}},{"type":"Feature","id":"23c7959b862486e2","geometry":{"type":"Point","coordinates":[148.58148,-35.44358]},"properties":{"species":"Vombatus ursinus","eventDate":"2022-01-22","basisOfRecord":"HUMAN_OBSERVATION","license":"CC-BY 4.0 (Int)","coordinateUncertaintyM":3.0,"uncertaintyUnknown":false,"observationCount":1,"geographicOutlier":false}},{"type":"Feature","id":"cf61288f5c61c208","geometry":{"type":"Point","coordinates":[148.5808,-35.443]},"properties":{"species":"Vombatus ursinus","eventDate":"2022-01-22","basisOfRecord":"HUMAN_OBSERVATION","license":"CC-BY 4.0 (Int)","coordinateUncertaintyM":3.0,"uncertaintyUnknown":false,"observationCount":1,"geographicOutlier":false}},{"type":"Feature","id":"68fb5ef8d43cad43","geometry":{"type":"Point","coordinates":[148.56581,-35.45]},"properties":{"species":"Vombatus ursinus","eventDate":"2022-01-22","basisOfRecord":"HUMAN_OBSERVATION","license":"CC-BY 4.0 (Int)","coordinateUncertaintyM":3.0,"uncertaintyUnknown":false,"observationCount":1,"geographicOutlier":false}},{"type":"Feature","id":"d43607d6358e57ba","geometry":{"type":"Point","coordinates":[148.56689,-35.42432]},"properties":{"species":"Vombatus ursinus","eventDate":"2022-01-21","basisOfRecord":"HUMAN_OBSERVATION","license":"CC-BY 4.0 (Int)","coordinateUncertaintyM":3.0,"uncertaintyUnknown":false,"observationCount":1,"geographicOutlier":false}},{"type":"Feature","id":"26a9f4374a66dc14","geometry":{"type":"Point","coordinates":[148.58138,-35.47205]},"properties":{"species":"Vombatus ursinus","eventDate":"2022-01-20","basisOfRecord":"HUMAN_OBSERVATION","license":"CC-BY 4.0 (Int)","coordinateUncertaintyM":3.0,"uncertaintyUnknown":false,"observationCount":1,"geographicOutlier":false}},{"type":"Feature","id":"9f926073220f1666","geometry":{"type":"Point","coordinates":[149.352749,-35.418065]},"properties":{"species":"Vombatus ursinus","eventDate":"2022-01-19","basisOfRecord":"HUMAN_OBSERVATION","license":"CC-BY 4.0 (Int)","coordinateUncertaintyM":30.0,"uncertaintyUnknown":false,"observationCount":1,"geographicOutlier":false}},{"type":"Feature","id":"30171909ef8667c0","geometry":{"type":"Point","coordinates":[149.30777,-37.48794]},"properties":{"species":"Vombatus ursinus","eventDate":"2022-01-19","basisOfRecord":"OCCURRENCE","license":"CC-BY 4.0 (Int)","coordinateUncertaintyM":5.0,"uncertaintyUnknown":false,"observationCount":1,"geographicOutlier":false}},{"type":"Feature","id":"53fa9327b1b0954a","geometry":{"type":"Point","coordinates":[148.58228,-35.484972]},"properties":{"species":"Vombatus ursinus","eventDate":"2022-01-19","basisOfRecord":"HUMAN_OBSERVATION","license":"CC-BY 4.0 (Int)","coordinateUncertaintyM":3.0,"uncertaintyUnknown":false,"observationCount":1,"geographicOutlier":false}},{"type":"Feature","id":"deaf76fdbf5be787","geometry":{"type":"Point","coordinates":[146.35798,-37.68758]},"properties":{"species":"Vombatus ursinus","eventDate":"2022-01-16","basisOfRecord":"OCCURRENCE","license":"CC-BY 4.0 (Int)","coordinateUncertaintyM":1.0,"uncertaintyUnknown":false,"observationCount":1,"geographicOutlier":false}},{"type":"Feature","id":"95c2825b021e771e","geometry":{"type":"Point","coordinates":[150.70578,-34.29327]},"properties":{"species":"Vombatus ursinus","eventDate":"2022-01-14","basisOfRecord":"HUMAN_OBSERVATION","license":"CC-BY 4.0 (Int)","coordinateUncertaintyM":10.0,"uncertaintyUnknown":false,"observationCount":12,"geographicOutlier":false}},{"type":"Feature","id":"e4e786fc70089a4a","geometry":{"type":"Point","coordinates":[150.234248,-35.675709]},"properties":{"species":"Vombatus ursinus","eventDate":"2022-01-13","basisOfRecord":"HUMAN_OBSERVATION","license":"CC-BY 4.0 (Int)","coordinateUncertaintyM":10.0,"uncertaintyUnknown":false,"observationCount":27,"geographicOutlier":false}},{"type":"Feature","id":"e28d06c7394896c4","geometry":{"type":"Point","coordinates":[149.841079,-37.192531]},"properties":{"species":"Vombatus ursinus","eventDate":"2022-01-12","basisOfRecord":"HUMAN_OBSERVATION","license":"CC-BY 4.0 (Int)","coordinateUncertaintyM":10.0,"uncertaintyUnknown":false,"observationCount":1,"geographicOutlier":false}},{"type":"Feature","id":"b5793e33cd518193","geometry":{"type":"Point","coordinates":[149.56284,-37.589]},"properties":{"species":"Vombatus ursinus","eventDate":"2022-01-11","basisOfRecord":"OCCURRENCE","license":"CC-BY 4.0 (Int)","coordinateUncertaintyM":10.0,"uncertaintyUnknown":false,"observationCount":1,"geographicOutlier":false}},{"type":"Feature","id":"9cb6df36e881ec44","geometry":{"type":"Point","coordinates":[149.36301,-37.48344]},"properties":{"species":"Vombatus ursinus","eventDate":"2022-01-10","basisOfRecord":"OCCURRENCE","license":"CC-BY 4.0 (Int)","coordinateUncertaintyM":5.0,"uncertaintyUnknown":false,"observationCount":1,"geographicOutlier":false}},{"type":"Feature","id":"f940340e4e08b1eb","geometry":{"type":"Point","coordinates":[148.612384,-36.422978]},"properties":{"species":"Vombatus ursinus","eventDate":"2022-01-09","basisOfRecord":"HUMAN_OBSERVATION","license":"CC-BY 4.0 (Int)","coordinateUncertaintyM":30.0,"uncertaintyUnknown":false,"observationCount":1,"geographicOutlier":false}},{"type":"Feature","id":"9e7b19c2f88220e3","geometry":{"type":"Point","coordinates":[150.342836,-34.45045]},"properties":{"species":"Vombatus ursinus","eventDate":"2022-01-08","basisOfRecord":"HUMAN_OBSERVATION","license":"CC-BY 4.0 (Int)","coordinateUncertaintyM":500.0,"uncertaintyUnknown":false,"observationCount":1,"geographicOutlier":false}},{"type":"Feature","id":"d19038ed91bf9760","geometry":{"type":"Point","coordinates":[147.737951,-36.0683]},"properties":{"species":"Vombatus ursinus","eventDate":"2022-01-06","basisOfRecord":"MACHINE_OBSERVATION","license":"CC-BY 4.0 (Int)","coordinateUncertaintyM":null,"uncertaintyUnknown":true,"observationCount":3,"geographicOutlier":false}},{"type":"Feature","id":"530a77291568b608","geometry":{"type":"Point","coordinates":[149.898608,-33.729433]},"properties":{"species":"Vombatus ursinus","eventDate":"2022-01-02","basisOfRecord":"HUMAN_OBSERVATION","license":"CC-BY 4.0 (Int)","coordinateUncertaintyM":30.0,"uncertaintyUnknown":false,"observationCount":1,"geographicOutlier":false}},{"type":"Feature","id":"65d0a81ceea3d317","geometry":{"type":"Point","coordinates":[147.534,-35.922665]},"properties":{"species":"Vombatus ursinus","eventDate":"2022-01-01","basisOfRecord":"MACHINE_OBSERVATION","license":"CC-BY 4.0 (Int)","coordinateUncertaintyM":null,"uncertaintyUnknown":true,"observationCount":4,"geographicOutlier":false}},{"type":"Feature","id":"50e54f1f9ace9011","geometry":{"type":"Point","coordinates":[150.5906,-33.981681]},"properties":{"species":"Vombatus ursinus","eventDate":"2021-12-29","basisOfRecord":"HUMAN_OBSERVATION","license":"CC-BY 4.0 (Int)","coordinateUncertaintyM":30.0,"uncertaintyUnknown":false,"observationCount":1,"geographicOutlier":false}},{"type":"Feature","id":"0f0d48d5969f5c59","geometry":{"type":"Point","coordinates":[150.70031,-34.29345]},"properties":{"species":"Vombatus ursinus","eventDate":"2021-12-28","basisOfRecord":"HUMAN_OBSERVATION","license":"CC-BY 4.0 (Int)","coordinateUncertaintyM":10.0,"uncertaintyUnknown":false,"observationCount":11,"geographicOutlier":false}},{"type":"Feature","id":"32381a856c14d5be","geometry":{"type":"Point","coordinates":[149.834662,-36.325293]},"properties":{"species":"Vombatus ursinus","eventDate":"2021-12-27","basisOfRecord":"HUMAN_OBSERVATION","license":"CC-BY 4.0 (Int)","coordinateUncertaintyM":500.0,"uncertaintyUnknown":false,"observationCount":1,"geographicOutlier":false}},{"type":"Feature","id":"88a583f047fdcf5d","geometry":{"type":"Point","coordinates":[147.761945,-36.043703]},"properties":{"species":"Vombatus ursinus","eventDate":"2021-12-24","basisOfRecord":"MACHINE_OBSERVATION","license":"CC-BY 4.0 (Int)","coordinateUncertaintyM":null,"uncertaintyUnknown":true,"observationCount":12,"geographicOutlier":false}},{"type":"Feature","id":"09015fa9e7041ca3","geometry":{"type":"Point","coordinates":[145.933683,-41.590837]},"properties":{"species":"Vombatus ursinus","eventDate":"2021-12-22","basisOfRecord":"HUMAN_OBSERVATION","license":"CC-BY 4.0 (Int)","coordinateUncertaintyM":323.0,"uncertaintyUnknown":false,"observationCount":1,"geographicOutlier":false}},{"type":"Feature","id":"32feb303cdb041dd","geometry":{"type":"Point","coordinates":[149.505383,-35.814787]},"properties":{"species":"Vombatus ursinus","eventDate":"2021-12-21","basisOfRecord":"HUMAN_OBSERVATION","license":"CC-BY 4.0 (Int)","coordinateUncertaintyM":20.0,"uncertaintyUnknown":false,"observationCount":1,"geographicOutlier":false}},{"type":"Feature","id":"d80a4a8588727565","geometry":{"type":"Point","coordinates":[149.208057,-35.460007]},"properties":{"species":"Vombatus ursinus","eventDate":"2021-12-19","basisOfRecord":"HUMAN_OBSERVATION","license":"CC-BY 4.0 (Int)","coordinateUncertaintyM":500.0,"uncertaintyUnknown":false,"observationCount":1,"geographicOutlier":false}},{"type":"Feature","id":"32d4ea5d534b748e","geometry":{"type":"Point","coordinates":[149.22682,-35.463749]},"properties":{"species":"Vombatus ursinus","eventDate":"2021-12-17","basisOfRecord":"HUMAN_OBSERVATION","license":"CC-BY 4.0 (Int)","coordinateUncertaintyM":30.0,"uncertaintyUnknown":false,"observationCount":1,"geographicOutlier":false}},{"type":"Feature","id":"b8e2452709567d18","geometry":{"type":"Point","coordinates":[147.65609,-36.33948]},"properties":{"species":"Vombatus ursinus","eventDate":"2021-12-15","basisOfRecord":"OCCURRENCE","license":"CC-BY 4.0 (Int)","coordinateUncertaintyM":10.0,"uncertaintyUnknown":false,"observationCount":1,"geographicOutlier":false}},{"type":"Feature","id":"5698331ad05b7f9a","geometry":{"type":"Point","coordinates":[151.330546,-33.275203]},"properties":{"species":"Vombatus ursinus","eventDate":"2021-12-14","basisOfRecord":"HUMAN_OBSERVATION","license":"CC-BY 4.0 (Int)","coordinateUncertaintyM":30.0,"uncertaintyUnknown":false,"observationCount":1,"geographicOutlier":false}},{"type":"Feature","id":"8d93b6e42984c8a1","geometry":{"type":"Point","coordinates":[150.245628,-33.402321]},"properties":{"species":"Vombatus ursinus","eventDate":"2021-12-14","basisOfRecord":"HUMAN_OBSERVATION","license":"CC-BY 4.0 (Int)","coordinateUncertaintyM":100.0,"uncertaintyUnknown":false,"observationCount":1,"geographicOutlier":false}},{"type":"Feature","id":"b73b2d01838880e4","geometry":{"type":"Point","coordinates":[150.238562,-33.38141]},"properties":{"species":"Vombatus ursinus","eventDate":"2021-12-13","basisOfRecord":"HUMAN_OBSERVATION","license":"CC-BY 4.0 (Int)","coordinateUncertaintyM":100.0,"uncertaintyUnknown":false,"observationCount":1,"geographicOutlier":false}},{"type":"Feature","id":"4f599147ca5fb12e","geometry":{"type":"Point","coordinates":[150.861806,-34.376872]},"properties":{"species":"Vombatus ursinus","eventDate":"2021-12-11","basisOfRecord":"HUMAN_OBSERVATION","license":"CC-BY 4.0 (Int)","coordinateUncertaintyM":20.0,"uncertaintyUnknown":false,"observationCount":1,"geographicOutlier":false}},{"type":"Feature","id":"d763cdfc571e7d05","geometry":{"type":"Point","coordinates":[147.736589,-36.068969]},"properties":{"species":"Vombatus ursinus","eventDate":"2021-12-10","basisOfRecord":"MACHINE_OBSERVATION","license":"CC-BY 4.0 (Int)","coordinateUncertaintyM":null,"uncertaintyUnknown":true,"observationCount":3,"geographicOutlier":false}},{"type":"Feature","id":"203af764534c783e","geometry":{"type":"Point","coordinates":[150.218688,-33.397031]},"properties":{"species":"Vombatus ursinus","eventDate":"2021-12-08","basisOfRecord":"HUMAN_OBSERVATION","license":"CC-BY 4.0 (Int)","coordinateUncertaintyM":100.0,"uncertaintyUnknown":false,"observationCount":1,"geographicOutlier":false}},{"type":"Feature","id":"8b6570de22b0cede","geometry":{"type":"Point","coordinates":[150.211763,-33.396786]},"properties":{"species":"Vombatus ursinus","eventDate":"2021-12-08","basisOfRecord":"HUMAN_OBSERVATION","license":"CC-BY 4.0 (Int)","coordinateUncertaintyM":100.0,"uncertaintyUnknown":false,"observationCount":1,"geographicOutlier":false}},{"type":"Feature","id":"41d120c73e64926a","geometry":{"type":"Point","coordinates":[149.633053,-35.453837]},"properties":{"species":"Vombatus ursinus","eventDate":"2021-12-06","basisOfRecord":"HUMAN_OBSERVATION","license":"CC-BY 4.0 (Int)","coordinateUncertaintyM":20.0,"uncertaintyUnknown":false,"observationCount":1,"geographicOutlier":false}},{"type":"Feature","id":"65e252fc5404ea04","geometry":{"type":"Point","coordinates":[149.628586,-35.438106]},"properties":{"species":"Vombatus ursinus","eventDate":"2021-12-06","basisOfRecord":"HUMAN_OBSERVATION","license":"CC-BY 4.0 (Int)","coordinateUncertaintyM":20.0,"uncertaintyUnknown":false,"observationCount":1,"geographicOutlier":false}},{"type":"Feature","id":"4a2aa304726ccde1","geometry":{"type":"Point","coordinates":[147.801015,-35.904721]},"properties":{"species":"Vombatus ursinus","eventDate":"2021-12-06","basisOfRecord":"MACHINE_OBSERVATION","license":"CC-BY 4.0 (Int)","coordinateUncertaintyM":null,"uncertaintyUnknown":true,"observationCount":14,"geographicOutlier":false}},{"type":"Feature","id":"3f30b33578d81dc8","geometry":{"type":"Point","coordinates":[146.29581,-39.00276]},"properties":{"species":"Vombatus ursinus","eventDate":"2021-12-05","basisOfRecord":"OCCURRENCE","license":"CC-BY 4.0 (Int)","coordinateUncertaintyM":5.0,"uncertaintyUnknown":false,"observationCount":1,"geographicOutlier":false}},{"type":"Feature","id":"59aa8e4007226ee2","geometry":{"type":"Point","coordinates":[144.15152,-37.31638]},"properties":{"species":"Vombatus ursinus","eventDate":"2021-12-04","basisOfRecord":"OCCURRENCE","license":"CC-BY 4.0 (Int)","coordinateUncertaintyM":1.0,"uncertaintyUnknown":false,"observationCount":1,"geographicOutlier":false}},{"type":"Feature","id":"92fae6467166f608","geometry":{"type":"Point","coordinates":[147.58888,-35.875766]},"properties":{"species":"Vombatus ursinus","eventDate":"2021-12-03","basisOfRecord":"MACHINE_OBSERVATION","license":"CC-BY 4.0 (Int)","coordinateUncertaintyM":null,"uncertaintyUnknown":true,"observationCount":4,"geographicOutlier":false}},{"type":"Feature","id":"2931974165fe3ad7","geometry":{"type":"Point","coordinates":[150.812306,-32.507406]},"properties":{"species":"Vombatus ursinus","eventDate":"2021-12-03","basisOfRecord":"HUMAN_OBSERVATION","license":"CC-BY 4.0 (Int)","coordinateUncertaintyM":500.0,"uncertaintyUnknown":false,"observationCount":1,"geographicOutlier":false}},{"type":"Feature","id":"12c100a77e76f9d2","geometry":{"type":"Point","coordinates":[147.535757,-35.929096]},"properties":{"species":"Vombatus ursinus","eventDate":"2021-12-02","basisOfRecord":"MACHINE_OBSERVATION","license":"CC-BY 4.0 (Int)","coordinateUncertaintyM":null,"uncertaintyUnknown":true,"observationCount":5,"geographicOutlier":false}},{"type":"Feature","id":"8b94ddd078f4cffb","geometry":{"type":"Point","coordinates":[150.347009,-35.579961]},"properties":{"species":"Vombatus ursinus","eventDate":"2021-12-01","basisOfRecord":"HUMAN_OBSERVATION","license":"CC-BY 4.0 (Int)","coordinateUncertaintyM":10.0,"uncertaintyUnknown":false,"observationCount":7,"geographicOutlier":false}},{"type":"Feature","id":"d0f844fab48ac7d0","geometry":{"type":"Point","coordinates":[147.518339,-35.885427]},"properties":{"species":"Vombatus ursinus","eventDate":"2021-11-30","basisOfRecord":"MACHINE_OBSERVATION","license":"CC-BY 4.0 (Int)","coordinateUncertaintyM":null,"uncertaintyUnknown":true,"observationCount":1,"geographicOutlier":false}},{"type":"Feature","id":"7d33f421777479c5","geometry":{"type":"Point","coordinates":[150.175833,-33.332981]},"properties":{"species":"Vombatus ursinus","eventDate":"2021-11-29","basisOfRecord":"HUMAN_OBSERVATION","license":"CC-BY 4.0 (Int)","coordinateUncertaintyM":100.0,"uncertaintyUnknown":false,"observationCount":1,"geographicOutlier":false}},{"type":"Feature","id":"04cd560181fb350d","geometry":{"type":"Point","coordinates":[148.74609,-37.63309]},"properties":{"species":"Vombatus ursinus","eventDate":"2021-11-27","basisOfRecord":"OBSERVATION","license":"CC-BY 4.0 (Int)","coordinateUncertaintyM":5.0,"uncertaintyUnknown":false,"observationCount":1,"geographicOutlier":false}},{"type":"Feature","id":"380e05a8c8b3f472","geometry":{"type":"Point","coordinates":[148.13489,-35.374385]},"properties":{"species":"Vombatus ursinus","eventDate":"2021-11-26","basisOfRecord":"HUMAN_OBSERVATION","license":"CC-BY 4.0 (Int)","coordinateUncertaintyM":500.0,"uncertaintyUnknown":false,"observationCount":1,"geographicOutlier":false}},{"type":"Feature","id":"85aa97d2aa68b3ea","geometry":{"type":"Point","coordinates":[149.352607,-35.485522]},"properties":{"species":"Vombatus ursinus","eventDate":"2021-11-25","basisOfRecord":"HUMAN_OBSERVATION","license":"CC-BY 4.0 (Int)","coordinateUncertaintyM":500.0,"uncertaintyUnknown":false,"observationCount":1,"geographicOutlier":false}},{"type":"Feature","id":"f09507d39b7ca5f2","geometry":{"type":"Point","coordinates":[144.2931,-37.4334]},"properties":{"species":"Vombatus ursinus","eventDate":"2021-11-24","basisOfRecord":"OCCURRENCE","license":"CC-BY 4.0 (Int)","coordinateUncertaintyM":5.0,"uncertaintyUnknown":false,"observationCount":1,"geographicOutlier":false}},{"type":"Feature","id":"0fbf7b4000d29566","geometry":{"type":"Point","coordinates":[149.737389,-37.2282]},"properties":{"species":"Vombatus ursinus","eventDate":"2021-11-24","basisOfRecord":"HUMAN_OBSERVATION","license":"CC-BY 4.0 (Int)","coordinateUncertaintyM":10.0,"uncertaintyUnknown":false,"observationCount":1,"geographicOutlier":false}},{"type":"Feature","id":"9b784161e7b4962a","geometry":{"type":"Point","coordinates":[147.46457,-36.0289]},"properties":{"species":"Vombatus ursinus","eventDate":"2021-11-23","basisOfRecord":"OBSERVATION","license":"CC-BY 4.0 (Int)","coordinateUncertaintyM":10.0,"uncertaintyUnknown":false,"observationCount":1,"geographicOutlier":false}},{"type":"Feature","id":"96d0aac6613b4ac6","geometry":{"type":"Point","coordinates":[146.81667,-36.72288]},"properties":{"species":"Vombatus ursinus","eventDate":"2021-11-22","basisOfRecord":"OBSERVATION","license":"CC-BY 4.0 (Int)","coordinateUncertaintyM":10.0,"uncertaintyUnknown":false,"observationCount":2,"geographicOutlier":false}},{"type":"Feature","id":"95ada069ad2e785f","geometry":{"type":"Point","coordinates":[149.781234,-34.668406]},"properties":{"species":"Vombatus ursinus","eventDate":"2021-11-22","basisOfRecord":"HUMAN_OBSERVATION","license":"CC-BY 4.0 (Int)","coordinateUncertaintyM":30.0,"uncertaintyUnknown":false,"observationCount":1,"geographicOutlier":false}},{"type":"Feature","id":"452672383ac3de13","geometry":{"type":"Point","coordinates":[151.446255,-32.929602]},"properties":{"species":"Vombatus ursinus","eventDate":"2021-11-21","basisOfRecord":"HUMAN_OBSERVATION","license":"CC-BY 4.0 (Int)","coordinateUncertaintyM":30.0,"uncertaintyUnknown":false,"observationCount":1,"geographicOutlier":false}},{"type":"Feature","id":"9b816eb214698e1b","geometry":{"type":"Point","coordinates":[149.828619,-35.017213]},"properties":{"species":"Vombatus ursinus","eventDate":"2021-11-20","basisOfRecord":"HUMAN_OBSERVATION","license":"CC-BY 4.0 (Int)","coordinateUncertaintyM":500.0,"uncertaintyUnknown":false,"observationCount":1,"geographicOutlier":false}},{"type":"Feature","id":"dcdbb5598f8830d5","geometry":{"type":"Point","coordinates":[148.674841,-36.011187]},"properties":{"species":"Vombatus ursinus","eventDate":"2021-11-18","basisOfRecord":"HUMAN_OBSERVATION","license":"CC-BY 4.0 (Int)","coordinateUncertaintyM":1882.0,"uncertaintyUnknown":false,"observationCount":2,"geographicOutlier":false}},{"type":"Feature","id":"c05cbf31a09aa9fc","geometry":{"type":"Point","coordinates":[150.116947,-33.32281]},"properties":{"species":"Vombatus ursinus","eventDate":"2021-11-18","basisOfRecord":"HUMAN_OBSERVATION","license":"CC-BY 4.0 (Int)","coordinateUncertaintyM":100.0,"uncertaintyUnknown":false,"observationCount":2,"geographicOutlier":false}},{"type":"Feature","id":"29c3968cd91b6fda","geometry":{"type":"Point","coordinates":[147.93154,-37.22437]},"properties":{"species":"Vombatus ursinus","eventDate":"2021-11-18","basisOfRecord":"OCCURRENCE","license":"CC-BY 4.0 (Int)","coordinateUncertaintyM":10.0,"uncertaintyUnknown":false,"observationCount":1,"geographicOutlier":false}},{"type":"Feature","id":"f4a029c79a33cbc4","geometry":{"type":"Point","coordinates":[149.33492,-37.47336]},"properties":{"species":"Vombatus ursinus","eventDate":"2021-11-17","basisOfRecord":"OCCURRENCE","license":"CC-BY 4.0 (Int)","coordinateUncertaintyM":5.0,"uncertaintyUnknown":false,"observationCount":1,"geographicOutlier":false}},{"type":"Feature","id":"b53b8d04d9a28476","geometry":{"type":"Point","coordinates":[147.53949,-37.3202]},"properties":{"species":"Vombatus ursinus","eventDate":"2021-11-17","basisOfRecord":"OBSERVATION","license":"CC-BY 4.0 (Int)","coordinateUncertaintyM":5.0,"uncertaintyUnknown":false,"observationCount":1,"geographicOutlier":false}},{"type":"Feature","id":"3be114d1252e329a","geometry":{"type":"Point","coordinates":[146.80344,-36.72773]},"properties":{"species":"Vombatus ursinus","eventDate":"2021-11-17","basisOfRecord":"OBSERVATION","license":"CC-BY 4.0 (Int)","coordinateUncertaintyM":10.0,"uncertaintyUnknown":false,"observationCount":1,"geographicOutlier":false}},{"type":"Feature","id":"0381e3775067e11a","geometry":{"type":"Point","coordinates":[146.80232,-36.72569]},"properties":{"species":"Vombatus ursinus","eventDate":"2021-11-16","basisOfRecord":"OBSERVATION","license":"CC-BY 4.0 (Int)","coordinateUncertaintyM":10.0,"uncertaintyUnknown":false,"observationCount":1,"geographicOutlier":false}},{"type":"Feature","id":"ed26b9129ddd2947","geometry":{"type":"Point","coordinates":[147.536072,-35.924202]},"properties":{"species":"Vombatus ursinus","eventDate":"2021-11-14","basisOfRecord":"MACHINE_OBSERVATION","license":"CC-BY 4.0 (Int)","coordinateUncertaintyM":null,"uncertaintyUnknown":true,"observationCount":2,"geographicOutlier":false}},{"type":"Feature","id":"fad1726713fdec95","geometry":{"type":"Point","coordinates":[149.150148,-35.960358]},"properties":{"species":"Vombatus ursinus","eventDate":"2021-11-13","basisOfRecord":"HUMAN_OBSERVATION","license":"CC-BY 4.0 (Int)","coordinateUncertaintyM":30.0,"uncertaintyUnknown":false,"observationCount":1,"geographicOutlier":false}},{"type":"Feature","id":"ae7cf3e65f79dfee","geometry":{"type":"Point","coordinates":[149.208532,-35.382851]},"properties":{"species":"Vombatus ursinus","eventDate":"2021-11-12","basisOfRecord":"HUMAN_OBSERVATION","license":"CC-BY 4.0 (Int)","coordinateUncertaintyM":500.0,"uncertaintyUnknown":false,"observationCount":1,"geographicOutlier":false}},{"type":"Feature","id":"faf16957a4194ef9","geometry":{"type":"Point","coordinates":[148.380934,-35.111261]},"properties":{"species":"Vombatus ursinus","eventDate":"2021-11-11","basisOfRecord":"HUMAN_OBSERVATION","license":"CC-BY 4.0 (Int)","coordinateUncertaintyM":500.0,"uncertaintyUnknown":false,"observationCount":2,"geographicOutlier":false}},{"type":"Feature","id":"9f764035ca6527ed","geometry":{"type":"Point","coordinates":[149.30586,-37.48605]},"properties":{"species":"Vombatus ursinus","eventDate":"2021-11-10","basisOfRecord":"OCCURRENCE","license":"CC-BY 4.0 (Int)","coordinateUncertaintyM":5.0,"uncertaintyUnknown":false,"observationCount":1,"geographicOutlier":false}},{"type":"Feature","id":"156539cbadf82d72","geometry":{"type":"Point","coordinates":[146.1847,-37.60251]},"properties":{"species":"Vombatus ursinus","eventDate":"2021-11-09","basisOfRecord":"OBSERVATION","license":"CC-BY 4.0 (Int)","coordinateUncertaintyM":10.0,"uncertaintyUnknown":false,"observationCount":1,"geographicOutlier":false}},{"type":"Feature","id":"f0c8462def58793f","geometry":{"type":"Point","coordinates":[149.34524,-37.49138]},"properties":{"species":"Vombatus ursinus","eventDate":"2021-11-09","basisOfRecord":"OCCURRENCE","license":"CC-BY 4.0 (Int)","coordinateUncertaintyM":10.0,"uncertaintyUnknown":false,"observationCount":1,"geographicOutlier":false}},{"type":"Feature","id":"88d3e25a8e9139c0","geometry":{"type":"Point","coordinates":[149.111189,-36.242434]},"properties":{"species":"Vombatus ursinus","eventDate":"2021-11-08","basisOfRecord":"HUMAN_OBSERVATION","license":"CC-BY 4.0 (Int)","coordinateUncertaintyM":500.0,"uncertaintyUnknown":false,"observationCount":1,"geographicOutlier":false}},{"type":"Feature","id":"7c4f2d0b1e0120b1","geometry":{"type":"Point","coordinates":[146.44654,-37.04332]},"properties":{"species":"Vombatus ursinus","eventDate":"2021-11-08","basisOfRecord":"OCCURRENCE","license":"CC-BY 4.0 (Int)","coordinateUncertaintyM":5.0,"uncertaintyUnknown":false,"observationCount":1,"geographicOutlier":false}},{"type":"Feature","id":"49e5cd3dd5d87ec8","geometry":{"type":"Point","coordinates":[149.901994,-36.696921]},"properties":{"species":"Vombatus ursinus","eventDate":"2021-11-05","basisOfRecord":"HUMAN_OBSERVATION","license":"CC-BY 4.0 (Int)","coordinateUncertaintyM":500.0,"uncertaintyUnknown":false,"observationCount":1,"geographicOutlier":false}},{"type":"Feature","id":"8c6c105a7065a607","geometry":{"type":"Point","coordinates":[147.4881,-38.08701]},"properties":{"species":"Vombatus ursinus","eventDate":"2021-11-05","basisOfRecord":"OBSERVATION","license":"CC-BY 4.0 (Int)","coordinateUncertaintyM":10.0,"uncertaintyUnknown":false,"observationCount":1,"geographicOutlier":false}},{"type":"Feature","id":"727f1f6bf24824c3","geometry":{"type":"Point","coordinates":[146.10741,-37.83053]},"properties":{"species":"Vombatus ursinus","eventDate":"2021-11-04","basisOfRecord":"OBSERVATION","license":"CC-BY 4.0 (Int)","coordinateUncertaintyM":10.0,"uncertaintyUnknown":false,"observationCount":1,"geographicOutlier":false}},{"type":"Feature","id":"51c9161b26fd03cc","geometry":{"type":"Point","coordinates":[147.403864,-35.175323]},"properties":{"species":"Vombatus ursinus","eventDate":"2021-11-03","basisOfRecord":"HUMAN_OBSERVATION","license":"CC-BY 4.0 (Int)","coordinateUncertaintyM":30.0,"uncertaintyUnknown":false,"observationCount":1,"geographicOutlier":false}},{"type":"Feature","id":"86cc73b5dd2466b7","geometry":{"type":"Point","coordinates":[148.473498,-35.804801]},"properties":{"species":"Vombatus ursinus","eventDate":"2021-11-02","basisOfRecord":"HUMAN_OBSERVATION","license":"CC-BY 4.0 (Int)","coordinateUncertaintyM":10.0,"uncertaintyUnknown":false,"observationCount":1,"geographicOutlier":false}},{"type":"Feature","id":"a3962cee281bbaa5","geometry":{"type":"Point","coordinates":[149.754587,-32.429968]},"properties":{"species":"Vombatus ursinus","eventDate":"2021-11-01","basisOfRecord":"HUMAN_OBSERVATION","license":"CC-BY 4.0 (Int)","coordinateUncertaintyM":100.0,"uncertaintyUnknown":false,"observationCount":1,"geographicOutlier":false}},{"type":"Feature","id":"af1bf345f45e63c1","geometry":{"type":"Point","coordinates":[150.13807,-32.341939]},"properties":{"species":"Vombatus ursinus","eventDate":"2021-11-01","basisOfRecord":"HUMAN_OBSERVATION","license":"CC-BY 4.0 (Int)","coordinateUncertaintyM":500.0,"uncertaintyUnknown":false,"observationCount":1,"geographicOutlier":false}},{"type":"Feature","id":"0ce25bb68a4b9da8","geometry":{"type":"Point","coordinates":[149.764604,-36.986097]},"properties":{"species":"Vombatus ursinus","eventDate":"2021-10-28","basisOfRecord":"HUMAN_OBSERVATION","license":"CC-BY 4.0 (Int)","coordinateUncertaintyM":5.0,"uncertaintyUnknown":false,"observationCount":1,"geographicOutlier":false}},{"type":"Feature","id":"7ee7eade9529261f","geometry":{"type":"Point","coordinates":[149.42354,-37.54933]},"properties":{"species":"Vombatus ursinus","eventDate":"2021-10-28","basisOfRecord":"OBSERVATION","license":"CC-BY 4.0 (Int)","coordinateUncertaintyM":10.0,"uncertaintyUnknown":false,"observationCount":1,"geographicOutlier":false}},{"type":"Feature","id":"841b322cd989fa74","geometry":{"type":"Point","coordinates":[150.704294,-34.771009]},"properties":{"species":"Vombatus ursinus","eventDate":"2021-10-28","basisOfRecord":"HUMAN_OBSERVATION","license":"CC-BY 4.0 (Int)","coordinateUncertaintyM":500.0,"uncertaintyUnknown":false,"observationCount":1,"geographicOutlier":false}},{"type":"Feature","id":"9cd751bf9f2983dd","geometry":{"type":"Point","coordinates":[147.41892,-37.65252]},"properties":{"species":"Vombatus ursinus","eventDate":"2021-10-28","basisOfRecord":"OCCURRENCE","license":"CC-BY 4.0 (Int)","coordinateUncertaintyM":10.0,"uncertaintyUnknown":false,"observationCount":1,"geographicOutlier":false}},{"type":"Feature","id":"13f1be1ba11e9c68","geometry":{"type":"Point","coordinates":[147.42175,-37.64869]},"properties":{"species":"Vombatus ursinus","eventDate":"2021-10-28","basisOfRecord":"OCCURRENCE","license":"CC-BY 4.0 (Int)","coordinateUncertaintyM":10.0,"uncertaintyUnknown":false,"observationCount":1,"geographicOutlier":false}},{"type":"Feature","id":"e02ac31dc0b928b4","geometry":{"type":"Point","coordinates":[147.41955,-37.65028]},"properties":{"species":"Vombatus ursinus","eventDate":"2021-10-28","basisOfRecord":"OCCURRENCE","license":"CC-BY 4.0 (Int)","coordinateUncertaintyM":10.0,"uncertaintyUnknown":false,"observationCount":1,"geographicOutlier":false}},{"type":"Feature","id":"52b3269c916c6238","geometry":{"type":"Point","coordinates":[149.32768,-37.59064]},"properties":{"species":"Vombatus ursinus","eventDate":"2021-10-27","basisOfRecord":"OBSERVATION","license":"CC-BY 4.0 (Int)","coordinateUncertaintyM":10.0,"uncertaintyUnknown":false,"observationCount":1,"geographicOutlier":false}},{"type":"Feature","id":"06bd16baab6c22ff","geometry":{"type":"Point","coordinates":[149.31417,-37.67283]},"properties":{"species":"Vombatus ursinus","eventDate":"2021-10-27","basisOfRecord":"OBSERVATION","license":"CC-BY 4.0 (Int)","coordinateUncertaintyM":10.0,"uncertaintyUnknown":false,"observationCount":1,"geographicOutlier":false}},{"type":"Feature","id":"361ef83aaf21bead","geometry":{"type":"Point","coordinates":[147.09199,-36.85566]},"properties":{"species":"Vombatus ursinus","eventDate":"2021-10-27","basisOfRecord":"OCCURRENCE","license":"CC-BY 4.0 (Int)","coordinateUncertaintyM":10.0,"uncertaintyUnknown":false,"observationCount":2,"geographicOutlier":false}},{"type":"Feature","id":"f9498c8d66bfa112","geometry":{"type":"Point","coordinates":[146.74349,-37.07773]},"properties":{"species":"Vombatus ursinus","eventDate":"2021-10-27","basisOfRecord":"OCCURRENCE","license":"CC-BY 4.0 (Int)","coordinateUncertaintyM":10.0,"uncertaintyUnknown":false,"observationCount":2,"geographicOutlier":false}},{"type":"Feature","id":"1d175f9ef695b104","geometry":{"type":"Point","coordinates":[149.2805,-37.64493]},"properties":{"species":"Vombatus ursinus","eventDate":"2021-10-27","basisOfRecord":"OBSERVATION","license":"CC-BY 4.0 (Int)","coordinateUncertaintyM":10.0,"uncertaintyUnknown":false,"observationCount":1,"geographicOutlier":false}},{"type":"Feature","id":"23cfb82683dd9d83","geometry":{"type":"Point","coordinates":[147.13711,-37.53351]},"properties":{"species":"Vombatus ursinus","eventDate":"2021-10-27","basisOfRecord":"OBSERVATION","license":"CC-BY 4.0 (Int)","coordinateUncertaintyM":10.0,"uncertaintyUnknown":false,"observationCount":1,"geographicOutlier":false}},{"type":"Feature","id":"be81dd54bddda1ea","geometry":{"type":"Point","coordinates":[150.765474,-34.73971]},"properties":{"species":"Vombatus ursinus","eventDate":"2021-10-26","basisOfRecord":"HUMAN_OBSERVATION","license":"CC-BY 4.0 (Int)","coordinateUncertaintyM":500.0,"uncertaintyUnknown":false,"observationCount":1,"geographicOutlier":false}},{"type":"Feature","id":"3f63472fca504a57","geometry":{"type":"Point","coordinates":[144.35308,-37.4149]},"properties":{"species":"Vombatus ursinus","eventDate":"2021-10-25","basisOfRecord":"OCCURRENCE","license":"CC-BY 4.0 (Int)","coordinateUncertaintyM":5.0,"uncertaintyUnknown":false,"observationCount":1,"geographicOutlier":false}},{"type":"Feature","id":"fe7ecb308bee5243","geometry":{"type":"Point","coordinates":[146.85059,-36.78526]},"properties":{"species":"Vombatus ursinus","eventDate":"2021-10-25","basisOfRecord":"OBSERVATION","license":"CC-BY 4.0 (Int)","coordinateUncertaintyM":10.0,"uncertaintyUnknown":false,"observationCount":1,"geographicOutlier":false}},{"type":"Feature","id":"3cc64af22b8c8e33","geometry":{"type":"Point","coordinates":[148.2013,-37.65992]},"properties":{"species":"Vombatus ursinus","eventDate":"2021-10-25","basisOfRecord":"OBSERVATION","license":"CC-BY 4.0 (Int)","coordinateUncertaintyM":10.0,"uncertaintyUnknown":false,"observationCount":1,"geographicOutlier":false}},{"type":"Feature","id":"4f8d6dc4961b1103","geometry":{"type":"Point","coordinates":[148.17899,-37.76038]},"properties":{"species":"Vombatus ursinus","eventDate":"2021-10-22","basisOfRecord":"OCCURRENCE","license":"CC-BY 4.0 (Int)","coordinateUncertaintyM":10.0,"uncertaintyUnknown":false,"observationCount":1,"geographicOutlier":false}},{"type":"Feature","id":"d354acea2a8401e3","geometry":{"type":"Point","coordinates":[148.12738,-37.76333]},"properties":{"species":"Vombatus ursinus","eventDate":"2021-10-22","basisOfRecord":"OCCURRENCE","license":"CC-BY 4.0 (Int)","coordinateUncertaintyM":10.0,"uncertaintyUnknown":false,"observationCount":1,"geographicOutlier":false}},{"type":"Feature","id":"cc9149462fb0eea0","geometry":{"type":"Point","coordinates":[149.20968,-35.434262]},"properties":{"species":"Vombatus ursinus","eventDate":"2021-10-21","basisOfRecord":"HUMAN_OBSERVATION","license":"CC-BY 4.0 (Int)","coordinateUncertaintyM":30.0,"uncertaintyUnknown":false,"observationCount":1,"geographicOutlier":false}},{"type":"Feature","id":"2f19f8958450e2f5","geometry":{"type":"Point","coordinates":[148.08294,-37.78535]},"properties":{"species":"Vombatus ursinus","eventDate":"2021-10-21","basisOfRecord":"OCCURRENCE","license":"CC-BY 4.0 (Int)","coordinateUncertaintyM":10.0,"uncertaintyUnknown":false,"observationCount":1,"geographicOutlier":false}},{"type":"Feature","id":"4f58381bd3d35308","geometry":{"type":"Point","coordinates":[148.0725,-36.8857]},"properties":{"species":"Vombatus ursinus","eventDate":"2021-10-20","basisOfRecord":"OCCURRENCE","license":"CC-BY 4.0 (Int)","coordinateUncertaintyM":5.0,"uncertaintyUnknown":false,"observationCount":1,"geographicOutlier":false}},{"type":"Feature","id":"34de7761375845e2","geometry":{"type":"Point","coordinates":[145.81143,-37.75904]},"properties":{"species":"Vombatus ursinus","eventDate":"2021-10-20","basisOfRecord":"OCCURRENCE","license":"CC-BY 4.0 (Int)","coordinateUncertaintyM":10.0,"uncertaintyUnknown":false,"observationCount":1,"geographicOutlier":false}},{"type":"Feature","id":"a18800668b7b47e1","geometry":{"type":"Point","coordinates":[148.18859,-37.81865]},"properties":{"species":"Vombatus ursinus","eventDate":"2021-10-19","basisOfRecord":"OCCURRENCE","license":"CC-BY 4.0 (Int)","coordinateUncertaintyM":10.0,"uncertaintyUnknown":false,"observationCount":1,"geographicOutlier":false}},{"type":"Feature","id":"244da460d5e75a67","geometry":{"type":"Point","coordinates":[148.05017,-37.86606]},"properties":{"species":"Vombatus ursinus","eventDate":"2021-10-18","basisOfRecord":"OCCURRENCE","license":"CC-BY 4.0 (Int)","coordinateUncertaintyM":10.0,"uncertaintyUnknown":false,"observationCount":1,"geographicOutlier":false}},{"type":"Feature","id":"26c2f045cb4e14bc","geometry":{"type":"Point","coordinates":[150.764865,-34.623122]},"properties":{"species":"Vombatus ursinus","eventDate":"2021-10-18","basisOfRecord":"HUMAN_OBSERVATION","license":"CC-BY 4.0 (Int)","coordinateUncertaintyM":1834.0,"uncertaintyUnknown":false,"observationCount":2,"geographicOutlier":false}},{"type":"Feature","id":"183ad4c329102301","geometry":{"type":"Point","coordinates":[150.29139,-35.606]},"properties":{"species":"Vombatus ursinus","eventDate":"2021-10-17","basisOfRecord":"HUMAN_OBSERVATION","license":"CC-BY 4.0 (Int)","coordinateUncertaintyM":10.0,"uncertaintyUnknown":false,"observationCount":11,"geographicOutlier":false}},{"type":"Feature","id":"44bd888a26c37001","geometry":{"type":"Point","coordinates":[148.6936,-37.49714]},"properties":{"species":"Vombatus ursinus","eventDate":"2021-10-15","basisOfRecord":"OCCURRENCE","license":"CC-BY 4.0 (Int)","coordinateUncertaintyM":10.0,"uncertaintyUnknown":false,"observationCount":1,"geographicOutlier":false}},{"type":"Feature","id":"a7cca8242169cf67","geometry":{"type":"Point","coordinates":[148.88373,-37.58042]},"properties":{"species":"Vombatus ursinus","eventDate":"2021-10-14","basisOfRecord":"OCCURRENCE","license":"CC-BY 4.0 (Int)","coordinateUncertaintyM":5.0,"uncertaintyUnknown":false,"observationCount":1,"geographicOutlier":false}},{"type":"Feature","id":"c20f5b0ade2d592f","geometry":{"type":"Point","coordinates":[149.746756,-37.011122]},"properties":{"species":"Vombatus ursinus","eventDate":"2021-10-14","basisOfRecord":"HUMAN_OBSERVATION","license":"CC-BY 4.0 (Int)","coordinateUncertaintyM":7.0,"uncertaintyUnknown":false,"observationCount":1,"geographicOutlier":false}},{"type":"Feature","id":"dbe79e266009e6bb","geometry":{"type":"Point","coordinates":[149.50483,-37.36675]},"properties":{"species":"Vombatus ursinus","eventDate":"2021-10-14","basisOfRecord":"OCCURRENCE","license":"CC-BY 4.0 (Int)","coordinateUncertaintyM":10.0,"uncertaintyUnknown":false,"observationCount":1,"geographicOutlier":false}},{"type":"Feature","id":"ddcdfea0a391bbf8","geometry":{"type":"Point","coordinates":[149.51568,-37.40642]},"properties":{"species":"Vombatus ursinus","eventDate":"2021-10-13","basisOfRecord":"OCCURRENCE","license":"CC-BY 4.0 (Int)","coordinateUncertaintyM":10.0,"uncertaintyUnknown":false,"observationCount":1,"geographicOutlier":false}},{"type":"Feature","id":"99115bd1b03610ff","geometry":{"type":"Point","coordinates":[149.52115,-37.41293]},"properties":{"species":"Vombatus ursinus","eventDate":"2021-10-13","basisOfRecord":"OCCURRENCE","license":"CC-BY 4.0 (Int)","coordinateUncertaintyM":10.0,"uncertaintyUnknown":false,"observationCount":1,"geographicOutlier":false}},{"type":"Feature","id":"6a3de048584dbea3","geometry":{"type":"Point","coordinates":[149.52891,-37.34767]},"properties":{"species":"Vombatus ursinus","eventDate":"2021-10-13","basisOfRecord":"OCCURRENCE","license":"CC-BY 4.0 (Int)","coordinateUncertaintyM":10.0,"uncertaintyUnknown":false,"observationCount":1,"geographicOutlier":false}},{"type":"Feature","id":"a153e5f9fe14fc7a","geometry":{"type":"Point","coordinates":[149.64776,-37.39745]},"properties":{"species":"Vombatus ursinus","eventDate":"2021-10-12","basisOfRecord":"OCCURRENCE","license":"CC-BY 4.0 (Int)","coordinateUncertaintyM":10.0,"uncertaintyUnknown":false,"observationCount":1,"geographicOutlier":false}},{"type":"Feature","id":"d188eadfbb3534d0","geometry":{"type":"Point","coordinates":[149.58525,-37.45265]},"properties":{"species":"Vombatus ursinus","eventDate":"2021-10-12","basisOfRecord":"OCCURRENCE","license":"CC-BY 4.0 (Int)","coordinateUncertaintyM":10.0,"uncertaintyUnknown":false,"observationCount":1,"geographicOutlier":false}},{"type":"Feature","id":"bbeed5872d5d38d4","geometry":{"type":"Point","coordinates":[149.30893,-37.4824]},"properties":{"species":"Vombatus ursinus","eventDate":"2021-10-12","basisOfRecord":"OCCURRENCE","license":"CC-BY 4.0 (Int)","coordinateUncertaintyM":5.0,"uncertaintyUnknown":false,"observationCount":1,"geographicOutlier":false}},{"type":"Feature","id":"af424194b0a7bdeb","geometry":{"type":"Point","coordinates":[149.31403,-37.4849]},"properties":{"species":"Vombatus ursinus","eventDate":"2021-10-12","basisOfRecord":"OCCURRENCE","license":"CC-BY 4.0 (Int)","coordinateUncertaintyM":5.0,"uncertaintyUnknown":false,"observationCount":1,"geographicOutlier":false}},{"type":"Feature","id":"bb9e56d23f4d8351","geometry":{"type":"Point","coordinates":[147.975498,-35.282324]},"properties":{"species":"Vombatus ursinus","eventDate":"2021-10-11","basisOfRecord":"HUMAN_OBSERVATION","license":"CC-BY 4.0 (Int)","coordinateUncertaintyM":500.0,"uncertaintyUnknown":false,"observationCount":1,"geographicOutlier":false}},{"type":"Feature","id":"74cd6839f2be4e28","geometry":{"type":"Point","coordinates":[149.32613,-37.47506]},"properties":{"species":"Vombatus ursinus","eventDate":"2021-10-11","basisOfRecord":"OCCURRENCE","license":"CC-BY 4.0 (Int)","coordinateUncertaintyM":10.0,"uncertaintyUnknown":false,"observationCount":1,"geographicOutlier":false}},{"type":"Feature","id":"04969fbd168a7a5b","geometry":{"type":"Point","coordinates":[150.404074,-33.495652]},"properties":{"species":"Vombatus ursinus","eventDate":"2021-10-09","basisOfRecord":"HUMAN_OBSERVATION","license":"CC-BY 4.0 (Int)","coordinateUncertaintyM":5.0,"uncertaintyUnknown":false,"observationCount":1,"geographicOutlier":false}},{"type":"Feature","id":"b7e6d4bef3ec48ad","geometry":{"type":"Point","coordinates":[150.603462,-34.185669]},"properties":{"species":"Vombatus ursinus","eventDate":"2021-10-08","basisOfRecord":"HUMAN_OBSERVATION","license":"CC-BY 4.0 (Int)","coordinateUncertaintyM":30.0,"uncertaintyUnknown":false,"observationCount":1,"geographicOutlier":false}},{"type":"Feature","id":"544091cadeb90cf8","geometry":{"type":"Point","coordinates":[145.3647,-37.8338]},"properties":{"species":"Vombatus ursinus","eventDate":"2021-10-07","basisOfRecord":"OCCURRENCE","license":"CC-BY 4.0 (Int)","coordinateUncertaintyM":5.0,"uncertaintyUnknown":false,"observationCount":1,"geographicOutlier":false}},{"type":"Feature","id":"37c1100509b367db","geometry":{"type":"Point","coordinates":[148.950795,-36.458403]},"properties":{"species":"Vombatus ursinus","eventDate":"2021-10-06","basisOfRecord":"HUMAN_OBSERVATION","license":"CC-BY 4.0 (Int)","coordinateUncertaintyM":500.0,"uncertaintyUnknown":false,"observationCount":1,"geographicOutlier":false}},{"type":"Feature","id":"0d32cc2a511b02d4","geometry":{"type":"Point","coordinates":[149.118702,-33.306575]},"properties":{"species":"Vombatus ursinus","eventDate":"2021-10-05","basisOfRecord":"HUMAN_OBSERVATION","license":"CC-BY 4.0 (Int)","coordinateUncertaintyM":30.0,"uncertaintyUnknown":false,"observationCount":1,"geographicOutlier":false}},{"type":"Feature","id":"6aeeaa4f50478168","geometry":{"type":"Point","coordinates":[145.83961,-37.90279]},"properties":{"species":"Vombatus ursinus","eventDate":"2021-10-04","basisOfRecord":"OBSERVATION","license":"CC-BY 4.0 (Int)","coordinateUncertaintyM":10.0,"uncertaintyUnknown":false,"observationCount":1,"geographicOutlier":false}},{"type":"Feature","id":"c66e52f43712b8cb","geometry":{"type":"Point","coordinates":[150.008286,-34.809988]},"properties":{"species":"Vombatus ursinus","eventDate":"2021-10-03","basisOfRecord":"HUMAN_OBSERVATION","license":"CC-BY 4.0 (Int)","coordinateUncertaintyM":30.0,"uncertaintyUnknown":false,"observationCount":1,"geographicOutlier":false}},{"type":"Feature","id":"2ef3729f00d10af5","geometry":{"type":"Point","coordinates":[144.3719,-37.4937]},"properties":{"species":"Vombatus ursinus","eventDate":"2021-10-01","basisOfRecord":"OCCURRENCE","license":"CC-BY 4.0 (Int)","coordinateUncertaintyM":100.0,"uncertaintyUnknown":false,"observationCount":1,"geographicOutlier":false}},{"type":"Feature","id":"89291aba8da2030c","geometry":{"type":"Point","coordinates":[150.21478,-33.733367]},"properties":{"species":"Vombatus ursinus","eventDate":"2021-10-01","basisOfRecord":"HUMAN_OBSERVATION","license":"CC-BY 4.0 (Int)","coordinateUncertaintyM":500.0,"uncertaintyUnknown":false,"observationCount":1,"geographicOutlier":false}},{"type":"Feature","id":"ac51e22fd57a837b","geometry":{"type":"Point","coordinates":[149.896516,-36.636701]},"properties":{"species":"Vombatus ursinus","eventDate":"2021-09-29","basisOfRecord":"HUMAN_OBSERVATION","license":"CC-BY 4.0 (Int)","coordinateUncertaintyM":30.0,"uncertaintyUnknown":false,"observationCount":1,"geographicOutlier":false}},{"type":"Feature","id":"e0b73dc358829d92","geometry":{"type":"Point","coordinates":[145.3759,-37.81818]},"properties":{"species":"Vombatus ursinus","eventDate":"2021-09-28","basisOfRecord":"OCCURRENCE","license":"CC-BY 4.0 (Int)","coordinateUncertaintyM":5.0,"uncertaintyUnknown":false,"observationCount":1,"geographicOutlier":false}},{"type":"Feature","id":"44e687e4aa99d265","geometry":{"type":"Point","coordinates":[150.890458,-33.425556]},"properties":{"species":"Vombatus ursinus","eventDate":"2021-09-27","basisOfRecord":"HUMAN_OBSERVATION","license":"CC-BY 4.0 (Int)","coordinateUncertaintyM":30.0,"uncertaintyUnknown":false,"observationCount":1,"geographicOutlier":false}},{"type":"Feature","id":"00b392aa7a5d78e2","geometry":{"type":"Point","coordinates":[150.584462,-34.027949]},"properties":{"species":"Vombatus ursinus","eventDate":"2021-09-26","basisOfRecord":"HUMAN_OBSERVATION","license":"CC-BY 4.0 (Int)","coordinateUncertaintyM":30.0,"uncertaintyUnknown":false,"observationCount":1,"geographicOutlier":false}},{"type":"Feature","id":"e9d061feb1d23277","geometry":{"type":"Point","coordinates":[150.513422,-35.086104]},"properties":{"species":"Vombatus ursinus","eventDate":"2021-09-23","basisOfRecord":"HUMAN_OBSERVATION","license":"CC-BY 4.0 (Int)","coordinateUncertaintyM":30.0,"uncertaintyUnknown":false,"observationCount":1,"geographicOutlier":false}},{"type":"Feature","id":"7cae3472ba174217","geometry":{"type":"Point","coordinates":[149.868218,-33.816881]},"properties":{"species":"Vombatus ursinus","eventDate":"2021-09-23","basisOfRecord":"HUMAN_OBSERVATION","license":"CC-BY 4.0 (Int)","coordinateUncertaintyM":500.0,"uncertaintyUnknown":false,"observationCount":1,"geographicOutlier":false}},{"type":"Feature","id":"9587bf0333020b17","geometry":{"type":"Point","coordinates":[151.377387,-33.255849]},"properties":{"species":"Vombatus ursinus","eventDate":"2021-09-22","basisOfRecord":"HUMAN_OBSERVATION","license":"CC-BY 4.0 (Int)","coordinateUncertaintyM":30.0,"uncertaintyUnknown":false,"observationCount":1,"geographicOutlier":false}},{"type":"Feature","id":"dcdeb4bcf08ba8ba","geometry":{"type":"Point","coordinates":[151.282987,-32.775454]},"properties":{"species":"Vombatus ursinus","eventDate":"2021-09-22","basisOfRecord":"HUMAN_OBSERVATION","license":"CC-BY 4.0 (Int)","coordinateUncertaintyM":30.0,"uncertaintyUnknown":false,"observationCount":1,"geographicOutlier":false}},{"type":"Feature","id":"c8f9c764c35409aa","geometry":{"type":"Point","coordinates":[151.474259,-32.797903]},"properties":{"species":"Vombatus ursinus","eventDate":"2021-09-21","basisOfRecord":"HUMAN_OBSERVATION","license":"CC-BY 4.0 (Int)","coordinateUncertaintyM":500.0,"uncertaintyUnknown":false,"observationCount":1,"geographicOutlier":false}},{"type":"Feature","id":"9a67e0a5bd6a2f68","geometry":{"type":"Point","coordinates":[150.822815,-32.379795]},"properties":{"species":"Vombatus ursinus","eventDate":"2021-09-20","basisOfRecord":"HUMAN_OBSERVATION","license":"CC-BY 4.0 (Int)","coordinateUncertaintyM":16.0,"uncertaintyUnknown":false,"observationCount":1,"geographicOutlier":false}},{"type":"Feature","id":"9504fcfed2f4a62f","geometry":{"type":"Point","coordinates":[150.524723,-34.593079]},"properties":{"species":"Vombatus ursinus","eventDate":"2021-09-16","basisOfRecord":"HUMAN_OBSERVATION","license":"CC-BY 4.0 (Int)","coordinateUncertaintyM":500.0,"uncertaintyUnknown":false,"observationCount":1,"geographicOutlier":false}},{"type":"Feature","id":"c2fbef98a5db36be","geometry":{"type":"Point","coordinates":[148.54538,-37.6844]},"properties":{"species":"Vombatus ursinus","eventDate":"2021-09-16","basisOfRecord":"OCCURRENCE","license":"CC-BY 4.0 (Int)","coordinateUncertaintyM":5.0,"uncertaintyUnknown":false,"observationCount":1,"geographicOutlier":false}},{"type":"Feature","id":"742eaddce94a55ec","geometry":{"type":"Point","coordinates":[149.863921,-32.545224]},"properties":{"species":"Vombatus ursinus","eventDate":"2021-09-15","basisOfRecord":"HUMAN_OBSERVATION","license":"CC-BY 4.0 (Int)","coordinateUncertaintyM":500.0,"uncertaintyUnknown":false,"observationCount":1,"geographicOutlier":false}},{"type":"Feature","id":"dd33fc60f03900ee","geometry":{"type":"Point","coordinates":[149.353243,-35.390113]},"properties":{"species":"Vombatus ursinus","eventDate":"2021-09-14","basisOfRecord":"HUMAN_OBSERVATION","license":"CC-BY 4.0 (Int)","coordinateUncertaintyM":500.0,"uncertaintyUnknown":false,"observationCount":1,"geographicOutlier":false}},{"type":"Feature","id":"f22d1aab56ac8b70","geometry":{"type":"Point","coordinates":[150.599044,-34.585754]},"properties":{"species":"Vombatus ursinus","eventDate":"2021-09-13","basisOfRecord":"HUMAN_OBSERVATION","license":"CC-BY 4.0 (Int)","coordinateUncertaintyM":30.0,"uncertaintyUnknown":false,"observationCount":1,"geographicOutlier":false}},{"type":"Feature","id":"41addae1bc031b48","geometry":{"type":"Point","coordinates":[149.119312,-36.197988]},"properties":{"species":"Vombatus ursinus","eventDate":"2021-09-12","basisOfRecord":"HUMAN_OBSERVATION","license":"CC-BY 4.0 (Int)","coordinateUncertaintyM":30.0,"uncertaintyUnknown":false,"observationCount":1,"geographicOutlier":false}},{"type":"Feature","id":"718dd49f1978fe26","geometry":{"type":"Point","coordinates":[150.805765,-34.692654]},"properties":{"species":"Vombatus ursinus","eventDate":"2021-09-10","basisOfRecord":"HUMAN_OBSERVATION","license":"CC-BY 4.0 (Int)","coordinateUncertaintyM":30.0,"uncertaintyUnknown":false,"observationCount":1,"geographicOutlier":false}},{"type":"Feature","id":"d7435cebefc8efa4","geometry":{"type":"Point","coordinates":[149.10616,-37.45736]},"properties":{"species":"Vombatus ursinus","eventDate":"2021-09-10","basisOfRecord":"OCCURRENCE","license":"CC-BY 4.0 (Int)","coordinateUncertaintyM":10.0,"uncertaintyUnknown":false,"observationCount":2,"geographicOutlier":false}},{"type":"Feature","id":"33300fcb41ef8126","geometry":{"type":"Point","coordinates":[150.463994,-33.528589]},"properties":{"species":"Vombatus ursinus","eventDate":"2021-09-10","basisOfRecord":"HUMAN_OBSERVATION","license":"CC-BY 4.0 (Int)","coordinateUncertaintyM":500.0,"uncertaintyUnknown":false,"observationCount":2,"geographicOutlier":false}},{"type":"Feature","id":"0b277b2c26828407","geometry":{"type":"Point","coordinates":[149.69425,-37.51534]},"properties":{"species":"Vombatus ursinus","eventDate":"2021-09-09","basisOfRecord":"OCCURRENCE","license":"CC-BY 4.0 (Int)","coordinateUncertaintyM":10.0,"uncertaintyUnknown":false,"observationCount":1,"geographicOutlier":false}},{"type":"Feature","id":"634118dfde3ddd4c","geometry":{"type":"Point","coordinates":[149.67237,-37.61849]},"properties":{"species":"Vombatus ursinus","eventDate":"2021-09-09","basisOfRecord":"OCCURRENCE","license":"CC-BY 4.0 (Int)","coordinateUncertaintyM":10.0,"uncertaintyUnknown":false,"observationCount":2,"geographicOutlier":false}},{"type":"Feature","id":"6a5805b1b5ad52c7","geometry":{"type":"Point","coordinates":[150.256521,-33.596737]},"properties":{"species":"Vombatus ursinus","eventDate":"2021-09-09","basisOfRecord":"HUMAN_OBSERVATION","license":"CC-BY 4.0 (Int)","coordinateUncertaintyM":30.0,"uncertaintyUnknown":false,"observationCount":1,"geographicOutlier":false}},{"type":"Feature","id":"ef29cd35f6e929e2","geometry":{"type":"Point","coordinates":[149.15914,-37.32044]},"properties":{"species":"Vombatus ursinus","eventDate":"2021-09-09","basisOfRecord":"OCCURRENCE","license":"CC-BY 4.0 (Int)","coordinateUncertaintyM":10.0,"uncertaintyUnknown":false,"observationCount":2,"geographicOutlier":false}},{"type":"Feature","id":"a134436a1ca77bd5","geometry":{"type":"Point","coordinates":[149.31968,-37.6143]},"properties":{"species":"Vombatus ursinus","eventDate":"2021-09-09","basisOfRecord":"OCCURRENCE","license":"CC-BY 4.0 (Int)","coordinateUncertaintyM":10.0,"uncertaintyUnknown":false,"observationCount":1,"geographicOutlier":false}},{"type":"Feature","id":"a7d143fcd98a78d9","geometry":{"type":"Point","coordinates":[149.35878,-37.43615]},"properties":{"species":"Vombatus ursinus","eventDate":"2021-09-09","basisOfRecord":"OCCURRENCE","license":"CC-BY 4.0 (Int)","coordinateUncertaintyM":5.0,"uncertaintyUnknown":false,"observationCount":1,"geographicOutlier":false}},{"type":"Feature","id":"b3a4eca19548feed","geometry":{"type":"Point","coordinates":[147.2614,-38.2533]},"properties":{"species":"Vombatus ursinus","eventDate":"2021-09-08","basisOfRecord":"OBSERVATION","license":"CC-BY 4.0 (Int)","coordinateUncertaintyM":10.0,"uncertaintyUnknown":false,"observationCount":1,"geographicOutlier":false}},{"type":"Feature","id":"8748aa6743d73678","geometry":{"type":"Point","coordinates":[147.2702,-38.2676]},"properties":{"species":"Vombatus ursinus","eventDate":"2021-09-08","basisOfRecord":"OBSERVATION","license":"CC-BY 4.0 (Int)","coordinateUncertaintyM":10.0,"uncertaintyUnknown":false,"observationCount":1,"geographicOutlier":false}},{"type":"Feature","id":"67db5f13eb252a60","geometry":{"type":"Point","coordinates":[150.198564,-33.428583]},"properties":{"species":"Vombatus ursinus","eventDate":"2021-09-07","basisOfRecord":"HUMAN_OBSERVATION","license":"CC-BY 4.0 (Int)","coordinateUncertaintyM":100.0,"uncertaintyUnknown":false,"observationCount":1,"geographicOutlier":false}},{"type":"Feature","id":"e7cd8df1d6448b4b","geometry":{"type":"Point","coordinates":[147.2645,-38.2205]},"properties":{"species":"Vombatus ursinus","eventDate":"2021-09-07","basisOfRecord":"OBSERVATION","license":"CC-BY 4.0 (Int)","coordinateUncertaintyM":10.0,"uncertaintyUnknown":false,"observationCount":1,"geographicOutlier":false}},{"type":"Feature","id":"704d429baee34e0c","geometry":{"type":"Point","coordinates":[145.53885,-37.65026]},"properties":{"species":"Vombatus ursinus","eventDate":"2021-09-06","basisOfRecord":"OCCURRENCE","license":"CC-BY 4.0 (Int)","coordinateUncertaintyM":5.0,"uncertaintyUnknown":false,"observationCount":1,"geographicOutlier":false}},{"type":"Feature","id":"a56b8c0ebb76ee26","geometry":{"type":"Point","coordinates":[150.729284,-33.458993]},"properties":{"species":"Vombatus ursinus","eventDate":"2021-09-05","basisOfRecord":"HUMAN_OBSERVATION","license":"CC-BY 4.0 (Int)","coordinateUncertaintyM":30.0,"uncertaintyUnknown":false,"observationCount":1,"geographicOutlier":false}},{"type":"Feature","id":"9c0a7f0ddadd9bed","geometry":{"type":"Point","coordinates":[148.79696,-37.27862]},"properties":{"species":"Vombatus ursinus","eventDate":"2021-09-04","basisOfRecord":"OCCURRENCE","license":"CC-BY 4.0 (Int)","coordinateUncertaintyM":10.0,"uncertaintyUnknown":false,"observationCount":2,"geographicOutlier":false}},{"type":"Feature","id":"5a0edd98341b4ea9","geometry":{"type":"Point","coordinates":[150.396648,-34.578983]},"properties":{"species":"Vombatus ursinus","eventDate":"2021-09-03","basisOfRecord":"HUMAN_OBSERVATION","license":"CC-BY 4.0 (Int)","coordinateUncertaintyM":30.0,"uncertaintyUnknown":false,"observationCount":1,"geographicOutlier":false}},{"type":"Feature","id":"747c31463b6b66c2","geometry":{"type":"Point","coordinates":[148.90367,-37.44271]},"properties":{"species":"Vombatus ursinus","eventDate":"2021-09-03","basisOfRecord":"OCCURRENCE","license":"CC-BY 4.0 (Int)","coordinateUncertaintyM":10.0,"uncertaintyUnknown":false,"observationCount":1,"geographicOutlier":false}},{"type":"Feature","id":"2351eac8a6d25456","geometry":{"type":"Point","coordinates":[149.11396,-37.53862]},"properties":{"species":"Vombatus ursinus","eventDate":"2021-09-03","basisOfRecord":"OCCURRENCE","license":"CC-BY 4.0 (Int)","coordinateUncertaintyM":10.0,"uncertaintyUnknown":false,"observationCount":2,"geographicOutlier":false}},{"type":"Feature","id":"52ae11ee6125cba7","geometry":{"type":"Point","coordinates":[151.152598,-32.928719]},"properties":{"species":"Vombatus ursinus","eventDate":"2021-09-02","basisOfRecord":"HUMAN_OBSERVATION","license":"CC-BY 4.0 (Int)","coordinateUncertaintyM":30.0,"uncertaintyUnknown":false,"observationCount":1,"geographicOutlier":false}},{"type":"Feature","id":"f11389631dbee77f","geometry":{"type":"Point","coordinates":[148.397715,-35.243944]},"properties":{"species":"Vombatus ursinus","eventDate":"2021-09-02","basisOfRecord":"HUMAN_OBSERVATION","license":"CC-BY 4.0 (Int)","coordinateUncertaintyM":500.0,"uncertaintyUnknown":false,"observationCount":1,"geographicOutlier":false}},{"type":"Feature","id":"14cde32caea2e97e","geometry":{"type":"Point","coordinates":[148.92402,-37.1953]},"properties":{"species":"Vombatus ursinus","eventDate":"2021-09-02","basisOfRecord":"OBSERVATION","license":"CC-BY 4.0 (Int)","coordinateUncertaintyM":10.0,"uncertaintyUnknown":false,"observationCount":1,"geographicOutlier":false}},{"type":"Feature","id":"9e632a0a789b70dd","geometry":{"type":"Point","coordinates":[148.27051,-37.61682]},"properties":{"species":"Vombatus ursinus","eventDate":"2021-09-01","basisOfRecord":"OCCURRENCE","license":"CC-BY 4.0 (Int)","coordinateUncertaintyM":10.0,"uncertaintyUnknown":false,"observationCount":1,"geographicOutlier":false}},{"type":"Feature","id":"cbabebaa726748e4","geometry":{"type":"Point","coordinates":[148.35248,-37.60765]},"properties":{"species":"Vombatus ursinus","eventDate":"2021-09-01","basisOfRecord":"OCCURRENCE","license":"CC-BY 4.0 (Int)","coordinateUncertaintyM":10.0,"uncertaintyUnknown":false,"observationCount":1,"geographicOutlier":false}},{"type":"Feature","id":"eeb5fdec5aa00a5b","geometry":{"type":"Point","coordinates":[148.31742,-37.56686]},"properties":{"species":"Vombatus ursinus","eventDate":"2021-09-01","basisOfRecord":"OCCURRENCE","license":"CC-BY 4.0 (Int)","coordinateUncertaintyM":10.0,"uncertaintyUnknown":false,"observationCount":2,"geographicOutlier":false}},{"type":"Feature","id":"4eadb03889b856f8","geometry":{"type":"Point","coordinates":[148.62403,-37.36179]},"properties":{"species":"Vombatus ursinus","eventDate":"2021-09-01","basisOfRecord":"OCCURRENCE","license":"CC-BY 4.0 (Int)","coordinateUncertaintyM":10.0,"uncertaintyUnknown":false,"observationCount":3,"geographicOutlier":false}},{"type":"Feature","id":"8d64a1996df3e488","geometry":{"type":"Point","coordinates":[150.06912,-32.953331]},"properties":{"species":"Vombatus ursinus","eventDate":"2021-08-30","basisOfRecord":"HUMAN_OBSERVATION","license":"CC-BY 4.0 (Int)","coordinateUncertaintyM":30.0,"uncertaintyUnknown":false,"observationCount":1,"geographicOutlier":false}},{"type":"Feature","id":"bdc3546ed5c2afdc","geometry":{"type":"Point","coordinates":[149.238178,-35.358867]},"properties":{"species":"Vombatus ursinus","eventDate":"2021-08-29","basisOfRecord":"HUMAN_OBSERVATION","license":"CC-BY 4.0 (Int)","coordinateUncertaintyM":500.0,"uncertaintyUnknown":false,"observationCount":1,"geographicOutlier":false}},{"type":"Feature","id":"71fa5d3d356d0da6","geometry":{"type":"Point","coordinates":[149.872228,-32.975993]},"properties":{"species":"Vombatus ursinus","eventDate":"2021-08-28","basisOfRecord":"HUMAN_OBSERVATION","license":"CC-BY 4.0 (Int)","coordinateUncertaintyM":30.0,"uncertaintyUnknown":false,"observationCount":1,"geographicOutlier":false}},{"type":"Feature","id":"fc01cf3b1ba2c71a","geometry":{"type":"Point","coordinates":[149.425381,-34.939004]},"properties":{"species":"Vombatus ursinus","eventDate":"2021-08-27","basisOfRecord":"HUMAN_OBSERVATION","license":"CC-BY 4.0 (Int)","coordinateUncertaintyM":30.0,"uncertaintyUnknown":false,"observationCount":1,"geographicOutlier":false}},{"type":"Feature","id":"9c92629c9d8f66e8","geometry":{"type":"Point","coordinates":[147.4723,-38.07456]},"properties":{"species":"Vombatus ursinus","eventDate":"2021-08-26","basisOfRecord":"OBSERVATION","license":"CC-BY 4.0 (Int)","coordinateUncertaintyM":10.0,"uncertaintyUnknown":false,"observationCount":1,"geographicOutlier":false}},{"type":"Feature","id":"9b1d7122562c903c","geometry":{"type":"Point","coordinates":[145.65335,-37.33545]},"properties":{"species":"Vombatus ursinus","eventDate":"2021-08-24","basisOfRecord":"OCCURRENCE","license":"CC-BY 4.0 (Int)","coordinateUncertaintyM":5.0,"uncertaintyUnknown":false,"observationCount":1,"geographicOutlier":false}},{"type":"Feature","id":"4a27d65d8a14fef6","geometry":{"type":"Point","coordinates":[150.203822,-33.590006]},"properties":{"species":"Vombatus ursinus","eventDate":"2021-08-24","basisOfRecord":"HUMAN_OBSERVATION","license":"CC-BY 4.0 (Int)","coordinateUncertaintyM":500.0,"uncertaintyUnknown":false,"observationCount":1,"geographicOutlier":false}},{"type":"Feature","id":"c0827ebaa38c6a78","geometry":{"type":"Point","coordinates":[149.063696,-33.634746]},"properties":{"species":"Vombatus ursinus","eventDate":"2021-08-22","basisOfRecord":"HUMAN_OBSERVATION","license":"CC-BY 4.0 (Int)","coordinateUncertaintyM":500.0,"uncertaintyUnknown":false,"observationCount":1,"geographicOutlier":false}},{"type":"Feature","id":"35fd3fcd00c33759","geometry":{"type":"Point","coordinates":[150.189051,-33.584206]},"properties":{"species":"Vombatus ursinus","eventDate":"2021-08-20","basisOfRecord":"HUMAN_OBSERVATION","license":"CC-BY 4.0 (Int)","coordinateUncertaintyM":500.0,"uncertaintyUnknown":false,"observationCount":1,"geographicOutlier":false}},{"type":"Feature","id":"6435e78a92591aab","geometry":{"type":"Point","coordinates":[150.389323,-35.504852]},"properties":{"species":"Vombatus ursinus","eventDate":"2021-08-20","basisOfRecord":"HUMAN_OBSERVATION","license":"CC-BY 4.0 (Int)","coordinateUncertaintyM":30.0,"uncertaintyUnknown":false,"observationCount":1,"geographicOutlier":false}},{"type":"Feature","id":"859a9ef05fd8052e","geometry":{"type":"Point","coordinates":[150.670095,-34.043785]},"properties":{"species":"Vombatus ursinus","eventDate":"2021-08-19","basisOfRecord":"HUMAN_OBSERVATION","license":"CC-BY 4.0 (Int)","coordinateUncertaintyM":30.0,"uncertaintyUnknown":false,"observationCount":1,"geographicOutlier":false}},{"type":"Feature","id":"db193eee7caed3f4","geometry":{"type":"Point","coordinates":[146.17748,-36.65808]},"properties":{"species":"Vombatus ursinus","eventDate":"2021-08-18","basisOfRecord":"OCCURRENCE","license":"CC-BY 4.0 (Int)","coordinateUncertaintyM":30.0,"uncertaintyUnknown":false,"observationCount":1,"geographicOutlier":false}},{"type":"Feature","id":"03d7d4b25f23ffee","geometry":{"type":"Point","coordinates":[138.94424,-35.5777]},"properties":{"species":"Vombatus ursinus","eventDate":"2021-08-15","basisOfRecord":"HUMAN_OBSERVATION","license":"CC-BY 4.0 (Int)","coordinateUncertaintyM":1000.0,"uncertaintyUnknown":false,"observationCount":1,"geographicOutlier":true}},{"type":"Feature","id":"df37bd510435ccfe","geometry":{"type":"Point","coordinates":[150.023289,-35.575695]},"properties":{"species":"Vombatus ursinus","eventDate":"2021-08-15","basisOfRecord":"HUMAN_OBSERVATION","license":"CC-BY 4.0 (Int)","coordinateUncertaintyM":10.0,"uncertaintyUnknown":false,"observationCount":1,"geographicOutlier":false}},{"type":"Feature","id":"43ceb76ce0a8638b","geometry":{"type":"Point","coordinates":[150.530217,-34.735476]},"properties":{"species":"Vombatus ursinus","eventDate":"2021-08-13","basisOfRecord":"HUMAN_OBSERVATION","license":"CC-BY 4.0 (Int)","coordinateUncertaintyM":30.0,"uncertaintyUnknown":false,"observationCount":1,"geographicOutlier":false}},{"type":"Feature","id":"69956f249b4d221d","geometry":{"type":"Point","coordinates":[149.796359,-36.474485]},"properties":{"species":"Vombatus ursinus","eventDate":"2021-08-13","basisOfRecord":"HUMAN_OBSERVATION","license":"CC-BY 4.0 (Int)","coordinateUncertaintyM":30.0,"uncertaintyUnknown":false,"observationCount":1,"geographicOutlier":false}},{"type":"Feature","id":"29b0804c94a503d2","geometry":{"type":"Point","coordinates":[150.612715,-34.868585]},"properties":{"species":"Vombatus ursinus","eventDate":"2021-08-10","basisOfRecord":"HUMAN_OBSERVATION","license":"CC-BY 4.0 (Int)","coordinateUncertaintyM":500.0,"uncertaintyUnknown":false,"observationCount":1,"geographicOutlier":false}},{"type":"Feature","id":"f29a3d3d9fede961","geometry":{"type":"Point","coordinates":[148.040433,-35.697036]},"properties":{"species":"Vombatus ursinus","eventDate":"2021-08-09","basisOfRecord":"HUMAN_OBSERVATION","license":"CC-BY 4.0 (Int)","coordinateUncertaintyM":500.0,"uncertaintyUnknown":false,"observationCount":1,"geographicOutlier":false}},{"type":"Feature","id":"3389665049034d47","geometry":{"type":"Point","coordinates":[151.058225,-32.737845]},"properties":{"species":"Vombatus ursinus","eventDate":"2021-08-08","basisOfRecord":"HUMAN_OBSERVATION","license":"CC-BY 4.0 (Int)","coordinateUncertaintyM":30.0,"uncertaintyUnknown":false,"observationCount":1,"geographicOutlier":false}},{"type":"Feature","id":"0cbca8a0540deb68","geometry":{"type":"Point","coordinates":[149.181094,-35.490483]},"properties":{"species":"Vombatus ursinus","eventDate":"2021-08-07","basisOfRecord":"HUMAN_OBSERVATION","license":"CC-BY 4.0 (Int)","coordinateUncertaintyM":30.0,"uncertaintyUnknown":false,"observationCount":1,"geographicOutlier":false}},{"type":"Feature","id":"da599f83c27973d5","geometry":{"type":"Point","coordinates":[149.531188,-33.518982]},"properties":{"species":"Vombatus ursinus","eventDate":"2021-08-05","basisOfRecord":"HUMAN_OBSERVATION","license":"CC-BY 4.0 (Int)","coordinateUncertaintyM":30.0,"uncertaintyUnknown":false,"observationCount":1,"geographicOutlier":false}},{"type":"Feature","id":"d06451b6fe444d09","geometry":{"type":"Point","coordinates":[150.863724,-32.367214]},"properties":{"species":"Vombatus ursinus","eventDate":"2021-08-04","basisOfRecord":"HUMAN_OBSERVATION","license":"CC-BY 4.0 (Int)","coordinateUncertaintyM":10.0,"uncertaintyUnknown":false,"observationCount":1,"geographicOutlier":false}},{"type":"Feature","id":"e68c00df40c6fcf4","geometry":{"type":"Point","coordinates":[150.662286,-33.771398]},"properties":{"species":"Vombatus ursinus","eventDate":"2021-08-02","basisOfRecord":"HUMAN_OBSERVATION","license":"CC-BY 4.0 (Int)","coordinateUncertaintyM":616.0,"uncertaintyUnknown":false,"observationCount":1,"geographicOutlier":false}},{"type":"Feature","id":"bd83f73d17d47666","geometry":{"type":"Point","coordinates":[145.0521,-37.24259]},"properties":{"species":"Vombatus ursinus","eventDate":"2021-08-01","basisOfRecord":"OCCURRENCE","license":"CC-BY 4.0 (Int)","coordinateUncertaintyM":50.0,"uncertaintyUnknown":false,"observationCount":2,"geographicOutlier":false}},{"type":"Feature","id":"d5e59f9b8c4a3fcb","geometry":{"type":"Point","coordinates":[149.242531,-35.377895]},"properties":{"species":"Vombatus ursinus","eventDate":"2021-07-31","basisOfRecord":"HUMAN_OBSERVATION","license":"CC-BY 4.0 (Int)","coordinateUncertaintyM":500.0,"uncertaintyUnknown":false,"observationCount":2,"geographicOutlier":false}},{"type":"Feature","id":"cd6e53f4f837deb2","geometry":{"type":"Point","coordinates":[151.010948,-33.195704]},"properties":{"species":"Vombatus ursinus","eventDate":"2021-07-29","basisOfRecord":"HUMAN_OBSERVATION","license":"CC-BY 4.0 (Int)","coordinateUncertaintyM":30.0,"uncertaintyUnknown":false,"observationCount":1,"geographicOutlier":false}},{"type":"Feature","id":"2ce28e4b125271a6","geometry":{"type":"Point","coordinates":[149.33741,-37.46695]},"properties":{"species":"Vombatus ursinus","eventDate":"2021-07-27","basisOfRecord":"OBSERVATION","license":"CC-BY 4.0 (Int)","coordinateUncertaintyM":10.0,"uncertaintyUnknown":false,"observationCount":1,"geographicOutlier":false}},{"type":"Feature","id":"35dc5c3f0fae64d6","geometry":{"type":"Point","coordinates":[150.630562,-34.01397]},"properties":{"species":"Vombatus ursinus","eventDate":"2021-07-26","basisOfRecord":"HUMAN_OBSERVATION","license":"CC-BY 4.0 (Int)","coordinateUncertaintyM":30.0,"uncertaintyUnknown":false,"observationCount":1,"geographicOutlier":false}},{"type":"Feature","id":"52567becfcc69a81","geometry":{"type":"Point","coordinates":[149.967016,-36.554294]},"properties":{"species":"Vombatus ursinus","eventDate":"2021-07-25","basisOfRecord":"HUMAN_OBSERVATION","license":"CC-BY 4.0 (Int)","coordinateUncertaintyM":10.0,"uncertaintyUnknown":false,"observationCount":1,"geographicOutlier":false}},{"type":"Feature","id":"2c880d42b8c44531","geometry":{"type":"Point","coordinates":[149.451252,-35.584635]},"properties":{"species":"Vombatus ursinus","eventDate":"2021-07-24","basisOfRecord":"HUMAN_OBSERVATION","license":"CC-BY 4.0 (Int)","coordinateUncertaintyM":30.0,"uncertaintyUnknown":false,"observationCount":1,"geographicOutlier":false}},{"type":"Feature","id":"6fe3c858c3f5df47","geometry":{"type":"Point","coordinates":[150.529487,-34.552761]},"properties":{"species":"Vombatus ursinus","eventDate":"2021-07-22","basisOfRecord":"HUMAN_OBSERVATION","license":"CC-BY 4.0 (Int)","coordinateUncertaintyM":30.0,"uncertaintyUnknown":false,"observationCount":1,"geographicOutlier":false}},{"type":"Feature","id":"3b851d513e8a7c19","geometry":{"type":"Point","coordinates":[150.226594,-33.39921]},"properties":{"species":"Vombatus ursinus","eventDate":"2021-07-22","basisOfRecord":"HUMAN_OBSERVATION","license":"CC-BY 4.0 (Int)","coordinateUncertaintyM":100.0,"uncertaintyUnknown":false,"observationCount":1,"geographicOutlier":false}},{"type":"Feature","id":"8506b312ced1269c","geometry":{"type":"Point","coordinates":[145.446755,-37.892841]},"properties":{"species":"Vombatus ursinus","eventDate":"2021-07-21","basisOfRecord":"HUMAN_OBSERVATION","license":"CC-BY 4.0 (Int)","coordinateUncertaintyM":50.0,"uncertaintyUnknown":false,"observationCount":1,"geographicOutlier":false}},{"type":"Feature","id":"bc8b61f5b93ff3e3","geometry":{"type":"Point","coordinates":[148.74854,-37.61343]},"properties":{"species":"Vombatus ursinus","eventDate":"2021-07-21","basisOfRecord":"OCCURRENCE","license":"CC-BY 4.0 (Int)","coordinateUncertaintyM":5.0,"uncertaintyUnknown":false,"observationCount":1,"geographicOutlier":false}},{"type":"Feature","id":"e5d00ce5c1de5d4d","geometry":{"type":"Point","coordinates":[148.50484,-37.62872]},"properties":{"species":"Vombatus ursinus","eventDate":"2021-07-20","basisOfRecord":"OCCURRENCE","license":"CC-BY 4.0 (Int)","coordinateUncertaintyM":10.0,"uncertaintyUnknown":false,"observationCount":1,"geographicOutlier":false}},{"type":"Feature","id":"f630634bd5f1517e","geometry":{"type":"Point","coordinates":[149.687334,-36.784978]},"properties":{"species":"Vombatus ursinus","eventDate":"2021-07-19","basisOfRecord":"HUMAN_OBSERVATION","license":"CC-BY 4.0 (Int)","coordinateUncertaintyM":30.0,"uncertaintyUnknown":false,"observationCount":1,"geographicOutlier":false}},{"type":"Feature","id":"6dd37f245278b2a2","geometry":{"type":"Point","coordinates":[150.529297,-34.943961]},"properties":{"species":"Vombatus ursinus","eventDate":"2021-07-19","basisOfRecord":"HUMAN_OBSERVATION","license":"CC-BY 4.0 (Int)","coordinateUncertaintyM":500.0,"uncertaintyUnknown":false,"observationCount":1,"geographicOutlier":false}},{"type":"Feature","id":"3a104b29d4cad079","geometry":{"type":"Point","coordinates":[149.988662,-34.721607]},"properties":{"species":"Vombatus ursinus","eventDate":"2021-07-17","basisOfRecord":"HUMAN_OBSERVATION","license":"CC-BY 4.0 (Int)","coordinateUncertaintyM":100.0,"uncertaintyUnknown":false,"observationCount":1,"geographicOutlier":false}},{"type":"Feature","id":"8ad4969e6841ba79","geometry":{"type":"Point","coordinates":[149.13784,-37.48581]},"properties":{"species":"Vombatus ursinus","eventDate":"2021-07-15","basisOfRecord":"OCCURRENCE","license":"CC-BY 4.0 (Int)","coordinateUncertaintyM":5.0,"uncertaintyUnknown":false,"observationCount":1,"geographicOutlier":false}},{"type":"Feature","id":"34ef6b721ff037fd","geometry":{"type":"Point","coordinates":[149.720847,-32.689981]},"properties":{"species":"Vombatus ursinus","eventDate":"2021-07-14","basisOfRecord":"HUMAN_OBSERVATION","license":"CC-BY 4.0 (Int)","coordinateUncertaintyM":30.0,"uncertaintyUnknown":false,"observationCount":1,"geographicOutlier":false}},{"type":"Feature","id":"811ff924cfd6ba10","geometry":{"type":"Point","coordinates":[150.576907,-34.014387]},"properties":{"species":"Vombatus ursinus","eventDate":"2021-07-13","basisOfRecord":"HUMAN_OBSERVATION","license":"CC-BY 4.0 (Int)","coordinateUncertaintyM":50.0,"uncertaintyUnknown":false,"observationCount":1,"geographicOutlier":false}},{"type":"Feature","id":"4f184b6a417d5722","geometry":{"type":"Point","coordinates":[149.573599,-36.627961]},"properties":{"species":"Vombatus ursinus","eventDate":"2021-07-11","basisOfRecord":"HUMAN_OBSERVATION","license":"CC-BY 4.0 (Int)","coordinateUncertaintyM":30.0,"uncertaintyUnknown":false,"observationCount":1,"geographicOutlier":false}},{"type":"Feature","id":"fd35363f17dae251","geometry":{"type":"Point","coordinates":[150.715563,-34.549326]},"properties":{"species":"Vombatus ursinus","eventDate":"2021-07-10","basisOfRecord":"HUMAN_OBSERVATION","license":"CC-BY 4.0 (Int)","coordinateUncertaintyM":30.0,"uncertaintyUnknown":false,"observationCount":2,"geographicOutlier":false}},{"type":"Feature","id":"92accbe0191d60ed","geometry":{"type":"Point","coordinates":[150.091198,-34.441509]},"properties":{"species":"Vombatus ursinus","eventDate":"2021-07-08","basisOfRecord":"HUMAN_OBSERVATION","license":"CC-BY 4.0 (Int)","coordinateUncertaintyM":30.0,"uncertaintyUnknown":false,"observationCount":1,"geographicOutlier":false}},{"type":"Feature","id":"03c38b97865eb41c","geometry":{"type":"Point","coordinates":[148.40359,-37.01634]},"properties":{"species":"Vombatus ursinus","eventDate":"2021-07-08","basisOfRecord":"OCCURRENCE","license":"CC-BY 4.0 (Int)","coordinateUncertaintyM":5.0,"uncertaintyUnknown":false,"observationCount":1,"geographicOutlier":false}},{"type":"Feature","id":"dd0f8dd2ff68cc48","geometry":{"type":"Point","coordinates":[150.566447,-34.460307]},"properties":{"species":"Vombatus ursinus","eventDate":"2021-07-07","basisOfRecord":"HUMAN_OBSERVATION","license":"CC-BY 4.0 (Int)","coordinateUncertaintyM":1.0,"uncertaintyUnknown":false,"observationCount":1,"geographicOutlier":false}},{"type":"Feature","id":"617c425a212e031a","geometry":{"type":"Point","coordinates":[150.591027,-34.455252]},"properties":{"species":"Vombatus ursinus","eventDate":"2021-07-07","basisOfRecord":"HUMAN_OBSERVATION","license":"CC-BY 4.0 (Int)","coordinateUncertaintyM":1.0,"uncertaintyUnknown":false,"observationCount":1,"geographicOutlier":false}},{"type":"Feature","id":"a326c5635e24914b","geometry":{"type":"Point","coordinates":[146.278452,-38.978988]},"properties":{"species":"Vombatus ursinus","eventDate":"2021-07-06","basisOfRecord":"HUMAN_OBSERVATION","license":"CC-BY 4.0 (Int)","coordinateUncertaintyM":null,"uncertaintyUnknown":true,"observationCount":1,"geographicOutlier":false}},{"type":"Feature","id":"be98a350aa34278f","geometry":{"type":"Point","coordinates":[147.4002,-35.54226]},"properties":{"species":"Vombatus ursinus","eventDate":"2021-07-06","basisOfRecord":"HUMAN_OBSERVATION","license":"CC-BY 4.0 (Int)","coordinateUncertaintyM":200.0,"uncertaintyUnknown":false,"observationCount":1,"geographicOutlier":false}},{"type":"Feature","id":"2074d23342bc4808","geometry":{"type":"Point","coordinates":[148.64479,-37.30584]},"properties":{"species":"Vombatus ursinus","eventDate":"2021-07-05","basisOfRecord":"OCCURRENCE","license":"CC-BY 4.0 (Int)","coordinateUncertaintyM":5.0,"uncertaintyUnknown":false,"observationCount":1,"geographicOutlier":false}},{"type":"Feature","id":"47d1192296bc3cfa","geometry":{"type":"Point","coordinates":[150.818617,-32.348229]},"properties":{"species":"Vombatus ursinus","eventDate":"2021-07-04","basisOfRecord":"HUMAN_OBSERVATION","license":"CC-BY 4.0 (Int)","coordinateUncertaintyM":5.0,"uncertaintyUnknown":false,"observationCount":1,"geographicOutlier":false}},{"type":"Feature","id":"ccbbac59eb065bd1","geometry":{"type":"Point","coordinates":[150.712926,-34.1878]},"properties":{"species":"Vombatus ursinus","eventDate":"2021-07-03","basisOfRecord":"HUMAN_OBSERVATION","license":"CC-BY 4.0 (Int)","coordinateUncertaintyM":30.0,"uncertaintyUnknown":false,"observationCount":1,"geographicOutlier":false}},{"type":"Feature","id":"e9676a6180bbece7","geometry":{"type":"Point","coordinates":[151.222585,-33.729003]},"properties":{"species":"Vombatus ursinus","eventDate":"2021-07-02","basisOfRecord":"HUMAN_OBSERVATION","license":"CC-BY 4.0 (Int)","coordinateUncertaintyM":100.0,"uncertaintyUnknown":false,"observationCount":1,"geographicOutlier":false}},{"type":"Feature","id":"850448195a62bf84","geometry":{"type":"Point","coordinates":[148.36098,-36.98532]},"properties":{"species":"Vombatus ursinus","eventDate":"2021-07-01","basisOfRecord":"OCCURRENCE","license":"CC-BY 4.0 (Int)","coordinateUncertaintyM":5.0,"uncertaintyUnknown":false,"observationCount":1,"geographicOutlier":false}},{"type":"Feature","id":"cb3ce1d5b7d49279","geometry":{"type":"Point","coordinates":[150.585906,-34.994231]},"properties":{"species":"Vombatus ursinus","eventDate":"2021-06-29","basisOfRecord":"HUMAN_OBSERVATION","license":"CC-BY 4.0 (Int)","coordinateUncertaintyM":30.0,"uncertaintyUnknown":false,"observationCount":1,"geographicOutlier":false}},{"type":"Feature","id":"82ce09da6f055b46","geometry":{"type":"Point","coordinates":[151.7471,-32.40125]},"properties":{"species":"Vombatus ursinus","eventDate":"2021-06-26","basisOfRecord":"HUMAN_OBSERVATION","license":"CC-BY 4.0 (Int)","coordinateUncertaintyM":10.0,"uncertaintyUnknown":false,"observationCount":1,"geographicOutlier":false}},{"type":"Feature","id":"ae0507830270733b","geometry":{"type":"Point","coordinates":[148.73305,-37.72488]},"properties":{"species":"Vombatus ursinus","eventDate":"2021-06-24","basisOfRecord":"OCCURRENCE","license":"CC-BY 4.0 (Int)","coordinateUncertaintyM":5.0,"uncertaintyUnknown":false,"observationCount":1,"geographicOutlier":false}},{"type":"Feature","id":"92f5ad27f38fd8d0","geometry":{"type":"Point","coordinates":[149.11962,-37.68908]},"properties":{"species":"Vombatus ursinus","eventDate":"2021-06-22","basisOfRecord":"OCCURRENCE","license":"CC-BY 4.0 (Int)","coordinateUncertaintyM":5.0,"uncertaintyUnknown":false,"observationCount":1,"geographicOutlier":false}},{"type":"Feature","id":"6b3c660c472752a4","geometry":{"type":"Point","coordinates":[149.25957,-34.902294]},"properties":{"species":"Vombatus ursinus","eventDate":"2021-06-20","basisOfRecord":"HUMAN_OBSERVATION","license":"CC-BY 4.0 (Int)","coordinateUncertaintyM":30.0,"uncertaintyUnknown":false,"observationCount":1,"geographicOutlier":false}},{"type":"Feature","id":"dbfafdb4b12621b8","geometry":{"type":"Point","coordinates":[151.421856,-33.352196]},"properties":{"species":"Vombatus ursinus","eventDate":"2021-06-19","basisOfRecord":"HUMAN_OBSERVATION","license":"CC-BY 4.0 (Int)","coordinateUncertaintyM":1342.0,"uncertaintyUnknown":false,"observationCount":1,"geographicOutlier":false}},{"type":"Feature","id":"5d7d25e5afd3c4fe","geometry":{"type":"Point","coordinates":[149.46002,-35.7271]},"properties":{"species":"Vombatus ursinus","eventDate":"2021-06-17","basisOfRecord":"HUMAN_OBSERVATION","license":"CC-BY 4.0 (Int)","coordinateUncertaintyM":10.0,"uncertaintyUnknown":false,"observationCount":7,"geographicOutlier":false}},{"type":"Feature","id":"c8fd8712d227acc8","geometry":{"type":"Point","coordinates":[149.65753,-37.62002]},"properties":{"species":"Vombatus ursinus","eventDate":"2021-06-16","basisOfRecord":"OCCURRENCE","license":"CC-BY 4.0 (Int)","coordinateUncertaintyM":10.0,"uncertaintyUnknown":false,"observationCount":1,"geographicOutlier":false}},{"type":"Feature","id":"7a5e2e67cb753b5d","geometry":{"type":"Point","coordinates":[150.645734,-32.48053]},"properties":{"species":"Vombatus ursinus","eventDate":"2021-06-16","basisOfRecord":"HUMAN_OBSERVATION","license":"CC-BY 4.0 (Int)","coordinateUncertaintyM":500.0,"uncertaintyUnknown":false,"observationCount":1,"geographicOutlier":false}},{"type":"Feature","id":"76784e5ab36bd92a","geometry":{"type":"Point","coordinates":[149.40866,-37.71546]},"properties":{"species":"Vombatus ursinus","eventDate":"2021-06-16","basisOfRecord":"OCCURRENCE","license":"CC-BY 4.0 (Int)","coordinateUncertaintyM":10.0,"uncertaintyUnknown":false,"observationCount":1,"geographicOutlier":false}},{"type":"Feature","id":"e111a727be7bad4f","geometry":{"type":"Point","coordinates":[149.14035,-37.62501]},"properties":{"species":"Vombatus ursinus","eventDate":"2021-06-16","basisOfRecord":"OCCURRENCE","license":"CC-BY 4.0 (Int)","coordinateUncertaintyM":10.0,"uncertaintyUnknown":false,"observationCount":1,"geographicOutlier":false}},{"type":"Feature","id":"4c4a80053020b939","geometry":{"type":"Point","coordinates":[150.569068,-34.758779]},"properties":{"species":"Vombatus ursinus","eventDate":"2021-06-15","basisOfRecord":"HUMAN_OBSERVATION","license":"CC-BY 4.0 (Int)","coordinateUncertaintyM":30.0,"uncertaintyUnknown":false,"observationCount":1,"geographicOutlier":false}},{"type":"Feature","id":"dbefdcaabd0161ef","geometry":{"type":"Point","coordinates":[150.762313,-34.066007]},"properties":{"species":"Vombatus ursinus","eventDate":"2021-06-14","basisOfRecord":"HUMAN_OBSERVATION","license":"CC-BY 4.0 (Int)","coordinateUncertaintyM":1804.0,"uncertaintyUnknown":false,"observationCount":1,"geographicOutlier":false}},{"type":"Feature","id":"a05c9d49583a1948","geometry":{"type":"Point","coordinates":[151.182981,-32.888937]},"properties":{"species":"Vombatus ursinus","eventDate":"2021-06-12","basisOfRecord":"HUMAN_OBSERVATION","license":"CC-BY 4.0 (Int)","coordinateUncertaintyM":1836.0,"uncertaintyUnknown":false,"observationCount":1,"geographicOutlier":false}},{"type":"Feature","id":"646686b43e61f799","geometry":{"type":"Point","coordinates":[148.15631,-35.87105]},"properties":{"species":"Vombatus ursinus","eventDate":"2021-06-10","basisOfRecord":"HUMAN_OBSERVATION","license":"CC-BY 4.0 (Int)","coordinateUncertaintyM":10.0,"uncertaintyUnknown":false,"observationCount":3,"geographicOutlier":false}},{"type":"Feature","id":"3a5f3766d0635315","geometry":{"type":"Point","coordinates":[149.31952,-37.37199]},"properties":{"species":"Vombatus ursinus","eventDate":"2021-06-08","basisOfRecord":"OCCURRENCE","license":"CC-BY 4.0 (Int)","coordinateUncertaintyM":10.0,"uncertaintyUnknown":false,"observationCount":1,"geographicOutlier":false}},{"type":"Feature","id":"55ab0db814c2fcfc","geometry":{"type":"Point","coordinates":[149.03631,-37.45773]},"properties":{"species":"Vombatus ursinus","eventDate":"2021-06-08","basisOfRecord":"OCCURRENCE","license":"CC-BY 4.0 (Int)","coordinateUncertaintyM":10.0,"uncertaintyUnknown":false,"observationCount":1,"geographicOutlier":false}},{"type":"Feature","id":"82ba7eb162ddb4fe","geometry":{"type":"Point","coordinates":[148.97906,-37.44199]},"properties":{"species":"Vombatus ursinus","eventDate":"2021-06-07","basisOfRecord":"OCCURRENCE","license":"CC-BY 4.0 (Int)","coordinateUncertaintyM":10.0,"uncertaintyUnknown":false,"observationCount":1,"geographicOutlier":false}},{"type":"Feature","id":"d2df8a0f8bd0f5a1","geometry":{"type":"Point","coordinates":[148.33736,-37.05881]},"properties":{"species":"Vombatus ursinus","eventDate":"2021-06-06","basisOfRecord":"OCCURRENCE","license":"CC-BY 4.0 (Int)","coordinateUncertaintyM":10.0,"uncertaintyUnknown":false,"observationCount":1,"geographicOutlier":false}},{"type":"Feature","id":"ed318b99f0b7c806","geometry":{"type":"Point","coordinates":[148.39877,-36.97263]},"properties":{"species":"Vombatus ursinus","eventDate":"2021-06-06","basisOfRecord":"OCCURRENCE","license":"CC-BY 4.0 (Int)","coordinateUncertaintyM":10.0,"uncertaintyUnknown":false,"observationCount":1,"geographicOutlier":false}},{"type":"Feature","id":"7b809e7fe7afd097","geometry":{"type":"Point","coordinates":[148.32395,-37.04142]},"properties":{"species":"Vombatus ursinus","eventDate":"2021-06-05","basisOfRecord":"OCCURRENCE","license":"CC-BY 4.0 (Int)","coordinateUncertaintyM":10.0,"uncertaintyUnknown":false,"observationCount":2,"geographicOutlier":false}},{"type":"Feature","id":"176207c7148615d4","geometry":{"type":"Point","coordinates":[148.32438,-37.05024]},"properties":{"species":"Vombatus ursinus","eventDate":"2021-06-05","basisOfRecord":"OCCURRENCE","license":"CC-BY 4.0 (Int)","coordinateUncertaintyM":10.0,"uncertaintyUnknown":false,"observationCount":1,"geographicOutlier":false}},{"type":"Feature","id":"274cf657cc089fd4","geometry":{"type":"Point","coordinates":[150.549897,-34.462307]},"properties":{"species":"Vombatus ursinus","eventDate":"2021-06-04","basisOfRecord":"HUMAN_OBSERVATION","license":"CC-BY 4.0 (Int)","coordinateUncertaintyM":1.0,"uncertaintyUnknown":false,"observationCount":1,"geographicOutlier":false}},{"type":"Feature","id":"c6d88b2e6d0588c8","geometry":{"type":"Point","coordinates":[148.27179,-36.96973]},"properties":{"species":"Vombatus ursinus","eventDate":"2021-06-04","basisOfRecord":"OCCURRENCE","license":"CC-BY 4.0 (Int)","coordinateUncertaintyM":10.0,"uncertaintyUnknown":false,"observationCount":1,"geographicOutlier":false}},{"type":"Feature","id":"4faa08e06e0dc266","geometry":{"type":"Point","coordinates":[148.26371,-36.96979]},"properties":{"species":"Vombatus ursinus","eventDate":"2021-06-04","basisOfRecord":"OCCURRENCE","license":"CC-BY 4.0 (Int)","coordinateUncertaintyM":10.0,"uncertaintyUnknown":false,"observationCount":1,"geographicOutlier":false}},{"type":"Feature","id":"f4e7dc6f0c66f7d9","geometry":{"type":"Point","coordinates":[148.995,-37.17439]},"properties":{"species":"Vombatus ursinus","eventDate":"2021-06-03","basisOfRecord":"OCCURRENCE","license":"CC-BY 4.0 (Int)","coordinateUncertaintyM":10.0,"uncertaintyUnknown":false,"observationCount":1,"geographicOutlier":false}},{"type":"Feature","id":"9152b36d2b36ccfc","geometry":{"type":"Point","coordinates":[148.60522,-37.57078]},"properties":{"species":"Vombatus ursinus","eventDate":"2021-06-03","basisOfRecord":"OCCURRENCE","license":"CC-BY 4.0 (Int)","coordinateUncertaintyM":10.0,"uncertaintyUnknown":false,"observationCount":1,"geographicOutlier":false}},{"type":"Feature","id":"fa9c049270e00b37","geometry":{"type":"Point","coordinates":[148.64288,-37.02968]},"properties":{"species":"Vombatus ursinus","eventDate":"2021-06-03","basisOfRecord":"OCCURRENCE","license":"CC-BY 4.0 (Int)","coordinateUncertaintyM":10.0,"uncertaintyUnknown":false,"observationCount":1,"geographicOutlier":false}},{"type":"Feature","id":"5c45c9c5b80298f1","geometry":{"type":"Point","coordinates":[148.77853,-37.18459]},"properties":{"species":"Vombatus ursinus","eventDate":"2021-06-03","basisOfRecord":"OCCURRENCE","license":"CC-BY 4.0 (Int)","coordinateUncertaintyM":10.0,"uncertaintyUnknown":false,"observationCount":1,"geographicOutlier":false}},{"type":"Feature","id":"d3c9cd95eeba84a3","geometry":{"type":"Point","coordinates":[148.29974,-37.08675]},"properties":{"species":"Vombatus ursinus","eventDate":"2021-06-02","basisOfRecord":"OCCURRENCE","license":"CC-BY 4.0 (Int)","coordinateUncertaintyM":10.0,"uncertaintyUnknown":false,"observationCount":1,"geographicOutlier":false}},{"type":"Feature","id":"e67b585b7f0ffed6","geometry":{"type":"Point","coordinates":[148.30336,-37.11949]},"properties":{"species":"Vombatus ursinus","eventDate":"2021-06-02","basisOfRecord":"OCCURRENCE","license":"CC-BY 4.0 (Int)","coordinateUncertaintyM":10.0,"uncertaintyUnknown":false,"observationCount":2,"geographicOutlier":false}},{"type":"Feature","id":"421e190dfcfa3a82","geometry":{"type":"Point","coordinates":[148.3017,-37.1002]},"properties":{"species":"Vombatus ursinus","eventDate":"2021-06-02","basisOfRecord":"OCCURRENCE","license":"CC-BY 4.0 (Int)","coordinateUncertaintyM":10.0,"uncertaintyUnknown":false,"observationCount":2,"geographicOutlier":false}},{"type":"Feature","id":"87555e2ba9bddc29","geometry":{"type":"Point","coordinates":[148.80071,-37.78387]},"properties":{"species":"Vombatus ursinus","eventDate":"2021-06-02","basisOfRecord":"OCCURRENCE","license":"CC-BY 4.0 (Int)","coordinateUncertaintyM":10.0,"uncertaintyUnknown":false,"observationCount":1,"geographicOutlier":false}},{"type":"Feature","id":"34791b171e3e0923","geometry":{"type":"Point","coordinates":[148.28652,-37.14525]},"properties":{"species":"Vombatus ursinus","eventDate":"2021-06-02","basisOfRecord":"OCCURRENCE","license":"CC-BY 4.0 (Int)","coordinateUncertaintyM":10.0,"uncertaintyUnknown":false,"observationCount":2,"geographicOutlier":false}},{"type":"Feature","id":"bb472c0ad61f65aa","geometry":{"type":"Point","coordinates":[150.7407,-32.626]},"properties":{"species":"Vombatus ursinus","eventDate":"2021-06-01","basisOfRecord":"HUMAN_OBSERVATION","license":"CC-BY 4.0 (Int)","coordinateUncertaintyM":10.0,"uncertaintyUnknown":false,"observationCount":10,"geographicOutlier":false}},{"type":"Feature","id":"b9a094f897066d1e","geometry":{"type":"Point","coordinates":[148.14598,-37.68045]},"properties":{"species":"Vombatus ursinus","eventDate":"2021-05-31","basisOfRecord":"OCCURRENCE","license":"CC-BY 4.0 (Int)","coordinateUncertaintyM":10.0,"uncertaintyUnknown":false,"observationCount":1,"geographicOutlier":false}},{"type":"Feature","id":"317b1709eed326f6","geometry":{"type":"Point","coordinates":[151.436658,-33.100415]},"properties":{"species":"Vombatus ursinus","eventDate":"2021-05-31","basisOfRecord":"HUMAN_OBSERVATION","license":"CC-BY 4.0 (Int)","coordinateUncertaintyM":30.0,"uncertaintyUnknown":false,"observationCount":1,"geographicOutlier":false}},{"type":"Feature","id":"6be54ae02b9a5d58","geometry":{"type":"Point","coordinates":[148.7708,-35.43663]},"properties":{"species":"Vombatus ursinus","eventDate":"2021-05-29","basisOfRecord":"HUMAN_OBSERVATION","license":"CC-BY 4.0 (Int)","coordinateUncertaintyM":10.0,"uncertaintyUnknown":false,"observationCount":1,"geographicOutlier":false}},{"type":"Feature","id":"60330049af4e94b8","geometry":{"type":"Point","coordinates":[144.1277,-37.8343]},"properties":{"species":"Vombatus ursinus","eventDate":"2021-05-29","basisOfRecord":"OCCURRENCE","license":"CC-BY 4.0 (Int)","coordinateUncertaintyM":10.0,"uncertaintyUnknown":false,"observationCount":1,"geographicOutlier":false}},{"type":"Feature","id":"7d063231c24d7008","geometry":{"type":"Point","coordinates":[150.8867,-33.01073]},"properties":{"species":"Vombatus ursinus","eventDate":"2021-05-27","basisOfRecord":"HUMAN_OBSERVATION","license":"CC-BY 4.0 (Int)","coordinateUncertaintyM":10.0,"uncertaintyUnknown":false,"observationCount":1,"geographicOutlier":false}},{"type":"Feature","id":"f878ec2cb51addda","geometry":{"type":"Point","coordinates":[144.4528,-37.4279]},"properties":{"species":"Vombatus ursinus","eventDate":"2021-05-27","basisOfRecord":"OCCURRENCE","license":"CC-BY 4.0 (Int)","coordinateUncertaintyM":90.0,"uncertaintyUnknown":false,"observationCount":1,"geographicOutlier":false}},{"type":"Feature","id":"ec1fbc0e7f8981af","geometry":{"type":"Point","coordinates":[147.56972,-37.28715]},"properties":{"species":"Vombatus ursinus","eventDate":"2021-05-26","basisOfRecord":"OBSERVATION","license":"CC-BY 4.0 (Int)","coordinateUncertaintyM":10.0,"uncertaintyUnknown":false,"observationCount":1,"geographicOutlier":false}},{"type":"Feature","id":"b9c8b830a3cd9358","geometry":{"type":"Point","coordinates":[147.8831,-35.88748]},"properties":{"species":"Vombatus ursinus","eventDate":"2021-05-25","basisOfRecord":"HUMAN_OBSERVATION","license":"CC-BY 4.0 (Int)","coordinateUncertaintyM":10.0,"uncertaintyUnknown":false,"observationCount":13,"geographicOutlier":false}},{"type":"Feature","id":"e35ab254f3350361","geometry":{"type":"Point","coordinates":[147.83294,-37.00847]},"properties":{"species":"Vombatus ursinus","eventDate":"2021-05-24","basisOfRecord":"OBSERVATION","license":"CC-BY 4.0 (Int)","coordinateUncertaintyM":10.0,"uncertaintyUnknown":false,"observationCount":3,"geographicOutlier":false}},{"type":"Feature","id":"84fb7b93db4df741","geometry":{"type":"Point","coordinates":[147.69378,-37.11401]},"properties":{"species":"Vombatus ursinus","eventDate":"2021-05-24","basisOfRecord":"OBSERVATION","license":"CC-BY 4.0 (Int)","coordinateUncertaintyM":10.0,"uncertaintyUnknown":false,"observationCount":6,"geographicOutlier":false}},{"type":"Feature","id":"00012f5894357bde","geometry":{"type":"Point","coordinates":[147.67108,-37.14501]},"properties":{"species":"Vombatus ursinus","eventDate":"2021-05-23","basisOfRecord":"OBSERVATION","license":"CC-BY 4.0 (Int)","coordinateUncertaintyM":10.0,"uncertaintyUnknown":false,"observationCount":12,"geographicOutlier":false}},{"type":"Feature","id":"acc6386d77a6a8f7","geometry":{"type":"Point","coordinates":[147.74964,-37.0709]},"properties":{"species":"Vombatus ursinus","eventDate":"2021-05-23","basisOfRecord":"OBSERVATION","license":"CC-BY 4.0 (Int)","coordinateUncertaintyM":10.0,"uncertaintyUnknown":false,"observationCount":5,"geographicOutlier":false}},{"type":"Feature","id":"bf9e4f7eb35bc93a","geometry":{"type":"Point","coordinates":[147.4568,-37.22045]},"properties":{"species":"Vombatus ursinus","eventDate":"2021-05-22","basisOfRecord":"OBSERVATION","license":"CC-BY 4.0 (Int)","coordinateUncertaintyM":10.0,"uncertaintyUnknown":false,"observationCount":2,"geographicOutlier":false}},{"type":"Feature","id":"82c9b7a0dd8e62c1","geometry":{"type":"Point","coordinates":[149.92238,-35.60034]},"properties":{"species":"Vombatus ursinus","eventDate":"2021-05-22","basisOfRecord":"HUMAN_OBSERVATION","license":"CC-BY 4.0 (Int)","coordinateUncertaintyM":10.0,"uncertaintyUnknown":false,"observationCount":6,"geographicOutlier":false}},{"type":"Feature","id":"efaa7d1cb6a8db95","geometry":{"type":"Point","coordinates":[149.832014,-37.340278]},"properties":{"species":"Vombatus ursinus","eventDate":"2021-05-21","basisOfRecord":"HUMAN_OBSERVATION","license":"CC-BY 4.0 (Int)","coordinateUncertaintyM":10.0,"uncertaintyUnknown":false,"observationCount":1,"geographicOutlier":false}},{"type":"Feature","id":"2290372ed01f1bd7","geometry":{"type":"Point","coordinates":[147.49366,-37.22676]},"properties":{"species":"Vombatus ursinus","eventDate":"2021-05-21","basisOfRecord":"OBSERVATION","license":"CC-BY 4.0 (Int)","coordinateUncertaintyM":10.0,"uncertaintyUnknown":false,"observationCount":4,"geographicOutlier":false}},{"type":"Feature","id":"bb91e298c61c9b13","geometry":{"type":"Point","coordinates":[150.571826,-34.813876]},"properties":{"species":"Vombatus ursinus","eventDate":"2021-05-21","basisOfRecord":"HUMAN_OBSERVATION","license":"CC-BY 4.0 (Int)","coordinateUncertaintyM":500.0,"uncertaintyUnknown":false,"observationCount":5,"geographicOutlier":false}},{"type":"Feature","id":"6b6a6585cde3251f","geometry":{"type":"Point","coordinates":[149.850957,-37.358304]},"properties":{"species":"Vombatus ursinus","eventDate":"2021-05-21","basisOfRecord":"HUMAN_OBSERVATION","license":"CC-BY 4.0 (Int)","coordinateUncertaintyM":10.0,"uncertaintyUnknown":false,"observationCount":1,"geographicOutlier":false}},{"type":"Feature","id":"b806acc722e0d69f","geometry":{"type":"Point","coordinates":[147.88411,-36.94327]},"properties":{"species":"Vombatus ursinus","eventDate":"2021-05-20","basisOfRecord":"OBSERVATION","license":"CC-BY 4.0 (Int)","coordinateUncertaintyM":10.0,"uncertaintyUnknown":false,"observationCount":2,"geographicOutlier":false}},{"type":"Feature","id":"8d0cb35d5c7ff72b","geometry":{"type":"Point","coordinates":[147.38668,-37.15389]},"properties":{"species":"Vombatus ursinus","eventDate":"2021-05-20","basisOfRecord":"OBSERVATION","license":"CC-BY 4.0 (Int)","coordinateUncertaintyM":10.0,"uncertaintyUnknown":false,"observationCount":1,"geographicOutlier":false}},{"type":"Feature","id":"6c7c4ca38e435888","geometry":{"type":"Point","coordinates":[147.8006,-36.98773]},"properties":{"species":"Vombatus ursinus","eventDate":"2021-05-19","basisOfRecord":"OBSERVATION","license":"CC-BY 4.0 (Int)","coordinateUncertaintyM":10.0,"uncertaintyUnknown":false,"observationCount":4,"geographicOutlier":false}},{"type":"Feature","id":"7d89bc9113c42d29","geometry":{"type":"Point","coordinates":[147.8777,-35.88755]},"properties":{"species":"Vombatus ursinus","eventDate":"2021-05-19","basisOfRecord":"HUMAN_OBSERVATION","license":"CC-BY 4.0 (Int)","coordinateUncertaintyM":10.0,"uncertaintyUnknown":false,"observationCount":5,"geographicOutlier":false}},{"type":"Feature","id":"756d302cc5b0a958","geometry":{"type":"Point","coordinates":[148.64763,-37.50759]},"properties":{"species":"Vombatus ursinus","eventDate":"2021-05-19","basisOfRecord":"OCCURRENCE","license":"CC-BY 4.0 (Int)","coordinateUncertaintyM":5.0,"uncertaintyUnknown":false,"observationCount":1,"geographicOutlier":false}},{"type":"Feature","id":"06be4886b0b2def7","geometry":{"type":"Point","coordinates":[147.51208,-37.23841]},"properties":{"species":"Vombatus ursinus","eventDate":"2021-05-18","basisOfRecord":"OBSERVATION","license":"CC-BY 4.0 (Int)","coordinateUncertaintyM":10.0,"uncertaintyUnknown":false,"observationCount":3,"geographicOutlier":false}},{"type":"Feature","id":"d28971a7183ef4a0","geometry":{"type":"Point","coordinates":[145.27699,-38.1393]},"properties":{"species":"Vombatus ursinus","eventDate":"2021-05-18","basisOfRecord":"OCCURRENCE","license":"CC-BY 4.0 (Int)","coordinateUncertaintyM":10.0,"uncertaintyUnknown":false,"observationCount":17,"geographicOutlier":false}},{"type":"Feature","id":"1a6a1e542ff7bed3","geometry":{"type":"Point","coordinates":[148.65986,-37.49511]},"properties":{"species":"Vombatus ursinus","eventDate":"2021-05-18","basisOfRecord":"OCCURRENCE","license":"CC-BY 4.0 (Int)","coordinateUncertaintyM":5.0,"uncertaintyUnknown":false,"observationCount":1,"geographicOutlier":false}},{"type":"Feature","id":"62f1718a644f0c9b","geometry":{"type":"Point","coordinates":[149.379822,-37.009281]},"properties":{"species":"Vombatus ursinus","eventDate":"2021-05-17","basisOfRecord":"HUMAN_OBSERVATION","license":"CC-BY 4.0 (Int)","coordinateUncertaintyM":50.0,"uncertaintyUnknown":false,"observationCount":1,"geographicOutlier":false}},{"type":"Feature","id":"3c26229c4d8a6e9a","geometry":{"type":"Point","coordinates":[147.67147,-37.07336]},"properties":{"species":"Vombatus ursinus","eventDate":"2021-05-17","basisOfRecord":"OBSERVATION","license":"CC-BY 4.0 (Int)","coordinateUncertaintyM":10.0,"uncertaintyUnknown":false,"observationCount":2,"geographicOutlier":false}},{"type":"Feature","id":"50c0e303e257938d","geometry":{"type":"Point","coordinates":[149.790526,-32.398448]},"properties":{"species":"Vombatus ursinus","eventDate":"2021-05-16","basisOfRecord":"HUMAN_OBSERVATION","license":"CC-BY 4.0 (Int)","coordinateUncertaintyM":100.0,"uncertaintyUnknown":false,"observationCount":1,"geographicOutlier":false}},{"type":"Feature","id":"a2d53dbc4c6d6866","geometry":{"type":"Point","coordinates":[147.83899,-36.96029]},"properties":{"species":"Vombatus ursinus","eventDate":"2021-05-16","basisOfRecord":"OBSERVATION","license":"CC-BY 4.0 (Int)","coordinateUncertaintyM":10.0,"uncertaintyUnknown":false,"observationCount":1,"geographicOutlier":false}},{"type":"Feature","id":"3206cce884a112f6","geometry":{"type":"Point","coordinates":[145.26178,-38.1315]},"properties":{"species":"Vombatus ursinus","eventDate":"2021-05-16","basisOfRecord":"OCCURRENCE","license":"CC-BY 4.0 (Int)","coordinateUncertaintyM":10.0,"uncertaintyUnknown":false,"observationCount":8,"geographicOutlier":false}},{"type":"Feature","id":"772b3a3e2825a92d","geometry":{"type":"Point","coordinates":[147.52723,-37.24603]},"properties":{"species":"Vombatus ursinus","eventDate":"2021-05-15","basisOfRecord":"OBSERVATION","license":"CC-BY 4.0 (Int)","coordinateUncertaintyM":10.0,"uncertaintyUnknown":false,"observationCount":1,"geographicOutlier":false}},{"type":"Feature","id":"ceaa758452817b85","geometry":{"type":"Point","coordinates":[150.039968,-35.666439]},"properties":{"species":"Vombatus ursinus","eventDate":"2021-05-15","basisOfRecord":"HUMAN_OBSERVATION","license":"CC-BY 4.0 (Int)","coordinateUncertaintyM":10.0,"uncertaintyUnknown":false,"observationCount":1,"geographicOutlier":false}},{"type":"Feature","id":"61b4ae5cd6b02a85","geometry":{"type":"Point","coordinates":[145.2647,-38.1352]},"properties":{"species":"Vombatus ursinus","eventDate":"2021-05-14","basisOfRecord":"OCCURRENCE","license":"CC-BY 4.0 (Int)","coordinateUncertaintyM":10.0,"uncertaintyUnknown":false,"observationCount":15,"geographicOutlier":false}},{"type":"Feature","id":"f9cd424db2fb2831","geometry":{"type":"Point","coordinates":[147.50007,-37.2673]},"properties":{"species":"Vombatus ursinus","eventDate":"2021-05-14","basisOfRecord":"OBSERVATION","license":"CC-BY 4.0 (Int)","coordinateUncertaintyM":10.0,"uncertaintyUnknown":false,"observationCount":1,"geographicOutlier":false}},{"type":"Feature","id":"29f93de8bcdc07e3","geometry":{"type":"Point","coordinates":[147.80193,-36.31191]},"properties":{"species":"Vombatus ursinus","eventDate":"2021-05-14","basisOfRecord":"OBSERVATION","license":"CC-BY 4.0 (Int)","coordinateUncertaintyM":10.0,"uncertaintyUnknown":false,"observationCount":4,"geographicOutlier":false}},{"type":"Feature","id":"cc20fe32ec12dd19","geometry":{"type":"Point","coordinates":[147.78706,-36.4475]},"properties":{"species":"Vombatus ursinus","eventDate":"2021-05-13","basisOfRecord":"OBSERVATION","license":"CC-BY 4.0 (Int)","coordinateUncertaintyM":10.0,"uncertaintyUnknown":false,"observationCount":2,"geographicOutlier":false}},{"type":"Feature","id":"f0cfca8fa1c74d4a","geometry":{"type":"Point","coordinates":[149.223184,-35.471971]},"properties":{"species":"Vombatus ursinus","eventDate":"2021-05-13","basisOfRecord":"HUMAN_OBSERVATION","license":"CC-BY 4.0 (Int)","coordinateUncertaintyM":500.0,"uncertaintyUnknown":false,"observationCount":1,"geographicOutlier":false}},{"type":"Feature","id":"e044e1d1dc79e574","geometry":{"type":"Point","coordinates":[148.84878,-37.65398]},"properties":{"species":"Vombatus ursinus","eventDate":"2021-05-12","basisOfRecord":"OCCURRENCE","license":"CC-BY 4.0 (Int)","coordinateUncertaintyM":5.0,"uncertaintyUnknown":false,"observationCount":1,"geographicOutlier":false}},{"type":"Feature","id":"8e72e3c49fda3c4a","geometry":{"type":"Point","coordinates":[150.22333,-32.85376]},"properties":{"species":"Vombatus ursinus","eventDate":"2021-05-12","basisOfRecord":"HUMAN_OBSERVATION","license":"CC-BY 4.0 (Int)","coordinateUncertaintyM":10.0,"uncertaintyUnknown":false,"observationCount":20,"geographicOutlier":false}},{"type":"Feature","id":"eaddee5e6c77ce0c","geometry":{"type":"Point","coordinates":[148.68365,-37.44082]},"properties":{"species":"Vombatus ursinus","eventDate":"2021-05-12","basisOfRecord":"OCCURRENCE","license":"CC-BY 4.0 (Int)","coordinateUncertaintyM":5.0,"uncertaintyUnknown":false,"observationCount":1,"geographicOutlier":false}},{"type":"Feature","id":"b8ce80e04473a840","geometry":{"type":"Point","coordinates":[149.25002,-35.375319]},"properties":{"species":"Vombatus ursinus","eventDate":"2021-05-11","basisOfRecord":"HUMAN_OBSERVATION","license":"CC-BY 4.0 (Int)","coordinateUncertaintyM":30.0,"uncertaintyUnknown":false,"observationCount":2,"geographicOutlier":false}},{"type":"Feature","id":"53d7a2bc6b6f19c1","geometry":{"type":"Point","coordinates":[149.270018,-34.198029]},"properties":{"species":"Vombatus ursinus","eventDate":"2021-05-11","basisOfRecord":"HUMAN_OBSERVATION","license":"CC-BY 4.0 (Int)","coordinateUncertaintyM":300.0,"uncertaintyUnknown":false,"observationCount":2,"geographicOutlier":false}},{"type":"Feature","id":"5c3e8f09d3e687b9","geometry":{"type":"Point","coordinates":[147.67341,-36.25613]},"properties":{"species":"Vombatus ursinus","eventDate":"2021-05-10","basisOfRecord":"OBSERVATION","license":"CC-BY 4.0 (Int)","coordinateUncertaintyM":10.0,"uncertaintyUnknown":false,"observationCount":3,"geographicOutlier":false}},{"type":"Feature","id":"f5ebcc6d9622e2b0","geometry":{"type":"Point","coordinates":[149.325392,-34.207354]},"properties":{"species":"Vombatus ursinus","eventDate":"2021-05-10","basisOfRecord":"HUMAN_OBSERVATION","license":"CC-BY 4.0 (Int)","coordinateUncertaintyM":300.0,"uncertaintyUnknown":false,"observationCount":2,"geographicOutlier":false}},{"type":"Feature","id":"7c01e5f33e9900d5","geometry":{"type":"Point","coordinates":[148.330974,-36.011402]},"properties":{"species":"Vombatus ursinus","eventDate":"2021-05-09","basisOfRecord":"HUMAN_OBSERVATION","license":"CC-BY 4.0 (Int)","coordinateUncertaintyM":10.0,"uncertaintyUnknown":false,"observationCount":1,"geographicOutlier":false}},{"type":"Feature","id":"ba6885c69b16af51","geometry":{"type":"Point","coordinates":[149.39127,-35.56631]},"properties":{"species":"Vombatus ursinus","eventDate":"2021-05-08","basisOfRecord":"HUMAN_OBSERVATION","license":"CC-BY 4.0 (Int)","coordinateUncertaintyM":10.0,"uncertaintyUnknown":false,"observationCount":2,"geographicOutlier":false}},{"type":"Feature","id":"9e7393ed9a3cf726","geometry":{"type":"Point","coordinates":[148.32605,-36.053376]},"properties":{"species":"Vombatus ursinus","eventDate":"2021-05-08","basisOfRecord":"HUMAN_OBSERVATION","license":"CC-BY 4.0 (Int)","coordinateUncertaintyM":10.0,"uncertaintyUnknown":false,"observationCount":1,"geographicOutlier":false}},{"type":"Feature","id":"f1cdb3a12c0c43f4","geometry":{"type":"Point","coordinates":[149.96181,-37.2077]},"properties":{"species":"Vombatus ursinus","eventDate":"2021-05-07","basisOfRecord":"HUMAN_OBSERVATION","license":"CC-BY 4.0 (Int)","coordinateUncertaintyM":10.0,"uncertaintyUnknown":false,"observationCount":7,"geographicOutlier":false}},{"type":"Feature","id":"a4c00f58011cc95a","geometry":{"type":"Point","coordinates":[150.459478,-33.485543]},"properties":{"species":"Vombatus ursinus","eventDate":"2021-05-07","basisOfRecord":"HUMAN_OBSERVATION","license":"CC-BY 4.0 (Int)","coordinateUncertaintyM":1726.0,"uncertaintyUnknown":false,"observationCount":1,"geographicOutlier":false}},{"type":"Feature","id":"66c6fa83d48d2fc0","geometry":{"type":"Point","coordinates":[148.458812,-35.828708]},"properties":{"species":"Vombatus ursinus","eventDate":"2021-05-06","basisOfRecord":"HUMAN_OBSERVATION","license":"CC-BY 4.0 (Int)","coordinateUncertaintyM":10.0,"uncertaintyUnknown":false,"observationCount":1,"geographicOutlier":false}},{"type":"Feature","id":"788e03b8ab72fd10","geometry":{"type":"Point","coordinates":[149.39151,-35.5708]},"properties":{"species":"Vombatus ursinus","eventDate":"2021-05-05","basisOfRecord":"HUMAN_OBSERVATION","license":"CC-BY 4.0 (Int)","coordinateUncertaintyM":10.0,"uncertaintyUnknown":false,"observationCount":4,"geographicOutlier":false}},{"type":"Feature","id":"4bc86c77d2689fa4","geometry":{"type":"Point","coordinates":[145.63579,-38.32893]},"properties":{"species":"Vombatus ursinus","eventDate":"2021-05-04","basisOfRecord":"OCCURRENCE","license":"CC-BY 4.0 (Int)","coordinateUncertaintyM":10.0,"uncertaintyUnknown":false,"observationCount":1,"geographicOutlier":false}},{"type":"Feature","id":"b7a26700d5590069","geometry":{"type":"Point","coordinates":[145.62814,-38.31758]},"properties":{"species":"Vombatus ursinus","eventDate":"2021-05-04","basisOfRecord":"OCCURRENCE","license":"CC-BY 4.0 (Int)","coordinateUncertaintyM":10.0,"uncertaintyUnknown":false,"observationCount":1,"geographicOutlier":false}},{"type":"Feature","id":"4e16958f4d619ca2","geometry":{"type":"Point","coordinates":[145.61362,-38.3227]},"properties":{"species":"Vombatus ursinus","eventDate":"2021-05-04","basisOfRecord":"OCCURRENCE","license":"CC-BY 4.0 (Int)","coordinateUncertaintyM":10.0,"uncertaintyUnknown":false,"observationCount":2,"geographicOutlier":false}},{"type":"Feature","id":"fbf0c9764f43f871","geometry":{"type":"Point","coordinates":[145.51625,-38.58509]},"properties":{"species":"Vombatus ursinus","eventDate":"2021-05-03","basisOfRecord":"OCCURRENCE","license":"CC-BY 4.0 (Int)","coordinateUncertaintyM":10.0,"uncertaintyUnknown":false,"observationCount":1,"geographicOutlier":false}},{"type":"Feature","id":"3b33e7f1910d8602","geometry":{"type":"Point","coordinates":[145.5702,-38.64437]},"properties":{"species":"Vombatus ursinus","eventDate":"2021-05-03","basisOfRecord":"OCCURRENCE","license":"CC-BY 4.0 (Int)","coordinateUncertaintyM":10.0,"uncertaintyUnknown":false,"observationCount":1,"geographicOutlier":false}},{"type":"Feature","id":"a9046f3f1fa7ec6c","geometry":{"type":"Point","coordinates":[145.57115,-38.6412]},"properties":{"species":"Vombatus ursinus","eventDate":"2021-05-03","basisOfRecord":"OCCURRENCE","license":"CC-BY 4.0 (Int)","coordinateUncertaintyM":10.0,"uncertaintyUnknown":false,"observationCount":1,"geographicOutlier":false}},{"type":"Feature","id":"91606f81c40d9f92","geometry":{"type":"Point","coordinates":[149.8596,-36.01723]},"properties":{"species":"Vombatus ursinus","eventDate":"2021-05-03","basisOfRecord":"HUMAN_OBSERVATION","license":"CC-BY 4.0 (Int)","coordinateUncertaintyM":10.0,"uncertaintyUnknown":false,"observationCount":5,"geographicOutlier":false}},{"type":"Feature","id":"f7a3cd8ec9b147ab","geometry":{"type":"Point","coordinates":[145.57301,-38.63602]},"properties":{"species":"Vombatus ursinus","eventDate":"2021-05-03","basisOfRecord":"OCCURRENCE","license":"CC-BY 4.0 (Int)","coordinateUncertaintyM":10.0,"uncertaintyUnknown":false,"observationCount":1,"geographicOutlier":false}},{"type":"Feature","id":"6535296d29dbc4d4","geometry":{"type":"Point","coordinates":[147.79144,-36.40397]},"properties":{"species":"Vombatus ursinus","eventDate":"2021-05-02","basisOfRecord":"OBSERVATION","license":"CC-BY 4.0 (Int)","coordinateUncertaintyM":10.0,"uncertaintyUnknown":false,"observationCount":2,"geographicOutlier":false}},{"type":"Feature","id":"108b9f896336c3d8","geometry":{"type":"Point","coordinates":[148.329991,-36.020627]},"properties":{"species":"Vombatus ursinus","eventDate":"2021-05-02","basisOfRecord":"HUMAN_OBSERVATION","license":"CC-BY 4.0 (Int)","coordinateUncertaintyM":10.0,"uncertaintyUnknown":false,"observationCount":1,"geographicOutlier":false}},{"type":"Feature","id":"6b5d0a9d2b68e0a3","geometry":{"type":"Point","coordinates":[149.246689,-35.351796]},"properties":{"species":"Vombatus ursinus","eventDate":"2021-04-30","basisOfRecord":"HUMAN_OBSERVATION","license":"CC-BY 4.0 (Int)","coordinateUncertaintyM":30.0,"uncertaintyUnknown":false,"observationCount":1,"geographicOutlier":false}},{"type":"Feature","id":"abe39a6e5f080487","geometry":{"type":"Point","coordinates":[146.2433,-38.90807]},"properties":{"species":"Vombatus ursinus","eventDate":"2021-04-29","basisOfRecord":"OCCURRENCE","license":"CC-BY 4.0 (Int)","coordinateUncertaintyM":10.0,"uncertaintyUnknown":false,"observationCount":2,"geographicOutlier":false}},{"type":"Feature","id":"7624d95e974e6e92","geometry":{"type":"Point","coordinates":[150.280516,-33.441732]},"properties":{"species":"Vombatus ursinus","eventDate":"2021-04-29","basisOfRecord":"HUMAN_OBSERVATION","license":"CC-BY 4.0 (Int)","coordinateUncertaintyM":100.0,"uncertaintyUnknown":false,"observationCount":3,"geographicOutlier":false}},{"type":"Feature","id":"a1ad90c1b12d751b","geometry":{"type":"Point","coordinates":[146.25541,-38.91278]},"properties":{"species":"Vombatus ursinus","eventDate":"2021-04-29","basisOfRecord":"OCCURRENCE","license":"CC-BY 4.0 (Int)","coordinateUncertaintyM":10.0,"uncertaintyUnknown":false,"observationCount":2,"geographicOutlier":false}},{"type":"Feature","id":"5b70f1c5244a69b8","geometry":{"type":"Point","coordinates":[146.24909,-38.91304]},"properties":{"species":"Vombatus ursinus","eventDate":"2021-04-29","basisOfRecord":"OCCURRENCE","license":"CC-BY 4.0 (Int)","coordinateUncertaintyM":10.0,"uncertaintyUnknown":false,"observationCount":2,"geographicOutlier":false}},{"type":"Feature","id":"24bf7d475dde5d43","geometry":{"type":"Point","coordinates":[146.23821,-38.91469]},"properties":{"species":"Vombatus ursinus","eventDate":"2021-04-29","basisOfRecord":"OCCURRENCE","license":"CC-BY 4.0 (Int)","coordinateUncertaintyM":10.0,"uncertaintyUnknown":false,"observationCount":2,"geographicOutlier":false}},{"type":"Feature","id":"5ed1c2fd8ee1b892","geometry":{"type":"Point","coordinates":[147.4574,-37.19183]},"properties":{"species":"Vombatus ursinus","eventDate":"2021-04-28","basisOfRecord":"OBSERVATION","license":"CC-BY 4.0 (Int)","coordinateUncertaintyM":10.0,"uncertaintyUnknown":false,"observationCount":1,"geographicOutlier":false}},{"type":"Feature","id":"363c07aee79d443f","geometry":{"type":"Point","coordinates":[146.23528,-38.90502]},"properties":{"species":"Vombatus ursinus","eventDate":"2021-04-28","basisOfRecord":"OCCURRENCE","license":"CC-BY 4.0 (Int)","coordinateUncertaintyM":10.0,"uncertaintyUnknown":false,"observationCount":2,"geographicOutlier":false}},{"type":"Feature","id":"1abf5b365b2a25df","geometry":{"type":"Point","coordinates":[146.24185,-38.91039]},"properties":{"species":"Vombatus ursinus","eventDate":"2021-04-28","basisOfRecord":"OCCURRENCE","license":"CC-BY 4.0 (Int)","coordinateUncertaintyM":10.0,"uncertaintyUnknown":false,"observationCount":2,"geographicOutlier":false}},{"type":"Feature","id":"28b4e286d801c51c","geometry":{"type":"Point","coordinates":[151.082008,-33.72371]},"properties":{"species":"Vombatus ursinus","eventDate":"2021-04-28","basisOfRecord":"HUMAN_OBSERVATION","license":"CC-BY 4.0 (Int)","coordinateUncertaintyM":1110.0,"uncertaintyUnknown":false,"observationCount":1,"geographicOutlier":false}},{"type":"Feature","id":"09454e127851aabd","geometry":{"type":"Point","coordinates":[146.2874,-38.97174]},"properties":{"species":"Vombatus ursinus","eventDate":"2021-04-27","basisOfRecord":"OCCURRENCE","license":"CC-BY 4.0 (Int)","coordinateUncertaintyM":10.0,"uncertaintyUnknown":false,"observationCount":2,"geographicOutlier":false}},{"type":"Feature","id":"5f282784b8e1a610","geometry":{"type":"Point","coordinates":[145.58943,-37.54395]},"properties":{"species":"Vombatus ursinus","eventDate":"2021-04-27","basisOfRecord":"OCCURRENCE","license":"CC-BY 4.0 (Int)","coordinateUncertaintyM":10.0,"uncertaintyUnknown":false,"observationCount":1,"geographicOutlier":false}},{"type":"Feature","id":"f35742ebb34db3e5","geometry":{"type":"Point","coordinates":[146.26749,-38.9105]},"properties":{"species":"Vombatus ursinus","eventDate":"2021-04-27","basisOfRecord":"OCCURRENCE","license":"CC-BY 4.0 (Int)","coordinateUncertaintyM":10.0,"uncertaintyUnknown":false,"observationCount":2,"geographicOutlier":false}},{"type":"Feature","id":"16d69da99b5be0cc","geometry":{"type":"Point","coordinates":[150.73,-34.068]},"properties":{"species":"Vombatus ursinus","eventDate":"2021-04-27","basisOfRecord":"HUMAN_OBSERVATION","license":"CC-BY 4.0 (Int)","coordinateUncertaintyM":100.0,"uncertaintyUnknown":false,"observationCount":1,"geographicOutlier":false}},{"type":"Feature","id":"36681da180778afb","geometry":{"type":"Point","coordinates":[146.24711,-38.90531]},"properties":{"species":"Vombatus ursinus","eventDate":"2021-04-27","basisOfRecord":"OCCURRENCE","license":"CC-BY 4.0 (Int)","coordinateUncertaintyM":10.0,"uncertaintyUnknown":false,"observationCount":2,"geographicOutlier":false}},{"type":"Feature","id":"8d51f3f56d6f9879","geometry":{"type":"Point","coordinates":[149.96867,-36.29786]},"properties":{"species":"Vombatus ursinus","eventDate":"2021-04-26","basisOfRecord":"HUMAN_OBSERVATION","license":"CC-BY 4.0 (Int)","coordinateUncertaintyM":10.0,"uncertaintyUnknown":false,"observationCount":3,"geographicOutlier":false}},{"type":"Feature","id":"3adff354ae931406","geometry":{"type":"Point","coordinates":[146.27464,-38.90772]},"properties":{"species":"Vombatus ursinus","eventDate":"2021-04-26","basisOfRecord":"OCCURRENCE","license":"CC-BY 4.0 (Int)","coordinateUncertaintyM":10.0,"uncertaintyUnknown":false,"observationCount":2,"geographicOutlier":false}},{"type":"Feature","id":"d75fd9a226a8eeae","geometry":{"type":"Point","coordinates":[146.31757,-38.91572]},"properties":{"species":"Vombatus ursinus","eventDate":"2021-04-26","basisOfRecord":"OCCURRENCE","license":"CC-BY 4.0 (Int)","coordinateUncertaintyM":10.0,"uncertaintyUnknown":false,"observationCount":2,"geographicOutlier":false}},{"type":"Feature","id":"9df6d78720d28068","geometry":{"type":"Point","coordinates":[152.02332,-29.54271]},"properties":{"species":"Vombatus ursinus","eventDate":"2021-04-26","basisOfRecord":"HUMAN_OBSERVATION","license":"CC-BY 4.0 (Int)","coordinateUncertaintyM":10.0,"uncertaintyUnknown":false,"observationCount":4,"geographicOutlier":false}},{"type":"Feature","id":"562b3b0098a87d9a","geometry":{"type":"Point","coordinates":[145.497144,-37.734849]},"properties":{"species":"Vombatus ursinus","eventDate":"2021-04-24","basisOfRecord":"HUMAN_OBSERVATION","license":"CC-BY 4.0 (Int)","coordinateUncertaintyM":null,"uncertaintyUnknown":true,"observationCount":1,"geographicOutlier":false}},{"type":"Feature","id":"9b0d7494769c9b46","geometry":{"type":"Point","coordinates":[150.3138,-35.58623]},"properties":{"species":"Vombatus ursinus","eventDate":"2021-04-24","basisOfRecord":"HUMAN_OBSERVATION","license":"CC-BY 4.0 (Int)","coordinateUncertaintyM":10.0,"uncertaintyUnknown":false,"observationCount":5,"geographicOutlier":false}},{"type":"Feature","id":"8a2981f98df34b2b","geometry":{"type":"Point","coordinates":[149.788447,-35.236669]},"properties":{"species":"Vombatus ursinus","eventDate":"2021-04-23","basisOfRecord":"HUMAN_OBSERVATION","license":"CC-BY 4.0 (Int)","coordinateUncertaintyM":500.0,"uncertaintyUnknown":false,"observationCount":3,"geographicOutlier":false}},{"type":"Feature","id":"c52de87a844dbac8","geometry":{"type":"Point","coordinates":[152.02303,-29.5381]},"properties":{"species":"Vombatus ursinus","eventDate":"2021-04-23","basisOfRecord":"HUMAN_OBSERVATION","license":"CC-BY 4.0 (Int)","coordinateUncertaintyM":10.0,"uncertaintyUnknown":false,"observationCount":1,"geographicOutlier":false}},{"type":"Feature","id":"2834579b65193311","geometry":{"type":"Point","coordinates":[147.63564,-36.31967]},"properties":{"species":"Vombatus ursinus","eventDate":"2021-04-23","basisOfRecord":"OBSERVATION","license":"CC-BY 4.0 (Int)","coordinateUncertaintyM":10.0,"uncertaintyUnknown":false,"observationCount":1,"geographicOutlier":false}},{"type":"Feature","id":"38f71e4a613c8bee","geometry":{"type":"Point","coordinates":[151.441134,-32.875162]},"properties":{"species":"Vombatus ursinus","eventDate":"2021-04-23","basisOfRecord":"HUMAN_OBSERVATION","license":"CC-BY 4.0 (Int)","coordinateUncertaintyM":30.0,"uncertaintyUnknown":false,"observationCount":1,"geographicOutlier":false}},{"type":"Feature","id":"4f6db2fde362c8e9","geometry":{"type":"Point","coordinates":[149.707818,-32.209847]},"properties":{"species":"Vombatus ursinus","eventDate":"2021-04-23","basisOfRecord":"HUMAN_OBSERVATION","license":"CC-BY 4.0 (Int)","coordinateUncertaintyM":10.0,"uncertaintyUnknown":false,"observationCount":1,"geographicOutlier":false}},{"type":"Feature","id":"5ff0c253c47e1f80","geometry":{"type":"Point","coordinates":[148.49787,-35.693164]},"properties":{"species":"Vombatus ursinus","eventDate":"2021-04-22","basisOfRecord":"HUMAN_OBSERVATION","license":"CC-BY 4.0 (Int)","coordinateUncertaintyM":10.0,"uncertaintyUnknown":false,"observationCount":1,"geographicOutlier":false}},{"type":"Feature","id":"3b26a6cb85a64c36","geometry":{"type":"Point","coordinates":[145.27363,-38.1406]},"properties":{"species":"Vombatus ursinus","eventDate":"2021-04-22","basisOfRecord":"OCCURRENCE","license":"CC-BY 4.0 (Int)","coordinateUncertaintyM":10.0,"uncertaintyUnknown":false,"observationCount":4,"geographicOutlier":false}},{"type":"Feature","id":"b7c1263a7c362907","geometry":{"type":"Point","coordinates":[148.98726,-37.62806]},"properties":{"species":"Vombatus ursinus","eventDate":"2021-04-21","basisOfRecord":"OCCURRENCE","license":"CC-BY 4.0 (Int)","coordinateUncertaintyM":10.0,"uncertaintyUnknown":false,"observationCount":1,"geographicOutlier":false}},{"type":"Feature","id":"2a7604fa2522c5b5","geometry":{"type":"Point","coordinates":[148.63357,-37.7167]},"properties":{"species":"Vombatus ursinus","eventDate":"2021-04-21","basisOfRecord":"OCCURRENCE","license":"CC-BY 4.0 (Int)","coordinateUncertaintyM":10.0,"uncertaintyUnknown":false,"observationCount":2,"geographicOutlier":false}},{"type":"Feature","id":"b9b465b07670697f","geometry":{"type":"Point","coordinates":[147.78976,-36.46575]},"properties":{"species":"Vombatus ursinus","eventDate":"2021-04-21","basisOfRecord":"OBSERVATION","license":"CC-BY 4.0 (Int)","coordinateUncertaintyM":10.0,"uncertaintyUnknown":false,"observationCount":1,"geographicOutlier":false}},{"type":"Feature","id":"70d90621b2d6ec0a","geometry":{"type":"Point","coordinates":[148.516712,-35.646521]},"properties":{"species":"Vombatus ursinus","eventDate":"2021-04-21","basisOfRecord":"HUMAN_OBSERVATION","license":"CC-BY 4.0 (Int)","coordinateUncertaintyM":10.0,"uncertaintyUnknown":false,"observationCount":1,"geographicOutlier":false}},{"type":"Feature","id":"3363300328887eba","geometry":{"type":"Point","coordinates":[148.3995,-37.61316]},"properties":{"species":"Vombatus ursinus","eventDate":"2021-04-20","basisOfRecord":"OCCURRENCE","license":"CC-BY 4.0 (Int)","coordinateUncertaintyM":10.0,"uncertaintyUnknown":false,"observationCount":1,"geographicOutlier":false}},{"type":"Feature","id":"cea5c3623ef9c8dd","geometry":{"type":"Point","coordinates":[145.93729,-37.53]},"properties":{"species":"Vombatus ursinus","eventDate":"2021-04-20","basisOfRecord":"OBSERVATION","license":"CC-BY 4.0 (Int)","coordinateUncertaintyM":10.0,"uncertaintyUnknown":false,"observationCount":1,"geographicOutlier":false}},{"type":"Feature","id":"4c26dcef1bb98d15","geometry":{"type":"Point","coordinates":[148.58365,-37.2395]},"properties":{"species":"Vombatus ursinus","eventDate":"2021-04-20","basisOfRecord":"OCCURRENCE","license":"CC-BY 4.0 (Int)","coordinateUncertaintyM":10.0,"uncertaintyUnknown":false,"observationCount":2,"geographicOutlier":false}},{"type":"Feature","id":"0722df342793bd88","geometry":{"type":"Point","coordinates":[146.94035,-37.42161]},"properties":{"species":"Vombatus ursinus","eventDate":"2021-04-19","basisOfRecord":"OCCURRENCE","license":"CC-BY 4.0 (Int)","coordinateUncertaintyM":80.0,"uncertaintyUnknown":false,"observationCount":1,"geographicOutlier":false}},{"type":"Feature","id":"017f143a93dfb1f8","geometry":{"type":"Point","coordinates":[148.328285,-36.03655]},"properties":{"species":"Vombatus ursinus","eventDate":"2021-04-19","basisOfRecord":"HUMAN_OBSERVATION","license":"CC-BY 4.0 (Int)","coordinateUncertaintyM":10.0,"uncertaintyUnknown":false,"observationCount":1,"geographicOutlier":false}},{"type":"Feature","id":"0ef939ef80961767","geometry":{"type":"Point","coordinates":[150.10235,-32.34973]},"properties":{"species":"Vombatus ursinus","eventDate":"2021-04-18","basisOfRecord":"HUMAN_OBSERVATION","license":"CC-BY 4.0 (Int)","coordinateUncertaintyM":10.0,"uncertaintyUnknown":false,"observationCount":5,"geographicOutlier":false}},{"type":"Feature","id":"6d9c7f96ea306fc3","geometry":{"type":"Point","coordinates":[145.538662,-37.759096]},"properties":{"species":"Vombatus ursinus","eventDate":"2021-04-17","basisOfRecord":"HUMAN_OBSERVATION","license":"CC-BY 4.0 (Int)","coordinateUncertaintyM":50.0,"uncertaintyUnknown":false,"observationCount":1,"geographicOutlier":false}},{"type":"Feature","id":"510f99276a5a05e7","geometry":{"type":"Point","coordinates":[149.570124,-35.178853]},"properties":{"species":"Vombatus ursinus","eventDate":"2021-04-16","basisOfRecord":"HUMAN_OBSERVATION","license":"CC-BY 4.0 (Int)","coordinateUncertaintyM":30.0,"uncertaintyUnknown":false,"observationCount":1,"geographicOutlier":false}},{"type":"Feature","id":"4597a80a92fb335a","geometry":{"type":"Point","coordinates":[148.314523,-36.042033]},"properties":{"species":"Vombatus ursinus","eventDate":"2021-04-15","basisOfRecord":"HUMAN_OBSERVATION","license":"CC-BY 4.0 (Int)","coordinateUncertaintyM":10.0,"uncertaintyUnknown":false,"observationCount":1,"geographicOutlier":false}},{"type":"Feature","id":"2f5bc4f83d6da75d","geometry":{"type":"Point","coordinates":[146.15744,-37.53581]},"properties":{"species":"Vombatus ursinus","eventDate":"2021-04-15","basisOfRecord":"OBSERVATION","license":"CC-BY 4.0 (Int)","coordinateUncertaintyM":10.0,"uncertaintyUnknown":false,"observationCount":1,"geographicOutlier":false}},{"type":"Feature","id":"04a32da802805ff3","geometry":{"type":"Point","coordinates":[148.74382,-37.59922]},"properties":{"species":"Vombatus ursinus","eventDate":"2021-04-14","basisOfRecord":"OBSERVATION","license":"CC-BY 4.0 (Int)","coordinateUncertaintyM":10.0,"uncertaintyUnknown":false,"observationCount":1,"geographicOutlier":false}},{"type":"Feature","id":"4361c474d63c92fc","geometry":{"type":"Point","coordinates":[146.14575,-37.61595]},"properties":{"species":"Vombatus ursinus","eventDate":"2021-04-14","basisOfRecord":"OBSERVATION","license":"CC-BY 4.0 (Int)","coordinateUncertaintyM":10.0,"uncertaintyUnknown":false,"observationCount":1,"geographicOutlier":false}},{"type":"Feature","id":"4d16c38bb64c37ce","geometry":{"type":"Point","coordinates":[149.244428,-35.34661]},"properties":{"species":"Vombatus ursinus","eventDate":"2021-04-13","basisOfRecord":"HUMAN_OBSERVATION","license":"CC-BY 4.0 (Int)","coordinateUncertaintyM":30.0,"uncertaintyUnknown":false,"observationCount":1,"geographicOutlier":false}},{"type":"Feature","id":"5f8db7cbd757308a","geometry":{"type":"Point","coordinates":[148.299041,-36.037719]},"properties":{"species":"Vombatus ursinus","eventDate":"2021-04-13","basisOfRecord":"HUMAN_OBSERVATION","license":"CC-BY 4.0 (Int)","coordinateUncertaintyM":10.0,"uncertaintyUnknown":false,"observationCount":1,"geographicOutlier":false}},{"type":"Feature","id":"a91f18a46a450c28","geometry":{"type":"Point","coordinates":[148.32404,-35.39254]},"properties":{"species":"Vombatus ursinus","eventDate":"2021-04-12","basisOfRecord":"HUMAN_OBSERVATION","license":"CC-BY 4.0 (Int)","coordinateUncertaintyM":10.0,"uncertaintyUnknown":false,"observationCount":6,"geographicOutlier":false}},{"type":"Feature","id":"d4eae5c095a426a6","geometry":{"type":"Point","coordinates":[147.22932,-38.24923]},"properties":{"species":"Vombatus ursinus","eventDate":"2021-04-12","basisOfRecord":"OCCURRENCE","license":"CC-BY 4.0 (Int)","coordinateUncertaintyM":100.0,"uncertaintyUnknown":false,"observationCount":1,"geographicOutlier":false}},{"type":"Feature","id":"24e91d45d8f62c81","geometry":{"type":"Point","coordinates":[148.43913,-35.39961]},"properties":{"species":"Vombatus ursinus","eventDate":"2021-04-11","basisOfRecord":"HUMAN_OBSERVATION","license":"CC-BY 4.0 (Int)","coordinateUncertaintyM":10.0,"uncertaintyUnknown":false,"observationCount":7,"geographicOutlier":false}},{"type":"Feature","id":"be7ef1d99f2e114e","geometry":{"type":"Point","coordinates":[148.32444,-35.39715]},"properties":{"species":"Vombatus ursinus","eventDate":"2021-04-11","basisOfRecord":"HUMAN_OBSERVATION","license":"CC-BY 4.0 (Int)","coordinateUncertaintyM":10.0,"uncertaintyUnknown":false,"observationCount":7,"geographicOutlier":false}},{"type":"Feature","id":"cbad99c2a21094c2","geometry":{"type":"Point","coordinates":[149.92572,-36.98332]},"properties":{"species":"Vombatus ursinus","eventDate":"2021-04-10","basisOfRecord":"HUMAN_OBSERVATION","license":"CC-BY 4.0 (Int)","coordinateUncertaintyM":10.0,"uncertaintyUnknown":false,"observationCount":1,"geographicOutlier":false}},{"type":"Feature","id":"c0c18d4c30850745","geometry":{"type":"Point","coordinates":[148.43439,-35.40485]},"properties":{"species":"Vombatus ursinus","eventDate":"2021-04-08","basisOfRecord":"HUMAN_OBSERVATION","license":"CC-BY 4.0 (Int)","coordinateUncertaintyM":10.0,"uncertaintyUnknown":false,"observationCount":4,"geographicOutlier":false}},{"type":"Feature","id":"909b173d3f37e7cf","geometry":{"type":"Point","coordinates":[145.81612,-37.7723]},"properties":{"species":"Vombatus ursinus","eventDate":"2021-04-08","basisOfRecord":"OCCURRENCE","license":"CC-BY 4.0 (Int)","coordinateUncertaintyM":10.0,"uncertaintyUnknown":false,"observationCount":1,"geographicOutlier":false}},{"type":"Feature","id":"5c2259b499447381","geometry":{"type":"Point","coordinates":[149.325617,-33.474708]},"properties":{"species":"Vombatus ursinus","eventDate":"2021-04-07","basisOfRecord":"HUMAN_OBSERVATION","license":"CC-BY 4.0 (Int)","coordinateUncertaintyM":100.0,"uncertaintyUnknown":false,"observationCount":1,"geographicOutlier":false}},{"type":"Feature","id":"153a9193ad3df27a","geometry":{"type":"Point","coordinates":[149.49941,-35.21853]},"properties":{"species":"Vombatus ursinus","eventDate":"2021-04-06","basisOfRecord":"HUMAN_OBSERVATION","license":"CC-BY 4.0 (Int)","coordinateUncertaintyM":500.0,"uncertaintyUnknown":false,"observationCount":1,"geographicOutlier":false}},{"type":"Feature","id":"06f365ce7d238d5d","geometry":{"type":"Point","coordinates":[148.285232,-36.043218]},"properties":{"species":"Vombatus ursinus","eventDate":"2021-04-05","basisOfRecord":"HUMAN_OBSERVATION","license":"CC-BY 4.0 (Int)","coordinateUncertaintyM":10.0,"uncertaintyUnknown":false,"observationCount":1,"geographicOutlier":false}},{"type":"Feature","id":"bb701d8b29de8d12","geometry":{"type":"Point","coordinates":[150.019228,-35.631683]},"properties":{"species":"Vombatus ursinus","eventDate":"2021-04-03","basisOfRecord":"HUMAN_OBSERVATION","license":"CC-BY 4.0 (Int)","coordinateUncertaintyM":10.0,"uncertaintyUnknown":false,"observationCount":1,"geographicOutlier":false}},{"type":"Feature","id":"32bf91b1014e62a5","geometry":{"type":"Point","coordinates":[147.54047,-36.84424]},"properties":{"species":"Vombatus ursinus","eventDate":"2021-04-01","basisOfRecord":"OCCURRENCE","license":"CC-BY 4.0 (Int)","coordinateUncertaintyM":5.0,"uncertaintyUnknown":false,"observationCount":1,"geographicOutlier":false}},{"type":"Feature","id":"08b73d6017e1dca7","geometry":{"type":"Point","coordinates":[150.22691,-32.84927]},"properties":{"species":"Vombatus ursinus","eventDate":"2021-04-01","basisOfRecord":"HUMAN_OBSERVATION","license":"CC-BY 4.0 (Int)","coordinateUncertaintyM":10.0,"uncertaintyUnknown":false,"observationCount":1,"geographicOutlier":false}},{"type":"Feature","id":"22e8a563ef3977fe","geometry":{"type":"Point","coordinates":[149.831801,-37.35772]},"properties":{"species":"Vombatus ursinus","eventDate":"2021-03-31","basisOfRecord":"HUMAN_OBSERVATION","license":"CC-BY 4.0 (Int)","coordinateUncertaintyM":10.0,"uncertaintyUnknown":false,"observationCount":1,"geographicOutlier":false}},{"type":"Feature","id":"1b906a8d1f51c4dd","geometry":{"type":"Point","coordinates":[149.24201,-35.388331]},"properties":{"species":"Vombatus ursinus","eventDate":"2021-03-30","basisOfRecord":"HUMAN_OBSERVATION","license":"CC-BY 4.0 (Int)","coordinateUncertaintyM":500.0,"uncertaintyUnknown":false,"observationCount":2,"geographicOutlier":false}},{"type":"Feature","id":"b2976e278839e080","geometry":{"type":"Point","coordinates":[147.64414,-36.40044]},"properties":{"species":"Vombatus ursinus","eventDate":"2021-03-29","basisOfRecord":"OCCURRENCE","license":"CC-BY 4.0 (Int)","coordinateUncertaintyM":5.0,"uncertaintyUnknown":false,"observationCount":1,"geographicOutlier":false}},{"type":"Feature","id":"9607a172a393a059","geometry":{"type":"Point","coordinates":[148.285567,-36.015754]},"properties":{"species":"Vombatus ursinus","eventDate":"2021-03-27","basisOfRecord":"HUMAN_OBSERVATION","license":"CC-BY 4.0 (Int)","coordinateUncertaintyM":10.0,"uncertaintyUnknown":false,"observationCount":1,"geographicOutlier":false}},{"type":"Feature","id":"6c4556a960ab8968","geometry":{"type":"Point","coordinates":[150.949927,-34.118329]},"properties":{"species":"Vombatus ursinus","eventDate":"2021-03-26","basisOfRecord":"HUMAN_OBSERVATION","license":"CC-BY 4.0 (Int)","coordinateUncertaintyM":10.0,"uncertaintyUnknown":false,"observationCount":1,"geographicOutlier":false}},{"type":"Feature","id":"e6c87fc77466aa87","geometry":{"type":"Point","coordinates":[149.236239,-35.375563]},"properties":{"species":"Vombatus ursinus","eventDate":"2021-03-26","basisOfRecord":"HUMAN_OBSERVATION","license":"CC-BY 4.0 (Int)","coordinateUncertaintyM":30.0,"uncertaintyUnknown":false,"observationCount":1,"geographicOutlier":false}},{"type":"Feature","id":"ec0155f9a9e1f0e1","geometry":{"type":"Point","coordinates":[149.283954,-36.50587]},"properties":{"species":"Vombatus ursinus","eventDate":"2021-03-25","basisOfRecord":"HUMAN_OBSERVATION","license":"CC-BY 4.0 (Int)","coordinateUncertaintyM":30.0,"uncertaintyUnknown":false,"observationCount":1,"geographicOutlier":false}},{"type":"Feature","id":"f00406ca075d02b6","geometry":{"type":"Point","coordinates":[150.21181,-35.0746]},"properties":{"species":"Vombatus ursinus","eventDate":"2021-03-25","basisOfRecord":"HUMAN_OBSERVATION","license":"CC-BY 4.0 (Int)","coordinateUncertaintyM":10.0,"uncertaintyUnknown":false,"observationCount":12,"geographicOutlier":false}},{"type":"Feature","id":"db24ee99e0ea66cd","geometry":{"type":"Point","coordinates":[146.32816,-38.91691]},"properties":{"species":"Vombatus ursinus","eventDate":"2021-03-25","basisOfRecord":"OBSERVATION","license":"CC-BY 4.0 (Int)","coordinateUncertaintyM":10.0,"uncertaintyUnknown":false,"observationCount":4,"geographicOutlier":false}},{"type":"Feature","id":"bb628ed4e9f77429","geometry":{"type":"Point","coordinates":[150.1119,-33.4828]},"properties":{"species":"Vombatus ursinus","eventDate":"2021-03-24","basisOfRecord":"HUMAN_OBSERVATION","license":"CC-BY 4.0 (Int)","coordinateUncertaintyM":10.0,"uncertaintyUnknown":false,"observationCount":4,"geographicOutlier":false}},{"type":"Feature","id":"1bab7755ef29b02f","geometry":{"type":"Point","coordinates":[150.01635,-34.80498]},"properties":{"species":"Vombatus ursinus","eventDate":"2021-03-23","basisOfRecord":"HUMAN_OBSERVATION","license":"CC-BY 4.0 (Int)","coordinateUncertaintyM":10.0,"uncertaintyUnknown":false,"observationCount":5,"geographicOutlier":false}},{"type":"Feature","id":"dece0c302198e0e1","geometry":{"type":"Point","coordinates":[146.42465,-38.91944]},"properties":{"species":"Vombatus ursinus","eventDate":"2021-03-23","basisOfRecord":"OBSERVATION","license":"CC-BY 4.0 (Int)","coordinateUncertaintyM":10.0,"uncertaintyUnknown":false,"observationCount":1,"geographicOutlier":false}},{"type":"Feature","id":"75d46d2efaae1992","geometry":{"type":"Point","coordinates":[146.3876,-38.91786]},"properties":{"species":"Vombatus ursinus","eventDate":"2021-03-22","basisOfRecord":"OBSERVATION","license":"CC-BY 4.0 (Int)","coordinateUncertaintyM":10.0,"uncertaintyUnknown":false,"observationCount":3,"geographicOutlier":false}},{"type":"Feature","id":"86ee725a5e633e6d","geometry":{"type":"Point","coordinates":[146.38277,-38.91776]},"properties":{"species":"Vombatus ursinus","eventDate":"2021-03-21","basisOfRecord":"OBSERVATION","license":"CC-BY 4.0 (Int)","coordinateUncertaintyM":10.0,"uncertaintyUnknown":false,"observationCount":4,"geographicOutlier":false}},{"type":"Feature","id":"8121ea06058938fb","geometry":{"type":"Point","coordinates":[150.01543,-34.80827]},"properties":{"species":"Vombatus ursinus","eventDate":"2021-03-20","basisOfRecord":"HUMAN_OBSERVATION","license":"CC-BY 4.0 (Int)","coordinateUncertaintyM":10.0,"uncertaintyUnknown":false,"observationCount":1,"geographicOutlier":false}},{"type":"Feature","id":"769bbf9a11cefec7","geometry":{"type":"Point","coordinates":[148.329508,-36.022359]},"properties":{"species":"Vombatus ursinus","eventDate":"2021-03-20","basisOfRecord":"HUMAN_OBSERVATION","license":"CC-BY 4.0 (Int)","coordinateUncertaintyM":10.0,"uncertaintyUnknown":false,"observationCount":1,"geographicOutlier":false}},{"type":"Feature","id":"a162aef4f2e34493","geometry":{"type":"Point","coordinates":[144.267,-37.4064]},"properties":{"species":"Vombatus ursinus","eventDate":"2021-03-19","basisOfRecord":"OCCURRENCE","license":"CC-BY 4.0 (Int)","coordinateUncertaintyM":5.0,"uncertaintyUnknown":false,"observationCount":1,"geographicOutlier":false}},{"type":"Feature","id":"828d2e1ec93ed2a2","geometry":{"type":"Point","coordinates":[146.33792,-38.91653]},"properties":{"species":"Vombatus ursinus","eventDate":"2021-03-19","basisOfRecord":"OBSERVATION","license":"CC-BY 4.0 (Int)","coordinateUncertaintyM":10.0,"uncertaintyUnknown":false,"observationCount":2,"geographicOutlier":false}},{"type":"Feature","id":"6fabcdbb900c2c44","geometry":{"type":"Point","coordinates":[149.01361,-37.63162]},"properties":{"species":"Vombatus ursinus","eventDate":"2021-03-18","basisOfRecord":"OBSERVATION","license":"CC-BY 4.0 (Int)","coordinateUncertaintyM":10.0,"uncertaintyUnknown":false,"observationCount":1,"geographicOutlier":false}},{"type":"Feature","id":"15e70b54c998d800","geometry":{"type":"Point","coordinates":[146.33155,-38.91736]},"properties":{"species":"Vombatus ursinus","eventDate":"2021-03-18","basisOfRecord":"OBSERVATION","license":"CC-BY 4.0 (Int)","coordinateUncertaintyM":10.0,"uncertaintyUnknown":false,"observationCount":4,"geographicOutlier":false}},{"type":"Feature","id":"2ab3b5baea2793b9","geometry":{"type":"Point","coordinates":[149.76563,-33.49228]},"properties":{"species":"Vombatus ursinus","eventDate":"2021-03-17","basisOfRecord":"HUMAN_OBSERVATION","license":"CC-BY 4.0 (Int)","coordinateUncertaintyM":10.0,"uncertaintyUnknown":false,"observationCount":1,"geographicOutlier":false}},{"type":"Feature","id":"faabcaac2c9bc441","geometry":{"type":"Point","coordinates":[147.32426,-35.98024]},"properties":{"species":"Vombatus ursinus","eventDate":"2021-03-17","basisOfRecord":"HUMAN_OBSERVATION","license":"CC-BY 4.0 (Int)","coordinateUncertaintyM":10.0,"uncertaintyUnknown":false,"observationCount":1,"geographicOutlier":false}},{"type":"Feature","id":"c6141ca0bccd5d0d","geometry":{"type":"Point","coordinates":[149.168451,-35.964525]},"properties":{"species":"Vombatus ursinus","eventDate":"2021-03-17","basisOfRecord":"HUMAN_OBSERVATION","license":"CC-BY 4.0 (Int)","coordinateUncertaintyM":30.0,"uncertaintyUnknown":false,"observationCount":1,"geographicOutlier":false}},{"type":"Feature","id":"538c495cfaa8b74f","geometry":{"type":"Point","coordinates":[146.37793,-38.91477]},"properties":{"species":"Vombatus ursinus","eventDate":"2021-03-16","basisOfRecord":"OBSERVATION","license":"CC-BY 4.0 (Int)","coordinateUncertaintyM":10.0,"uncertaintyUnknown":false,"observationCount":2,"geographicOutlier":false}},{"type":"Feature","id":"9d3afdf32625a125","geometry":{"type":"Point","coordinates":[147.51142,-38.06835]},"properties":{"species":"Vombatus ursinus","eventDate":"2021-03-16","basisOfRecord":"OCCURRENCE","license":"CC-BY 4.0 (Int)","coordinateUncertaintyM":10.0,"uncertaintyUnknown":false,"observationCount":2,"geographicOutlier":false}},{"type":"Feature","id":"916e987cdcb9de74","geometry":{"type":"Point","coordinates":[146.4642,-38.92464]},"properties":{"species":"Vombatus ursinus","eventDate":"2021-03-16","basisOfRecord":"OBSERVATION","license":"CC-BY 4.0 (Int)","coordinateUncertaintyM":10.0,"uncertaintyUnknown":false,"observationCount":1,"geographicOutlier":false}},{"type":"Feature","id":"ef9041da2fa7763f","geometry":{"type":"Point","coordinates":[146.42836,-38.91987]},"properties":{"species":"Vombatus ursinus","eventDate":"2021-03-15","basisOfRecord":"OBSERVATION","license":"CC-BY 4.0 (Int)","coordinateUncertaintyM":10.0,"uncertaintyUnknown":false,"observationCount":1,"geographicOutlier":false}},{"type":"Feature","id":"e7deeadafc99e474","geometry":{"type":"Point","coordinates":[146.40338,-38.91966]},"properties":{"species":"Vombatus ursinus","eventDate":"2021-03-15","basisOfRecord":"OBSERVATION","license":"CC-BY 4.0 (Int)","coordinateUncertaintyM":10.0,"uncertaintyUnknown":false,"observationCount":1,"geographicOutlier":false}},{"type":"Feature","id":"777667293f69b15f","geometry":{"type":"Point","coordinates":[146.41327,-38.91717]},"properties":{"species":"Vombatus ursinus","eventDate":"2021-03-15","basisOfRecord":"OBSERVATION","license":"CC-BY 4.0 (Int)","coordinateUncertaintyM":10.0,"uncertaintyUnknown":false,"observationCount":3,"geographicOutlier":false}},{"type":"Feature","id":"97e958460d7ca93a","geometry":{"type":"Point","coordinates":[146.35522,-38.91365]},"properties":{"species":"Vombatus ursinus","eventDate":"2021-03-15","basisOfRecord":"OBSERVATION","license":"CC-BY 4.0 (Int)","coordinateUncertaintyM":10.0,"uncertaintyUnknown":false,"observationCount":2,"geographicOutlier":false}},{"type":"Feature","id":"fabe956b65203647","geometry":{"type":"Point","coordinates":[146.44288,-38.919]},"properties":{"species":"Vombatus ursinus","eventDate":"2021-03-14","basisOfRecord":"OBSERVATION","license":"CC-BY 4.0 (Int)","coordinateUncertaintyM":10.0,"uncertaintyUnknown":false,"observationCount":2,"geographicOutlier":false}},{"type":"Feature","id":"b8b92f6adeacc545","geometry":{"type":"Point","coordinates":[147.59535,-35.87573]},"properties":{"species":"Vombatus ursinus","eventDate":"2021-03-13","basisOfRecord":"HUMAN_OBSERVATION","license":"CC-BY 4.0 (Int)","coordinateUncertaintyM":10.0,"uncertaintyUnknown":false,"observationCount":3,"geographicOutlier":false}},{"type":"Feature","id":"a120ac28143b4c5d","geometry":{"type":"Point","coordinates":[146.40186,-38.92028]},"properties":{"species":"Vombatus ursinus","eventDate":"2021-03-13","basisOfRecord":"OBSERVATION","license":"CC-BY 4.0 (Int)","coordinateUncertaintyM":10.0,"uncertaintyUnknown":false,"observationCount":1,"geographicOutlier":false}},{"type":"Feature","id":"1077b6f57b3ed57b","geometry":{"type":"Point","coordinates":[149.838111,-37.340952]},"properties":{"species":"Vombatus ursinus","eventDate":"2021-03-11","basisOfRecord":"HUMAN_OBSERVATION","license":"CC-BY 4.0 (Int)","coordinateUncertaintyM":10.0,"uncertaintyUnknown":false,"observationCount":1,"geographicOutlier":false}},{"type":"Feature","id":"ffef12747c257229","geometry":{"type":"Point","coordinates":[146.43722,-38.92015]},"properties":{"species":"Vombatus ursinus","eventDate":"2021-03-11","basisOfRecord":"OBSERVATION","license":"CC-BY 4.0 (Int)","coordinateUncertaintyM":10.0,"uncertaintyUnknown":false,"observationCount":2,"geographicOutlier":false}},{"type":"Feature","id":"8da2dff58428917a","geometry":{"type":"Point","coordinates":[148.512459,-35.71361]},"properties":{"species":"Vombatus ursinus","eventDate":"2021-03-11","basisOfRecord":"HUMAN_OBSERVATION","license":"CC-BY 4.0 (Int)","coordinateUncertaintyM":10.0,"uncertaintyUnknown":false,"observationCount":1,"geographicOutlier":false}},{"type":"Feature","id":"54e86794ad9fa70e","geometry":{"type":"Point","coordinates":[148.527155,-35.649907]},"properties":{"species":"Vombatus ursinus","eventDate":"2021-03-10","basisOfRecord":"HUMAN_OBSERVATION","license":"CC-BY 4.0 (Int)","coordinateUncertaintyM":10.0,"uncertaintyUnknown":false,"observationCount":1,"geographicOutlier":false}},{"type":"Feature","id":"79a6f0fd749aebd2","geometry":{"type":"Point","coordinates":[146.39066,-38.91897]},"properties":{"species":"Vombatus ursinus","eventDate":"2021-03-10","basisOfRecord":"OBSERVATION","license":"CC-BY 4.0 (Int)","coordinateUncertaintyM":10.0,"uncertaintyUnknown":false,"observationCount":1,"geographicOutlier":false}},{"type":"Feature","id":"1793f98efe4e36ba","geometry":{"type":"Point","coordinates":[150.409975,-34.550556]},"properties":{"species":"Vombatus ursinus","eventDate":"2021-03-10","basisOfRecord":"HUMAN_OBSERVATION","license":"CC-BY 4.0 (Int)","coordinateUncertaintyM":50.0,"uncertaintyUnknown":false,"observationCount":1,"geographicOutlier":false}},{"type":"Feature","id":"482e65806cd99215","geometry":{"type":"Point","coordinates":[149.08806,-37.65775]},"properties":{"species":"Vombatus ursinus","eventDate":"2021-03-10","basisOfRecord":"OCCURRENCE","license":"CC-BY 4.0 (Int)","coordinateUncertaintyM":5.0,"uncertaintyUnknown":false,"observationCount":1,"geographicOutlier":false}},{"type":"Feature","id":"ec2c2f2f1bde87e2","geometry":{"type":"Point","coordinates":[146.37008,-37.93908]},"properties":{"species":"Vombatus ursinus","eventDate":"2021-03-09","basisOfRecord":"OBSERVATION","license":"CC-BY 4.0 (Int)","coordinateUncertaintyM":10.0,"uncertaintyUnknown":false,"observationCount":1,"geographicOutlier":false}},{"type":"Feature","id":"bd31afc4bec5c4b4","geometry":{"type":"Point","coordinates":[147.53291,-38.08213]},"properties":{"species":"Vombatus ursinus","eventDate":"2021-03-09","basisOfRecord":"OCCURRENCE","license":"CC-BY 4.0 (Int)","coordinateUncertaintyM":10.0,"uncertaintyUnknown":false,"observationCount":2,"geographicOutlier":false}},{"type":"Feature","id":"ad0c3be7cdc37145","geometry":{"type":"Point","coordinates":[147.53719,-38.07925]},"properties":{"species":"Vombatus ursinus","eventDate":"2021-03-09","basisOfRecord":"OCCURRENCE","license":"CC-BY 4.0 (Int)","coordinateUncertaintyM":10.0,"uncertaintyUnknown":false,"observationCount":2,"geographicOutlier":false}},{"type":"Feature","id":"1ffdd4f63fcd2b47","geometry":{"type":"Point","coordinates":[148.330901,-36.013304]},"properties":{"species":"Vombatus ursinus","eventDate":"2021-03-07","basisOfRecord":"HUMAN_OBSERVATION","license":"CC-BY 4.0 (Int)","coordinateUncertaintyM":10.0,"uncertaintyUnknown":false,"observationCount":1,"geographicOutlier":false}},{"type":"Feature","id":"f097d79eef88cf42","geometry":{"type":"Point","coordinates":[144.2892,-37.4918]},"properties":{"species":"Vombatus ursinus","eventDate":"2021-03-05","basisOfRecord":"OCCURRENCE","license":"CC-BY 4.0 (Int)","coordinateUncertaintyM":80.0,"uncertaintyUnknown":false,"observationCount":1,"geographicOutlier":false}},{"type":"Feature","id":"a5c181d5f79122ce","geometry":{"type":"Point","coordinates":[147.58319,-37.34324]},"properties":{"species":"Vombatus ursinus","eventDate":"2021-03-04","basisOfRecord":"OCCURRENCE","license":"CC-BY 4.0 (Int)","coordinateUncertaintyM":10.0,"uncertaintyUnknown":false,"observationCount":1,"geographicOutlier":false}},{"type":"Feature","id":"bbf5a6afe3e036ab","geometry":{"type":"Point","coordinates":[147.767378,-37.352257]},"properties":{"species":"Vombatus ursinus","eventDate":"2021-03-02","basisOfRecord":"HUMAN_OBSERVATION","license":"CC-BY 4.0 (Int)","coordinateUncertaintyM":null,"uncertaintyUnknown":true,"observationCount":1,"geographicOutlier":false}},{"type":"Feature","id":"3efc3ab0c9407a07","geometry":{"type":"Point","coordinates":[148.493379,-35.696233]},"properties":{"species":"Vombatus ursinus","eventDate":"2021-02-28","basisOfRecord":"HUMAN_OBSERVATION","license":"CC-BY 4.0 (Int)","coordinateUncertaintyM":10.0,"uncertaintyUnknown":false,"observationCount":1,"geographicOutlier":false}},{"type":"Feature","id":"155dadfd4f104ada","geometry":{"type":"Point","coordinates":[148.59694,-34.97908]},"properties":{"species":"Vombatus ursinus","eventDate":"2021-02-26","basisOfRecord":"HUMAN_OBSERVATION","license":"CC-BY 4.0 (Int)","coordinateUncertaintyM":10.0,"uncertaintyUnknown":false,"observationCount":1,"geographicOutlier":false}},{"type":"Feature","id":"9913b1bc35298a59","geometry":{"type":"Point","coordinates":[151.963852,-29.483223]},"properties":{"species":"Vombatus ursinus","eventDate":"2021-02-25","basisOfRecord":"HUMAN_OBSERVATION","license":"CC-BY 4.0 (Int)","coordinateUncertaintyM":5.0,"uncertaintyUnknown":false,"observationCount":1,"geographicOutlier":false}},{"type":"Feature","id":"1b760a91e0cc1740","geometry":{"type":"Point","coordinates":[147.94042,-37.74017]},"properties":{"species":"Vombatus ursinus","eventDate":"2021-02-24","basisOfRecord":"OCCURRENCE","license":"CC-BY 4.0 (Int)","coordinateUncertaintyM":5.0,"uncertaintyUnknown":false,"observationCount":1,"geographicOutlier":false}},{"type":"Feature","id":"4e342352e6d610e5","geometry":{"type":"Point","coordinates":[145.59844,-37.79366]},"properties":{"species":"Vombatus ursinus","eventDate":"2021-02-23","basisOfRecord":"OCCURRENCE","license":"CC-BY 4.0 (Int)","coordinateUncertaintyM":50.0,"uncertaintyUnknown":false,"observationCount":1,"geographicOutlier":false}},{"type":"Feature","id":"a13b6651f3219582","geometry":{"type":"Point","coordinates":[148.519064,-35.746287]},"properties":{"species":"Vombatus ursinus","eventDate":"2021-02-20","basisOfRecord":"HUMAN_OBSERVATION","license":"CC-BY 4.0 (Int)","coordinateUncertaintyM":10.0,"uncertaintyUnknown":false,"observationCount":1,"geographicOutlier":false}},{"type":"Feature","id":"1ada0ef33ce71800","geometry":{"type":"Point","coordinates":[148.332655,-35.980695]},"properties":{"species":"Vombatus ursinus","eventDate":"2021-02-18","basisOfRecord":"HUMAN_OBSERVATION","license":"CC-BY 4.0 (Int)","coordinateUncertaintyM":10.0,"uncertaintyUnknown":false,"observationCount":1,"geographicOutlier":false}},{"type":"Feature","id":"22fe8435359d89dc","geometry":{"type":"Point","coordinates":[143.394,-37.416]},"properties":{"species":"Vombatus ursinus","eventDate":"2021-02-18","basisOfRecord":"OBSERVATION","license":"CC-BY 4.0 (Int)","coordinateUncertaintyM":10.0,"uncertaintyUnknown":false,"observationCount":1,"geographicOutlier":false}},{"type":"Feature","id":"0ab99356d12d4b46","geometry":{"type":"Point","coordinates":[148.71952,-37.49351]},"properties":{"species":"Vombatus ursinus","eventDate":"2021-02-17","basisOfRecord":"OCCURRENCE","license":"CC-BY 4.0 (Int)","coordinateUncertaintyM":10.0,"uncertaintyUnknown":false,"observationCount":1,"geographicOutlier":false}},{"type":"Feature","id":"2905a0e69c0ae333","geometry":{"type":"Point","coordinates":[148.478067,-36.105848]},"properties":{"species":"Vombatus ursinus","eventDate":"2021-02-16","basisOfRecord":"HUMAN_OBSERVATION","license":"CC-BY 4.0 (Int)","coordinateUncertaintyM":3.0,"uncertaintyUnknown":false,"observationCount":1,"geographicOutlier":false}},{"type":"Feature","id":"13db5d0653ca95b2","geometry":{"type":"Point","coordinates":[150.588723,-34.859195]},"properties":{"species":"Vombatus ursinus","eventDate":"2021-02-14","basisOfRecord":"HUMAN_OBSERVATION","license":"CC-BY 4.0 (Int)","coordinateUncertaintyM":30.0,"uncertaintyUnknown":false,"observationCount":1,"geographicOutlier":false}},{"type":"Feature","id":"9de4003c4512d675","geometry":{"type":"Point","coordinates":[149.524666,-36.306844]},"properties":{"species":"Vombatus ursinus","eventDate":"2021-02-11","basisOfRecord":"HUMAN_OBSERVATION","license":"CC-BY 4.0 (Int)","coordinateUncertaintyM":500.0,"uncertaintyUnknown":false,"observationCount":1,"geographicOutlier":false}},{"type":"Feature","id":"9ec05e3ff8860305","geometry":{"type":"Point","coordinates":[148.497117,-35.663157]},"properties":{"species":"Vombatus ursinus","eventDate":"2021-02-11","basisOfRecord":"HUMAN_OBSERVATION","license":"CC-BY 4.0 (Int)","coordinateUncertaintyM":10.0,"uncertaintyUnknown":false,"observationCount":1,"geographicOutlier":false}},{"type":"Feature","id":"34eff97e1d865e31","geometry":{"type":"Point","coordinates":[146.80197,-36.45774]},"properties":{"species":"Vombatus ursinus","eventDate":"2021-02-09","basisOfRecord":"OBSERVATION","license":"CC-BY 4.0 (Int)","coordinateUncertaintyM":10.0,"uncertaintyUnknown":false,"observationCount":1,"geographicOutlier":false}},{"type":"Feature","id":"dca2c32f996207d4","geometry":{"type":"Point","coordinates":[148.08564,-37.81013]},"properties":{"species":"Vombatus ursinus","eventDate":"2021-02-08","basisOfRecord":"OCCURRENCE","license":"CC-BY 4.0 (Int)","coordinateUncertaintyM":5.0,"uncertaintyUnknown":false,"observationCount":1,"geographicOutlier":false}},{"type":"Feature","id":"f4e336a053b388b2","geometry":{"type":"Point","coordinates":[148.86122,-37.65515]},"properties":{"species":"Vombatus ursinus","eventDate":"2021-02-04","basisOfRecord":"OCCURRENCE","license":"CC-BY 4.0 (Int)","coordinateUncertaintyM":5.0,"uncertaintyUnknown":false,"observationCount":1,"geographicOutlier":false}},{"type":"Feature","id":"7103e56a8ce48f49","geometry":{"type":"Point","coordinates":[148.511402,-35.712783]},"properties":{"species":"Vombatus ursinus","eventDate":"2021-02-03","basisOfRecord":"HUMAN_OBSERVATION","license":"CC-BY 4.0 (Int)","coordinateUncertaintyM":10.0,"uncertaintyUnknown":false,"observationCount":1,"geographicOutlier":false}},{"type":"Feature","id":"59b5b6bacbbb18fd","geometry":{"type":"Point","coordinates":[146.55565,-36.99331]},"properties":{"species":"Vombatus ursinus","eventDate":"2021-02-03","basisOfRecord":"OBSERVATION","license":"CC-BY 4.0 (Int)","coordinateUncertaintyM":10.0,"uncertaintyUnknown":false,"observationCount":1,"geographicOutlier":false}},{"type":"Feature","id":"22dd11c87c56f908","geometry":{"type":"Point","coordinates":[145.81379,-37.36635]},"properties":{"species":"Vombatus ursinus","eventDate":"2021-02-03","basisOfRecord":"OBSERVATION","license":"CC-BY 4.0 (Int)","coordinateUncertaintyM":10.0,"uncertaintyUnknown":false,"observationCount":1,"geographicOutlier":false}},{"type":"Feature","id":"02b3dc5661aaccc7","geometry":{"type":"Point","coordinates":[146.52238,-36.78793]},"properties":{"species":"Vombatus ursinus","eventDate":"2021-02-02","basisOfRecord":"OBSERVATION","license":"CC-BY 4.0 (Int)","coordinateUncertaintyM":10.0,"uncertaintyUnknown":false,"observationCount":1,"geographicOutlier":false}},{"type":"Feature","id":"23b09dc046972b82","geometry":{"type":"Point","coordinates":[150.510977,-34.838719]},"properties":{"species":"Vombatus ursinus","eventDate":"2021-02-02","basisOfRecord":"HUMAN_OBSERVATION","license":"CC-BY 4.0 (Int)","coordinateUncertaintyM":500.0,"uncertaintyUnknown":false,"observationCount":1,"geographicOutlier":false}},{"type":"Feature","id":"c0f3b21a7a130ae6","geometry":{"type":"Point","coordinates":[146.55148,-36.77908]},"properties":{"species":"Vombatus ursinus","eventDate":"2021-02-02","basisOfRecord":"OBSERVATION","license":"CC-BY 4.0 (Int)","coordinateUncertaintyM":10.0,"uncertaintyUnknown":false,"observationCount":1,"geographicOutlier":false}},{"type":"Feature","id":"986d76081a84821b","geometry":{"type":"Point","coordinates":[148.13707,-37.22533]},"properties":{"species":"Vombatus ursinus","eventDate":"2021-02-02","basisOfRecord":"OCCURRENCE","license":"CC-BY 4.0 (Int)","coordinateUncertaintyM":5.0,"uncertaintyUnknown":false,"observationCount":1,"geographicOutlier":false}},{"type":"Feature","id":"bb1a6b4efec1505b","geometry":{"type":"Point","coordinates":[148.16357,-37.2921]},"properties":{"species":"Vombatus ursinus","eventDate":"2021-02-01","basisOfRecord":"OCCURRENCE","license":"CC-BY 4.0 (Int)","coordinateUncertaintyM":5.0,"uncertaintyUnknown":false,"observationCount":1,"geographicOutlier":false}},{"type":"Feature","id":"763cde2ed43773ae","geometry":{"type":"Point","coordinates":[146.59428,-36.7438]},"properties":{"species":"Vombatus ursinus","eventDate":"2021-02-01","basisOfRecord":"OBSERVATION","license":"CC-BY 4.0 (Int)","coordinateUncertaintyM":10.0,"uncertaintyUnknown":false,"observationCount":1,"geographicOutlier":false}},{"type":"Feature","id":"f5c0e590d4e6bfc4","geometry":{"type":"Point","coordinates":[148.326312,-35.967398]},"properties":{"species":"Vombatus ursinus","eventDate":"2021-02-01","basisOfRecord":"HUMAN_OBSERVATION","license":"CC-BY 4.0 (Int)","coordinateUncertaintyM":10.0,"uncertaintyUnknown":false,"observationCount":1,"geographicOutlier":false}},{"type":"Feature","id":"233ae27c563dddca","geometry":{"type":"Point","coordinates":[150.065024,-35.631715]},"properties":{"species":"Vombatus ursinus","eventDate":"2021-01-29","basisOfRecord":"HUMAN_OBSERVATION","license":"CC-BY 4.0 (Int)","coordinateUncertaintyM":10.0,"uncertaintyUnknown":false,"observationCount":1,"geographicOutlier":false}},{"type":"Feature","id":"f8a628ec764b20bb","geometry":{"type":"Point","coordinates":[147.94345,-37.35346]},"properties":{"species":"Vombatus ursinus","eventDate":"2021-01-28","basisOfRecord":"OCCURRENCE","license":"CC-BY 4.0 (Int)","coordinateUncertaintyM":5.0,"uncertaintyUnknown":false,"observationCount":2,"geographicOutlier":false}},{"type":"Feature","id":"7942ad1d483cf2da","geometry":{"type":"Point","coordinates":[148.7135,-37.50476]},"properties":{"species":"Vombatus ursinus","eventDate":"2021-01-28","basisOfRecord":"OCCURRENCE","license":"CC-BY 4.0 (Int)","coordinateUncertaintyM":5.0,"uncertaintyUnknown":false,"observationCount":2,"geographicOutlier":false}},{"type":"Feature","id":"88688c0fa9cac094","geometry":{"type":"Point","coordinates":[147.90867,-37.22431]},"properties":{"species":"Vombatus ursinus","eventDate":"2021-01-28","basisOfRecord":"OCCURRENCE","license":"CC-BY 4.0 (Int)","coordinateUncertaintyM":10.0,"uncertaintyUnknown":false,"observationCount":1,"geographicOutlier":false}},{"type":"Feature","id":"c975bfdd511e78de","geometry":{"type":"Point","coordinates":[148.338213,-35.971946]},"properties":{"species":"Vombatus ursinus","eventDate":"2021-01-28","basisOfRecord":"HUMAN_OBSERVATION","license":"CC-BY 4.0 (Int)","coordinateUncertaintyM":10.0,"uncertaintyUnknown":false,"observationCount":1,"geographicOutlier":false}},{"type":"Feature","id":"e95bff0bbde4418f","geometry":{"type":"Point","coordinates":[148.62881,-37.33754]},"properties":{"species":"Vombatus ursinus","eventDate":"2021-01-27","basisOfRecord":"OCCURRENCE","license":"CC-BY 4.0 (Int)","coordinateUncertaintyM":5.0,"uncertaintyUnknown":false,"observationCount":2,"geographicOutlier":false}},{"type":"Feature","id":"fb45620d343e239e","geometry":{"type":"Point","coordinates":[148.85436,-37.65534]},"properties":{"species":"Vombatus ursinus","eventDate":"2021-01-27","basisOfRecord":"OCCURRENCE","license":"CC-BY 4.0 (Int)","coordinateUncertaintyM":5.0,"uncertaintyUnknown":false,"observationCount":2,"geographicOutlier":false}},{"type":"Feature","id":"a33d9df1adb238af","geometry":{"type":"Point","coordinates":[148.66898,-35.48663]},"properties":{"species":"Vombatus ursinus","eventDate":"2021-01-25","basisOfRecord":"HUMAN_OBSERVATION","license":"CC-BY 4.0 (Int)","coordinateUncertaintyM":3.0,"uncertaintyUnknown":false,"observationCount":1,"geographicOutlier":false}},{"type":"Feature","id":"ffb8c9080c808021","geometry":{"type":"Point","coordinates":[148.64481,-35.42324]},"properties":{"species":"Vombatus ursinus","eventDate":"2021-01-23","basisOfRecord":"HUMAN_OBSERVATION","license":"CC-BY 4.0 (Int)","coordinateUncertaintyM":3.0,"uncertaintyUnknown":false,"observationCount":1,"geographicOutlier":false}},{"type":"Feature","id":"b2200831c96c7869","geometry":{"type":"Point","coordinates":[149.3379,-37.50845]},"properties":{"species":"Vombatus ursinus","eventDate":"2021-01-22","basisOfRecord":"OCCURRENCE","license":"CC-BY 4.0 (Int)","coordinateUncertaintyM":5.0,"uncertaintyUnknown":false,"observationCount":2,"geographicOutlier":false}},{"type":"Feature","id":"37a7a35d647a429e","geometry":{"type":"Point","coordinates":[149.97797,-35.63754]},"properties":{"species":"Vombatus ursinus","eventDate":"2021-01-22","basisOfRecord":"HUMAN_OBSERVATION","license":"CC-BY 4.0 (Int)","coordinateUncertaintyM":10.0,"uncertaintyUnknown":false,"observationCount":1,"geographicOutlier":false}},{"type":"Feature","id":"3d34047df7aa5840","geometry":{"type":"Point","coordinates":[149.32059,-37.46766]},"properties":{"species":"Vombatus ursinus","eventDate":"2021-01-21","basisOfRecord":"OCCURRENCE","license":"CC-BY 4.0 (Int)","coordinateUncertaintyM":5.0,"uncertaintyUnknown":false,"observationCount":1,"geographicOutlier":false}},{"type":"Feature","id":"b5132b0afa36a6bd","geometry":{"type":"Point","coordinates":[149.3216,-37.46723]},"properties":{"species":"Vombatus ursinus","eventDate":"2021-01-21","basisOfRecord":"OCCURRENCE","license":"CC-BY 4.0 (Int)","coordinateUncertaintyM":5.0,"uncertaintyUnknown":false,"observationCount":1,"geographicOutlier":false}},{"type":"Feature","id":"e4ba0b00fb5b34c8","geometry":{"type":"Point","coordinates":[150.001767,-35.64129]},"properties":{"species":"Vombatus ursinus","eventDate":"2021-01-20","basisOfRecord":"HUMAN_OBSERVATION","license":"CC-BY 4.0 (Int)","coordinateUncertaintyM":10.0,"uncertaintyUnknown":false,"observationCount":1,"geographicOutlier":false}},{"type":"Feature","id":"d267f71105d490d7","geometry":{"type":"Point","coordinates":[149.198074,-35.37046]},"properties":{"species":"Vombatus ursinus","eventDate":"2021-01-19","basisOfRecord":"HUMAN_OBSERVATION","license":"CC-BY 4.0 (Int)","coordinateUncertaintyM":500.0,"uncertaintyUnknown":false,"observationCount":1,"geographicOutlier":false}},{"type":"Feature","id":"834f52b7d672da62","geometry":{"type":"Point","coordinates":[147.91329,-37.21949]},"properties":{"species":"Vombatus ursinus","eventDate":"2021-01-17","basisOfRecord":"OCCURRENCE","license":"CC-BY 4.0 (Int)","coordinateUncertaintyM":10.0,"uncertaintyUnknown":false,"observationCount":1,"geographicOutlier":false}},{"type":"Feature","id":"06eb8cbd7f3041eb","geometry":{"type":"Point","coordinates":[149.051529,-36.246919]},"properties":{"species":"Vombatus ursinus","eventDate":"2021-01-15","basisOfRecord":"HUMAN_OBSERVATION","license":"CC-BY 4.0 (Int)","coordinateUncertaintyM":50.0,"uncertaintyUnknown":false,"observationCount":1,"geographicOutlier":false}},{"type":"Feature","id":"0580b516e8adc8ef","geometry":{"type":"Point","coordinates":[145.36887,-37.86707]},"properties":{"species":"Vombatus ursinus","eventDate":"2021-01-14","basisOfRecord":"OCCURRENCE","license":"CC-BY 4.0 (Int)","coordinateUncertaintyM":50.0,"uncertaintyUnknown":false,"observationCount":1,"geographicOutlier":false}},{"type":"Feature","id":"80157ab7b679ecf3","geometry":{"type":"Point","coordinates":[148.11214,-37.2672]},"properties":{"species":"Vombatus ursinus","eventDate":"2021-01-14","basisOfRecord":"OCCURRENCE","license":"CC-BY 4.0 (Int)","coordinateUncertaintyM":5.0,"uncertaintyUnknown":false,"observationCount":1,"geographicOutlier":false}},{"type":"Feature","id":"728cb404cf70b82c","geometry":{"type":"Point","coordinates":[145.20183,-37.54187]},"properties":{"species":"Vombatus ursinus","eventDate":"2021-01-14","basisOfRecord":"OCCURRENCE","license":"CC-BY 4.0 (Int)","coordinateUncertaintyM":10.0,"uncertaintyUnknown":false,"observationCount":1,"geographicOutlier":false}},{"type":"Feature","id":"c4c5d9f7edaf414a","geometry":{"type":"Point","coordinates":[148.20167,-37.2582]},"properties":{"species":"Vombatus ursinus","eventDate":"2021-01-13","basisOfRecord":"OCCURRENCE","license":"CC-BY 4.0 (Int)","coordinateUncertaintyM":5.0,"uncertaintyUnknown":false,"observationCount":1,"geographicOutlier":false}},{"type":"Feature","id":"98bbfa6fd927efaf","geometry":{"type":"Point","coordinates":[140.96371,-37.81721]},"properties":{"species":"Vombatus ursinus","eventDate":"2021-01-12","basisOfRecord":"HUMAN_OBSERVATION","license":"CC-BY 4.0 (Int)","coordinateUncertaintyM":100.0,"uncertaintyUnknown":false,"observationCount":1,"geographicOutlier":true}},{"type":"Feature","id":"2a68e83cf35c2959","geometry":{"type":"Point","coordinates":[149.055405,-34.841499]},"properties":{"species":"Vombatus ursinus","eventDate":"2021-01-12","basisOfRecord":"HUMAN_OBSERVATION","license":"CC-BY 4.0 (Int)","coordinateUncertaintyM":750.0,"uncertaintyUnknown":false,"observationCount":1,"geographicOutlier":false}},{"type":"Feature","id":"b1c26f76d3578f3a","geometry":{"type":"Point","coordinates":[149.95315,-35.553637]},"properties":{"species":"Vombatus ursinus","eventDate":"2021-01-09","basisOfRecord":"HUMAN_OBSERVATION","license":"CC-BY 4.0 (Int)","coordinateUncertaintyM":10.0,"uncertaintyUnknown":false,"observationCount":1,"geographicOutlier":false}},{"type":"Feature","id":"cc44b1e7e64dd215","geometry":{"type":"Point","coordinates":[149.331948,-35.384514]},"properties":{"species":"Vombatus ursinus","eventDate":"2021-01-04","basisOfRecord":"HUMAN_OBSERVATION","license":"CC-BY 4.0 (Int)","coordinateUncertaintyM":30.0,"uncertaintyUnknown":false,"observationCount":1,"geographicOutlier":false}},{"type":"Feature","id":"d89be8118a0b3197","geometry":{"type":"Point","coordinates":[148.6255,-35.5041]},"properties":{"species":"Vombatus ursinus","eventDate":"2021-01-03","basisOfRecord":"HUMAN_OBSERVATION","license":"CC-BY 4.0 (Int)","coordinateUncertaintyM":3.0,"uncertaintyUnknown":false,"observationCount":1,"geographicOutlier":false}},{"type":"Feature","id":"cd62cd37a372f38e","geometry":{"type":"Point","coordinates":[145.928363,-41.594543]},"properties":{"species":"Vombatus ursinus","eventDate":"2020-12-30","basisOfRecord":"HUMAN_OBSERVATION","license":"CC-BY 4.0 (Int)","coordinateUncertaintyM":null,"uncertaintyUnknown":true,"observationCount":1,"geographicOutlier":false}},{"type":"Feature","id":"4ba87e8399a470c6","geometry":{"type":"Point","coordinates":[149.447999,-35.59076]},"properties":{"species":"Vombatus ursinus","eventDate":"2020-12-26","basisOfRecord":"HUMAN_OBSERVATION","license":"CC-BY 4.0 (Int)","coordinateUncertaintyM":30.0,"uncertaintyUnknown":false,"observationCount":1,"geographicOutlier":false}},{"type":"Feature","id":"bb9182a7406b62a0","geometry":{"type":"Point","coordinates":[150.934535,-32.31197]},"properties":{"species":"Vombatus ursinus","eventDate":"2020-12-22","basisOfRecord":"HUMAN_OBSERVATION","license":"CC-BY 4.0 (Int)","coordinateUncertaintyM":500.0,"uncertaintyUnknown":false,"observationCount":1,"geographicOutlier":false}},{"type":"Feature","id":"8abe377d2ec422c7","geometry":{"type":"Point","coordinates":[149.483115,-35.452477]},"properties":{"species":"Vombatus ursinus","eventDate":"2020-12-19","basisOfRecord":"HUMAN_OBSERVATION","license":"CC-BY 4.0 (Int)","coordinateUncertaintyM":30.0,"uncertaintyUnknown":false,"observationCount":1,"geographicOutlier":false}},{"type":"Feature","id":"9540c867fc0a71d6","geometry":{"type":"Point","coordinates":[150.205849,-33.412304]},"properties":{"species":"Vombatus ursinus","eventDate":"2020-12-14","basisOfRecord":"HUMAN_OBSERVATION","license":"CC-BY 4.0 (Int)","coordinateUncertaintyM":100.0,"uncertaintyUnknown":false,"observationCount":1,"geographicOutlier":false}},{"type":"Feature","id":"5889ce4de7ad673a","geometry":{"type":"Point","coordinates":[150.218112,-33.384748]},"properties":{"species":"Vombatus ursinus","eventDate":"2020-12-11","basisOfRecord":"HUMAN_OBSERVATION","license":"CC-BY 4.0 (Int)","coordinateUncertaintyM":100.0,"uncertaintyUnknown":false,"observationCount":1,"geographicOutlier":false}},{"type":"Feature","id":"be15fd849f238ec9","geometry":{"type":"Point","coordinates":[150.176285,-33.353899]},"properties":{"species":"Vombatus ursinus","eventDate":"2020-12-09","basisOfRecord":"HUMAN_OBSERVATION","license":"CC-BY 4.0 (Int)","coordinateUncertaintyM":100.0,"uncertaintyUnknown":false,"observationCount":1,"geographicOutlier":false}},{"type":"Feature","id":"3e07fec69bb47aba","geometry":{"type":"Point","coordinates":[151.421792,-31.750441]},"properties":{"species":"Vombatus ursinus","eventDate":"2020-12-08","basisOfRecord":"HUMAN_OBSERVATION","license":"CC-BY 4.0 (Int)","coordinateUncertaintyM":50.0,"uncertaintyUnknown":false,"observationCount":1,"geographicOutlier":false}},{"type":"Feature","id":"222e46daaa55a05d","geometry":{"type":"Point","coordinates":[145.57468,-37.30156]},"properties":{"species":"Vombatus ursinus","eventDate":"2020-12-05","basisOfRecord":"OBSERVATION","license":"CC-BY 4.0 (Int)","coordinateUncertaintyM":5.0,"uncertaintyUnknown":false,"observationCount":1,"geographicOutlier":false}},{"type":"Feature","id":"b3316eb1c243a68e","geometry":{"type":"Point","coordinates":[145.6772,-37.56406]},"properties":{"species":"Vombatus ursinus","eventDate":"2020-12-03","basisOfRecord":"OBSERVATION","license":"CC-BY 4.0 (Int)","coordinateUncertaintyM":10.0,"uncertaintyUnknown":false,"observationCount":1,"geographicOutlier":false}},{"type":"Feature","id":"51ca3a4e58117b2c","geometry":{"type":"Point","coordinates":[145.59726,-37.50822]},"properties":{"species":"Vombatus ursinus","eventDate":"2020-12-02","basisOfRecord":"OBSERVATION","license":"CC-BY 4.0 (Int)","coordinateUncertaintyM":10.0,"uncertaintyUnknown":false,"observationCount":1,"geographicOutlier":false}},{"type":"Feature","id":"2a2bb1c4add34aef","geometry":{"type":"Point","coordinates":[145.60003,-37.51186]},"properties":{"species":"Vombatus ursinus","eventDate":"2020-12-02","basisOfRecord":"OBSERVATION","license":"CC-BY 4.0 (Int)","coordinateUncertaintyM":10.0,"uncertaintyUnknown":false,"observationCount":1,"geographicOutlier":false}},{"type":"Feature","id":"aa4ec2d2af346782","geometry":{"type":"Point","coordinates":[146.80232,-36.80616]},"properties":{"species":"Vombatus ursinus","eventDate":"2020-11-26","basisOfRecord":"OBSERVATION","license":"CC-BY 4.0 (Int)","coordinateUncertaintyM":5.0,"uncertaintyUnknown":false,"observationCount":4,"geographicOutlier":false}},{"type":"Feature","id":"61d499b8483cc996","geometry":{"type":"Point","coordinates":[148.85209,-37.7032]},"properties":{"species":"Vombatus ursinus","eventDate":"2020-11-25","basisOfRecord":"OCCURRENCE","license":"CC-BY 4.0 (Int)","coordinateUncertaintyM":10.0,"uncertaintyUnknown":false,"observationCount":1,"geographicOutlier":false}},{"type":"Feature","id":"12f9f1aaa4188708","geometry":{"type":"Point","coordinates":[146.86815,-37.06644]},"properties":{"species":"Vombatus ursinus","eventDate":"2020-11-25","basisOfRecord":"OBSERVATION","license":"CC-BY 4.0 (Int)","coordinateUncertaintyM":5.0,"uncertaintyUnknown":false,"observationCount":5,"geographicOutlier":false}},{"type":"Feature","id":"c724750fecbe16ed","geometry":{"type":"Point","coordinates":[145.68302,-37.70696]},"properties":{"species":"Vombatus ursinus","eventDate":"2020-11-25","basisOfRecord":"OCCURRENCE","license":"CC-BY 4.0 (Int)","coordinateUncertaintyM":5.0,"uncertaintyUnknown":false,"observationCount":1,"geographicOutlier":false}},{"type":"Feature","id":"91a8f26f9b4b81ec","geometry":{"type":"Point","coordinates":[146.80138,-36.99037]},"properties":{"species":"Vombatus ursinus","eventDate":"2020-11-22","basisOfRecord":"OBSERVATION","license":"CC-BY 4.0 (Int)","coordinateUncertaintyM":5.0,"uncertaintyUnknown":false,"observationCount":6,"geographicOutlier":false}},{"type":"Feature","id":"9671109aa6767758","geometry":{"type":"Point","coordinates":[150.85768,-32.59677]},"properties":{"species":"Vombatus ursinus","eventDate":"2020-11-21","basisOfRecord":"HUMAN_OBSERVATION","license":"CC-BY 4.0 (Int)","coordinateUncertaintyM":10.0,"uncertaintyUnknown":false,"observationCount":3,"geographicOutlier":false}},{"type":"Feature","id":"beb0ffe5c2d7236d","geometry":{"type":"Point","coordinates":[144.3055,-37.4919]},"properties":{"species":"Vombatus ursinus","eventDate":"2020-11-20","basisOfRecord":"OCCURRENCE","license":"CC-BY 4.0 (Int)","coordinateUncertaintyM":120.0,"uncertaintyUnknown":false,"observationCount":1,"geographicOutlier":false}},{"type":"Feature","id":"a44fc60fc6033b79","geometry":{"type":"Point","coordinates":[148.92558,-35.94367]},"properties":{"species":"Vombatus ursinus","eventDate":"2020-11-19","basisOfRecord":"HUMAN_OBSERVATION","license":"CC-BY 4.0 (Int)","coordinateUncertaintyM":10.0,"uncertaintyUnknown":false,"observationCount":2,"geographicOutlier":false}},{"type":"Feature","id":"f8c6698c75d1592a","geometry":{"type":"Point","coordinates":[149.145936,-35.752179]},"properties":{"species":"Vombatus ursinus","eventDate":"2020-11-18","basisOfRecord":"HUMAN_OBSERVATION","license":"CC-BY 4.0 (Int)","coordinateUncertaintyM":500.0,"uncertaintyUnknown":false,"observationCount":1,"geographicOutlier":false}},{"type":"Feature","id":"0ca838d55d697413","geometry":{"type":"Point","coordinates":[151.338546,-32.827852]},"properties":{"species":"Vombatus ursinus","eventDate":"2020-11-16","basisOfRecord":"HUMAN_OBSERVATION","license":"CC-BY 4.0 (Int)","coordinateUncertaintyM":500.0,"uncertaintyUnknown":false,"observationCount":1,"geographicOutlier":false}},{"type":"Feature","id":"b63a0bafb4f95f07","geometry":{"type":"Point","coordinates":[148.510569,-36.107381]},"properties":{"species":"Vombatus ursinus","eventDate":"2020-11-14","basisOfRecord":"HUMAN_OBSERVATION","license":"CC-BY 4.0 (Int)","coordinateUncertaintyM":3.0,"uncertaintyUnknown":false,"observationCount":1,"geographicOutlier":false}},{"type":"Feature","id":"049f1b7978848b45","geometry":{"type":"Point","coordinates":[146.69161,-36.97795]},"properties":{"species":"Vombatus ursinus","eventDate":"2020-11-13","basisOfRecord":"OBSERVATION","license":"CC-BY 4.0 (Int)","coordinateUncertaintyM":5.0,"uncertaintyUnknown":false,"observationCount":4,"geographicOutlier":false}},{"type":"Feature","id":"86bfb8dd8a1d52c8","geometry":{"type":"Point","coordinates":[152.151612,-31.18954]},"properties":{"species":"Vombatus ursinus","eventDate":"2020-11-13","basisOfRecord":"HUMAN_OBSERVATION","license":"CC-BY 4.0 (Int)","coordinateUncertaintyM":5.0,"uncertaintyUnknown":false,"observationCount":1,"geographicOutlier":false}},{"type":"Feature","id":"7ca465d2648c5d50","geometry":{"type":"Point","coordinates":[145.989975,-34.272045]},"properties":{"species":"Vombatus ursinus","eventDate":"2020-11-11","basisOfRecord":"HUMAN_OBSERVATION","license":"CC-BY 4.0 (Int)","coordinateUncertaintyM":200.0,"uncertaintyUnknown":false,"observationCount":1,"geographicOutlier":false}},{"type":"Feature","id":"053a8a57fbcada3c","geometry":{"type":"Point","coordinates":[150.224982,-33.419134]},"properties":{"species":"Vombatus ursinus","eventDate":"2020-11-10","basisOfRecord":"HUMAN_OBSERVATION","license":"CC-BY 4.0 (Int)","coordinateUncertaintyM":100.0,"uncertaintyUnknown":false,"observationCount":1,"geographicOutlier":false}},{"type":"Feature","id":"a106a1c248a4d976","geometry":{"type":"Point","coordinates":[151.154468,-33.103172]},"properties":{"species":"Vombatus ursinus","eventDate":"2020-11-09","basisOfRecord":"HUMAN_OBSERVATION","license":"CC-BY 4.0 (Int)","coordinateUncertaintyM":30.0,"uncertaintyUnknown":false,"observationCount":1,"geographicOutlier":false}},{"type":"Feature","id":"f36cbd77abae454a","geometry":{"type":"Point","coordinates":[149.976924,-35.251477]},"properties":{"species":"Vombatus ursinus","eventDate":"2020-11-07","basisOfRecord":"HUMAN_OBSERVATION","license":"CC-BY 4.0 (Int)","coordinateUncertaintyM":500.0,"uncertaintyUnknown":false,"observationCount":1,"geographicOutlier":false}},{"type":"Feature","id":"11091fa842bcf980","geometry":{"type":"Point","coordinates":[150.359101,-33.837426]},"properties":{"species":"Vombatus ursinus","eventDate":"2020-11-06","basisOfRecord":"HUMAN_OBSERVATION","license":"CC-BY 4.0 (Int)","coordinateUncertaintyM":1.0,"uncertaintyUnknown":false,"observationCount":1,"geographicOutlier":false}},{"type":"Feature","id":"c68e2420b63400f5","geometry":{"type":"Point","coordinates":[150.731259,-34.67896]},"properties":{"species":"Vombatus ursinus","eventDate":"2020-11-04","basisOfRecord":"HUMAN_OBSERVATION","license":"CC-BY 4.0 (Int)","coordinateUncertaintyM":10.0,"uncertaintyUnknown":false,"observationCount":1,"geographicOutlier":false}},{"type":"Feature","id":"cbc48bbaf8e75dab","geometry":{"type":"Point","coordinates":[146.783889,-41.9925]},"properties":{"species":"Vombatus ursinus","eventDate":"2020-11-03","basisOfRecord":"HUMAN_OBSERVATION","license":"CC-BY 4.0 (Int)","coordinateUncertaintyM":null,"uncertaintyUnknown":true,"observationCount":1,"geographicOutlier":false}},{"type":"Feature","id":"5f81608565f045db","geometry":{"type":"Point","coordinates":[148.63073,-37.33185]},"properties":{"species":"Vombatus ursinus","eventDate":"2020-11-03","basisOfRecord":"OCCURRENCE","license":"CC-BY 4.0 (Int)","coordinateUncertaintyM":5.0,"uncertaintyUnknown":false,"observationCount":1,"geographicOutlier":false}},{"type":"Feature","id":"d180ef5e2d0d1c9e","geometry":{"type":"Point","coordinates":[150.353665,-33.878825]},"properties":{"species":"Vombatus ursinus","eventDate":"2020-10-31","basisOfRecord":"HUMAN_OBSERVATION","license":"CC-BY 4.0 (Int)","coordinateUncertaintyM":1.0,"uncertaintyUnknown":false,"observationCount":1,"geographicOutlier":false}},{"type":"Feature","id":"020df826f04cbfd8","geometry":{"type":"Point","coordinates":[151.85851,-31.382041]},"properties":{"species":"Vombatus ursinus","eventDate":"2020-10-31","basisOfRecord":"HUMAN_OBSERVATION","license":"CC-BY 4.0 (Int)","coordinateUncertaintyM":5.0,"uncertaintyUnknown":false,"observationCount":1,"geographicOutlier":false}},{"type":"Feature","id":"eeeb8b4bd63532a7","geometry":{"type":"Point","coordinates":[149.32448,-37.49832]},"properties":{"species":"Vombatus ursinus","eventDate":"2020-10-30","basisOfRecord":"OCCURRENCE","license":"CC-BY 4.0 (Int)","coordinateUncertaintyM":5.0,"uncertaintyUnknown":false,"observationCount":1,"geographicOutlier":false}},{"type":"Feature","id":"042dd42d1f3b07dd","geometry":{"type":"Point","coordinates":[146.7295,-37.18408]},"properties":{"species":"Vombatus ursinus","eventDate":"2020-10-29","basisOfRecord":"OBSERVATION","license":"CC-BY 4.0 (Int)","coordinateUncertaintyM":5.0,"uncertaintyUnknown":false,"observationCount":1,"geographicOutlier":false}},{"type":"Feature","id":"4c67be02be99019d","geometry":{"type":"Point","coordinates":[145.11848,-37.42241]},"properties":{"species":"Vombatus ursinus","eventDate":"2020-10-29","basisOfRecord":"OBSERVATION","license":"CC-BY 4.0 (Int)","coordinateUncertaintyM":5.0,"uncertaintyUnknown":false,"observationCount":1,"geographicOutlier":false}},{"type":"Feature","id":"2b1c168a309ff741","geometry":{"type":"Point","coordinates":[149.33052,-37.48413]},"properties":{"species":"Vombatus ursinus","eventDate":"2020-10-27","basisOfRecord":"OCCURRENCE","license":"CC-BY 4.0 (Int)","coordinateUncertaintyM":5.0,"uncertaintyUnknown":false,"observationCount":1,"geographicOutlier":false}},{"type":"Feature","id":"6ffb4a44f0ec536f","geometry":{"type":"Point","coordinates":[145.28162,-37.69487]},"properties":{"species":"Vombatus ursinus","eventDate":"2020-10-26","basisOfRecord":"OCCURRENCE","license":"CC-BY 4.0 (Int)","coordinateUncertaintyM":10.0,"uncertaintyUnknown":false,"observationCount":1,"geographicOutlier":false}},{"type":"Feature","id":"533394ee0d7a0081","geometry":{"type":"Point","coordinates":[150.38419,-35.292809]},"properties":{"species":"Vombatus ursinus","eventDate":"2020-10-21","basisOfRecord":"HUMAN_OBSERVATION","license":"CC-BY 4.0 (Int)","coordinateUncertaintyM":500.0,"uncertaintyUnknown":false,"observationCount":1,"geographicOutlier":false}},{"type":"Feature","id":"7010fc5a71f1ed33","geometry":{"type":"Point","coordinates":[149.128239,-36.218149]},"properties":{"species":"Vombatus ursinus","eventDate":"2020-10-20","basisOfRecord":"HUMAN_OBSERVATION","license":"CC-BY 4.0 (Int)","coordinateUncertaintyM":500.0,"uncertaintyUnknown":false,"observationCount":1,"geographicOutlier":false}},{"type":"Feature","id":"3b2f2c582b921083","geometry":{"type":"Point","coordinates":[151.006293,-33.805767]},"properties":{"species":"Vombatus ursinus","eventDate":"2020-10-19","basisOfRecord":"HUMAN_OBSERVATION","license":"CC-BY 4.0 (Int)","coordinateUncertaintyM":10.0,"uncertaintyUnknown":false,"observationCount":1,"geographicOutlier":false}},{"type":"Feature","id":"67177efd7ee6c7ae","geometry":{"type":"Point","coordinates":[149.81679,-37.49295]},"properties":{"species":"Vombatus ursinus","eventDate":"2020-10-15","basisOfRecord":"OCCURRENCE","license":"CC-BY 4.0 (Int)","coordinateUncertaintyM":5.0,"uncertaintyUnknown":false,"observationCount":1,"geographicOutlier":false}},{"type":"Feature","id":"cfc252be9e477681","geometry":{"type":"Point","coordinates":[150.08407,-34.15166]},"properties":{"species":"Vombatus ursinus","eventDate":"2020-10-12","basisOfRecord":"HUMAN_OBSERVATION","license":"CC-BY 4.0 (Int)","coordinateUncertaintyM":10.0,"uncertaintyUnknown":false,"observationCount":1,"geographicOutlier":false}},{"type":"Feature","id":"b3b4a28280aacd9a","geometry":{"type":"Point","coordinates":[145.92091,-37.34366]},"properties":{"species":"Vombatus ursinus","eventDate":"2020-10-10","basisOfRecord":"OCCURRENCE","license":"CC-BY 4.0 (Int)","coordinateUncertaintyM":10.0,"uncertaintyUnknown":false,"observationCount":1,"geographicOutlier":false}},{"type":"Feature","id":"d22089a432ef232b","geometry":{"type":"Point","coordinates":[149.69302,-37.4114]},"properties":{"species":"Vombatus ursinus","eventDate":"2020-10-09","basisOfRecord":"OCCURRENCE","license":"CC-BY 4.0 (Int)","coordinateUncertaintyM":10.0,"uncertaintyUnknown":false,"observationCount":1,"geographicOutlier":false}},{"type":"Feature","id":"24e5a1f1ed6837a2","geometry":{"type":"Point","coordinates":[150.273203,-31.959778]},"properties":{"species":"Vombatus ursinus","eventDate":"2020-10-07","basisOfRecord":"HUMAN_OBSERVATION","license":"CC-BY 4.0 (Int)","coordinateUncertaintyM":50.0,"uncertaintyUnknown":false,"observationCount":3,"geographicOutlier":false}},{"type":"Feature","id":"8f58c9e996c8ec56","geometry":{"type":"Point","coordinates":[151.043945,-32.999094]},"properties":{"species":"Vombatus ursinus","eventDate":"2020-10-06","basisOfRecord":"HUMAN_OBSERVATION","license":"CC-BY 4.0 (Int)","coordinateUncertaintyM":5.0,"uncertaintyUnknown":false,"observationCount":2,"geographicOutlier":false}},{"type":"Feature","id":"1bc6e47387fb645e","geometry":{"type":"Point","coordinates":[151.033274,-32.998991]},"properties":{"species":"Vombatus ursinus","eventDate":"2020-10-05","basisOfRecord":"HUMAN_OBSERVATION","license":"CC-BY 4.0 (Int)","coordinateUncertaintyM":5.0,"uncertaintyUnknown":false,"observationCount":2,"geographicOutlier":false}},{"type":"Feature","id":"f323ae5268dcd476","geometry":{"type":"Point","coordinates":[151.072735,-32.994267]},"properties":{"species":"Vombatus ursinus","eventDate":"2020-10-05","basisOfRecord":"HUMAN_OBSERVATION","license":"CC-BY 4.0 (Int)","coordinateUncertaintyM":5.0,"uncertaintyUnknown":false,"observationCount":4,"geographicOutlier":false}},{"type":"Feature","id":"6f133bcc5cbca6c9","geometry":{"type":"Point","coordinates":[151.051297,-32.997525]},"properties":{"species":"Vombatus ursinus","eventDate":"2020-10-04","basisOfRecord":"HUMAN_OBSERVATION","license":"CC-BY 4.0 (Int)","coordinateUncertaintyM":5.0,"uncertaintyUnknown":false,"observationCount":4,"geographicOutlier":false}},{"type":"Feature","id":"65a3f6e25cd8f31c","geometry":{"type":"Point","coordinates":[150.644298,-32.925312]},"properties":{"species":"Vombatus ursinus","eventDate":"2020-10-02","basisOfRecord":"HUMAN_OBSERVATION","license":"CC-BY 4.0 (Int)","coordinateUncertaintyM":30.0,"uncertaintyUnknown":false,"observationCount":1,"geographicOutlier":false}},{"type":"Feature","id":"634e91f5f08e6177","geometry":{"type":"Point","coordinates":[150.01112,-34.2133]},"properties":{"species":"Vombatus ursinus","eventDate":"2020-10-02","basisOfRecord":"HUMAN_OBSERVATION","license":"CC-BY 4.0 (Int)","coordinateUncertaintyM":10.0,"uncertaintyUnknown":false,"observationCount":2,"geographicOutlier":false}},{"type":"Feature","id":"6c32e3624a81b7fb","geometry":{"type":"Point","coordinates":[146.07504,-37.58337]},"properties":{"species":"Vombatus ursinus","eventDate":"2020-10-01","basisOfRecord":"OCCURRENCE","license":"CC-BY 4.0 (Int)","coordinateUncertaintyM":10.0,"uncertaintyUnknown":false,"observationCount":1,"geographicOutlier":false}},{"type":"Feature","id":"317fdb48fe3c0f31","geometry":{"type":"Point","coordinates":[151.069615,-32.997343]},"properties":{"species":"Vombatus ursinus","eventDate":"2020-09-30","basisOfRecord":"HUMAN_OBSERVATION","license":"CC-BY 4.0 (Int)","coordinateUncertaintyM":5.0,"uncertaintyUnknown":false,"observationCount":1,"geographicOutlier":false}},{"type":"Feature","id":"b197d007de44f4e9","geometry":{"type":"Point","coordinates":[149.03833,-37.55206]},"properties":{"species":"Vombatus ursinus","eventDate":"2020-09-30","basisOfRecord":"OCCURRENCE","license":"CC-BY 4.0 (Int)","coordinateUncertaintyM":5.0,"uncertaintyUnknown":false,"observationCount":1,"geographicOutlier":false}},{"type":"Feature","id":"ccbc9480345ad604","geometry":{"type":"Point","coordinates":[151.064646,-32.996641]},"properties":{"species":"Vombatus ursinus","eventDate":"2020-09-29","basisOfRecord":"HUMAN_OBSERVATION","license":"CC-BY 4.0 (Int)","coordinateUncertaintyM":5.0,"uncertaintyUnknown":false,"observationCount":2,"geographicOutlier":false}},{"type":"Feature","id":"4e3f2f967d22eac7","geometry":{"type":"Point","coordinates":[145.37167,-37.8465]},"properties":{"species":"Vombatus ursinus","eventDate":"2020-09-29","basisOfRecord":"OCCURRENCE","license":"CC-BY 4.0 (Int)","coordinateUncertaintyM":20.0,"uncertaintyUnknown":false,"observationCount":1,"geographicOutlier":false}},{"type":"Feature","id":"34870f47a60909ea","geometry":{"type":"Point","coordinates":[151.059759,-32.995448]},"properties":{"species":"Vombatus ursinus","eventDate":"2020-09-28","basisOfRecord":"HUMAN_OBSERVATION","license":"CC-BY 4.0 (Int)","coordinateUncertaintyM":5.0,"uncertaintyUnknown":false,"observationCount":1,"geographicOutlier":false}},{"type":"Feature","id":"84428121b75fc987","geometry":{"type":"Point","coordinates":[151.078046,-32.998913]},"properties":{"species":"Vombatus ursinus","eventDate":"2020-09-26","basisOfRecord":"HUMAN_OBSERVATION","license":"CC-BY 4.0 (Int)","coordinateUncertaintyM":5.0,"uncertaintyUnknown":false,"observationCount":1,"geographicOutlier":false}},{"type":"Feature","id":"318f005077359d10","geometry":{"type":"Point","coordinates":[151.069728,-32.995873]},"properties":{"species":"Vombatus ursinus","eventDate":"2020-09-25","basisOfRecord":"HUMAN_OBSERVATION","license":"CC-BY 4.0 (Int)","coordinateUncertaintyM":5.0,"uncertaintyUnknown":false,"observationCount":1,"geographicOutlier":false}},{"type":"Feature","id":"8469404bdb3c3bc9","geometry":{"type":"Point","coordinates":[150.339773,-33.808933]},"properties":{"species":"Vombatus ursinus","eventDate":"2020-09-25","basisOfRecord":"HUMAN_OBSERVATION","license":"CC-BY 4.0 (Int)","coordinateUncertaintyM":1.0,"uncertaintyUnknown":false,"observationCount":1,"geographicOutlier":false}},{"type":"Feature","id":"bf1966fee135c1b6","geometry":{"type":"Point","coordinates":[151.045054,-33.004277]},"properties":{"species":"Vombatus ursinus","eventDate":"2020-09-24","basisOfRecord":"HUMAN_OBSERVATION","license":"CC-BY 4.0 (Int)","coordinateUncertaintyM":5.0,"uncertaintyUnknown":false,"observationCount":1,"geographicOutlier":false}},{"type":"Feature","id":"c75e1d54e979c382","geometry":{"type":"Point","coordinates":[150.340398,-33.822539]},"properties":{"species":"Vombatus ursinus","eventDate":"2020-09-23","basisOfRecord":"HUMAN_OBSERVATION","license":"CC-BY 4.0 (Int)","coordinateUncertaintyM":1.0,"uncertaintyUnknown":false,"observationCount":1,"geographicOutlier":false}},{"type":"Feature","id":"3bb8b9b8eb7aebb2","geometry":{"type":"Point","coordinates":[149.92253,-35.60479]},"properties":{"species":"Vombatus ursinus","eventDate":"2020-09-21","basisOfRecord":"HUMAN_OBSERVATION","license":"CC-BY 4.0 (Int)","coordinateUncertaintyM":10.0,"uncertaintyUnknown":false,"observationCount":2,"geographicOutlier":false}},{"type":"Feature","id":"ca8fa85d455312f0","geometry":{"type":"Point","coordinates":[148.60916,-35.93036]},"properties":{"species":"Vombatus ursinus","eventDate":"2020-09-20","basisOfRecord":"HUMAN_OBSERVATION","license":"CC-BY 4.0 (Int)","coordinateUncertaintyM":10.0,"uncertaintyUnknown":false,"observationCount":2,"geographicOutlier":false}},{"type":"Feature","id":"5a07cbb4f9ca0707","geometry":{"type":"Point","coordinates":[149.364769,-35.470324]},"properties":{"species":"Vombatus ursinus","eventDate":"2020-09-18","basisOfRecord":"HUMAN_OBSERVATION","license":"CC-BY 4.0 (Int)","coordinateUncertaintyM":30.0,"uncertaintyUnknown":false,"observationCount":1,"geographicOutlier":false}},{"type":"Feature","id":"fa0f8fe5c62faf29","geometry":{"type":"Point","coordinates":[150.200219,-33.380054]},"properties":{"species":"Vombatus ursinus","eventDate":"2020-09-17","basisOfRecord":"HUMAN_OBSERVATION","license":"CC-BY 4.0 (Int)","coordinateUncertaintyM":100.0,"uncertaintyUnknown":false,"observationCount":1,"geographicOutlier":false}},{"type":"Feature","id":"40acf6766b3c305e","geometry":{"type":"Point","coordinates":[149.07473,-37.5201]},"properties":{"species":"Vombatus ursinus","eventDate":"2020-09-16","basisOfRecord":"OCCURRENCE","license":"CC-BY 4.0 (Int)","coordinateUncertaintyM":5.0,"uncertaintyUnknown":false,"observationCount":1,"geographicOutlier":false}},{"type":"Feature","id":"a7daa1b09b5e94e3","geometry":{"type":"Point","coordinates":[149.746183,-37.01018]},"properties":{"species":"Vombatus ursinus","eventDate":"2020-09-12","basisOfRecord":"HUMAN_OBSERVATION","license":"CC-BY 4.0 (Int)","coordinateUncertaintyM":5.0,"uncertaintyUnknown":false,"observationCount":1,"geographicOutlier":false}},{"type":"Feature","id":"e6caf1a40ef2a448","geometry":{"type":"Point","coordinates":[148.72531,-37.38115]},"properties":{"species":"Vombatus ursinus","eventDate":"2020-09-10","basisOfRecord":"OCCURRENCE","license":"CC-BY 4.0 (Int)","coordinateUncertaintyM":5.0,"uncertaintyUnknown":false,"observationCount":1,"geographicOutlier":false}},{"type":"Feature","id":"77d73fe63ca4badf","geometry":{"type":"Point","coordinates":[147.72764,-36.46466]},"properties":{"species":"Vombatus ursinus","eventDate":"2020-09-09","basisOfRecord":"OBSERVATION","license":"CC-BY 4.0 (Int)","coordinateUncertaintyM":5.0,"uncertaintyUnknown":false,"observationCount":1,"geographicOutlier":false}},{"type":"Feature","id":"7d0756bde7e247e8","geometry":{"type":"Point","coordinates":[150.664266,-33.746781]},"properties":{"species":"Vombatus ursinus","eventDate":"2020-09-09","basisOfRecord":"HUMAN_OBSERVATION","license":"CC-BY 4.0 (Int)","coordinateUncertaintyM":1621.0,"uncertaintyUnknown":false,"observationCount":1,"geographicOutlier":false}},{"type":"Feature","id":"37bf2e9cf32f1e23","geometry":{"type":"Point","coordinates":[150.1832,-33.392633]},"properties":{"species":"Vombatus ursinus","eventDate":"2020-09-08","basisOfRecord":"HUMAN_OBSERVATION","license":"CC-BY 4.0 (Int)","coordinateUncertaintyM":100.0,"uncertaintyUnknown":false,"observationCount":1,"geographicOutlier":false}},{"type":"Feature","id":"37c4fa1fd0e0421d","geometry":{"type":"Point","coordinates":[150.270344,-32.01341]},"properties":{"species":"Vombatus ursinus","eventDate":"2020-09-07","basisOfRecord":"HUMAN_OBSERVATION","license":"CC-BY 4.0 (Int)","coordinateUncertaintyM":50.0,"uncertaintyUnknown":false,"observationCount":1,"geographicOutlier":false}},{"type":"Feature","id":"4833cf1314845fc2","geometry":{"type":"Point","coordinates":[150.151805,-31.9425]},"properties":{"species":"Vombatus ursinus","eventDate":"2020-09-04","basisOfRecord":"HUMAN_OBSERVATION","license":"CC-BY 4.0 (Int)","coordinateUncertaintyM":50.0,"uncertaintyUnknown":false,"observationCount":3,"geographicOutlier":false}},{"type":"Feature","id":"4ef8d91a75f21d50","geometry":{"type":"Point","coordinates":[151.367166,-33.343129]},"properties":{"species":"Vombatus ursinus","eventDate":"2020-09-02","basisOfRecord":"HUMAN_OBSERVATION","license":"CC-BY 4.0 (Int)","coordinateUncertaintyM":500.0,"uncertaintyUnknown":false,"observationCount":1,"geographicOutlier":false}},{"type":"Feature","id":"61ed8c03ed1dd242","geometry":{"type":"Point","coordinates":[145.61177,-37.50058]},"properties":{"species":"Vombatus ursinus","eventDate":"2020-09-01","basisOfRecord":"OCCURRENCE","license":"CC-BY 4.0 (Int)","coordinateUncertaintyM":20.0,"uncertaintyUnknown":false,"observationCount":1,"geographicOutlier":false}},{"type":"Feature","id":"75a98a888657f948","geometry":{"type":"Point","coordinates":[150.322056,-33.83888]},"properties":{"species":"Vombatus ursinus","eventDate":"2020-08-28","basisOfRecord":"HUMAN_OBSERVATION","license":"CC-BY 4.0 (Int)","coordinateUncertaintyM":1.0,"uncertaintyUnknown":false,"observationCount":1,"geographicOutlier":false}},{"type":"Feature","id":"5e19493e06c46708","geometry":{"type":"Point","coordinates":[148.478016,-34.929553]},"properties":{"species":"Vombatus ursinus","eventDate":"2020-08-27","basisOfRecord":"HUMAN_OBSERVATION","license":"CC-BY 4.0 (Int)","coordinateUncertaintyM":10.0,"uncertaintyUnknown":false,"observationCount":1,"geographicOutlier":false}},{"type":"Feature","id":"aeb11bca211ecec6","geometry":{"type":"Point","coordinates":[147.67189,-37.44603]},"properties":{"species":"Vombatus ursinus","eventDate":"2020-08-27","basisOfRecord":"OCCURRENCE","license":"CC-BY 4.0 (Int)","coordinateUncertaintyM":10.0,"uncertaintyUnknown":false,"observationCount":1,"geographicOutlier":false}},{"type":"Feature","id":"9375b12c238551b9","geometry":{"type":"Point","coordinates":[145.60453,-37.53344]},"properties":{"species":"Vombatus ursinus","eventDate":"2020-08-26","basisOfRecord":"OCCURRENCE","license":"CC-BY 4.0 (Int)","coordinateUncertaintyM":5.0,"uncertaintyUnknown":false,"observationCount":1,"geographicOutlier":false}},{"type":"Feature","id":"839d02d76bb85b26","geometry":{"type":"Point","coordinates":[147.54381,-37.40993]},"properties":{"species":"Vombatus ursinus","eventDate":"2020-08-26","basisOfRecord":"OCCURRENCE","license":"CC-BY 4.0 (Int)","coordinateUncertaintyM":10.0,"uncertaintyUnknown":false,"observationCount":1,"geographicOutlier":false}},{"type":"Feature","id":"779bac76fd22d6b6","geometry":{"type":"Point","coordinates":[150.756692,-34.101222]},"properties":{"species":"Vombatus ursinus","eventDate":"2020-08-25","basisOfRecord":"HUMAN_OBSERVATION","license":"CC-BY 4.0 (Int)","coordinateUncertaintyM":1666.0,"uncertaintyUnknown":false,"observationCount":1,"geographicOutlier":false}},{"type":"Feature","id":"c38f0a76de0ab4a9","geometry":{"type":"Point","coordinates":[150.362853,-33.789828]},"properties":{"species":"Vombatus ursinus","eventDate":"2020-08-23","basisOfRecord":"HUMAN_OBSERVATION","license":"CC-BY 4.0 (Int)","coordinateUncertaintyM":1.0,"uncertaintyUnknown":false,"observationCount":1,"geographicOutlier":false}},{"type":"Feature","id":"138fef041524f527","geometry":{"type":"Point","coordinates":[148.10586,-37.28373]},"properties":{"species":"Vombatus ursinus","eventDate":"2020-08-20","basisOfRecord":"OCCURRENCE","license":"CC-BY 4.0 (Int)","coordinateUncertaintyM":5.0,"uncertaintyUnknown":false,"observationCount":1,"geographicOutlier":false}},{"type":"Feature","id":"b98a6632e28af068","geometry":{"type":"Point","coordinates":[149.201937,-35.45614]},"properties":{"species":"Vombatus ursinus","eventDate":"2020-08-19","basisOfRecord":"HUMAN_OBSERVATION","license":"CC-BY 4.0 (Int)","coordinateUncertaintyM":30.0,"uncertaintyUnknown":false,"observationCount":1,"geographicOutlier":false}},{"type":"Feature","id":"f56d74bb5a2d2875","geometry":{"type":"Point","coordinates":[148.96907,-37.68085]},"properties":{"species":"Vombatus ursinus","eventDate":"2020-08-18","basisOfRecord":"OCCURRENCE","license":"CC-BY 4.0 (Int)","coordinateUncertaintyM":5.0,"uncertaintyUnknown":false,"observationCount":1,"geographicOutlier":false}},{"type":"Feature","id":"37e7294cf596cc47","geometry":{"type":"Point","coordinates":[150.362743,-35.544008]},"properties":{"species":"Vombatus ursinus","eventDate":"2020-08-15","basisOfRecord":"HUMAN_OBSERVATION","license":"CC-BY 4.0 (Int)","coordinateUncertaintyM":20.0,"uncertaintyUnknown":false,"observationCount":1,"geographicOutlier":false}},{"type":"Feature","id":"f0ec627d2675498b","geometry":{"type":"Point","coordinates":[149.35033,-37.47738]},"properties":{"species":"Vombatus ursinus","eventDate":"2020-08-13","basisOfRecord":"OCCURRENCE","license":"CC-BY 4.0 (Int)","coordinateUncertaintyM":5.0,"uncertaintyUnknown":false,"observationCount":1,"geographicOutlier":false}},{"type":"Feature","id":"9d1ecc147543f4fc","geometry":{"type":"Point","coordinates":[151.329934,-33.274146]},"properties":{"species":"Vombatus ursinus","eventDate":"2020-08-11","basisOfRecord":"HUMAN_OBSERVATION","license":"CC-BY 4.0 (Int)","coordinateUncertaintyM":500.0,"uncertaintyUnknown":false,"observationCount":1,"geographicOutlier":false}},{"type":"Feature","id":"6d72da80b69cd074","geometry":{"type":"Point","coordinates":[148.004289,-40.808512]},"properties":{"species":"Vombatus ursinus","eventDate":"2020-08-09","basisOfRecord":"HUMAN_OBSERVATION","license":"CC-BY 4.0 (Int)","coordinateUncertaintyM":6.0,"uncertaintyUnknown":false,"observationCount":1,"geographicOutlier":false}},{"type":"Feature","id":"ec57a59060cf8aa0","geometry":{"type":"Point","coordinates":[148.31579,-37.16051]},"properties":{"species":"Vombatus ursinus","eventDate":"2020-08-07","basisOfRecord":"OCCURRENCE","license":"CC-BY 4.0 (Int)","coordinateUncertaintyM":10.0,"uncertaintyUnknown":false,"observationCount":1,"geographicOutlier":false}},{"type":"Feature","id":"4f28dcdfc656fd5e","geometry":{"type":"Point","coordinates":[148.30019,-37.11583]},"properties":{"species":"Vombatus ursinus","eventDate":"2020-08-07","basisOfRecord":"OCCURRENCE","license":"CC-BY 4.0 (Int)","coordinateUncertaintyM":10.0,"uncertaintyUnknown":false,"observationCount":1,"geographicOutlier":false}},{"type":"Feature","id":"1a7891cacacc12f1","geometry":{"type":"Point","coordinates":[148.26122,-36.97408]},"properties":{"species":"Vombatus ursinus","eventDate":"2020-08-06","basisOfRecord":"OCCURRENCE","license":"CC-BY 4.0 (Int)","coordinateUncertaintyM":10.0,"uncertaintyUnknown":false,"observationCount":1,"geographicOutlier":false}},{"type":"Feature","id":"4f757696af72ba58","geometry":{"type":"Point","coordinates":[148.31161,-36.9823]},"properties":{"species":"Vombatus ursinus","eventDate":"2020-08-06","basisOfRecord":"OCCURRENCE","license":"CC-BY 4.0 (Int)","coordinateUncertaintyM":10.0,"uncertaintyUnknown":false,"observationCount":1,"geographicOutlier":false}},{"type":"Feature","id":"32d94a4c1a351403","geometry":{"type":"Point","coordinates":[148.23852,-36.95631]},"properties":{"species":"Vombatus ursinus","eventDate":"2020-08-06","basisOfRecord":"OCCURRENCE","license":"CC-BY 4.0 (Int)","coordinateUncertaintyM":10.0,"uncertaintyUnknown":false,"observationCount":1,"geographicOutlier":false}},{"type":"Feature","id":"1ad9dc34779fe70c","geometry":{"type":"Point","coordinates":[150.519988,-34.743091]},"properties":{"species":"Vombatus ursinus","eventDate":"2020-08-05","basisOfRecord":"HUMAN_OBSERVATION","license":"CC-BY 4.0 (Int)","coordinateUncertaintyM":30.0,"uncertaintyUnknown":false,"observationCount":1,"geographicOutlier":false}},{"type":"Feature","id":"3106ffd9cfe5b2eb","geometry":{"type":"Point","coordinates":[148.2297,-36.94304]},"properties":{"species":"Vombatus ursinus","eventDate":"2020-08-05","basisOfRecord":"OCCURRENCE","license":"CC-BY 4.0 (Int)","coordinateUncertaintyM":10.0,"uncertaintyUnknown":false,"observationCount":1,"geographicOutlier":false}},{"type":"Feature","id":"e87ae1d98ac130d1","geometry":{"type":"Point","coordinates":[148.32438,-37.05462]},"properties":{"species":"Vombatus ursinus","eventDate":"2020-08-04","basisOfRecord":"OCCURRENCE","license":"CC-BY 4.0 (Int)","coordinateUncertaintyM":10.0,"uncertaintyUnknown":false,"observationCount":1,"geographicOutlier":false}},{"type":"Feature","id":"53c8a1672423c74d","geometry":{"type":"Point","coordinates":[147.59028,-37.38336]},"properties":{"species":"Vombatus ursinus","eventDate":"2020-08-03","basisOfRecord":"OCCURRENCE","license":"CC-BY 4.0 (Int)","coordinateUncertaintyM":5.0,"uncertaintyUnknown":false,"observationCount":1,"geographicOutlier":false}},{"type":"Feature","id":"3f84687375b00a64","geometry":{"type":"Point","coordinates":[149.34446,-37.44745]},"properties":{"species":"Vombatus ursinus","eventDate":"2020-08-03","basisOfRecord":"OCCURRENCE","license":"CC-BY 4.0 (Int)","coordinateUncertaintyM":5.0,"uncertaintyUnknown":false,"observationCount":1,"geographicOutlier":false}},{"type":"Feature","id":"b6768b75ca014cf9","geometry":{"type":"Point","coordinates":[150.335888,-33.867323]},"properties":{"species":"Vombatus ursinus","eventDate":"2020-07-30","basisOfRecord":"HUMAN_OBSERVATION","license":"CC-BY 4.0 (Int)","coordinateUncertaintyM":1.0,"uncertaintyUnknown":false,"observationCount":1,"geographicOutlier":false}},{"type":"Feature","id":"33b39a6033dec4fb","geometry":{"type":"Point","coordinates":[148.403306,-35.084288]},"properties":{"species":"Vombatus ursinus","eventDate":"2020-07-29","basisOfRecord":"HUMAN_OBSERVATION","license":"CC-BY 4.0 (Int)","coordinateUncertaintyM":100.0,"uncertaintyUnknown":false,"observationCount":1,"geographicOutlier":false}},{"type":"Feature","id":"6faaa61e5382740f","geometry":{"type":"Point","coordinates":[149.452782,-35.254737]},"properties":{"species":"Vombatus ursinus","eventDate":"2020-07-28","basisOfRecord":"HUMAN_OBSERVATION","license":"CC-BY 4.0 (Int)","coordinateUncertaintyM":500.0,"uncertaintyUnknown":false,"observationCount":1,"geographicOutlier":false}},{"type":"Feature","id":"29d8673028403565","geometry":{"type":"Point","coordinates":[146.43996,-38.07548]},"properties":{"species":"Vombatus ursinus","eventDate":"2020-07-25","basisOfRecord":"OCCURRENCE","license":"CC-BY 4.0 (Int)","coordinateUncertaintyM":5.0,"uncertaintyUnknown":false,"observationCount":1,"geographicOutlier":false}},{"type":"Feature","id":"8b925c568571ff58","geometry":{"type":"Point","coordinates":[149.502165,-35.311666]},"properties":{"species":"Vombatus ursinus","eventDate":"2020-07-24","basisOfRecord":"HUMAN_OBSERVATION","license":"CC-BY 4.0 (Int)","coordinateUncertaintyM":30.0,"uncertaintyUnknown":false,"observationCount":1,"geographicOutlier":false}},{"type":"Feature","id":"691ff37744839893","geometry":{"type":"Point","coordinates":[148.02362,-36.64023]},"properties":{"species":"Vombatus ursinus","eventDate":"2020-07-23","basisOfRecord":"OCCURRENCE","license":"CC-BY 4.0 (Int)","coordinateUncertaintyM":10.0,"uncertaintyUnknown":false,"observationCount":1,"geographicOutlier":false}},{"type":"Feature","id":"8a688d06a0297f94","geometry":{"type":"Point","coordinates":[148.93717,-37.71487]},"properties":{"species":"Vombatus ursinus","eventDate":"2020-07-23","basisOfRecord":"OCCURRENCE","license":"CC-BY 4.0 (Int)","coordinateUncertaintyM":5.0,"uncertaintyUnknown":false,"observationCount":1,"geographicOutlier":false}},{"type":"Feature","id":"f3f72f5f673cb8e8","geometry":{"type":"Point","coordinates":[148.02909,-36.64254]},"properties":{"species":"Vombatus ursinus","eventDate":"2020-07-23","basisOfRecord":"OCCURRENCE","license":"CC-BY 4.0 (Int)","coordinateUncertaintyM":10.0,"uncertaintyUnknown":false,"observationCount":1,"geographicOutlier":false}},{"type":"Feature","id":"2b82febb3a1d21af","geometry":{"type":"Point","coordinates":[149.793004,-34.816407]},"properties":{"species":"Vombatus ursinus","eventDate":"2020-07-20","basisOfRecord":"HUMAN_OBSERVATION","license":"CC-BY 4.0 (Int)","coordinateUncertaintyM":500.0,"uncertaintyUnknown":false,"observationCount":1,"geographicOutlier":false}},{"type":"Feature","id":"987771243dd734f6","geometry":{"type":"Point","coordinates":[149.188198,-35.58263]},"properties":{"species":"Vombatus ursinus","eventDate":"2020-07-16","basisOfRecord":"HUMAN_OBSERVATION","license":"CC-BY 4.0 (Int)","coordinateUncertaintyM":30.0,"uncertaintyUnknown":false,"observationCount":1,"geographicOutlier":false}},{"type":"Feature","id":"d6c9df51c9134a83","geometry":{"type":"Point","coordinates":[144.17161,-37.4931]},"properties":{"species":"Vombatus ursinus","eventDate":"2020-07-13","basisOfRecord":"OBSERVATION","license":"CC-BY 4.0 (Int)","coordinateUncertaintyM":5.0,"uncertaintyUnknown":false,"observationCount":1,"geographicOutlier":false}},{"type":"Feature","id":"1b003f981ac18a55","geometry":{"type":"Point","coordinates":[149.605238,-32.571811]},"properties":{"species":"Vombatus ursinus","eventDate":"2020-07-11","basisOfRecord":"HUMAN_OBSERVATION","license":"CC-BY 4.0 (Int)","coordinateUncertaintyM":1498.0,"uncertaintyUnknown":false,"observationCount":1,"geographicOutlier":false}},{"type":"Feature","id":"3ce1e67a32c92f33","geometry":{"type":"Point","coordinates":[149.238846,-35.345199]},"properties":{"species":"Vombatus ursinus","eventDate":"2020-07-09","basisOfRecord":"HUMAN_OBSERVATION","license":"CC-BY 4.0 (Int)","coordinateUncertaintyM":500.0,"uncertaintyUnknown":false,"observationCount":1,"geographicOutlier":false}},{"type":"Feature","id":"f9f9a2bb9eb0ee08","geometry":{"type":"Point","coordinates":[149.592342,-35.166905]},"properties":{"species":"Vombatus ursinus","eventDate":"2020-07-08","basisOfRecord":"HUMAN_OBSERVATION","license":"CC-BY 4.0 (Int)","coordinateUncertaintyM":30.0,"uncertaintyUnknown":false,"observationCount":1,"geographicOutlier":false}},{"type":"Feature","id":"59d71174dd34259a","geometry":{"type":"Point","coordinates":[148.31987,-37.09238]},"properties":{"species":"Vombatus ursinus","eventDate":"2020-07-07","basisOfRecord":"OCCURRENCE","license":"CC-BY 4.0 (Int)","coordinateUncertaintyM":10.0,"uncertaintyUnknown":false,"observationCount":1,"geographicOutlier":false}},{"type":"Feature","id":"7855aa4da9e648b0","geometry":{"type":"Point","coordinates":[150.417671,-33.729228]},"properties":{"species":"Vombatus ursinus","eventDate":"2020-07-03","basisOfRecord":"HUMAN_OBSERVATION","license":"CC-BY 4.0 (Int)","coordinateUncertaintyM":1398.0,"uncertaintyUnknown":false,"observationCount":1,"geographicOutlier":false}},{"type":"Feature","id":"ae36b8e8d1284377","geometry":{"type":"Point","coordinates":[150.030127,-32.819216]},"properties":{"species":"Vombatus ursinus","eventDate":"2020-07-01","basisOfRecord":"HUMAN_OBSERVATION","license":"CC-BY 4.0 (Int)","coordinateUncertaintyM":10.0,"uncertaintyUnknown":false,"observationCount":1,"geographicOutlier":false}},{"type":"Feature","id":"a2fbf173eda0b83b","geometry":{"type":"Point","coordinates":[149.89209,-35.60704]},"properties":{"species":"Vombatus ursinus","eventDate":"2020-06-29","basisOfRecord":"HUMAN_OBSERVATION","license":"CC-BY 4.0 (Int)","coordinateUncertaintyM":150.0,"uncertaintyUnknown":false,"observationCount":1,"geographicOutlier":false}},{"type":"Feature","id":"f3181845aaafdee7","geometry":{"type":"Point","coordinates":[151.437148,-33.197506]},"properties":{"species":"Vombatus ursinus","eventDate":"2020-06-29","basisOfRecord":"HUMAN_OBSERVATION","license":"CC-BY 4.0 (Int)","coordinateUncertaintyM":50.0,"uncertaintyUnknown":false,"observationCount":1,"geographicOutlier":false}},{"type":"Feature","id":"2f49f52f6e0ae72c","geometry":{"type":"Point","coordinates":[145.27574,-38.1347]},"properties":{"species":"Vombatus ursinus","eventDate":"2020-06-27","basisOfRecord":"OBSERVATION","license":"CC-BY 4.0 (Int)","coordinateUncertaintyM":10.0,"uncertaintyUnknown":false,"observationCount":1,"geographicOutlier":false}},{"type":"Feature","id":"138635085f80c2f2","geometry":{"type":"Point","coordinates":[148.61046,-37.3606]},"properties":{"species":"Vombatus ursinus","eventDate":"2020-06-25","basisOfRecord":"OCCURRENCE","license":"CC-BY 4.0 (Int)","coordinateUncertaintyM":5.0,"uncertaintyUnknown":false,"observationCount":1,"geographicOutlier":false}},{"type":"Feature","id":"52930cbc8e0631ad","geometry":{"type":"Point","coordinates":[148.00267,-36.50943]},"properties":{"species":"Vombatus ursinus","eventDate":"2020-06-25","basisOfRecord":"OCCURRENCE","license":"CC-BY 4.0 (Int)","coordinateUncertaintyM":10.0,"uncertaintyUnknown":false,"observationCount":1,"geographicOutlier":false}},{"type":"Feature","id":"31204bf73beab758","geometry":{"type":"Point","coordinates":[149.11468,-37.61036]},"properties":{"species":"Vombatus ursinus","eventDate":"2020-06-24","basisOfRecord":"OCCURRENCE","license":"CC-BY 4.0 (Int)","coordinateUncertaintyM":5.0,"uncertaintyUnknown":false,"observationCount":1,"geographicOutlier":false}},{"type":"Feature","id":"a6fa692e70c044e2","geometry":{"type":"Point","coordinates":[149.11586,-37.61367]},"properties":{"species":"Vombatus ursinus","eventDate":"2020-06-24","basisOfRecord":"OCCURRENCE","license":"CC-BY 4.0 (Int)","coordinateUncertaintyM":5.0,"uncertaintyUnknown":false,"observationCount":1,"geographicOutlier":false}},{"type":"Feature","id":"0fb8773bc336b3c5","geometry":{"type":"Point","coordinates":[150.51529,-34.30254]},"properties":{"species":"Vombatus ursinus","eventDate":"2020-06-23","basisOfRecord":"HUMAN_OBSERVATION","license":"CC-BY 4.0 (Int)","coordinateUncertaintyM":522.0,"uncertaintyUnknown":false,"observationCount":1,"geographicOutlier":false}},{"type":"Feature","id":"714f8eccc62cc015","geometry":{"type":"Point","coordinates":[149.04759,-37.52801]},"properties":{"species":"Vombatus ursinus","eventDate":"2020-06-23","basisOfRecord":"OCCURRENCE","license":"CC-BY 4.0 (Int)","coordinateUncertaintyM":5.0,"uncertaintyUnknown":false,"observationCount":1,"geographicOutlier":false}},{"type":"Feature","id":"48136aa45d31e452","geometry":{"type":"Point","coordinates":[150.64441,-34.04218]},"properties":{"species":"Vombatus ursinus","eventDate":"2020-06-21","basisOfRecord":"HUMAN_OBSERVATION","license":"CC-BY 4.0 (Int)","coordinateUncertaintyM":1767.0,"uncertaintyUnknown":false,"observationCount":1,"geographicOutlier":false}},{"type":"Feature","id":"20114fb507bc8edb","geometry":{"type":"Point","coordinates":[148.74272,-37.43656]},"properties":{"species":"Vombatus ursinus","eventDate":"2020-06-19","basisOfRecord":"OCCURRENCE","license":"CC-BY 4.0 (Int)","coordinateUncertaintyM":10.0,"uncertaintyUnknown":false,"observationCount":1,"geographicOutlier":false}},{"type":"Feature","id":"022f442896197cb1","geometry":{"type":"Point","coordinates":[149.557814,-35.321108]},"properties":{"species":"Vombatus ursinus","eventDate":"2020-06-19","basisOfRecord":"HUMAN_OBSERVATION","license":"CC-BY 4.0 (Int)","coordinateUncertaintyM":30.0,"uncertaintyUnknown":false,"observationCount":1,"geographicOutlier":false}},{"type":"Feature","id":"e94de45e3ebb92d5","geometry":{"type":"Point","coordinates":[150.79408,-34.5054]},"properties":{"species":"Vombatus ursinus","eventDate":"2020-06-17","basisOfRecord":"HUMAN_OBSERVATION","license":"CC-BY 4.0 (Int)","coordinateUncertaintyM":1532.0,"uncertaintyUnknown":false,"observationCount":1,"geographicOutlier":false}},{"type":"Feature","id":"2c477e622565ad41","geometry":{"type":"Point","coordinates":[144.37286,-37.4619]},"properties":{"species":"Vombatus ursinus","eventDate":"2020-06-16","basisOfRecord":"OBSERVATION","license":"CC-BY 4.0 (Int)","coordinateUncertaintyM":5.0,"uncertaintyUnknown":false,"observationCount":1,"geographicOutlier":false}},{"type":"Feature","id":"f701da30bc442c5f","geometry":{"type":"Point","coordinates":[150.84437,-34.67382]},"properties":{"species":"Vombatus ursinus","eventDate":"2020-06-13","basisOfRecord":"HUMAN_OBSERVATION","license":"CC-BY 4.0 (Int)","coordinateUncertaintyM":1765.0,"uncertaintyUnknown":false,"observationCount":2,"geographicOutlier":false}},{"type":"Feature","id":"7470b1017a4d7ab1","geometry":{"type":"Point","coordinates":[145.63998,-37.32314]},"properties":{"species":"Vombatus ursinus","eventDate":"2020-06-11","basisOfRecord":"OCCURRENCE","license":"CC-BY 4.0 (Int)","coordinateUncertaintyM":5.0,"uncertaintyUnknown":false,"observationCount":1,"geographicOutlier":false}},{"type":"Feature","id":"02e2994f6e59e761","geometry":{"type":"Point","coordinates":[151.103593,-32.750581]},"properties":{"species":"Vombatus ursinus","eventDate":"2020-06-11","basisOfRecord":"HUMAN_OBSERVATION","license":"CC-BY 4.0 (Int)","coordinateUncertaintyM":500.0,"uncertaintyUnknown":false,"observationCount":1,"geographicOutlier":false}},{"type":"Feature","id":"0154758b55ca25ce","geometry":{"type":"Point","coordinates":[148.585223,-35.864051]},"properties":{"species":"Vombatus ursinus","eventDate":"2020-06-10","basisOfRecord":"HUMAN_OBSERVATION","license":"CC-BY 4.0 (Int)","coordinateUncertaintyM":3.0,"uncertaintyUnknown":false,"observationCount":2,"geographicOutlier":false}},{"type":"Feature","id":"b12aa13c2d29c287","geometry":{"type":"Point","coordinates":[145.96509,-37.43438]},"properties":{"species":"Vombatus ursinus","eventDate":"2020-06-09","basisOfRecord":"OCCURRENCE","license":"CC-BY 4.0 (Int)","coordinateUncertaintyM":10.0,"uncertaintyUnknown":false,"observationCount":1,"geographicOutlier":false}},{"type":"Feature","id":"5369749260bd37c0","geometry":{"type":"Point","coordinates":[149.881,-35.567]},"properties":{"species":"Vombatus ursinus","eventDate":"2020-06-08","basisOfRecord":"HUMAN_OBSERVATION","license":"CC-BY 4.0 (Int)","coordinateUncertaintyM":150.0,"uncertaintyUnknown":false,"observationCount":1,"geographicOutlier":false}},{"type":"Feature","id":"4b877e6bb0f79de2","geometry":{"type":"Point","coordinates":[149.273336,-35.21978]},"properties":{"species":"Vombatus ursinus","eventDate":"2020-06-05","basisOfRecord":"HUMAN_OBSERVATION","license":"CC-BY 4.0 (Int)","coordinateUncertaintyM":30.0,"uncertaintyUnknown":false,"observationCount":1,"geographicOutlier":false}},{"type":"Feature","id":"eb7822a7fe6c5d0c","geometry":{"type":"Point","coordinates":[148.409856,-35.881401]},"properties":{"species":"Vombatus ursinus","eventDate":"2020-06-05","basisOfRecord":"HUMAN_OBSERVATION","license":"CC-BY 4.0 (Int)","coordinateUncertaintyM":5.0,"uncertaintyUnknown":false,"observationCount":1,"geographicOutlier":false}},{"type":"Feature","id":"80e888216e998d2a","geometry":{"type":"Point","coordinates":[148.583335,-35.862669]},"properties":{"species":"Vombatus ursinus","eventDate":"2020-06-04","basisOfRecord":"HUMAN_OBSERVATION","license":"CC-BY 4.0 (Int)","coordinateUncertaintyM":3.0,"uncertaintyUnknown":false,"observationCount":1,"geographicOutlier":false}},{"type":"Feature","id":"3ad6c98c6beac4c9","geometry":{"type":"Point","coordinates":[148.57413,-35.850809]},"properties":{"species":"Vombatus ursinus","eventDate":"2020-06-04","basisOfRecord":"HUMAN_OBSERVATION","license":"CC-BY 4.0 (Int)","coordinateUncertaintyM":3.0,"uncertaintyUnknown":false,"observationCount":2,"geographicOutlier":false}},{"type":"Feature","id":"ad5dc3969fac1941","geometry":{"type":"Point","coordinates":[148.406519,-35.861219]},"properties":{"species":"Vombatus ursinus","eventDate":"2020-06-03","basisOfRecord":"HUMAN_OBSERVATION","license":"CC-BY 4.0 (Int)","coordinateUncertaintyM":3.0,"uncertaintyUnknown":false,"observationCount":2,"geographicOutlier":false}},{"type":"Feature","id":"062e9b2865f432ee","geometry":{"type":"Point","coordinates":[148.417104,-35.885958]},"properties":{"species":"Vombatus ursinus","eventDate":"2020-06-03","basisOfRecord":"HUMAN_OBSERVATION","license":"CC-BY 4.0 (Int)","coordinateUncertaintyM":3.0,"uncertaintyUnknown":false,"observationCount":2,"geographicOutlier":false}},{"type":"Feature","id":"7f3cc39b727296c8","geometry":{"type":"Point","coordinates":[148.405493,-35.880893]},"properties":{"species":"Vombatus ursinus","eventDate":"2020-06-02","basisOfRecord":"HUMAN_OBSERVATION","license":"CC-BY 4.0 (Int)","coordinateUncertaintyM":5.0,"uncertaintyUnknown":false,"observationCount":1,"geographicOutlier":false}},{"type":"Feature","id":"e27808155fa274e5","geometry":{"type":"Point","coordinates":[146.94067,-36.08908]},"properties":{"species":"Vombatus ursinus","eventDate":"2020-06-01","basisOfRecord":"HUMAN_OBSERVATION","license":"CC-BY 4.0 (Int)","coordinateUncertaintyM":1981.0,"uncertaintyUnknown":false,"observationCount":2,"geographicOutlier":false}},{"type":"Feature","id":"a6e32371c4d0ef9c","geometry":{"type":"Point","coordinates":[148.06631,-37.86495]},"properties":{"species":"Vombatus ursinus","eventDate":"2020-05-29","basisOfRecord":"OBSERVATION","license":"CC-BY 4.0 (Int)","coordinateUncertaintyM":5.0,"uncertaintyUnknown":false,"observationCount":1,"geographicOutlier":false}},{"type":"Feature","id":"a640f924f4ceb14a","geometry":{"type":"Point","coordinates":[148.06217,-37.86187]},"properties":{"species":"Vombatus ursinus","eventDate":"2020-05-29","basisOfRecord":"OBSERVATION","license":"CC-BY 4.0 (Int)","coordinateUncertaintyM":5.0,"uncertaintyUnknown":false,"observationCount":1,"geographicOutlier":false}},{"type":"Feature","id":"346d62f16cf8e182","geometry":{"type":"Point","coordinates":[148.25242,-37.4003]},"properties":{"species":"Vombatus ursinus","eventDate":"2020-05-29","basisOfRecord":"OCCURRENCE","license":"CC-BY 4.0 (Int)","coordinateUncertaintyM":10.0,"uncertaintyUnknown":false,"observationCount":1,"geographicOutlier":false}},{"type":"Feature","id":"6eb2369546bba0f1","geometry":{"type":"Point","coordinates":[149.400111,-35.197717]},"properties":{"species":"Vombatus ursinus","eventDate":"2020-05-27","basisOfRecord":"HUMAN_OBSERVATION","license":"CC-BY 4.0 (Int)","coordinateUncertaintyM":30.0,"uncertaintyUnknown":false,"observationCount":1,"geographicOutlier":false}},{"type":"Feature","id":"9656b93c756e8862","geometry":{"type":"Point","coordinates":[146.07446,-37.63325]},"properties":{"species":"Vombatus ursinus","eventDate":"2020-05-27","basisOfRecord":"OCCURRENCE","license":"CC-BY 4.0 (Int)","coordinateUncertaintyM":10.0,"uncertaintyUnknown":false,"observationCount":1,"geographicOutlier":false}},{"type":"Feature","id":"f788a9a3dd7acad2","geometry":{"type":"Point","coordinates":[147.93926,-37.21151]},"properties":{"species":"Vombatus ursinus","eventDate":"2020-05-26","basisOfRecord":"OCCURRENCE","license":"CC-BY 4.0 (Int)","coordinateUncertaintyM":5.0,"uncertaintyUnknown":false,"observationCount":1,"geographicOutlier":false}},{"type":"Feature","id":"ea4048346586937c","geometry":{"type":"Point","coordinates":[149.889,-35.551]},"properties":{"species":"Vombatus ursinus","eventDate":"2020-05-25","basisOfRecord":"HUMAN_OBSERVATION","license":"CC-BY 4.0 (Int)","coordinateUncertaintyM":150.0,"uncertaintyUnknown":false,"observationCount":1,"geographicOutlier":false}},{"type":"Feature","id":"fb4d774aaec30430","geometry":{"type":"Point","coordinates":[150.534886,-34.829428]},"properties":{"species":"Vombatus ursinus","eventDate":"2020-05-24","basisOfRecord":"HUMAN_OBSERVATION","license":"CC-BY 4.0 (Int)","coordinateUncertaintyM":30.0,"uncertaintyUnknown":false,"observationCount":1,"geographicOutlier":false}},{"type":"Feature","id":"69b666543618371c","geometry":{"type":"Point","coordinates":[150.04582,-35.6162]},"properties":{"species":"Vombatus ursinus","eventDate":"2020-05-23","basisOfRecord":"HUMAN_OBSERVATION","license":"CC-BY 4.0 (Int)","coordinateUncertaintyM":150.0,"uncertaintyUnknown":false,"observationCount":1,"geographicOutlier":false}},{"type":"Feature","id":"501598d3474ae924","geometry":{"type":"Point","coordinates":[150.131779,-32.254752]},"properties":{"species":"Vombatus ursinus","eventDate":"2020-05-22","basisOfRecord":"HUMAN_OBSERVATION","license":"CC-BY 4.0 (Int)","coordinateUncertaintyM":30.0,"uncertaintyUnknown":false,"observationCount":1,"geographicOutlier":false}},{"type":"Feature","id":"5e1e17e049b437ee","geometry":{"type":"Point","coordinates":[148.26703,-37.2967]},"properties":{"species":"Vombatus ursinus","eventDate":"2020-05-21","basisOfRecord":"OCCURRENCE","license":"CC-BY 4.0 (Int)","coordinateUncertaintyM":10.0,"uncertaintyUnknown":false,"observationCount":1,"geographicOutlier":false}},{"type":"Feature","id":"dde2d6c8b6a9f415","geometry":{"type":"Point","coordinates":[148.26762,-37.35017]},"properties":{"species":"Vombatus ursinus","eventDate":"2020-05-21","basisOfRecord":"OCCURRENCE","license":"CC-BY 4.0 (Int)","coordinateUncertaintyM":10.0,"uncertaintyUnknown":false,"observationCount":1,"geographicOutlier":false}},{"type":"Feature","id":"711d5ee8dfe69992","geometry":{"type":"Point","coordinates":[148.27825,-37.3504]},"properties":{"species":"Vombatus ursinus","eventDate":"2020-05-21","basisOfRecord":"OCCURRENCE","license":"CC-BY 4.0 (Int)","coordinateUncertaintyM":10.0,"uncertaintyUnknown":false,"observationCount":1,"geographicOutlier":false}},{"type":"Feature","id":"b51ce59d111ec903","geometry":{"type":"Point","coordinates":[148.31548,-37.34762]},"properties":{"species":"Vombatus ursinus","eventDate":"2020-05-20","basisOfRecord":"OCCURRENCE","license":"CC-BY 4.0 (Int)","coordinateUncertaintyM":10.0,"uncertaintyUnknown":false,"observationCount":1,"geographicOutlier":false}},{"type":"Feature","id":"24c720bab5dd4486","geometry":{"type":"Point","coordinates":[149.868073,-33.720796]},"properties":{"species":"Vombatus ursinus","eventDate":"2020-05-20","basisOfRecord":"HUMAN_OBSERVATION","license":"CC-BY 4.0 (Int)","coordinateUncertaintyM":100.0,"uncertaintyUnknown":false,"observationCount":1,"geographicOutlier":false}},{"type":"Feature","id":"93cd3056f2cfe1ba","geometry":{"type":"Point","coordinates":[148.2925,-37.32973]},"properties":{"species":"Vombatus ursinus","eventDate":"2020-05-20","basisOfRecord":"OCCURRENCE","license":"CC-BY 4.0 (Int)","coordinateUncertaintyM":10.0,"uncertaintyUnknown":false,"observationCount":1,"geographicOutlier":false}},{"type":"Feature","id":"d8751135f0c3ce00","geometry":{"type":"Point","coordinates":[148.32924,-37.30437]},"properties":{"species":"Vombatus ursinus","eventDate":"2020-05-19","basisOfRecord":"OCCURRENCE","license":"CC-BY 4.0 (Int)","coordinateUncertaintyM":10.0,"uncertaintyUnknown":false,"observationCount":1,"geographicOutlier":false}},{"type":"Feature","id":"d8a9095240f5a637","geometry":{"type":"Point","coordinates":[149.241051,-35.376999]},"properties":{"species":"Vombatus ursinus","eventDate":"2020-05-19","basisOfRecord":"HUMAN_OBSERVATION","license":"CC-BY 4.0 (Int)","coordinateUncertaintyM":30.0,"uncertaintyUnknown":false,"observationCount":2,"geographicOutlier":false}},{"type":"Feature","id":"679c218342dc112a","geometry":{"type":"Point","coordinates":[149.024984,-35.027149]},"properties":{"species":"Vombatus ursinus","eventDate":"2020-05-18","basisOfRecord":"HUMAN_OBSERVATION","license":"CC-BY 4.0 (Int)","coordinateUncertaintyM":30.0,"uncertaintyUnknown":false,"observationCount":1,"geographicOutlier":false}},{"type":"Feature","id":"94c6b758111b54c0","geometry":{"type":"Point","coordinates":[150.22796,-32.85381]},"properties":{"species":"Vombatus ursinus","eventDate":"2020-05-17","basisOfRecord":"HUMAN_OBSERVATION","license":"CC-BY 4.0 (Int)","coordinateUncertaintyM":10.0,"uncertaintyUnknown":false,"observationCount":1,"geographicOutlier":false}},{"type":"Feature","id":"54d560a07b5bc364","geometry":{"type":"Point","coordinates":[150.15702,-33.48273]},"properties":{"species":"Vombatus ursinus","eventDate":"2020-05-16","basisOfRecord":"HUMAN_OBSERVATION","license":"CC-BY 4.0 (Int)","coordinateUncertaintyM":1379.0,"uncertaintyUnknown":false,"observationCount":2,"geographicOutlier":false}},{"type":"Feature","id":"dd96ea1217c9d61c","geometry":{"type":"Point","coordinates":[148.631519,-35.517498]},"properties":{"species":"Vombatus ursinus","eventDate":"2020-05-15","basisOfRecord":"HUMAN_OBSERVATION","license":"CC-BY 4.0 (Int)","coordinateUncertaintyM":3.0,"uncertaintyUnknown":false,"observationCount":1,"geographicOutlier":false}},{"type":"Feature","id":"6799da0ccbc9fe6f","geometry":{"type":"Point","coordinates":[150.026,-35.5952]},"properties":{"species":"Vombatus ursinus","eventDate":"2020-05-15","basisOfRecord":"HUMAN_OBSERVATION","license":"CC-BY 4.0 (Int)","coordinateUncertaintyM":150.0,"uncertaintyUnknown":false,"observationCount":1,"geographicOutlier":false}},{"type":"Feature","id":"c2f451070c602250","geometry":{"type":"Point","coordinates":[148.96002,-37.61877]},"properties":{"species":"Vombatus ursinus","eventDate":"2020-05-14","basisOfRecord":"OCCURRENCE","license":"CC-BY 4.0 (Int)","coordinateUncertaintyM":10.0,"uncertaintyUnknown":false,"observationCount":1,"geographicOutlier":false}},{"type":"Feature","id":"81acddd4cd0d54eb","geometry":{"type":"Point","coordinates":[148.72451,-37.43765]},"properties":{"species":"Vombatus ursinus","eventDate":"2020-05-13","basisOfRecord":"OCCURRENCE","license":"CC-BY 4.0 (Int)","coordinateUncertaintyM":10.0,"uncertaintyUnknown":false,"observationCount":1,"geographicOutlier":false}},{"type":"Feature","id":"9dce750bd39680b1","geometry":{"type":"Point","coordinates":[150.48218,-34.42888]},"properties":{"species":"Vombatus ursinus","eventDate":"2020-05-13","basisOfRecord":"HUMAN_OBSERVATION","license":"CC-BY 4.0 (Int)","coordinateUncertaintyM":854.0,"uncertaintyUnknown":false,"observationCount":1,"geographicOutlier":false}},{"type":"Feature","id":"a6a0797c0ad32119","geometry":{"type":"Point","coordinates":[149.79333,-36.21178]},"properties":{"species":"Vombatus ursinus","eventDate":"2020-05-12","basisOfRecord":"HUMAN_OBSERVATION","license":"CC-BY 4.0 (Int)","coordinateUncertaintyM":10.0,"uncertaintyUnknown":false,"observationCount":2,"geographicOutlier":false}},{"type":"Feature","id":"4d3d8a06c17dda78","geometry":{"type":"Point","coordinates":[147.33416,-37.93558]},"properties":{"species":"Vombatus ursinus","eventDate":"2020-05-12","basisOfRecord":"OCCURRENCE","license":"CC-BY 4.0 (Int)","coordinateUncertaintyM":10.0,"uncertaintyUnknown":false,"observationCount":1,"geographicOutlier":false}},{"type":"Feature","id":"11791b2d06e99f88","geometry":{"type":"Point","coordinates":[151.51108,-32.96251]},"properties":{"species":"Vombatus ursinus","eventDate":"2020-05-12","basisOfRecord":"HUMAN_OBSERVATION","license":"CC-BY 4.0 (Int)","coordinateUncertaintyM":10.0,"uncertaintyUnknown":false,"observationCount":8,"geographicOutlier":false}},{"type":"Feature","id":"fd86e1ce34d5626b","geometry":{"type":"Point","coordinates":[150.113906,-32.417295]},"properties":{"species":"Vombatus ursinus","eventDate":"2020-05-12","basisOfRecord":"HUMAN_OBSERVATION","license":"CC-BY 4.0 (Int)","coordinateUncertaintyM":500.0,"uncertaintyUnknown":false,"observationCount":1,"geographicOutlier":false}},{"type":"Feature","id":"1fa25237888d0d3a","geometry":{"type":"Point","coordinates":[147.29567,-37.89105]},"properties":{"species":"Vombatus ursinus","eventDate":"2020-05-11","basisOfRecord":"OCCURRENCE","license":"CC-BY 4.0 (Int)","coordinateUncertaintyM":10.0,"uncertaintyUnknown":false,"observationCount":1,"geographicOutlier":false}},{"type":"Feature","id":"fa06238c3d4a0423","geometry":{"type":"Point","coordinates":[147.28809,-37.90419]},"properties":{"species":"Vombatus ursinus","eventDate":"2020-05-11","basisOfRecord":"OCCURRENCE","license":"CC-BY 4.0 (Int)","coordinateUncertaintyM":10.0,"uncertaintyUnknown":false,"observationCount":1,"geographicOutlier":false}},{"type":"Feature","id":"1ced086d9be5b8e0","geometry":{"type":"Point","coordinates":[148.32699,-37.09612]},"properties":{"species":"Vombatus ursinus","eventDate":"2020-05-09","basisOfRecord":"OCCURRENCE","license":"CC-BY 4.0 (Int)","coordinateUncertaintyM":5.0,"uncertaintyUnknown":false,"observationCount":1,"geographicOutlier":false}},{"type":"Feature","id":"a61059891c5b1354","geometry":{"type":"Point","coordinates":[147.32982,-35.98019]},"properties":{"species":"Vombatus ursinus","eventDate":"2020-05-08","basisOfRecord":"HUMAN_OBSERVATION","license":"CC-BY 4.0 (Int)","coordinateUncertaintyM":10.0,"uncertaintyUnknown":false,"observationCount":2,"geographicOutlier":false}},{"type":"Feature","id":"38376d7b5b5f9525","geometry":{"type":"Point","coordinates":[145.58886,-37.96143]},"properties":{"species":"Vombatus ursinus","eventDate":"2020-05-07","basisOfRecord":"OBSERVATION","license":"CC-BY 4.0 (Int)","coordinateUncertaintyM":10.0,"uncertaintyUnknown":false,"observationCount":1,"geographicOutlier":false}},{"type":"Feature","id":"1d6d08b2977a5cf6","geometry":{"type":"Point","coordinates":[145.61618,-38.32283]},"properties":{"species":"Vombatus ursinus","eventDate":"2020-05-06","basisOfRecord":"OBSERVATION","license":"CC-BY 4.0 (Int)","coordinateUncertaintyM":10.0,"uncertaintyUnknown":false,"observationCount":1,"geographicOutlier":false}},{"type":"Feature","id":"8f5b624d88a0f0b8","geometry":{"type":"Point","coordinates":[145.61038,-38.34437]},"properties":{"species":"Vombatus ursinus","eventDate":"2020-05-05","basisOfRecord":"OBSERVATION","license":"CC-BY 4.0 (Int)","coordinateUncertaintyM":10.0,"uncertaintyUnknown":false,"observationCount":1,"geographicOutlier":false}},{"type":"Feature","id":"2441e4c62fa9cc36","geometry":{"type":"Point","coordinates":[145.61612,-38.34475]},"properties":{"species":"Vombatus ursinus","eventDate":"2020-05-05","basisOfRecord":"OBSERVATION","license":"CC-BY 4.0 (Int)","coordinateUncertaintyM":10.0,"uncertaintyUnknown":false,"observationCount":1,"geographicOutlier":false}},{"type":"Feature","id":"1e3b508b308eee1f","geometry":{"type":"Point","coordinates":[146.379614,-33.294602]},"properties":{"species":"Vombatus ursinus","eventDate":"2020-05-05","basisOfRecord":"HUMAN_OBSERVATION","license":"CC-BY 4.0 (Int)","coordinateUncertaintyM":20.0,"uncertaintyUnknown":false,"observationCount":1,"geographicOutlier":false}},{"type":"Feature","id":"9d87474d041eae37","geometry":{"type":"Point","coordinates":[145.55735,-38.63312]},"properties":{"species":"Vombatus ursinus","eventDate":"2020-05-04","basisOfRecord":"OBSERVATION","license":"CC-BY 4.0 (Int)","coordinateUncertaintyM":10.0,"uncertaintyUnknown":false,"observationCount":1,"geographicOutlier":false}},{"type":"Feature","id":"a458da43a427409f","geometry":{"type":"Point","coordinates":[145.55457,-38.63316]},"properties":{"species":"Vombatus ursinus","eventDate":"2020-05-04","basisOfRecord":"OBSERVATION","license":"CC-BY 4.0 (Int)","coordinateUncertaintyM":10.0,"uncertaintyUnknown":false,"observationCount":1,"geographicOutlier":false}},{"type":"Feature","id":"7fe99f2b500c1a11","geometry":{"type":"Point","coordinates":[145.57238,-38.6415]},"properties":{"species":"Vombatus ursinus","eventDate":"2020-05-04","basisOfRecord":"OBSERVATION","license":"CC-BY 4.0 (Int)","coordinateUncertaintyM":10.0,"uncertaintyUnknown":false,"observationCount":1,"geographicOutlier":false}},{"type":"Feature","id":"dc54facb0227ac4c","geometry":{"type":"Point","coordinates":[145.57017,-38.62574]},"properties":{"species":"Vombatus ursinus","eventDate":"2020-05-04","basisOfRecord":"OBSERVATION","license":"CC-BY 4.0 (Int)","coordinateUncertaintyM":10.0,"uncertaintyUnknown":false,"observationCount":1,"geographicOutlier":false}},{"type":"Feature","id":"f61b8c034d1aec07","geometry":{"type":"Point","coordinates":[145.56304,-38.63927]},"properties":{"species":"Vombatus ursinus","eventDate":"2020-05-04","basisOfRecord":"OBSERVATION","license":"CC-BY 4.0 (Int)","coordinateUncertaintyM":10.0,"uncertaintyUnknown":false,"observationCount":1,"geographicOutlier":false}},{"type":"Feature","id":"e310d936da5ce22a","geometry":{"type":"Point","coordinates":[145.57222,-38.64348]},"properties":{"species":"Vombatus ursinus","eventDate":"2020-05-04","basisOfRecord":"OBSERVATION","license":"CC-BY 4.0 (Int)","coordinateUncertaintyM":10.0,"uncertaintyUnknown":false,"observationCount":1,"geographicOutlier":false}},{"type":"Feature","id":"ba2bb73f1e2100a0","geometry":{"type":"Point","coordinates":[150.67999,-33.79163]},"properties":{"species":"Vombatus ursinus","eventDate":"2020-05-03","basisOfRecord":"HUMAN_OBSERVATION","license":"CC-BY 4.0 (Int)","coordinateUncertaintyM":1761.0,"uncertaintyUnknown":false,"observationCount":1,"geographicOutlier":false}},{"type":"Feature","id":"e61e8efb0cb3a12d","geometry":{"type":"Point","coordinates":[151.52112,-33.21473]},"properties":{"species":"Vombatus ursinus","eventDate":"2020-05-02","basisOfRecord":"HUMAN_OBSERVATION","license":"CC-BY 4.0 (Int)","coordinateUncertaintyM":852.0,"uncertaintyUnknown":false,"observationCount":1,"geographicOutlier":false}},{"type":"Feature","id":"5898f27efff399bc","geometry":{"type":"Point","coordinates":[150.18992,-31.82544]},"properties":{"species":"Vombatus ursinus","eventDate":"2020-04-29","basisOfRecord":"HUMAN_OBSERVATION","license":"CC-BY 4.0 (Int)","coordinateUncertaintyM":10.0,"uncertaintyUnknown":false,"observationCount":2,"geographicOutlier":false}},{"type":"Feature","id":"b8b04cd396bc2431","geometry":{"type":"Point","coordinates":[150.12617,-36.31052]},"properties":{"species":"Vombatus ursinus","eventDate":"2020-04-28","basisOfRecord":"HUMAN_OBSERVATION","license":"CC-BY 4.0 (Int)","coordinateUncertaintyM":1046.0,"uncertaintyUnknown":false,"observationCount":1,"geographicOutlier":false}},{"type":"Feature","id":"2be1a334e90d1bc7","geometry":{"type":"Point","coordinates":[149.500257,-35.257626]},"properties":{"species":"Vombatus ursinus","eventDate":"2020-04-27","basisOfRecord":"HUMAN_OBSERVATION","license":"CC-BY 4.0 (Int)","coordinateUncertaintyM":30.0,"uncertaintyUnknown":false,"observationCount":1,"geographicOutlier":false}},{"type":"Feature","id":"b56be16ce50d2c47","geometry":{"type":"Point","coordinates":[150.81671,-31.89615]},"properties":{"species":"Vombatus ursinus","eventDate":"2020-04-24","basisOfRecord":"HUMAN_OBSERVATION","license":"CC-BY 4.0 (Int)","coordinateUncertaintyM":10.0,"uncertaintyUnknown":false,"observationCount":5,"geographicOutlier":false}},{"type":"Feature","id":"104e957271381d8d","geometry":{"type":"Point","coordinates":[145.6808,-37.58336]},"properties":{"species":"Vombatus ursinus","eventDate":"2020-04-23","basisOfRecord":"OCCURRENCE","license":"CC-BY 4.0 (Int)","coordinateUncertaintyM":10.0,"uncertaintyUnknown":false,"observationCount":1,"geographicOutlier":false}},{"type":"Feature","id":"04c5d838310b3d54","geometry":{"type":"Point","coordinates":[146.24716,-38.91632]},"properties":{"species":"Vombatus ursinus","eventDate":"2020-04-22","basisOfRecord":"OCCURRENCE","license":"CC-BY 4.0 (Int)","coordinateUncertaintyM":10.0,"uncertaintyUnknown":false,"observationCount":1,"geographicOutlier":false}},{"type":"Feature","id":"b9a3e8f209df04cb","geometry":{"type":"Point","coordinates":[149.89706,-36.45961]},"properties":{"species":"Vombatus ursinus","eventDate":"2020-04-22","basisOfRecord":"HUMAN_OBSERVATION","license":"CC-BY 4.0 (Int)","coordinateUncertaintyM":10.0,"uncertaintyUnknown":false,"observationCount":1,"geographicOutlier":false}},{"type":"Feature","id":"81b4164cc03049b2","geometry":{"type":"Point","coordinates":[146.23225,-38.91322]},"properties":{"species":"Vombatus ursinus","eventDate":"2020-04-22","basisOfRecord":"OCCURRENCE","license":"CC-BY 4.0 (Int)","coordinateUncertaintyM":10.0,"uncertaintyUnknown":false,"observationCount":1,"geographicOutlier":false}},{"type":"Feature","id":"15dcf754e75f595a","geometry":{"type":"Point","coordinates":[147.33152,-36.69922]},"properties":{"species":"Vombatus ursinus","eventDate":"2020-04-22","basisOfRecord":"OCCURRENCE","license":"CC-BY 4.0 (Int)","coordinateUncertaintyM":5.0,"uncertaintyUnknown":false,"observationCount":1,"geographicOutlier":false}},{"type":"Feature","id":"ef3847c2ae4f0ad2","geometry":{"type":"Point","coordinates":[150.454284,-34.452429]},"properties":{"species":"Vombatus ursinus","eventDate":"2020-04-21","basisOfRecord":"HUMAN_OBSERVATION","license":"CC-BY 4.0 (Int)","coordinateUncertaintyM":100.0,"uncertaintyUnknown":false,"observationCount":1,"geographicOutlier":false}},{"type":"Feature","id":"0fec9145af6ca596","geometry":{"type":"Point","coordinates":[149.450633,-35.249206]},"properties":{"species":"Vombatus ursinus","eventDate":"2020-04-21","basisOfRecord":"HUMAN_OBSERVATION","license":"CC-BY 4.0 (Int)","coordinateUncertaintyM":30.0,"uncertaintyUnknown":false,"observationCount":1,"geographicOutlier":false}},{"type":"Feature","id":"6086722afdda4bf1","geometry":{"type":"Point","coordinates":[145.64463,-37.32494]},"properties":{"species":"Vombatus ursinus","eventDate":"2020-04-20","basisOfRecord":"OCCURRENCE","license":"CC-BY 4.0 (Int)","coordinateUncertaintyM":10.0,"uncertaintyUnknown":false,"observationCount":1,"geographicOutlier":false}},{"type":"Feature","id":"3155fe542b3d62fa","geometry":{"type":"Point","coordinates":[147.8686,-35.22356]},"properties":{"species":"Vombatus ursinus","eventDate":"2020-04-19","basisOfRecord":"HUMAN_OBSERVATION","license":"CC-BY 4.0 (Int)","coordinateUncertaintyM":10.0,"uncertaintyUnknown":false,"observationCount":1,"geographicOutlier":false}},{"type":"Feature","id":"3fe8339f0f0218ff","geometry":{"type":"Point","coordinates":[148.308769,-35.618578]},"properties":{"species":"Vombatus ursinus","eventDate":"2020-04-18","basisOfRecord":"HUMAN_OBSERVATION","license":"CC-BY 4.0 (Int)","coordinateUncertaintyM":6.0,"uncertaintyUnknown":false,"observationCount":1,"geographicOutlier":false}},{"type":"Feature","id":"e19c56a2a201064c","geometry":{"type":"Point","coordinates":[148.338556,-36.009404]},"properties":{"species":"Vombatus ursinus","eventDate":"2020-04-17","basisOfRecord":"HUMAN_OBSERVATION","license":"CC-BY 4.0 (Int)","coordinateUncertaintyM":4.0,"uncertaintyUnknown":false,"observationCount":1,"geographicOutlier":false}},{"type":"Feature","id":"b4dfad1c35762fd5","geometry":{"type":"Point","coordinates":[150.03827,-35.66686]},"properties":{"species":"Vombatus ursinus","eventDate":"2020-04-16","basisOfRecord":"HUMAN_OBSERVATION","license":"CC-BY 4.0 (Int)","coordinateUncertaintyM":150.0,"uncertaintyUnknown":false,"observationCount":1,"geographicOutlier":false}},{"type":"Feature","id":"f9a143f07da8edc0","geometry":{"type":"Point","coordinates":[149.991406,-36.20157]},"properties":{"species":"Vombatus ursinus","eventDate":"2020-04-15","basisOfRecord":"HUMAN_OBSERVATION","license":"CC-BY 4.0 (Int)","coordinateUncertaintyM":10.0,"uncertaintyUnknown":false,"observationCount":1,"geographicOutlier":false}},{"type":"Feature","id":"6f403ef3002a0df1","geometry":{"type":"Point","coordinates":[148.569014,-36.062655]},"properties":{"species":"Vombatus ursinus","eventDate":"2020-04-15","basisOfRecord":"HUMAN_OBSERVATION","license":"CC-BY 4.0 (Int)","coordinateUncertaintyM":3.0,"uncertaintyUnknown":false,"observationCount":1,"geographicOutlier":false}},{"type":"Feature","id":"132688a65a4c9f45","geometry":{"type":"Point","coordinates":[149.221376,-35.52034]},"properties":{"species":"Vombatus ursinus","eventDate":"2020-04-14","basisOfRecord":"HUMAN_OBSERVATION","license":"CC-BY 4.0 (Int)","coordinateUncertaintyM":500.0,"uncertaintyUnknown":false,"observationCount":1,"geographicOutlier":false}},{"type":"Feature","id":"061853377b206613","geometry":{"type":"Point","coordinates":[144.37944,-36.83937]},"properties":{"species":"Vombatus ursinus","eventDate":"2020-04-13","basisOfRecord":"OBSERVATION","license":"CC-BY 4.0 (Int)","coordinateUncertaintyM":20.0,"uncertaintyUnknown":false,"observationCount":1,"geographicOutlier":false}},{"type":"Feature","id":"2504e376b633a7de","geometry":{"type":"Point","coordinates":[149.169448,-35.489935]},"properties":{"species":"Vombatus ursinus","eventDate":"2020-04-11","basisOfRecord":"HUMAN_OBSERVATION","license":"CC-BY 4.0 (Int)","coordinateUncertaintyM":30.0,"uncertaintyUnknown":false,"observationCount":1,"geographicOutlier":false}},{"type":"Feature","id":"986219c6729235cf","geometry":{"type":"Point","coordinates":[149.749695,-35.184646]},"properties":{"species":"Vombatus ursinus","eventDate":"2020-04-10","basisOfRecord":"HUMAN_OBSERVATION","license":"CC-BY 4.0 (Int)","coordinateUncertaintyM":500.0,"uncertaintyUnknown":false,"observationCount":1,"geographicOutlier":false}},{"type":"Feature","id":"50de1edd09a101a9","geometry":{"type":"Point","coordinates":[145.59285,-37.95577]},"properties":{"species":"Vombatus ursinus","eventDate":"2020-04-08","basisOfRecord":"OBSERVATION","license":"CC-BY 4.0 (Int)","coordinateUncertaintyM":10.0,"uncertaintyUnknown":false,"observationCount":1,"geographicOutlier":false}},{"type":"Feature","id":"6ad46ddf88ce351a","geometry":{"type":"Point","coordinates":[148.95542,-37.71257]},"properties":{"species":"Vombatus ursinus","eventDate":"2020-04-07","basisOfRecord":"OCCURRENCE","license":"CC-BY 4.0 (Int)","coordinateUncertaintyM":5.0,"uncertaintyUnknown":false,"observationCount":1,"geographicOutlier":false}},{"type":"Feature","id":"7dcb2cd7253124b4","geometry":{"type":"Point","coordinates":[144.79555,-37.62644]},"properties":{"species":"Vombatus ursinus","eventDate":"2020-04-07","basisOfRecord":"OBSERVATION","license":"CC-BY 4.0 (Int)","coordinateUncertaintyM":500.0,"uncertaintyUnknown":false,"observationCount":1,"geographicOutlier":false}},{"type":"Feature","id":"801ae551319b476d","geometry":{"type":"Point","coordinates":[150.73217,-34.04276]},"properties":{"species":"Vombatus ursinus","eventDate":"2020-04-06","basisOfRecord":"HUMAN_OBSERVATION","license":"CC-BY 4.0 (Int)","coordinateUncertaintyM":1167.0,"uncertaintyUnknown":false,"observationCount":1,"geographicOutlier":false}},{"type":"Feature","id":"b0d2f15c3dab57c1","geometry":{"type":"Point","coordinates":[146.26026,-38.90418]},"properties":{"species":"Vombatus ursinus","eventDate":"2020-04-03","basisOfRecord":"OCCURRENCE","license":"CC-BY 4.0 (Int)","coordinateUncertaintyM":10.0,"uncertaintyUnknown":false,"observationCount":1,"geographicOutlier":false}},{"type":"Feature","id":"2d067039568a9f67","geometry":{"type":"Point","coordinates":[150.196041,-35.072751]},"properties":{"species":"Vombatus ursinus","eventDate":"2020-04-02","basisOfRecord":"HUMAN_OBSERVATION","license":"CC-BY 4.0 (Int)","coordinateUncertaintyM":30.0,"uncertaintyUnknown":false,"observationCount":1,"geographicOutlier":false}},{"type":"Feature","id":"12c1b3451ff9d247","geometry":{"type":"Point","coordinates":[147.48466,-38.07442]},"properties":{"species":"Vombatus ursinus","eventDate":"2020-04-01","basisOfRecord":"OCCURRENCE","license":"CC-BY 4.0 (Int)","coordinateUncertaintyM":10.0,"uncertaintyUnknown":false,"observationCount":1,"geographicOutlier":false}},{"type":"Feature","id":"b27076544b28aa52","geometry":{"type":"Point","coordinates":[148.20095,-37.29737]},"properties":{"species":"Vombatus ursinus","eventDate":"2020-03-31","basisOfRecord":"OBSERVATION","license":"CC-BY 4.0 (Int)","coordinateUncertaintyM":10.0,"uncertaintyUnknown":false,"observationCount":1,"geographicOutlier":false}},{"type":"Feature","id":"c9441ba1f49b1558","geometry":{"type":"Point","coordinates":[148.19441,-37.32614]},"properties":{"species":"Vombatus ursinus","eventDate":"2020-03-31","basisOfRecord":"OBSERVATION","license":"CC-BY 4.0 (Int)","coordinateUncertaintyM":10.0,"uncertaintyUnknown":false,"observationCount":1,"geographicOutlier":false}},{"type":"Feature","id":"1b1a746449ffcaad","geometry":{"type":"Point","coordinates":[150.520497,-34.639155]},"properties":{"species":"Vombatus ursinus","eventDate":"2020-03-29","basisOfRecord":"HUMAN_OBSERVATION","license":"CC-BY 4.0 (Int)","coordinateUncertaintyM":500.0,"uncertaintyUnknown":false,"observationCount":1,"geographicOutlier":false}},{"type":"Feature","id":"1953e2cd73bf4e1e","geometry":{"type":"Point","coordinates":[145.86858,-37.90423]},"properties":{"species":"Vombatus ursinus","eventDate":"2020-03-27","basisOfRecord":"OCCURRENCE","license":"CC-BY 4.0 (Int)","coordinateUncertaintyM":10.0,"uncertaintyUnknown":false,"observationCount":1,"geographicOutlier":false}},{"type":"Feature","id":"cd2ab4d5b3fe9f75","geometry":{"type":"Point","coordinates":[149.999902,-35.619443]},"properties":{"species":"Vombatus ursinus","eventDate":"2020-03-26","basisOfRecord":"HUMAN_OBSERVATION","license":"CC-BY 4.0 (Int)","coordinateUncertaintyM":150.0,"uncertaintyUnknown":false,"observationCount":1,"geographicOutlier":false}},{"type":"Feature","id":"f5dbfa2745d8c714","geometry":{"type":"Point","coordinates":[147.27145,-38.25416]},"properties":{"species":"Vombatus ursinus","eventDate":"2020-03-23","basisOfRecord":"OCCURRENCE","license":"CC-BY 4.0 (Int)","coordinateUncertaintyM":100.0,"uncertaintyUnknown":false,"observationCount":1,"geographicOutlier":false}},{"type":"Feature","id":"9a0398ad3052eb79","geometry":{"type":"Point","coordinates":[149.769379,-34.36462]},"properties":{"species":"Vombatus ursinus","eventDate":"2020-03-21","basisOfRecord":"HUMAN_OBSERVATION","license":"CC-BY 4.0 (Int)","coordinateUncertaintyM":500.0,"uncertaintyUnknown":false,"observationCount":1,"geographicOutlier":false}},{"type":"Feature","id":"939443bb1952391b","geometry":{"type":"Point","coordinates":[148.409318,-35.879153]},"properties":{"species":"Vombatus ursinus","eventDate":"2020-03-19","basisOfRecord":"HUMAN_OBSERVATION","license":"CC-BY 4.0 (Int)","coordinateUncertaintyM":3.0,"uncertaintyUnknown":false,"observationCount":1,"geographicOutlier":false}},{"type":"Feature","id":"dd14f6fa2b960cc1","geometry":{"type":"Point","coordinates":[146.91354,-36.07373]},"properties":{"species":"Vombatus ursinus","eventDate":"2020-03-18","basisOfRecord":"HUMAN_OBSERVATION","license":"CC-BY 4.0 (Int)","coordinateUncertaintyM":1345.0,"uncertaintyUnknown":false,"observationCount":1,"geographicOutlier":false}},{"type":"Feature","id":"16d13e3848fb8e45","geometry":{"type":"Point","coordinates":[148.32426,-37.09578]},"properties":{"species":"Vombatus ursinus","eventDate":"2020-03-17","basisOfRecord":"OCCURRENCE","license":"CC-BY 4.0 (Int)","coordinateUncertaintyM":5.0,"uncertaintyUnknown":false,"observationCount":1,"geographicOutlier":false}},{"type":"Feature","id":"bc2b235a8e571f5f","geometry":{"type":"Point","coordinates":[147.54841,-38.07209]},"properties":{"species":"Vombatus ursinus","eventDate":"2020-03-16","basisOfRecord":"OCCURRENCE","license":"CC-BY 4.0 (Int)","coordinateUncertaintyM":10.0,"uncertaintyUnknown":false,"observationCount":1,"geographicOutlier":false}},{"type":"Feature","id":"5e2afa83be33ee6a","geometry":{"type":"Point","coordinates":[150.320855,-34.640351]},"properties":{"species":"Vombatus ursinus","eventDate":"2020-03-15","basisOfRecord":"HUMAN_OBSERVATION","license":"CC-BY 4.0 (Int)","coordinateUncertaintyM":500.0,"uncertaintyUnknown":false,"observationCount":1,"geographicOutlier":false}},{"type":"Feature","id":"3ab7705fef501976","geometry":{"type":"Point","coordinates":[150.733785,-34.655015]},"properties":{"species":"Vombatus ursinus","eventDate":"2020-03-13","basisOfRecord":"HUMAN_OBSERVATION","license":"CC-BY 4.0 (Int)","coordinateUncertaintyM":500.0,"uncertaintyUnknown":false,"observationCount":1,"geographicOutlier":false}},{"type":"Feature","id":"cedf9c907d4052d6","geometry":{"type":"Point","coordinates":[145.2064,-37.686]},"properties":{"species":"Vombatus ursinus","eventDate":"2020-03-11","basisOfRecord":"OCCURRENCE","license":"CC-BY 4.0 (Int)","coordinateUncertaintyM":100.0,"uncertaintyUnknown":false,"observationCount":1,"geographicOutlier":false}},{"type":"Feature","id":"589fe53220f3c95d","geometry":{"type":"Point","coordinates":[149.21745,-35.66034]},"properties":{"species":"Vombatus ursinus","eventDate":"2020-03-07","basisOfRecord":"HUMAN_OBSERVATION","license":"CC-BY 4.0 (Int)","coordinateUncertaintyM":10.0,"uncertaintyUnknown":false,"observationCount":2,"geographicOutlier":false}},{"type":"Feature","id":"d1c835bf32a680a9","geometry":{"type":"Point","coordinates":[145.51357,-38.08485]},"properties":{"species":"Vombatus ursinus","eventDate":"2020-03-04","basisOfRecord":"OBSERVATION","license":"CC-BY 4.0 (Int)","coordinateUncertaintyM":7.0,"uncertaintyUnknown":false,"observationCount":1,"geographicOutlier":false}},{"type":"Feature","id":"db1b246776f8c3c2","geometry":{"type":"Point","coordinates":[146.35,-38.16809]},"properties":{"species":"Vombatus ursinus","eventDate":"2020-03-02","basisOfRecord":"OCCURRENCE","license":"CC-BY 4.0 (Int)","coordinateUncertaintyM":100.0,"uncertaintyUnknown":false,"observationCount":1,"geographicOutlier":false}},{"type":"Feature","id":"945dcddda9384ee0","geometry":{"type":"Point","coordinates":[145.96476,-37.51315]},"properties":{"species":"Vombatus ursinus","eventDate":"2020-02-27","basisOfRecord":"OCCURRENCE","license":"CC-BY 4.0 (Int)","coordinateUncertaintyM":5.0,"uncertaintyUnknown":false,"observationCount":1,"geographicOutlier":false}},{"type":"Feature","id":"98e046defd7e6600","geometry":{"type":"Point","coordinates":[149.87233,-35.07638]},"properties":{"species":"Vombatus ursinus","eventDate":"2020-02-25","basisOfRecord":"HUMAN_OBSERVATION","license":"CC-BY 4.0 (Int)","coordinateUncertaintyM":10.0,"uncertaintyUnknown":false,"observationCount":1,"geographicOutlier":false}},{"type":"Feature","id":"1d9fd4784078c4b8","geometry":{"type":"Point","coordinates":[147.46741,-38.10158]},"properties":{"species":"Vombatus ursinus","eventDate":"2020-02-25","basisOfRecord":"OCCURRENCE","license":"CC-BY 4.0 (Int)","coordinateUncertaintyM":10.0,"uncertaintyUnknown":false,"observationCount":2,"geographicOutlier":false}},{"type":"Feature","id":"fdfaf110bc711ac4","geometry":{"type":"Point","coordinates":[147.39637,-38.14883]},"properties":{"species":"Vombatus ursinus","eventDate":"2020-02-24","basisOfRecord":"OCCURRENCE","license":"CC-BY 4.0 (Int)","coordinateUncertaintyM":10.0,"uncertaintyUnknown":false,"observationCount":2,"geographicOutlier":false}},{"type":"Feature","id":"ca08c5087aaed98f","geometry":{"type":"Point","coordinates":[150.704319,-34.615584]},"properties":{"species":"Vombatus ursinus","eventDate":"2020-02-24","basisOfRecord":"HUMAN_OBSERVATION","license":"CC-BY 4.0 (Int)","coordinateUncertaintyM":250.0,"uncertaintyUnknown":false,"observationCount":1,"geographicOutlier":false}},{"type":"Feature","id":"1e36627953a5a3fe","geometry":{"type":"Point","coordinates":[149.610753,-35.185697]},"properties":{"species":"Vombatus ursinus","eventDate":"2020-02-22","basisOfRecord":"HUMAN_OBSERVATION","license":"CC-BY 4.0 (Int)","coordinateUncertaintyM":30.0,"uncertaintyUnknown":false,"observationCount":2,"geographicOutlier":false}},{"type":"Feature","id":"edbc53d815018635","geometry":{"type":"Point","coordinates":[148.559138,-33.453826]},"properties":{"species":"Vombatus ursinus","eventDate":"2020-02-21","basisOfRecord":"HUMAN_OBSERVATION","license":"CC-BY 4.0 (Int)","coordinateUncertaintyM":20.0,"uncertaintyUnknown":false,"observationCount":1,"geographicOutlier":false}},{"type":"Feature","id":"556ec84937e320a9","geometry":{"type":"Point","coordinates":[145.4724,-37.87358]},"properties":{"species":"Vombatus ursinus","eventDate":"2020-02-19","basisOfRecord":"OCCURRENCE","license":"CC-BY 4.0 (Int)","coordinateUncertaintyM":5.0,"uncertaintyUnknown":false,"observationCount":1,"geographicOutlier":false}},{"type":"Feature","id":"534d151e33705cf7","geometry":{"type":"Point","coordinates":[150.09927,-36.20903]},"properties":{"species":"Vombatus ursinus","eventDate":"2020-02-15","basisOfRecord":"HUMAN_OBSERVATION","license":"CC-BY 4.0 (Int)","coordinateUncertaintyM":1898.0,"uncertaintyUnknown":false,"observationCount":2,"geographicOutlier":false}},{"type":"Feature","id":"62236f1b9ccb442f","geometry":{"type":"Point","coordinates":[150.426295,-34.761806]},"properties":{"species":"Vombatus ursinus","eventDate":"2020-02-11","basisOfRecord":"HUMAN_OBSERVATION","license":"CC-BY 4.0 (Int)","coordinateUncertaintyM":500.0,"uncertaintyUnknown":false,"observationCount":2,"geographicOutlier":false}},{"type":"Feature","id":"b50f25c89828462d","geometry":{"type":"Point","coordinates":[150.391936,-34.479496]},"properties":{"species":"Vombatus ursinus","eventDate":"2020-02-10","basisOfRecord":"HUMAN_OBSERVATION","license":"CC-BY 4.0 (Int)","coordinateUncertaintyM":500.0,"uncertaintyUnknown":false,"observationCount":1,"geographicOutlier":false}},{"type":"Feature","id":"8b7ca3d6c52472d8","geometry":{"type":"Point","coordinates":[149.307417,-35.102709]},"properties":{"species":"Vombatus ursinus","eventDate":"2020-02-08","basisOfRecord":"HUMAN_OBSERVATION","license":"CC-BY 4.0 (Int)","coordinateUncertaintyM":500.0,"uncertaintyUnknown":false,"observationCount":1,"geographicOutlier":false}},{"type":"Feature","id":"72a9eb4214298684","geometry":{"type":"Point","coordinates":[148.583412,-35.88192]},"properties":{"species":"Vombatus ursinus","eventDate":"2020-02-07","basisOfRecord":"HUMAN_OBSERVATION","license":"CC-BY 4.0 (Int)","coordinateUncertaintyM":3.0,"uncertaintyUnknown":false,"observationCount":1,"geographicOutlier":false}},{"type":"Feature","id":"3bdb2ad7dce419bc","geometry":{"type":"Point","coordinates":[150.64959,-34.76569]},"properties":{"species":"Vombatus ursinus","eventDate":"2020-02-05","basisOfRecord":"HUMAN_OBSERVATION","license":"CC-BY 4.0 (Int)","coordinateUncertaintyM":1445.0,"uncertaintyUnknown":false,"observationCount":1,"geographicOutlier":false}},{"type":"Feature","id":"d2d6f79901ee2e21","geometry":{"type":"Point","coordinates":[150.051393,-35.851322]},"properties":{"species":"Vombatus ursinus","eventDate":"2020-02-03","basisOfRecord":"HUMAN_OBSERVATION","license":"CC-BY 4.0 (Int)","coordinateUncertaintyM":500.0,"uncertaintyUnknown":false,"observationCount":1,"geographicOutlier":false}},{"type":"Feature","id":"0c9dddc87f40bf79","geometry":{"type":"Point","coordinates":[145.4066,-38.22283]},"properties":{"species":"Vombatus ursinus","eventDate":"2020-02-01","basisOfRecord":"OCCURRENCE","license":"CC-BY 4.0 (Int)","coordinateUncertaintyM":10.0,"uncertaintyUnknown":false,"observationCount":1,"geographicOutlier":false}},{"type":"Feature","id":"4200153c5ecf5b6a","geometry":{"type":"Point","coordinates":[149.792156,-36.472509]},"properties":{"species":"Vombatus ursinus","eventDate":"2020-01-30","basisOfRecord":"HUMAN_OBSERVATION","license":"CC-BY 4.0 (Int)","coordinateUncertaintyM":500.0,"uncertaintyUnknown":false,"observationCount":1,"geographicOutlier":false}},{"type":"Feature","id":"f84816703f86416d","geometry":{"type":"Point","coordinates":[147.30238,-37.90488]},"properties":{"species":"Vombatus ursinus","eventDate":"2020-01-30","basisOfRecord":"OCCURRENCE","license":"CC-BY 4.0 (Int)","coordinateUncertaintyM":10.0,"uncertaintyUnknown":false,"observationCount":2,"geographicOutlier":false}},{"type":"Feature","id":"27383fc7f4cded37","geometry":{"type":"Point","coordinates":[147.29513,-37.95302]},"properties":{"species":"Vombatus ursinus","eventDate":"2020-01-29","basisOfRecord":"OCCURRENCE","license":"CC-BY 4.0 (Int)","coordinateUncertaintyM":10.0,"uncertaintyUnknown":false,"observationCount":2,"geographicOutlier":false}},{"type":"Feature","id":"d294e387099279cf","geometry":{"type":"Point","coordinates":[150.747123,-32.370661]},"properties":{"species":"Vombatus ursinus","eventDate":"2020-01-28","basisOfRecord":"HUMAN_OBSERVATION","license":"CC-BY 4.0 (Int)","coordinateUncertaintyM":10.0,"uncertaintyUnknown":false,"observationCount":1,"geographicOutlier":false}},{"type":"Feature","id":"b32a58b28c324dcf","geometry":{"type":"Point","coordinates":[149.370886,-35.408524]},"properties":{"species":"Vombatus ursinus","eventDate":"2020-01-25","basisOfRecord":"HUMAN_OBSERVATION","license":"CC-BY 4.0 (Int)","coordinateUncertaintyM":500.0,"uncertaintyUnknown":false,"observationCount":1,"geographicOutlier":false}},{"type":"Feature","id":"9baa9db72dde2882","geometry":{"type":"Point","coordinates":[150.695944,-34.735269]},"properties":{"species":"Vombatus ursinus","eventDate":"2020-01-22","basisOfRecord":"HUMAN_OBSERVATION","license":"CC-BY 4.0 (Int)","coordinateUncertaintyM":30.0,"uncertaintyUnknown":false,"observationCount":1,"geographicOutlier":false}},{"type":"Feature","id":"29c60add0d685486","geometry":{"type":"Point","coordinates":[150.79486,-34.56184]},"properties":{"species":"Vombatus ursinus","eventDate":"2020-01-21","basisOfRecord":"HUMAN_OBSERVATION","license":"CC-BY 4.0 (Int)","coordinateUncertaintyM":1511.0,"uncertaintyUnknown":false,"observationCount":1,"geographicOutlier":false}},{"type":"Feature","id":"2f3ce4a56feb429d","geometry":{"type":"Point","coordinates":[149.472561,-35.461461]},"properties":{"species":"Vombatus ursinus","eventDate":"2020-01-19","basisOfRecord":"HUMAN_OBSERVATION","license":"CC-BY 4.0 (Int)","coordinateUncertaintyM":30.0,"uncertaintyUnknown":false,"observationCount":1,"geographicOutlier":false}},{"type":"Feature","id":"66d82eca9d740705","geometry":{"type":"Point","coordinates":[146.51035,-38.60453]},"properties":{"species":"Vombatus ursinus","eventDate":"2020-01-17","basisOfRecord":"OCCURRENCE","license":"CC-BY 4.0 (Int)","coordinateUncertaintyM":10.0,"uncertaintyUnknown":false,"observationCount":1,"geographicOutlier":false}},{"type":"Feature","id":"f9d2999e57328e0c","geometry":{"type":"Point","coordinates":[145.79759,-37.94912]},"properties":{"species":"Vombatus ursinus","eventDate":"2020-01-16","basisOfRecord":"OCCURRENCE","license":"CC-BY 4.0 (Int)","coordinateUncertaintyM":10.0,"uncertaintyUnknown":false,"observationCount":1,"geographicOutlier":false}},{"type":"Feature","id":"1424761fdf56cd82","geometry":{"type":"Point","coordinates":[150.319673,-34.458241]},"properties":{"species":"Vombatus ursinus","eventDate":"2020-01-13","basisOfRecord":"HUMAN_OBSERVATION","license":"CC-BY 4.0 (Int)","coordinateUncertaintyM":100.0,"uncertaintyUnknown":false,"observationCount":1,"geographicOutlier":false}},{"type":"Feature","id":"f882373dabb20536","geometry":{"type":"Point","coordinates":[146.317,-39.031044]},"properties":{"species":"Vombatus ursinus","eventDate":"2020-01-11","basisOfRecord":"HUMAN_OBSERVATION","license":"CC-BY 4.0 (Int)","coordinateUncertaintyM":null,"uncertaintyUnknown":true,"observationCount":1,"geographicOutlier":false}},{"type":"Feature","id":"576d92227f76aa36","geometry":{"type":"Point","coordinates":[151.11665,-32.713709]},"properties":{"species":"Vombatus ursinus","eventDate":"2020-01-09","basisOfRecord":"HUMAN_OBSERVATION","license":"CC-BY 4.0 (Int)","coordinateUncertaintyM":30.0,"uncertaintyUnknown":false,"observationCount":1,"geographicOutlier":false}},{"type":"Feature","id":"5fa7f6d19c7140d0","geometry":{"type":"Point","coordinates":[150.17878,-34.628218]},"properties":{"species":"Vombatus ursinus","eventDate":"2020-01-06","basisOfRecord":"HUMAN_OBSERVATION","license":"CC-BY 4.0 (Int)","coordinateUncertaintyM":500.0,"uncertaintyUnknown":false,"observationCount":1,"geographicOutlier":false}},{"type":"Feature","id":"a187e4824c5a1425","geometry":{"type":"Point","coordinates":[148.372363,-36.383623]},"properties":{"species":"Vombatus ursinus","eventDate":"2020-01-05","basisOfRecord":"HUMAN_OBSERVATION","license":"CC-BY 4.0 (Int)","coordinateUncertaintyM":250.0,"uncertaintyUnknown":false,"observationCount":1,"geographicOutlier":false}},{"type":"Feature","id":"2bcf1b34e1d8ef09","geometry":{"type":"Point","coordinates":[149.330277,-35.381473]},"properties":{"species":"Vombatus ursinus","eventDate":"2020-01-04","basisOfRecord":"HUMAN_OBSERVATION","license":"CC-BY 4.0 (Int)","coordinateUncertaintyM":30.0,"uncertaintyUnknown":false,"observationCount":1,"geographicOutlier":false}},{"type":"Feature","id":"5781365762e19343","geometry":{"type":"Point","coordinates":[145.63483,-38.13898]},"properties":{"species":"Vombatus ursinus","eventDate":"2020-01-01","basisOfRecord":"OCCURRENCE","license":"CC-BY 4.0 (Int)","coordinateUncertaintyM":10.0,"uncertaintyUnknown":false,"observationCount":1,"geographicOutlier":false}}]}