{"type":"FeatureCollection","features":[{"type":"Feature","id":"ee879d0a86dd872d","geometry":{"type":"Point","coordinates":[152.188109,-29.58903]},"properties":{"species":"Petauroides volans","eventDate":"2026-06-15","basisOfRecord":"HUMAN_OBSERVATION","license":"CC-BY 4.0 (Int)","coordinateUncertaintyM":10.0,"uncertaintyUnknown":false,"observationCount":1,"geographicOutlier":false}},{"type":"Feature","id":"10c4daf9c650c1ef","geometry":{"type":"Point","coordinates":[152.188034,-29.5868]},"properties":{"species":"Petauroides volans","eventDate":"2026-06-15","basisOfRecord":"HUMAN_OBSERVATION","license":"CC-BY 4.0 (Int)","coordinateUncertaintyM":10.0,"uncertaintyUnknown":false,"observationCount":1,"geographicOutlier":false}},{"type":"Feature","id":"64612121283ba337","geometry":{"type":"Point","coordinates":[152.183667,-29.586719]},"properties":{"species":"Petauroides volans","eventDate":"2026-06-15","basisOfRecord":"HUMAN_OBSERVATION","license":"CC-BY 4.0 (Int)","coordinateUncertaintyM":10.0,"uncertaintyUnknown":false,"observationCount":1,"geographicOutlier":false}},{"type":"Feature","id":"105d06342c968cd5","geometry":{"type":"Point","coordinates":[152.155397,-29.621404]},"properties":{"species":"Petauroides volans","eventDate":"2026-06-14","basisOfRecord":"HUMAN_OBSERVATION","license":"CC-BY 4.0 (Int)","coordinateUncertaintyM":10.0,"uncertaintyUnknown":false,"observationCount":1,"geographicOutlier":false}},{"type":"Feature","id":"d17ae917df7b639e","geometry":{"type":"Point","coordinates":[152.240833,-29.532224]},"properties":{"species":"Petauroides volans","eventDate":"2026-06-14","basisOfRecord":"HUMAN_OBSERVATION","license":"CC-BY 4.0 (Int)","coordinateUncertaintyM":10.0,"uncertaintyUnknown":false,"observationCount":1,"geographicOutlier":false}},{"type":"Feature","id":"ed876b46b32db7e2","geometry":{"type":"Point","coordinates":[152.242671,-29.536214]},"properties":{"species":"Petauroides volans","eventDate":"2026-06-14","basisOfRecord":"HUMAN_OBSERVATION","license":"CC-BY 4.0 (Int)","coordinateUncertaintyM":10.0,"uncertaintyUnknown":false,"observationCount":1,"geographicOutlier":false}},{"type":"Feature","id":"606a67f665e50a4b","geometry":{"type":"Point","coordinates":[152.19531,-29.575545]},"properties":{"species":"Petauroides volans","eventDate":"2026-06-13","basisOfRecord":"HUMAN_OBSERVATION","license":"CC-BY 4.0 (Int)","coordinateUncertaintyM":10.0,"uncertaintyUnknown":false,"observationCount":1,"geographicOutlier":false}},{"type":"Feature","id":"4d31204bf5b39494","geometry":{"type":"Point","coordinates":[152.162222,-29.619164]},"properties":{"species":"Petauroides volans","eventDate":"2026-06-13","basisOfRecord":"HUMAN_OBSERVATION","license":"CC-BY 4.0 (Int)","coordinateUncertaintyM":10.0,"uncertaintyUnknown":false,"observationCount":1,"geographicOutlier":false}},{"type":"Feature","id":"504e9acb1da04311","geometry":{"type":"Point","coordinates":[152.169261,-29.612197]},"properties":{"species":"Petauroides volans","eventDate":"2026-06-13","basisOfRecord":"HUMAN_OBSERVATION","license":"CC-BY 4.0 (Int)","coordinateUncertaintyM":10.0,"uncertaintyUnknown":false,"observationCount":1,"geographicOutlier":false}},{"type":"Feature","id":"02bd52e828ef0b21","geometry":{"type":"Point","coordinates":[152.168725,-29.608249]},"properties":{"species":"Petauroides volans","eventDate":"2026-06-12","basisOfRecord":"HUMAN_OBSERVATION","license":"CC-BY 4.0 (Int)","coordinateUncertaintyM":10.0,"uncertaintyUnknown":false,"observationCount":1,"geographicOutlier":false}},{"type":"Feature","id":"bf04f4f2385a03af","geometry":{"type":"Point","coordinates":[152.185772,-29.590694]},"properties":{"species":"Petauroides volans","eventDate":"2026-06-12","basisOfRecord":"HUMAN_OBSERVATION","license":"CC-BY 4.0 (Int)","coordinateUncertaintyM":10.0,"uncertaintyUnknown":false,"observationCount":1,"geographicOutlier":false}},{"type":"Feature","id":"668a81d32a0f78ee","geometry":{"type":"Point","coordinates":[152.176403,-29.601303]},"properties":{"species":"Petauroides volans","eventDate":"2026-06-12","basisOfRecord":"HUMAN_OBSERVATION","license":"CC-BY 4.0 (Int)","coordinateUncertaintyM":10.0,"uncertaintyUnknown":false,"observationCount":1,"geographicOutlier":false}},{"type":"Feature","id":"544b5dc407c5eba2","geometry":{"type":"Point","coordinates":[152.169527,-29.603661]},"properties":{"species":"Petauroides volans","eventDate":"2026-06-11","basisOfRecord":"HUMAN_OBSERVATION","license":"CC-BY 4.0 (Int)","coordinateUncertaintyM":10.0,"uncertaintyUnknown":false,"observationCount":1,"geographicOutlier":false}},{"type":"Feature","id":"cd50f11ac733207b","geometry":{"type":"Point","coordinates":[152.178487,-29.595224]},"properties":{"species":"Petauroides volans","eventDate":"2026-06-11","basisOfRecord":"HUMAN_OBSERVATION","license":"CC-BY 4.0 (Int)","coordinateUncertaintyM":10.0,"uncertaintyUnknown":false,"observationCount":1,"geographicOutlier":false}},{"type":"Feature","id":"d9b17a2f9c2dfd42","geometry":{"type":"Point","coordinates":[152.16278,-30.661965]},"properties":{"species":"Petauroides volans","eventDate":"2026-05-24","basisOfRecord":"HUMAN_OBSERVATION","license":"CC-BY 4.0 (Int)","coordinateUncertaintyM":10.0,"uncertaintyUnknown":false,"observationCount":1,"geographicOutlier":false}},{"type":"Feature","id":"3552714993dc4d86","geometry":{"type":"Point","coordinates":[145.97607,-37.85501]},"properties":{"species":"Petauroides volans","eventDate":"2026-05-21","basisOfRecord":"OCCURRENCE","license":"CC-BY 4.0 (Int)","coordinateUncertaintyM":5.0,"uncertaintyUnknown":false,"observationCount":1,"geographicOutlier":false}},{"type":"Feature","id":"ef2f40cb6d0b5887","geometry":{"type":"Point","coordinates":[152.149628,-30.659651]},"properties":{"species":"Petauroides volans","eventDate":"2026-05-20","basisOfRecord":"HUMAN_OBSERVATION","license":"CC-BY 4.0 (Int)","coordinateUncertaintyM":10.0,"uncertaintyUnknown":false,"observationCount":1,"geographicOutlier":false}},{"type":"Feature","id":"c3c9c024d682ac3f","geometry":{"type":"Point","coordinates":[152.094179,-30.714985]},"properties":{"species":"Petauroides volans","eventDate":"2026-05-13","basisOfRecord":"HUMAN_OBSERVATION","license":"CC-BY 4.0 (Int)","coordinateUncertaintyM":10.0,"uncertaintyUnknown":false,"observationCount":1,"geographicOutlier":false}},{"type":"Feature","id":"5d9f026a954ee3bb","geometry":{"type":"Point","coordinates":[152.096349,-30.720847]},"properties":{"species":"Petauroides volans","eventDate":"2026-05-11","basisOfRecord":"HUMAN_OBSERVATION","license":"CC-BY 4.0 (Int)","coordinateUncertaintyM":10.0,"uncertaintyUnknown":false,"observationCount":1,"geographicOutlier":false}},{"type":"Feature","id":"e7ad9edc5416d58d","geometry":{"type":"Point","coordinates":[152.094875,-30.714954]},"properties":{"species":"Petauroides volans","eventDate":"2026-05-11","basisOfRecord":"HUMAN_OBSERVATION","license":"CC-BY 4.0 (Int)","coordinateUncertaintyM":10.0,"uncertaintyUnknown":false,"observationCount":1,"geographicOutlier":false}},{"type":"Feature","id":"dd0125d8941577be","geometry":{"type":"Point","coordinates":[152.182967,-29.585046]},"properties":{"species":"Petauroides volans","eventDate":"2026-05-10","basisOfRecord":"HUMAN_OBSERVATION","license":"CC-BY 4.0 (Int)","coordinateUncertaintyM":10.0,"uncertaintyUnknown":false,"observationCount":1,"geographicOutlier":false}},{"type":"Feature","id":"341594e80ed023fb","geometry":{"type":"Point","coordinates":[152.182825,-29.587404]},"properties":{"species":"Petauroides volans","eventDate":"2026-05-10","basisOfRecord":"HUMAN_OBSERVATION","license":"CC-BY 4.0 (Int)","coordinateUncertaintyM":10.0,"uncertaintyUnknown":false,"observationCount":1,"geographicOutlier":false}},{"type":"Feature","id":"e29b9f91f2558d8f","geometry":{"type":"Point","coordinates":[152.189458,-29.580748]},"properties":{"species":"Petauroides volans","eventDate":"2026-05-09","basisOfRecord":"HUMAN_OBSERVATION","license":"CC-BY 4.0 (Int)","coordinateUncertaintyM":10.0,"uncertaintyUnknown":false,"observationCount":1,"geographicOutlier":false}},{"type":"Feature","id":"5dbdb8657219836d","geometry":{"type":"Point","coordinates":[149.539641,-35.694902]},"properties":{"species":"Petauroides volans","eventDate":"2026-05-09","basisOfRecord":"HUMAN_OBSERVATION","license":"CC-BY 4.0 (Int)","coordinateUncertaintyM":10.0,"uncertaintyUnknown":false,"observationCount":1,"geographicOutlier":false}},{"type":"Feature","id":"dc6aec660e29e30b","geometry":{"type":"Point","coordinates":[149.537064,-35.699898]},"properties":{"species":"Petauroides volans","eventDate":"2026-05-09","basisOfRecord":"HUMAN_OBSERVATION","license":"CC-BY 4.0 (Int)","coordinateUncertaintyM":10.0,"uncertaintyUnknown":false,"observationCount":1,"geographicOutlier":false}},{"type":"Feature","id":"bd72fbf26c1df2ce","geometry":{"type":"Point","coordinates":[149.53456,-35.679921]},"properties":{"species":"Petauroides volans","eventDate":"2026-05-09","basisOfRecord":"HUMAN_OBSERVATION","license":"CC-BY 4.0 (Int)","coordinateUncertaintyM":10.0,"uncertaintyUnknown":false,"observationCount":1,"geographicOutlier":false}},{"type":"Feature","id":"ed91fafcfe32aa4a","geometry":{"type":"Point","coordinates":[149.543627,-35.707435]},"properties":{"species":"Petauroides volans","eventDate":"2026-05-09","basisOfRecord":"HUMAN_OBSERVATION","license":"CC-BY 4.0 (Int)","coordinateUncertaintyM":10.0,"uncertaintyUnknown":false,"observationCount":1,"geographicOutlier":false}},{"type":"Feature","id":"51a60e8b8000d734","geometry":{"type":"Point","coordinates":[149.537625,-35.702964]},"properties":{"species":"Petauroides volans","eventDate":"2026-05-09","basisOfRecord":"HUMAN_OBSERVATION","license":"CC-BY 4.0 (Int)","coordinateUncertaintyM":10.0,"uncertaintyUnknown":false,"observationCount":1,"geographicOutlier":false}},{"type":"Feature","id":"ff8aed81cbf76474","geometry":{"type":"Point","coordinates":[152.182651,-29.589219]},"properties":{"species":"Petauroides volans","eventDate":"2026-05-09","basisOfRecord":"HUMAN_OBSERVATION","license":"CC-BY 4.0 (Int)","coordinateUncertaintyM":10.0,"uncertaintyUnknown":false,"observationCount":1,"geographicOutlier":false}},{"type":"Feature","id":"79bd7d215f65672b","geometry":{"type":"Point","coordinates":[152.180048,-29.597148]},"properties":{"species":"Petauroides volans","eventDate":"2026-05-09","basisOfRecord":"HUMAN_OBSERVATION","license":"CC-BY 4.0 (Int)","coordinateUncertaintyM":10.0,"uncertaintyUnknown":false,"observationCount":1,"geographicOutlier":false}},{"type":"Feature","id":"f32ff9804f8fee67","geometry":{"type":"Point","coordinates":[152.171041,-29.603435]},"properties":{"species":"Petauroides volans","eventDate":"2026-05-08","basisOfRecord":"HUMAN_OBSERVATION","license":"CC-BY 4.0 (Int)","coordinateUncertaintyM":10.0,"uncertaintyUnknown":false,"observationCount":1,"geographicOutlier":false}},{"type":"Feature","id":"b64537850efc3825","geometry":{"type":"Point","coordinates":[149.521741,-35.642057]},"properties":{"species":"Petauroides volans","eventDate":"2026-05-08","basisOfRecord":"HUMAN_OBSERVATION","license":"CC-BY 4.0 (Int)","coordinateUncertaintyM":10.0,"uncertaintyUnknown":false,"observationCount":1,"geographicOutlier":false}},{"type":"Feature","id":"b64eff2dc2d53085","geometry":{"type":"Point","coordinates":[149.524526,-35.641635]},"properties":{"species":"Petauroides volans","eventDate":"2026-05-08","basisOfRecord":"HUMAN_OBSERVATION","license":"CC-BY 4.0 (Int)","coordinateUncertaintyM":10.0,"uncertaintyUnknown":false,"observationCount":1,"geographicOutlier":false}},{"type":"Feature","id":"79ceb6626c19d380","geometry":{"type":"Point","coordinates":[149.538795,-35.696308]},"properties":{"species":"Petauroides volans","eventDate":"2026-05-08","basisOfRecord":"HUMAN_OBSERVATION","license":"CC-BY 4.0 (Int)","coordinateUncertaintyM":10.0,"uncertaintyUnknown":false,"observationCount":1,"geographicOutlier":false}},{"type":"Feature","id":"4ba8bcb0d096357c","geometry":{"type":"Point","coordinates":[145.98728,-37.84949]},"properties":{"species":"Petauroides volans","eventDate":"2026-04-27","basisOfRecord":"OCCURRENCE","license":"CC-BY 4.0 (Int)","coordinateUncertaintyM":5.0,"uncertaintyUnknown":false,"observationCount":1,"geographicOutlier":false}},{"type":"Feature","id":"41adadfd458c2c64","geometry":{"type":"Point","coordinates":[149.419424,-36.556155]},"properties":{"species":"Petauroides volans","eventDate":"2026-04-25","basisOfRecord":"HUMAN_OBSERVATION","license":"CC-BY 4.0 (Int)","coordinateUncertaintyM":10.0,"uncertaintyUnknown":false,"observationCount":1,"geographicOutlier":false}},{"type":"Feature","id":"3705d63b7441237e","geometry":{"type":"Point","coordinates":[149.422834,-36.555888]},"properties":{"species":"Petauroides volans","eventDate":"2026-04-22","basisOfRecord":"HUMAN_OBSERVATION","license":"CC-BY 4.0 (Int)","coordinateUncertaintyM":10.0,"uncertaintyUnknown":false,"observationCount":1,"geographicOutlier":false}},{"type":"Feature","id":"bcb917b9e095aaab","geometry":{"type":"Point","coordinates":[149.410585,-36.55277]},"properties":{"species":"Petauroides volans","eventDate":"2026-04-19","basisOfRecord":"HUMAN_OBSERVATION","license":"CC-BY 4.0 (Int)","coordinateUncertaintyM":10.0,"uncertaintyUnknown":false,"observationCount":1,"geographicOutlier":false}},{"type":"Feature","id":"90de6daa97c35583","geometry":{"type":"Point","coordinates":[152.077595,-30.72926]},"properties":{"species":"Petauroides volans","eventDate":"2026-04-05","basisOfRecord":"HUMAN_OBSERVATION","license":"CC-BY 4.0 (Int)","coordinateUncertaintyM":10.0,"uncertaintyUnknown":false,"observationCount":1,"geographicOutlier":false}},{"type":"Feature","id":"470a389bcc958633","geometry":{"type":"Point","coordinates":[152.074449,-30.72727]},"properties":{"species":"Petauroides volans","eventDate":"2026-04-05","basisOfRecord":"HUMAN_OBSERVATION","license":"CC-BY 4.0 (Int)","coordinateUncertaintyM":10.0,"uncertaintyUnknown":false,"observationCount":1,"geographicOutlier":false}},{"type":"Feature","id":"3cf4561358dbf271","geometry":{"type":"Point","coordinates":[152.079505,-30.722813]},"properties":{"species":"Petauroides volans","eventDate":"2026-04-05","basisOfRecord":"HUMAN_OBSERVATION","license":"CC-BY 4.0 (Int)","coordinateUncertaintyM":10.0,"uncertaintyUnknown":false,"observationCount":1,"geographicOutlier":false}},{"type":"Feature","id":"b603c89da067b31a","geometry":{"type":"Point","coordinates":[152.074966,-30.726787]},"properties":{"species":"Petauroides volans","eventDate":"2026-04-05","basisOfRecord":"HUMAN_OBSERVATION","license":"CC-BY 4.0 (Int)","coordinateUncertaintyM":10.0,"uncertaintyUnknown":false,"observationCount":1,"geographicOutlier":false}},{"type":"Feature","id":"c2532a4a29deba9c","geometry":{"type":"Point","coordinates":[152.084799,-30.711887]},"properties":{"species":"Petauroides volans","eventDate":"2026-04-04","basisOfRecord":"HUMAN_OBSERVATION","license":"CC-BY 4.0 (Int)","coordinateUncertaintyM":10.0,"uncertaintyUnknown":false,"observationCount":1,"geographicOutlier":false}},{"type":"Feature","id":"964fbe769f67dcbc","geometry":{"type":"Point","coordinates":[152.097299,-30.716432]},"properties":{"species":"Petauroides volans","eventDate":"2026-04-04","basisOfRecord":"HUMAN_OBSERVATION","license":"CC-BY 4.0 (Int)","coordinateUncertaintyM":10.0,"uncertaintyUnknown":false,"observationCount":1,"geographicOutlier":false}},{"type":"Feature","id":"f8d96f51c23bb7b3","geometry":{"type":"Point","coordinates":[152.094255,-30.710284]},"properties":{"species":"Petauroides volans","eventDate":"2026-04-04","basisOfRecord":"HUMAN_OBSERVATION","license":"CC-BY 4.0 (Int)","coordinateUncertaintyM":10.0,"uncertaintyUnknown":false,"observationCount":1,"geographicOutlier":false}},{"type":"Feature","id":"5122bf2d027f6b80","geometry":{"type":"Point","coordinates":[152.073778,-30.729052]},"properties":{"species":"Petauroides volans","eventDate":"2026-04-03","basisOfRecord":"HUMAN_OBSERVATION","license":"CC-BY 4.0 (Int)","coordinateUncertaintyM":10.0,"uncertaintyUnknown":false,"observationCount":1,"geographicOutlier":false}},{"type":"Feature","id":"bfe75c865d103d76","geometry":{"type":"Point","coordinates":[152.191399,-29.577709]},"properties":{"species":"Petauroides volans","eventDate":"2026-04-03","basisOfRecord":"HUMAN_OBSERVATION","license":"CC-BY 4.0 (Int)","coordinateUncertaintyM":10.0,"uncertaintyUnknown":false,"observationCount":1,"geographicOutlier":false}},{"type":"Feature","id":"bbf81b650233cf85","geometry":{"type":"Point","coordinates":[152.073018,-30.728604]},"properties":{"species":"Petauroides volans","eventDate":"2026-04-03","basisOfRecord":"HUMAN_OBSERVATION","license":"CC-BY 4.0 (Int)","coordinateUncertaintyM":10.0,"uncertaintyUnknown":false,"observationCount":1,"geographicOutlier":false}},{"type":"Feature","id":"800143a0d7dea877","geometry":{"type":"Point","coordinates":[152.074011,-30.72198]},"properties":{"species":"Petauroides volans","eventDate":"2026-04-03","basisOfRecord":"HUMAN_OBSERVATION","license":"CC-BY 4.0 (Int)","coordinateUncertaintyM":10.0,"uncertaintyUnknown":false,"observationCount":1,"geographicOutlier":false}},{"type":"Feature","id":"2f3b71840b431ddb","geometry":{"type":"Point","coordinates":[152.071604,-30.726242]},"properties":{"species":"Petauroides volans","eventDate":"2026-04-03","basisOfRecord":"HUMAN_OBSERVATION","license":"CC-BY 4.0 (Int)","coordinateUncertaintyM":10.0,"uncertaintyUnknown":false,"observationCount":1,"geographicOutlier":false}},{"type":"Feature","id":"34adc36a86fd4474","geometry":{"type":"Point","coordinates":[152.072234,-30.73192]},"properties":{"species":"Petauroides volans","eventDate":"2026-04-03","basisOfRecord":"HUMAN_OBSERVATION","license":"CC-BY 4.0 (Int)","coordinateUncertaintyM":10.0,"uncertaintyUnknown":false,"observationCount":1,"geographicOutlier":false}},{"type":"Feature","id":"d616bc7fcff0af96","geometry":{"type":"Point","coordinates":[152.076683,-30.730186]},"properties":{"species":"Petauroides volans","eventDate":"2026-04-03","basisOfRecord":"HUMAN_OBSERVATION","license":"CC-BY 4.0 (Int)","coordinateUncertaintyM":10.0,"uncertaintyUnknown":false,"observationCount":1,"geographicOutlier":false}},{"type":"Feature","id":"93c8eaac0165ec63","geometry":{"type":"Point","coordinates":[152.157187,-30.65844]},"properties":{"species":"Petauroides volans","eventDate":"2026-04-02","basisOfRecord":"HUMAN_OBSERVATION","license":"CC-BY 4.0 (Int)","coordinateUncertaintyM":10.0,"uncertaintyUnknown":false,"observationCount":1,"geographicOutlier":false}},{"type":"Feature","id":"a6f8cc87e676ae04","geometry":{"type":"Point","coordinates":[152.157663,-30.656938]},"properties":{"species":"Petauroides volans","eventDate":"2026-04-02","basisOfRecord":"HUMAN_OBSERVATION","license":"CC-BY 4.0 (Int)","coordinateUncertaintyM":10.0,"uncertaintyUnknown":false,"observationCount":1,"geographicOutlier":false}},{"type":"Feature","id":"daf74cf03567b109","geometry":{"type":"Point","coordinates":[152.081724,-30.72467]},"properties":{"species":"Petauroides volans","eventDate":"2026-04-02","basisOfRecord":"HUMAN_OBSERVATION","license":"CC-BY 4.0 (Int)","coordinateUncertaintyM":10.0,"uncertaintyUnknown":false,"observationCount":1,"geographicOutlier":false}},{"type":"Feature","id":"1cce1244587dd2f1","geometry":{"type":"Point","coordinates":[152.158878,-30.657104]},"properties":{"species":"Petauroides volans","eventDate":"2026-04-02","basisOfRecord":"HUMAN_OBSERVATION","license":"CC-BY 4.0 (Int)","coordinateUncertaintyM":10.0,"uncertaintyUnknown":false,"observationCount":1,"geographicOutlier":false}},{"type":"Feature","id":"b257f9e2f043ee34","geometry":{"type":"Point","coordinates":[152.075467,-30.723505]},"properties":{"species":"Petauroides volans","eventDate":"2026-04-02","basisOfRecord":"HUMAN_OBSERVATION","license":"CC-BY 4.0 (Int)","coordinateUncertaintyM":10.0,"uncertaintyUnknown":false,"observationCount":1,"geographicOutlier":false}},{"type":"Feature","id":"d6c873bcb32b047b","geometry":{"type":"Point","coordinates":[152.082594,-30.722398]},"properties":{"species":"Petauroides volans","eventDate":"2026-04-01","basisOfRecord":"HUMAN_OBSERVATION","license":"CC-BY 4.0 (Int)","coordinateUncertaintyM":10.0,"uncertaintyUnknown":false,"observationCount":1,"geographicOutlier":false}},{"type":"Feature","id":"2b33df8ce3741433","geometry":{"type":"Point","coordinates":[152.0798,-30.719912]},"properties":{"species":"Petauroides volans","eventDate":"2026-04-01","basisOfRecord":"HUMAN_OBSERVATION","license":"CC-BY 4.0 (Int)","coordinateUncertaintyM":10.0,"uncertaintyUnknown":false,"observationCount":1,"geographicOutlier":false}},{"type":"Feature","id":"8711396b2646cebc","geometry":{"type":"Point","coordinates":[152.089683,-30.711168]},"properties":{"species":"Petauroides volans","eventDate":"2026-04-01","basisOfRecord":"HUMAN_OBSERVATION","license":"CC-BY 4.0 (Int)","coordinateUncertaintyM":10.0,"uncertaintyUnknown":false,"observationCount":1,"geographicOutlier":false}},{"type":"Feature","id":"00eeb4a7232ceef8","geometry":{"type":"Point","coordinates":[152.090408,-30.7145]},"properties":{"species":"Petauroides volans","eventDate":"2026-04-01","basisOfRecord":"HUMAN_OBSERVATION","license":"CC-BY 4.0 (Int)","coordinateUncertaintyM":10.0,"uncertaintyUnknown":false,"observationCount":1,"geographicOutlier":false}},{"type":"Feature","id":"6c12d28852f62199","geometry":{"type":"Point","coordinates":[152.081543,-30.718312]},"properties":{"species":"Petauroides volans","eventDate":"2026-04-01","basisOfRecord":"HUMAN_OBSERVATION","license":"CC-BY 4.0 (Int)","coordinateUncertaintyM":10.0,"uncertaintyUnknown":false,"observationCount":1,"geographicOutlier":false}},{"type":"Feature","id":"d6aa9e5065503e99","geometry":{"type":"Point","coordinates":[152.077534,-30.713667]},"properties":{"species":"Petauroides volans","eventDate":"2026-03-31","basisOfRecord":"HUMAN_OBSERVATION","license":"CC-BY 4.0 (Int)","coordinateUncertaintyM":10.0,"uncertaintyUnknown":false,"observationCount":1,"geographicOutlier":false}},{"type":"Feature","id":"fe28e92268f52b84","geometry":{"type":"Point","coordinates":[152.082496,-30.71344]},"properties":{"species":"Petauroides volans","eventDate":"2026-03-31","basisOfRecord":"HUMAN_OBSERVATION","license":"CC-BY 4.0 (Int)","coordinateUncertaintyM":10.0,"uncertaintyUnknown":false,"observationCount":1,"geographicOutlier":false}},{"type":"Feature","id":"0fa063e5f486990c","geometry":{"type":"Point","coordinates":[152.078226,-30.715233]},"properties":{"species":"Petauroides volans","eventDate":"2026-03-31","basisOfRecord":"HUMAN_OBSERVATION","license":"CC-BY 4.0 (Int)","coordinateUncertaintyM":10.0,"uncertaintyUnknown":false,"observationCount":1,"geographicOutlier":false}},{"type":"Feature","id":"ccb57c03bfc13fbd","geometry":{"type":"Point","coordinates":[152.081743,-30.715722]},"properties":{"species":"Petauroides volans","eventDate":"2026-03-31","basisOfRecord":"HUMAN_OBSERVATION","license":"CC-BY 4.0 (Int)","coordinateUncertaintyM":10.0,"uncertaintyUnknown":false,"observationCount":1,"geographicOutlier":false}},{"type":"Feature","id":"388189ee6cad0633","geometry":{"type":"Point","coordinates":[152.082884,-30.713251]},"properties":{"species":"Petauroides volans","eventDate":"2026-03-31","basisOfRecord":"HUMAN_OBSERVATION","license":"CC-BY 4.0 (Int)","coordinateUncertaintyM":10.0,"uncertaintyUnknown":false,"observationCount":1,"geographicOutlier":false}},{"type":"Feature","id":"2bdef614bb980ee2","geometry":{"type":"Point","coordinates":[152.080777,-30.716815]},"properties":{"species":"Petauroides volans","eventDate":"2026-03-31","basisOfRecord":"HUMAN_OBSERVATION","license":"CC-BY 4.0 (Int)","coordinateUncertaintyM":10.0,"uncertaintyUnknown":false,"observationCount":1,"geographicOutlier":false}},{"type":"Feature","id":"367b379e55ec586c","geometry":{"type":"Point","coordinates":[152.083262,-30.717907]},"properties":{"species":"Petauroides volans","eventDate":"2026-03-30","basisOfRecord":"HUMAN_OBSERVATION","license":"CC-BY 4.0 (Int)","coordinateUncertaintyM":10.0,"uncertaintyUnknown":false,"observationCount":1,"geographicOutlier":false}},{"type":"Feature","id":"b8d89359c27c8677","geometry":{"type":"Point","coordinates":[152.07812,-30.718264]},"properties":{"species":"Petauroides volans","eventDate":"2026-03-30","basisOfRecord":"HUMAN_OBSERVATION","license":"CC-BY 4.0 (Int)","coordinateUncertaintyM":10.0,"uncertaintyUnknown":false,"observationCount":1,"geographicOutlier":false}},{"type":"Feature","id":"cbf8ee6c61ee5a4f","geometry":{"type":"Point","coordinates":[152.083472,-30.715343]},"properties":{"species":"Petauroides volans","eventDate":"2026-03-30","basisOfRecord":"HUMAN_OBSERVATION","license":"CC-BY 4.0 (Int)","coordinateUncertaintyM":10.0,"uncertaintyUnknown":false,"observationCount":1,"geographicOutlier":false}},{"type":"Feature","id":"dcba8e9984bbafb9","geometry":{"type":"Point","coordinates":[152.184018,-29.599494]},"properties":{"species":"Petauroides volans","eventDate":"2026-03-25","basisOfRecord":"HUMAN_OBSERVATION","license":"CC-BY 4.0 (Int)","coordinateUncertaintyM":10.0,"uncertaintyUnknown":false,"observationCount":1,"geographicOutlier":false}},{"type":"Feature","id":"607a680163e3ab14","geometry":{"type":"Point","coordinates":[152.181112,-29.587699]},"properties":{"species":"Petauroides volans","eventDate":"2026-03-25","basisOfRecord":"HUMAN_OBSERVATION","license":"CC-BY 4.0 (Int)","coordinateUncertaintyM":10.0,"uncertaintyUnknown":false,"observationCount":1,"geographicOutlier":false}},{"type":"Feature","id":"b0e8eeac974a7119","geometry":{"type":"Point","coordinates":[151.878877,-31.371077]},"properties":{"species":"Petauroides volans","eventDate":"2026-03-24","basisOfRecord":"HUMAN_OBSERVATION","license":"CC-BY 4.0 (Int)","coordinateUncertaintyM":10.0,"uncertaintyUnknown":false,"observationCount":1,"geographicOutlier":false}},{"type":"Feature","id":"365d60a9d4ec21bb","geometry":{"type":"Point","coordinates":[151.87693,-31.372485]},"properties":{"species":"Petauroides volans","eventDate":"2026-03-24","basisOfRecord":"HUMAN_OBSERVATION","license":"CC-BY 4.0 (Int)","coordinateUncertaintyM":10.0,"uncertaintyUnknown":false,"observationCount":1,"geographicOutlier":false}},{"type":"Feature","id":"e4e22cb8f4608b56","geometry":{"type":"Point","coordinates":[152.088121,-30.714936]},"properties":{"species":"Petauroides volans","eventDate":"2026-03-23","basisOfRecord":"HUMAN_OBSERVATION","license":"CC-BY 4.0 (Int)","coordinateUncertaintyM":10.0,"uncertaintyUnknown":false,"observationCount":1,"geographicOutlier":false}},{"type":"Feature","id":"3e0a519ddc732b03","geometry":{"type":"Point","coordinates":[152.088965,-30.715262]},"properties":{"species":"Petauroides volans","eventDate":"2026-03-23","basisOfRecord":"HUMAN_OBSERVATION","license":"CC-BY 4.0 (Int)","coordinateUncertaintyM":10.0,"uncertaintyUnknown":false,"observationCount":1,"geographicOutlier":false}},{"type":"Feature","id":"fccae778c8387181","geometry":{"type":"Point","coordinates":[152.087774,-30.713193]},"properties":{"species":"Petauroides volans","eventDate":"2026-03-22","basisOfRecord":"HUMAN_OBSERVATION","license":"CC-BY 4.0 (Int)","coordinateUncertaintyM":10.0,"uncertaintyUnknown":false,"observationCount":1,"geographicOutlier":false}},{"type":"Feature","id":"ea06c623af52db22","geometry":{"type":"Point","coordinates":[152.089303,-30.710688]},"properties":{"species":"Petauroides volans","eventDate":"2026-03-22","basisOfRecord":"HUMAN_OBSERVATION","license":"CC-BY 4.0 (Int)","coordinateUncertaintyM":10.0,"uncertaintyUnknown":false,"observationCount":1,"geographicOutlier":false}},{"type":"Feature","id":"30731b39bca77e45","geometry":{"type":"Point","coordinates":[152.062207,-30.730782]},"properties":{"species":"Petauroides volans","eventDate":"2026-03-21","basisOfRecord":"HUMAN_OBSERVATION","license":"CC-BY 4.0 (Int)","coordinateUncertaintyM":10.0,"uncertaintyUnknown":false,"observationCount":1,"geographicOutlier":false}},{"type":"Feature","id":"9c9339616a48fe2d","geometry":{"type":"Point","coordinates":[152.07719,-30.725577]},"properties":{"species":"Petauroides volans","eventDate":"2026-03-20","basisOfRecord":"HUMAN_OBSERVATION","license":"CC-BY 4.0 (Int)","coordinateUncertaintyM":10.0,"uncertaintyUnknown":false,"observationCount":1,"geographicOutlier":false}},{"type":"Feature","id":"8442847d9ca6d0b6","geometry":{"type":"Point","coordinates":[152.07782,-30.723856]},"properties":{"species":"Petauroides volans","eventDate":"2026-03-20","basisOfRecord":"HUMAN_OBSERVATION","license":"CC-BY 4.0 (Int)","coordinateUncertaintyM":10.0,"uncertaintyUnknown":false,"observationCount":1,"geographicOutlier":false}},{"type":"Feature","id":"16ffabe62c4f3809","geometry":{"type":"Point","coordinates":[145.74008,-37.52391]},"properties":{"species":"Petauroides volans","eventDate":"2026-03-20","basisOfRecord":"OCCURRENCE","license":"CC-BY 4.0 (Int)","coordinateUncertaintyM":10.0,"uncertaintyUnknown":false,"observationCount":1,"geographicOutlier":false}},{"type":"Feature","id":"689d32bb01362d0a","geometry":{"type":"Point","coordinates":[152.071197,-30.729303]},"properties":{"species":"Petauroides volans","eventDate":"2026-03-19","basisOfRecord":"HUMAN_OBSERVATION","license":"CC-BY 4.0 (Int)","coordinateUncertaintyM":10.0,"uncertaintyUnknown":false,"observationCount":1,"geographicOutlier":false}},{"type":"Feature","id":"f3713a01f2940e36","geometry":{"type":"Point","coordinates":[152.070527,-30.72965]},"properties":{"species":"Petauroides volans","eventDate":"2026-03-19","basisOfRecord":"HUMAN_OBSERVATION","license":"CC-BY 4.0 (Int)","coordinateUncertaintyM":10.0,"uncertaintyUnknown":false,"observationCount":1,"geographicOutlier":false}},{"type":"Feature","id":"15efd1070acaac3c","geometry":{"type":"Point","coordinates":[152.071598,-30.731245]},"properties":{"species":"Petauroides volans","eventDate":"2026-03-19","basisOfRecord":"HUMAN_OBSERVATION","license":"CC-BY 4.0 (Int)","coordinateUncertaintyM":10.0,"uncertaintyUnknown":false,"observationCount":1,"geographicOutlier":false}},{"type":"Feature","id":"f38b4561fe45c72e","geometry":{"type":"Point","coordinates":[152.096333,-30.710334]},"properties":{"species":"Petauroides volans","eventDate":"2026-03-18","basisOfRecord":"HUMAN_OBSERVATION","license":"CC-BY 4.0 (Int)","coordinateUncertaintyM":10.0,"uncertaintyUnknown":false,"observationCount":1,"geographicOutlier":false}},{"type":"Feature","id":"dd47f4cfa4014647","geometry":{"type":"Point","coordinates":[152.094583,-30.711553]},"properties":{"species":"Petauroides volans","eventDate":"2026-03-18","basisOfRecord":"HUMAN_OBSERVATION","license":"CC-BY 4.0 (Int)","coordinateUncertaintyM":10.0,"uncertaintyUnknown":false,"observationCount":1,"geographicOutlier":false}},{"type":"Feature","id":"1c93248749d930db","geometry":{"type":"Point","coordinates":[152.067068,-30.731126]},"properties":{"species":"Petauroides volans","eventDate":"2026-03-17","basisOfRecord":"HUMAN_OBSERVATION","license":"CC-BY 4.0 (Int)","coordinateUncertaintyM":10.0,"uncertaintyUnknown":false,"observationCount":1,"geographicOutlier":false}},{"type":"Feature","id":"414e675d10586cd4","geometry":{"type":"Point","coordinates":[152.067007,-30.732493]},"properties":{"species":"Petauroides volans","eventDate":"2026-03-17","basisOfRecord":"HUMAN_OBSERVATION","license":"CC-BY 4.0 (Int)","coordinateUncertaintyM":10.0,"uncertaintyUnknown":false,"observationCount":1,"geographicOutlier":false}},{"type":"Feature","id":"ad37c1cc1d282615","geometry":{"type":"Point","coordinates":[152.068317,-30.732369]},"properties":{"species":"Petauroides volans","eventDate":"2026-03-17","basisOfRecord":"HUMAN_OBSERVATION","license":"CC-BY 4.0 (Int)","coordinateUncertaintyM":10.0,"uncertaintyUnknown":false,"observationCount":1,"geographicOutlier":false}},{"type":"Feature","id":"2601db4c5296801f","geometry":{"type":"Point","coordinates":[152.183168,-29.59265]},"properties":{"species":"Petauroides volans","eventDate":"2026-03-16","basisOfRecord":"HUMAN_OBSERVATION","license":"CC-BY 4.0 (Int)","coordinateUncertaintyM":10.0,"uncertaintyUnknown":false,"observationCount":1,"geographicOutlier":false}},{"type":"Feature","id":"7c2dab4521dc88c0","geometry":{"type":"Point","coordinates":[151.87846,-31.380065]},"properties":{"species":"Petauroides volans","eventDate":"2026-03-15","basisOfRecord":"HUMAN_OBSERVATION","license":"CC-BY 4.0 (Int)","coordinateUncertaintyM":10.0,"uncertaintyUnknown":false,"observationCount":1,"geographicOutlier":false}},{"type":"Feature","id":"5c553b50da086fab","geometry":{"type":"Point","coordinates":[151.881241,-31.377987]},"properties":{"species":"Petauroides volans","eventDate":"2026-03-15","basisOfRecord":"HUMAN_OBSERVATION","license":"CC-BY 4.0 (Int)","coordinateUncertaintyM":10.0,"uncertaintyUnknown":false,"observationCount":1,"geographicOutlier":false}},{"type":"Feature","id":"56269a9de27817e6","geometry":{"type":"Point","coordinates":[151.856218,-31.371316]},"properties":{"species":"Petauroides volans","eventDate":"2026-03-14","basisOfRecord":"HUMAN_OBSERVATION","license":"CC-BY 4.0 (Int)","coordinateUncertaintyM":10.0,"uncertaintyUnknown":false,"observationCount":1,"geographicOutlier":false}},{"type":"Feature","id":"04b59d7e6a9d8969","geometry":{"type":"Point","coordinates":[148.137005,-35.530288]},"properties":{"species":"Petauroides volans","eventDate":"2026-03-12","basisOfRecord":"HUMAN_OBSERVATION","license":"CC-BY 4.0 (Int)","coordinateUncertaintyM":10.0,"uncertaintyUnknown":false,"observationCount":1,"geographicOutlier":false}},{"type":"Feature","id":"df721e78fd674ec0","geometry":{"type":"Point","coordinates":[152.177529,-29.599854]},"properties":{"species":"Petauroides volans","eventDate":"2026-03-06","basisOfRecord":"HUMAN_OBSERVATION","license":"CC-BY 4.0 (Int)","coordinateUncertaintyM":10.0,"uncertaintyUnknown":false,"observationCount":1,"geographicOutlier":false}},{"type":"Feature","id":"55a9b6ec641852db","geometry":{"type":"Point","coordinates":[149.420619,-36.548595]},"properties":{"species":"Petauroides volans","eventDate":"2026-03-01","basisOfRecord":"HUMAN_OBSERVATION","license":"CC-BY 4.0 (Int)","coordinateUncertaintyM":10.0,"uncertaintyUnknown":false,"observationCount":1,"geographicOutlier":false}},{"type":"Feature","id":"0eaae2d44209fe4c","geometry":{"type":"Point","coordinates":[152.106458,-29.398584]},"properties":{"species":"Petauroides volans","eventDate":"2026-02-26","basisOfRecord":"HUMAN_OBSERVATION","license":"CC-BY 4.0 (Int)","coordinateUncertaintyM":10.0,"uncertaintyUnknown":false,"observationCount":1,"geographicOutlier":false}},{"type":"Feature","id":"7cfb9952ab30a18a","geometry":{"type":"Point","coordinates":[145.3966,-37.5271]},"properties":{"species":"Petauroides volans","eventDate":"2026-02-25","basisOfRecord":"OCCURRENCE","license":"CC-BY 4.0 (Int)","coordinateUncertaintyM":20.0,"uncertaintyUnknown":false,"observationCount":1,"geographicOutlier":false}},{"type":"Feature","id":"1c6a42d52415b631","geometry":{"type":"Point","coordinates":[152.146959,-29.625556]},"properties":{"species":"Petauroides volans","eventDate":"2026-02-19","basisOfRecord":"HUMAN_OBSERVATION","license":"CC-BY 4.0 (Int)","coordinateUncertaintyM":10.0,"uncertaintyUnknown":false,"observationCount":1,"geographicOutlier":false}},{"type":"Feature","id":"88641eb59acfbe25","geometry":{"type":"Point","coordinates":[152.161944,-29.617278]},"properties":{"species":"Petauroides volans","eventDate":"2026-02-17","basisOfRecord":"HUMAN_OBSERVATION","license":"CC-BY 4.0 (Int)","coordinateUncertaintyM":10.0,"uncertaintyUnknown":false,"observationCount":1,"geographicOutlier":false}},{"type":"Feature","id":"725b432caa145403","geometry":{"type":"Point","coordinates":[152.203556,-31.610255]},"properties":{"species":"Petauroides volans","eventDate":"2026-02-16","basisOfRecord":"HUMAN_OBSERVATION","license":"CC-BY 4.0 (Int)","coordinateUncertaintyM":10.0,"uncertaintyUnknown":false,"observationCount":1,"geographicOutlier":false}},{"type":"Feature","id":"f55f94c407f5d22c","geometry":{"type":"Point","coordinates":[151.302,-33.0977]},"properties":{"species":"Petauroides volans","eventDate":"2026-02-14","basisOfRecord":"HUMAN_OBSERVATION","license":"CC-BY 4.0 (Int)","coordinateUncertaintyM":10.0,"uncertaintyUnknown":false,"observationCount":1,"geographicOutlier":false}},{"type":"Feature","id":"542f77906ce386cf","geometry":{"type":"Point","coordinates":[152.092909,-30.715018]},"properties":{"species":"Petauroides volans","eventDate":"2026-02-11","basisOfRecord":"HUMAN_OBSERVATION","license":"CC-BY 4.0 (Int)","coordinateUncertaintyM":10.0,"uncertaintyUnknown":false,"observationCount":1,"geographicOutlier":false}},{"type":"Feature","id":"b005a3cc1dfccb63","geometry":{"type":"Point","coordinates":[152.090503,-30.714352]},"properties":{"species":"Petauroides volans","eventDate":"2026-02-11","basisOfRecord":"HUMAN_OBSERVATION","license":"CC-BY 4.0 (Int)","coordinateUncertaintyM":10.0,"uncertaintyUnknown":false,"observationCount":1,"geographicOutlier":false}},{"type":"Feature","id":"96257fd590d30f01","geometry":{"type":"Point","coordinates":[152.097746,-30.72273]},"properties":{"species":"Petauroides volans","eventDate":"2026-02-11","basisOfRecord":"HUMAN_OBSERVATION","license":"CC-BY 4.0 (Int)","coordinateUncertaintyM":10.0,"uncertaintyUnknown":false,"observationCount":1,"geographicOutlier":false}},{"type":"Feature","id":"7510cc1f8802e7e9","geometry":{"type":"Point","coordinates":[152.072549,-30.726532]},"properties":{"species":"Petauroides volans","eventDate":"2026-02-11","basisOfRecord":"HUMAN_OBSERVATION","license":"CC-BY 4.0 (Int)","coordinateUncertaintyM":10.0,"uncertaintyUnknown":false,"observationCount":1,"geographicOutlier":false}},{"type":"Feature","id":"3d3f8f264071917e","geometry":{"type":"Point","coordinates":[152.086605,-30.714667]},"properties":{"species":"Petauroides volans","eventDate":"2026-02-11","basisOfRecord":"HUMAN_OBSERVATION","license":"CC-BY 4.0 (Int)","coordinateUncertaintyM":10.0,"uncertaintyUnknown":false,"observationCount":1,"geographicOutlier":false}},{"type":"Feature","id":"751938613421e266","geometry":{"type":"Point","coordinates":[152.099472,-30.72581]},"properties":{"species":"Petauroides volans","eventDate":"2026-02-11","basisOfRecord":"HUMAN_OBSERVATION","license":"CC-BY 4.0 (Int)","coordinateUncertaintyM":10.0,"uncertaintyUnknown":false,"observationCount":1,"geographicOutlier":false}},{"type":"Feature","id":"368c6e89ecc18e42","geometry":{"type":"Point","coordinates":[152.098374,-30.713585]},"properties":{"species":"Petauroides volans","eventDate":"2026-02-11","basisOfRecord":"HUMAN_OBSERVATION","license":"CC-BY 4.0 (Int)","coordinateUncertaintyM":10.0,"uncertaintyUnknown":false,"observationCount":1,"geographicOutlier":false}},{"type":"Feature","id":"b8c13761f23d3a22","geometry":{"type":"Point","coordinates":[152.090132,-30.71157]},"properties":{"species":"Petauroides volans","eventDate":"2026-02-11","basisOfRecord":"HUMAN_OBSERVATION","license":"CC-BY 4.0 (Int)","coordinateUncertaintyM":10.0,"uncertaintyUnknown":false,"observationCount":1,"geographicOutlier":false}},{"type":"Feature","id":"44f4eb9fdd6d24bb","geometry":{"type":"Point","coordinates":[152.082233,-30.714212]},"properties":{"species":"Petauroides volans","eventDate":"2026-02-10","basisOfRecord":"HUMAN_OBSERVATION","license":"CC-BY 4.0 (Int)","coordinateUncertaintyM":10.0,"uncertaintyUnknown":false,"observationCount":1,"geographicOutlier":false}},{"type":"Feature","id":"35677511c1ae0a46","geometry":{"type":"Point","coordinates":[152.098745,-30.725282]},"properties":{"species":"Petauroides volans","eventDate":"2026-02-10","basisOfRecord":"HUMAN_OBSERVATION","license":"CC-BY 4.0 (Int)","coordinateUncertaintyM":10.0,"uncertaintyUnknown":false,"observationCount":1,"geographicOutlier":false}},{"type":"Feature","id":"15e251a7cb853ce9","geometry":{"type":"Point","coordinates":[152.063711,-30.731097]},"properties":{"species":"Petauroides volans","eventDate":"2026-02-10","basisOfRecord":"HUMAN_OBSERVATION","license":"CC-BY 4.0 (Int)","coordinateUncertaintyM":10.0,"uncertaintyUnknown":false,"observationCount":1,"geographicOutlier":false}},{"type":"Feature","id":"5d20017031692185","geometry":{"type":"Point","coordinates":[152.100188,-30.726248]},"properties":{"species":"Petauroides volans","eventDate":"2026-02-10","basisOfRecord":"HUMAN_OBSERVATION","license":"CC-BY 4.0 (Int)","coordinateUncertaintyM":10.0,"uncertaintyUnknown":false,"observationCount":1,"geographicOutlier":false}},{"type":"Feature","id":"c752b6be8ffbc2a3","geometry":{"type":"Point","coordinates":[152.075198,-30.723691]},"properties":{"species":"Petauroides volans","eventDate":"2026-02-10","basisOfRecord":"HUMAN_OBSERVATION","license":"CC-BY 4.0 (Int)","coordinateUncertaintyM":10.0,"uncertaintyUnknown":false,"observationCount":1,"geographicOutlier":false}},{"type":"Feature","id":"8638de1d88f7c7a6","geometry":{"type":"Point","coordinates":[152.098153,-30.722715]},"properties":{"species":"Petauroides volans","eventDate":"2026-02-10","basisOfRecord":"HUMAN_OBSERVATION","license":"CC-BY 4.0 (Int)","coordinateUncertaintyM":10.0,"uncertaintyUnknown":false,"observationCount":1,"geographicOutlier":false}},{"type":"Feature","id":"b15b3549675fe6a7","geometry":{"type":"Point","coordinates":[152.08676,-30.714822]},"properties":{"species":"Petauroides volans","eventDate":"2026-02-10","basisOfRecord":"HUMAN_OBSERVATION","license":"CC-BY 4.0 (Int)","coordinateUncertaintyM":10.0,"uncertaintyUnknown":false,"observationCount":1,"geographicOutlier":false}},{"type":"Feature","id":"992f1de953eeecec","geometry":{"type":"Point","coordinates":[152.082964,-30.714208]},"properties":{"species":"Petauroides volans","eventDate":"2026-02-10","basisOfRecord":"HUMAN_OBSERVATION","license":"CC-BY 4.0 (Int)","coordinateUncertaintyM":10.0,"uncertaintyUnknown":false,"observationCount":1,"geographicOutlier":false}},{"type":"Feature","id":"6e757dc5cf5e01f0","geometry":{"type":"Point","coordinates":[152.095704,-30.719892]},"properties":{"species":"Petauroides volans","eventDate":"2026-02-10","basisOfRecord":"HUMAN_OBSERVATION","license":"CC-BY 4.0 (Int)","coordinateUncertaintyM":10.0,"uncertaintyUnknown":false,"observationCount":1,"geographicOutlier":false}},{"type":"Feature","id":"b6044eefb70b15e7","geometry":{"type":"Point","coordinates":[149.405745,-36.549842]},"properties":{"species":"Petauroides volans","eventDate":"2026-02-07","basisOfRecord":"HUMAN_OBSERVATION","license":"CC-BY 4.0 (Int)","coordinateUncertaintyM":10.0,"uncertaintyUnknown":false,"observationCount":1,"geographicOutlier":false}},{"type":"Feature","id":"11145d9f1acf567f","geometry":{"type":"Point","coordinates":[152.190137,-31.730795]},"properties":{"species":"Petauroides volans","eventDate":"2026-02-03","basisOfRecord":"HUMAN_OBSERVATION","license":"CC-BY 4.0 (Int)","coordinateUncertaintyM":10.0,"uncertaintyUnknown":false,"observationCount":1,"geographicOutlier":false}},{"type":"Feature","id":"f0a85b10ef38f7f7","geometry":{"type":"Point","coordinates":[152.428137,-29.110768]},"properties":{"species":"Petauroides volans","eventDate":"2026-02-01","basisOfRecord":"HUMAN_OBSERVATION","license":"CC-BY 4.0 (Int)","coordinateUncertaintyM":10.0,"uncertaintyUnknown":false,"observationCount":1,"geographicOutlier":false}},{"type":"Feature","id":"b3801e0e054bd0f8","geometry":{"type":"Point","coordinates":[152.237283,-29.525848]},"properties":{"species":"Petauroides volans","eventDate":"2026-01-30","basisOfRecord":"HUMAN_OBSERVATION","license":"CC-BY 4.0 (Int)","coordinateUncertaintyM":10.0,"uncertaintyUnknown":false,"observationCount":1,"geographicOutlier":false}},{"type":"Feature","id":"b70c0ca3eaa0b32b","geometry":{"type":"Point","coordinates":[152.248962,-29.536759]},"properties":{"species":"Petauroides volans","eventDate":"2026-01-30","basisOfRecord":"HUMAN_OBSERVATION","license":"CC-BY 4.0 (Int)","coordinateUncertaintyM":10.0,"uncertaintyUnknown":false,"observationCount":1,"geographicOutlier":false}},{"type":"Feature","id":"ae4c71acdb21154e","geometry":{"type":"Point","coordinates":[152.238603,-29.529731]},"properties":{"species":"Petauroides volans","eventDate":"2026-01-30","basisOfRecord":"HUMAN_OBSERVATION","license":"CC-BY 4.0 (Int)","coordinateUncertaintyM":10.0,"uncertaintyUnknown":false,"observationCount":1,"geographicOutlier":false}},{"type":"Feature","id":"d7aa20d152272ced","geometry":{"type":"Point","coordinates":[152.242995,-29.536419]},"properties":{"species":"Petauroides volans","eventDate":"2026-01-30","basisOfRecord":"HUMAN_OBSERVATION","license":"CC-BY 4.0 (Int)","coordinateUncertaintyM":10.0,"uncertaintyUnknown":false,"observationCount":1,"geographicOutlier":false}},{"type":"Feature","id":"75d0efbb8417cb7d","geometry":{"type":"Point","coordinates":[152.132629,-29.819457]},"properties":{"species":"Petauroides volans","eventDate":"2026-01-26","basisOfRecord":"HUMAN_OBSERVATION","license":"CC-BY 4.0 (Int)","coordinateUncertaintyM":10.0,"uncertaintyUnknown":false,"observationCount":1,"geographicOutlier":false}},{"type":"Feature","id":"d0a277d328b6c73c","geometry":{"type":"Point","coordinates":[152.132983,-29.813127]},"properties":{"species":"Petauroides volans","eventDate":"2026-01-26","basisOfRecord":"HUMAN_OBSERVATION","license":"CC-BY 4.0 (Int)","coordinateUncertaintyM":10.0,"uncertaintyUnknown":false,"observationCount":1,"geographicOutlier":false}},{"type":"Feature","id":"7a66e3de105d6bc9","geometry":{"type":"Point","coordinates":[152.13183,-29.818118]},"properties":{"species":"Petauroides volans","eventDate":"2026-01-26","basisOfRecord":"HUMAN_OBSERVATION","license":"CC-BY 4.0 (Int)","coordinateUncertaintyM":10.0,"uncertaintyUnknown":false,"observationCount":1,"geographicOutlier":false}},{"type":"Feature","id":"fa7908d5005305ed","geometry":{"type":"Point","coordinates":[152.13437,-29.807701]},"properties":{"species":"Petauroides volans","eventDate":"2026-01-25","basisOfRecord":"HUMAN_OBSERVATION","license":"CC-BY 4.0 (Int)","coordinateUncertaintyM":10.0,"uncertaintyUnknown":false,"observationCount":1,"geographicOutlier":false}},{"type":"Feature","id":"97be8d193c2776c4","geometry":{"type":"Point","coordinates":[152.13111,-29.812675]},"properties":{"species":"Petauroides volans","eventDate":"2026-01-25","basisOfRecord":"HUMAN_OBSERVATION","license":"CC-BY 4.0 (Int)","coordinateUncertaintyM":10.0,"uncertaintyUnknown":false,"observationCount":1,"geographicOutlier":false}},{"type":"Feature","id":"f951c759a55ba4a1","geometry":{"type":"Point","coordinates":[152.131143,-29.81202]},"properties":{"species":"Petauroides volans","eventDate":"2026-01-25","basisOfRecord":"HUMAN_OBSERVATION","license":"CC-BY 4.0 (Int)","coordinateUncertaintyM":10.0,"uncertaintyUnknown":false,"observationCount":1,"geographicOutlier":false}},{"type":"Feature","id":"b304af4bdb888405","geometry":{"type":"Point","coordinates":[152.130389,-29.829417]},"properties":{"species":"Petauroides volans","eventDate":"2026-01-24","basisOfRecord":"HUMAN_OBSERVATION","license":"CC-BY 4.0 (Int)","coordinateUncertaintyM":10.0,"uncertaintyUnknown":false,"observationCount":1,"geographicOutlier":false}},{"type":"Feature","id":"c76dc48bab914a30","geometry":{"type":"Point","coordinates":[152.860969,-30.576443]},"properties":{"species":"Petauroides volans","eventDate":"2026-01-24","basisOfRecord":"HUMAN_OBSERVATION","license":"CC-BY 4.0 (Int)","coordinateUncertaintyM":20.0,"uncertaintyUnknown":false,"observationCount":1,"geographicOutlier":false}},{"type":"Feature","id":"82e8ff83576180e4","geometry":{"type":"Point","coordinates":[145.473,-37.4492]},"properties":{"species":"Petauroides volans","eventDate":"2026-01-23","basisOfRecord":"OCCURRENCE","license":"CC-BY 4.0 (Int)","coordinateUncertaintyM":10.0,"uncertaintyUnknown":false,"observationCount":1,"geographicOutlier":false}},{"type":"Feature","id":"299d19adc142dfcb","geometry":{"type":"Point","coordinates":[145.385,-37.4856]},"properties":{"species":"Petauroides volans","eventDate":"2026-01-16","basisOfRecord":"OCCURRENCE","license":"CC-BY 4.0 (Int)","coordinateUncertaintyM":10.0,"uncertaintyUnknown":false,"observationCount":1,"geographicOutlier":false}},{"type":"Feature","id":"e414804372a556c4","geometry":{"type":"Point","coordinates":[151.863466,-31.370017]},"properties":{"species":"Petauroides volans","eventDate":"2026-01-10","basisOfRecord":"HUMAN_OBSERVATION","license":"CC-BY 4.0 (Int)","coordinateUncertaintyM":10.0,"uncertaintyUnknown":false,"observationCount":1,"geographicOutlier":false}},{"type":"Feature","id":"420bc3e1016467f5","geometry":{"type":"Point","coordinates":[151.858615,-31.370099]},"properties":{"species":"Petauroides volans","eventDate":"2026-01-10","basisOfRecord":"HUMAN_OBSERVATION","license":"CC-BY 4.0 (Int)","coordinateUncertaintyM":10.0,"uncertaintyUnknown":false,"observationCount":1,"geographicOutlier":false}},{"type":"Feature","id":"61ec6db4f8e8197c","geometry":{"type":"Point","coordinates":[151.863279,-31.370608]},"properties":{"species":"Petauroides volans","eventDate":"2026-01-10","basisOfRecord":"HUMAN_OBSERVATION","license":"CC-BY 4.0 (Int)","coordinateUncertaintyM":10.0,"uncertaintyUnknown":false,"observationCount":1,"geographicOutlier":false}},{"type":"Feature","id":"9d0bf8c0fdd920c8","geometry":{"type":"Point","coordinates":[151.856226,-31.378562]},"properties":{"species":"Petauroides volans","eventDate":"2026-01-09","basisOfRecord":"HUMAN_OBSERVATION","license":"CC-BY 4.0 (Int)","coordinateUncertaintyM":10.0,"uncertaintyUnknown":false,"observationCount":1,"geographicOutlier":false}},{"type":"Feature","id":"4fc101bfc70cd421","geometry":{"type":"Point","coordinates":[151.854449,-31.376047]},"properties":{"species":"Petauroides volans","eventDate":"2026-01-09","basisOfRecord":"HUMAN_OBSERVATION","license":"CC-BY 4.0 (Int)","coordinateUncertaintyM":10.0,"uncertaintyUnknown":false,"observationCount":1,"geographicOutlier":false}},{"type":"Feature","id":"f64a9d20da9b3600","geometry":{"type":"Point","coordinates":[151.853998,-31.377792]},"properties":{"species":"Petauroides volans","eventDate":"2026-01-09","basisOfRecord":"HUMAN_OBSERVATION","license":"CC-BY 4.0 (Int)","coordinateUncertaintyM":10.0,"uncertaintyUnknown":false,"observationCount":1,"geographicOutlier":false}},{"type":"Feature","id":"67fc27c4901bd5f2","geometry":{"type":"Point","coordinates":[151.849272,-31.372566]},"properties":{"species":"Petauroides volans","eventDate":"2026-01-08","basisOfRecord":"HUMAN_OBSERVATION","license":"CC-BY 4.0 (Int)","coordinateUncertaintyM":10.0,"uncertaintyUnknown":false,"observationCount":1,"geographicOutlier":false}},{"type":"Feature","id":"3b3a9dd2a01a75c3","geometry":{"type":"Point","coordinates":[151.847782,-31.372283]},"properties":{"species":"Petauroides volans","eventDate":"2026-01-08","basisOfRecord":"HUMAN_OBSERVATION","license":"CC-BY 4.0 (Int)","coordinateUncertaintyM":10.0,"uncertaintyUnknown":false,"observationCount":1,"geographicOutlier":false}},{"type":"Feature","id":"6378813f8e4a0eaf","geometry":{"type":"Point","coordinates":[151.853985,-31.372473]},"properties":{"species":"Petauroides volans","eventDate":"2026-01-07","basisOfRecord":"HUMAN_OBSERVATION","license":"CC-BY 4.0 (Int)","coordinateUncertaintyM":10.0,"uncertaintyUnknown":false,"observationCount":1,"geographicOutlier":false}},{"type":"Feature","id":"4e84f80b88ef7d7f","geometry":{"type":"Point","coordinates":[151.853461,-31.373607]},"properties":{"species":"Petauroides volans","eventDate":"2026-01-07","basisOfRecord":"HUMAN_OBSERVATION","license":"CC-BY 4.0 (Int)","coordinateUncertaintyM":10.0,"uncertaintyUnknown":false,"observationCount":1,"geographicOutlier":false}},{"type":"Feature","id":"357aa2eebb82be86","geometry":{"type":"Point","coordinates":[151.531371,-31.889827]},"properties":{"species":"Petauroides volans","eventDate":"2026-01-06","basisOfRecord":"HUMAN_OBSERVATION","license":"CC-BY 4.0 (Int)","coordinateUncertaintyM":10.0,"uncertaintyUnknown":false,"observationCount":1,"geographicOutlier":false}},{"type":"Feature","id":"75963b2140cf4ea8","geometry":{"type":"Point","coordinates":[151.529702,-31.890115]},"properties":{"species":"Petauroides volans","eventDate":"2026-01-06","basisOfRecord":"HUMAN_OBSERVATION","license":"CC-BY 4.0 (Int)","coordinateUncertaintyM":10.0,"uncertaintyUnknown":false,"observationCount":1,"geographicOutlier":false}},{"type":"Feature","id":"7d3f31e660f2bd31","geometry":{"type":"Point","coordinates":[151.525609,-31.891092]},"properties":{"species":"Petauroides volans","eventDate":"2026-01-06","basisOfRecord":"HUMAN_OBSERVATION","license":"CC-BY 4.0 (Int)","coordinateUncertaintyM":10.0,"uncertaintyUnknown":false,"observationCount":1,"geographicOutlier":false}},{"type":"Feature","id":"3a601d433d5819d2","geometry":{"type":"Point","coordinates":[151.534641,-31.888085]},"properties":{"species":"Petauroides volans","eventDate":"2026-01-06","basisOfRecord":"HUMAN_OBSERVATION","license":"CC-BY 4.0 (Int)","coordinateUncertaintyM":10.0,"uncertaintyUnknown":false,"observationCount":1,"geographicOutlier":false}},{"type":"Feature","id":"e55fd2d22a56f9fe","geometry":{"type":"Point","coordinates":[149.422959,-36.562163]},"properties":{"species":"Petauroides volans","eventDate":"2026-01-05","basisOfRecord":"HUMAN_OBSERVATION","license":"CC-BY 4.0 (Int)","coordinateUncertaintyM":10.0,"uncertaintyUnknown":false,"observationCount":1,"geographicOutlier":false}},{"type":"Feature","id":"de1fd603d7618ec0","geometry":{"type":"Point","coordinates":[149.418907,-36.554818]},"properties":{"species":"Petauroides volans","eventDate":"2026-01-04","basisOfRecord":"HUMAN_OBSERVATION","license":"CC-BY 4.0 (Int)","coordinateUncertaintyM":10.0,"uncertaintyUnknown":false,"observationCount":1,"geographicOutlier":false}},{"type":"Feature","id":"64218e84c7b9e77f","geometry":{"type":"Point","coordinates":[151.527583,-31.886104]},"properties":{"species":"Petauroides volans","eventDate":"2026-01-03","basisOfRecord":"HUMAN_OBSERVATION","license":"CC-BY 4.0 (Int)","coordinateUncertaintyM":10.0,"uncertaintyUnknown":false,"observationCount":1,"geographicOutlier":false}},{"type":"Feature","id":"954c528832b75112","geometry":{"type":"Point","coordinates":[149.399843,-36.558426]},"properties":{"species":"Petauroides volans","eventDate":"2026-01-02","basisOfRecord":"HUMAN_OBSERVATION","license":"CC-BY 4.0 (Int)","coordinateUncertaintyM":10.0,"uncertaintyUnknown":false,"observationCount":1,"geographicOutlier":false}},{"type":"Feature","id":"74967871952e17fc","geometry":{"type":"Point","coordinates":[151.834338,-31.678559]},"properties":{"species":"Petauroides volans","eventDate":"2025-12-30","basisOfRecord":"HUMAN_OBSERVATION","license":"CC-BY 4.0 (Int)","coordinateUncertaintyM":10.0,"uncertaintyUnknown":false,"observationCount":1,"geographicOutlier":false}},{"type":"Feature","id":"b3eed0a785e4d043","geometry":{"type":"Point","coordinates":[151.399957,-31.954851]},"properties":{"species":"Petauroides volans","eventDate":"2025-12-29","basisOfRecord":"HUMAN_OBSERVATION","license":"CC-BY 4.0 (Int)","coordinateUncertaintyM":500.0,"uncertaintyUnknown":false,"observationCount":1,"geographicOutlier":false}},{"type":"Feature","id":"66cbf06b8ac87903","geometry":{"type":"Point","coordinates":[149.404166,-36.554437]},"properties":{"species":"Petauroides volans","eventDate":"2025-12-29","basisOfRecord":"HUMAN_OBSERVATION","license":"CC-BY 4.0 (Int)","coordinateUncertaintyM":10.0,"uncertaintyUnknown":false,"observationCount":1,"geographicOutlier":false}},{"type":"Feature","id":"3065ab4b1d903fcc","geometry":{"type":"Point","coordinates":[151.528529,-31.869991]},"properties":{"species":"Petauroides volans","eventDate":"2025-12-29","basisOfRecord":"HUMAN_OBSERVATION","license":"CC-BY 4.0 (Int)","coordinateUncertaintyM":10.0,"uncertaintyUnknown":false,"observationCount":1,"geographicOutlier":false}},{"type":"Feature","id":"70a26cccce57b308","geometry":{"type":"Point","coordinates":[151.526429,-31.866861]},"properties":{"species":"Petauroides volans","eventDate":"2025-12-29","basisOfRecord":"HUMAN_OBSERVATION","license":"CC-BY 4.0 (Int)","coordinateUncertaintyM":10.0,"uncertaintyUnknown":false,"observationCount":1,"geographicOutlier":false}},{"type":"Feature","id":"7a2cd1accb5312d1","geometry":{"type":"Point","coordinates":[151.526066,-31.878194]},"properties":{"species":"Petauroides volans","eventDate":"2025-12-28","basisOfRecord":"HUMAN_OBSERVATION","license":"CC-BY 4.0 (Int)","coordinateUncertaintyM":10.0,"uncertaintyUnknown":false,"observationCount":1,"geographicOutlier":false}},{"type":"Feature","id":"a0d31d5283ff18be","geometry":{"type":"Point","coordinates":[151.525385,-31.876666]},"properties":{"species":"Petauroides volans","eventDate":"2025-12-28","basisOfRecord":"HUMAN_OBSERVATION","license":"CC-BY 4.0 (Int)","coordinateUncertaintyM":10.0,"uncertaintyUnknown":false,"observationCount":1,"geographicOutlier":false}},{"type":"Feature","id":"3ad29e07ac6e0a71","geometry":{"type":"Point","coordinates":[149.408549,-36.554559]},"properties":{"species":"Petauroides volans","eventDate":"2025-12-27","basisOfRecord":"HUMAN_OBSERVATION","license":"CC-BY 4.0 (Int)","coordinateUncertaintyM":10.0,"uncertaintyUnknown":false,"observationCount":1,"geographicOutlier":false}},{"type":"Feature","id":"e490647d9da407bb","geometry":{"type":"Point","coordinates":[149.407671,-36.555747]},"properties":{"species":"Petauroides volans","eventDate":"2025-12-27","basisOfRecord":"HUMAN_OBSERVATION","license":"CC-BY 4.0 (Int)","coordinateUncertaintyM":10.0,"uncertaintyUnknown":false,"observationCount":1,"geographicOutlier":false}},{"type":"Feature","id":"1e90ef6659461e9e","geometry":{"type":"Point","coordinates":[151.525459,-31.871013]},"properties":{"species":"Petauroides volans","eventDate":"2025-12-25","basisOfRecord":"HUMAN_OBSERVATION","license":"CC-BY 4.0 (Int)","coordinateUncertaintyM":10.0,"uncertaintyUnknown":false,"observationCount":1,"geographicOutlier":false}},{"type":"Feature","id":"af4be55e3f2a1f40","geometry":{"type":"Point","coordinates":[149.409983,-36.552774]},"properties":{"species":"Petauroides volans","eventDate":"2025-12-25","basisOfRecord":"HUMAN_OBSERVATION","license":"CC-BY 4.0 (Int)","coordinateUncertaintyM":10.0,"uncertaintyUnknown":false,"observationCount":1,"geographicOutlier":false}},{"type":"Feature","id":"0c3f4edbd7429579","geometry":{"type":"Point","coordinates":[149.41002,-36.554829]},"properties":{"species":"Petauroides volans","eventDate":"2025-12-25","basisOfRecord":"HUMAN_OBSERVATION","license":"CC-BY 4.0 (Int)","coordinateUncertaintyM":10.0,"uncertaintyUnknown":false,"observationCount":1,"geographicOutlier":false}},{"type":"Feature","id":"06644ae2a7418131","geometry":{"type":"Point","coordinates":[151.843337,-31.67865]},"properties":{"species":"Petauroides volans","eventDate":"2025-12-24","basisOfRecord":"HUMAN_OBSERVATION","license":"CC-BY 4.0 (Int)","coordinateUncertaintyM":10.0,"uncertaintyUnknown":false,"observationCount":1,"geographicOutlier":false}},{"type":"Feature","id":"00ee7193f59370ef","geometry":{"type":"Point","coordinates":[149.414095,-36.556265]},"properties":{"species":"Petauroides volans","eventDate":"2025-12-23","basisOfRecord":"HUMAN_OBSERVATION","license":"CC-BY 4.0 (Int)","coordinateUncertaintyM":10.0,"uncertaintyUnknown":false,"observationCount":1,"geographicOutlier":false}},{"type":"Feature","id":"5beebf4aade4bdfe","geometry":{"type":"Point","coordinates":[149.407941,-36.552419]},"properties":{"species":"Petauroides volans","eventDate":"2025-12-22","basisOfRecord":"HUMAN_OBSERVATION","license":"CC-BY 4.0 (Int)","coordinateUncertaintyM":10.0,"uncertaintyUnknown":false,"observationCount":1,"geographicOutlier":false}},{"type":"Feature","id":"80276b2f79583726","geometry":{"type":"Point","coordinates":[151.838635,-31.674317]},"properties":{"species":"Petauroides volans","eventDate":"2025-12-20","basisOfRecord":"HUMAN_OBSERVATION","license":"CC-BY 4.0 (Int)","coordinateUncertaintyM":10.0,"uncertaintyUnknown":false,"observationCount":1,"geographicOutlier":false}},{"type":"Feature","id":"3c1baf9c1f1a30f1","geometry":{"type":"Point","coordinates":[151.845222,-31.68125]},"properties":{"species":"Petauroides volans","eventDate":"2025-12-20","basisOfRecord":"HUMAN_OBSERVATION","license":"CC-BY 4.0 (Int)","coordinateUncertaintyM":10.0,"uncertaintyUnknown":false,"observationCount":1,"geographicOutlier":false}},{"type":"Feature","id":"d6a9b9cebc03b9a4","geometry":{"type":"Point","coordinates":[151.847109,-31.68332]},"properties":{"species":"Petauroides volans","eventDate":"2025-12-20","basisOfRecord":"HUMAN_OBSERVATION","license":"CC-BY 4.0 (Int)","coordinateUncertaintyM":10.0,"uncertaintyUnknown":false,"observationCount":1,"geographicOutlier":false}},{"type":"Feature","id":"dfc81e5fdfe466f1","geometry":{"type":"Point","coordinates":[152.164346,-31.599715]},"properties":{"species":"Petauroides volans","eventDate":"2025-12-18","basisOfRecord":"HUMAN_OBSERVATION","license":"CC-BY 4.0 (Int)","coordinateUncertaintyM":10.0,"uncertaintyUnknown":false,"observationCount":1,"geographicOutlier":false}},{"type":"Feature","id":"19eebc33e93544f8","geometry":{"type":"Point","coordinates":[149.401683,-36.550359]},"properties":{"species":"Petauroides volans","eventDate":"2025-12-14","basisOfRecord":"HUMAN_OBSERVATION","license":"CC-BY 4.0 (Int)","coordinateUncertaintyM":10.0,"uncertaintyUnknown":false,"observationCount":1,"geographicOutlier":false}},{"type":"Feature","id":"a1917c49fbd21c86","geometry":{"type":"Point","coordinates":[145.84748,-37.63025]},"properties":{"species":"Petauroides volans","eventDate":"2025-12-12","basisOfRecord":"OCCURRENCE","license":"CC-BY 4.0 (Int)","coordinateUncertaintyM":5.0,"uncertaintyUnknown":false,"observationCount":1,"geographicOutlier":false}},{"type":"Feature","id":"2c654c0016ea7f5e","geometry":{"type":"Point","coordinates":[145.84736,-37.63591]},"properties":{"species":"Petauroides volans","eventDate":"2025-12-11","basisOfRecord":"OCCURRENCE","license":"CC-BY 4.0 (Int)","coordinateUncertaintyM":5.0,"uncertaintyUnknown":false,"observationCount":1,"geographicOutlier":false}},{"type":"Feature","id":"d950d12e0760962b","geometry":{"type":"Point","coordinates":[152.54747,-29.440577]},"properties":{"species":"Petauroides volans","eventDate":"2025-12-03","basisOfRecord":"HUMAN_OBSERVATION","license":"CC-BY 4.0 (Int)","coordinateUncertaintyM":10.0,"uncertaintyUnknown":false,"observationCount":1,"geographicOutlier":false}},{"type":"Feature","id":"d27f993e9e7d2e24","geometry":{"type":"Point","coordinates":[150.24112,-33.365833]},"properties":{"species":"Petauroides volans","eventDate":"2025-12-02","basisOfRecord":"HUMAN_OBSERVATION","license":"CC-BY 4.0 (Int)","coordinateUncertaintyM":100.0,"uncertaintyUnknown":false,"observationCount":1,"geographicOutlier":false}},{"type":"Feature","id":"d14443b61c459ccd","geometry":{"type":"Point","coordinates":[149.421454,-36.551528]},"properties":{"species":"Petauroides volans","eventDate":"2025-12-01","basisOfRecord":"HUMAN_OBSERVATION","license":"CC-BY 4.0 (Int)","coordinateUncertaintyM":10.0,"uncertaintyUnknown":false,"observationCount":1,"geographicOutlier":false}},{"type":"Feature","id":"fc471e7143ff6878","geometry":{"type":"Point","coordinates":[149.420445,-36.55354]},"properties":{"species":"Petauroides volans","eventDate":"2025-12-01","basisOfRecord":"HUMAN_OBSERVATION","license":"CC-BY 4.0 (Int)","coordinateUncertaintyM":10.0,"uncertaintyUnknown":false,"observationCount":1,"geographicOutlier":false}},{"type":"Feature","id":"28424838d5f4e55c","geometry":{"type":"Point","coordinates":[149.421472,-36.561396]},"properties":{"species":"Petauroides volans","eventDate":"2025-11-27","basisOfRecord":"HUMAN_OBSERVATION","license":"CC-BY 4.0 (Int)","coordinateUncertaintyM":10.0,"uncertaintyUnknown":false,"observationCount":1,"geographicOutlier":false}},{"type":"Feature","id":"170a5c8655dbfbf5","geometry":{"type":"Point","coordinates":[149.42245,-36.561935]},"properties":{"species":"Petauroides volans","eventDate":"2025-11-27","basisOfRecord":"HUMAN_OBSERVATION","license":"CC-BY 4.0 (Int)","coordinateUncertaintyM":10.0,"uncertaintyUnknown":false,"observationCount":1,"geographicOutlier":false}},{"type":"Feature","id":"f853ce286b55374d","geometry":{"type":"Point","coordinates":[152.085509,-30.717654]},"properties":{"species":"Petauroides volans","eventDate":"2025-11-23","basisOfRecord":"HUMAN_OBSERVATION","license":"CC-BY 4.0 (Int)","coordinateUncertaintyM":10.0,"uncertaintyUnknown":false,"observationCount":1,"geographicOutlier":false}},{"type":"Feature","id":"f8cb94fb7e8397c9","geometry":{"type":"Point","coordinates":[152.07933,-30.720698]},"properties":{"species":"Petauroides volans","eventDate":"2025-11-23","basisOfRecord":"HUMAN_OBSERVATION","license":"CC-BY 4.0 (Int)","coordinateUncertaintyM":10.0,"uncertaintyUnknown":false,"observationCount":1,"geographicOutlier":false}},{"type":"Feature","id":"24d6e3d8b0836304","geometry":{"type":"Point","coordinates":[152.080601,-30.714843]},"properties":{"species":"Petauroides volans","eventDate":"2025-11-22","basisOfRecord":"HUMAN_OBSERVATION","license":"CC-BY 4.0 (Int)","coordinateUncertaintyM":10.0,"uncertaintyUnknown":false,"observationCount":1,"geographicOutlier":false}},{"type":"Feature","id":"fc3b4376c5774eb8","geometry":{"type":"Point","coordinates":[152.08157,-30.712469]},"properties":{"species":"Petauroides volans","eventDate":"2025-11-22","basisOfRecord":"HUMAN_OBSERVATION","license":"CC-BY 4.0 (Int)","coordinateUncertaintyM":10.0,"uncertaintyUnknown":false,"observationCount":1,"geographicOutlier":false}},{"type":"Feature","id":"6b879717674046ee","geometry":{"type":"Point","coordinates":[152.082456,-30.712618]},"properties":{"species":"Petauroides volans","eventDate":"2025-11-22","basisOfRecord":"HUMAN_OBSERVATION","license":"CC-BY 4.0 (Int)","coordinateUncertaintyM":10.0,"uncertaintyUnknown":false,"observationCount":1,"geographicOutlier":false}},{"type":"Feature","id":"deaf9387c1d63903","geometry":{"type":"Point","coordinates":[152.077788,-30.715453]},"properties":{"species":"Petauroides volans","eventDate":"2025-11-21","basisOfRecord":"HUMAN_OBSERVATION","license":"CC-BY 4.0 (Int)","coordinateUncertaintyM":10.0,"uncertaintyUnknown":false,"observationCount":1,"geographicOutlier":false}},{"type":"Feature","id":"da3f9982c68448d7","geometry":{"type":"Point","coordinates":[152.10316,-30.713639]},"properties":{"species":"Petauroides volans","eventDate":"2025-11-20","basisOfRecord":"HUMAN_OBSERVATION","license":"CC-BY 4.0 (Int)","coordinateUncertaintyM":10.0,"uncertaintyUnknown":false,"observationCount":1,"geographicOutlier":false}},{"type":"Feature","id":"3a27a5914d3437b6","geometry":{"type":"Point","coordinates":[152.079888,-30.727215]},"properties":{"species":"Petauroides volans","eventDate":"2025-11-20","basisOfRecord":"HUMAN_OBSERVATION","license":"CC-BY 4.0 (Int)","coordinateUncertaintyM":10.0,"uncertaintyUnknown":false,"observationCount":1,"geographicOutlier":false}},{"type":"Feature","id":"2ace67d18dc26669","geometry":{"type":"Point","coordinates":[151.50411,-31.83147]},"properties":{"species":"Petauroides volans","eventDate":"2025-11-19","basisOfRecord":"HUMAN_OBSERVATION","license":"CC-BY 4.0 (Int)","coordinateUncertaintyM":10.0,"uncertaintyUnknown":false,"observationCount":1,"geographicOutlier":false}},{"type":"Feature","id":"38a995b9b6c9c0bc","geometry":{"type":"Point","coordinates":[152.103683,-30.696699]},"properties":{"species":"Petauroides volans","eventDate":"2025-11-19","basisOfRecord":"HUMAN_OBSERVATION","license":"CC-BY 4.0 (Int)","coordinateUncertaintyM":10.0,"uncertaintyUnknown":false,"observationCount":1,"geographicOutlier":false}},{"type":"Feature","id":"fd929867a454c9e7","geometry":{"type":"Point","coordinates":[152.102283,-30.697667]},"properties":{"species":"Petauroides volans","eventDate":"2025-11-19","basisOfRecord":"HUMAN_OBSERVATION","license":"CC-BY 4.0 (Int)","coordinateUncertaintyM":10.0,"uncertaintyUnknown":false,"observationCount":1,"geographicOutlier":false}},{"type":"Feature","id":"eff383c79f7dbdde","geometry":{"type":"Point","coordinates":[145.3851,-37.491]},"properties":{"species":"Petauroides volans","eventDate":"2025-11-19","basisOfRecord":"OCCURRENCE","license":"CC-BY 4.0 (Int)","coordinateUncertaintyM":20.0,"uncertaintyUnknown":false,"observationCount":1,"geographicOutlier":false}},{"type":"Feature","id":"bf9765d762b8824e","geometry":{"type":"Point","coordinates":[152.106252,-30.690313]},"properties":{"species":"Petauroides volans","eventDate":"2025-11-19","basisOfRecord":"HUMAN_OBSERVATION","license":"CC-BY 4.0 (Int)","coordinateUncertaintyM":10.0,"uncertaintyUnknown":false,"observationCount":1,"geographicOutlier":false}},{"type":"Feature","id":"0c6a53fca55dbef5","geometry":{"type":"Point","coordinates":[152.0935,-30.713533]},"properties":{"species":"Petauroides volans","eventDate":"2025-11-18","basisOfRecord":"HUMAN_OBSERVATION","license":"CC-BY 4.0 (Int)","coordinateUncertaintyM":10.0,"uncertaintyUnknown":false,"observationCount":1,"geographicOutlier":false}},{"type":"Feature","id":"e0a964057ed3c6da","geometry":{"type":"Point","coordinates":[152.095544,-30.714546]},"properties":{"species":"Petauroides volans","eventDate":"2025-11-18","basisOfRecord":"HUMAN_OBSERVATION","license":"CC-BY 4.0 (Int)","coordinateUncertaintyM":10.0,"uncertaintyUnknown":false,"observationCount":1,"geographicOutlier":false}},{"type":"Feature","id":"1b5adec25dca74df","geometry":{"type":"Point","coordinates":[149.401842,-36.550555]},"properties":{"species":"Petauroides volans","eventDate":"2025-11-18","basisOfRecord":"HUMAN_OBSERVATION","license":"CC-BY 4.0 (Int)","coordinateUncertaintyM":10.0,"uncertaintyUnknown":false,"observationCount":1,"geographicOutlier":false}},{"type":"Feature","id":"194d244f1ca14891","geometry":{"type":"Point","coordinates":[152.098394,-30.716334]},"properties":{"species":"Petauroides volans","eventDate":"2025-11-18","basisOfRecord":"HUMAN_OBSERVATION","license":"CC-BY 4.0 (Int)","coordinateUncertaintyM":10.0,"uncertaintyUnknown":false,"observationCount":1,"geographicOutlier":false}},{"type":"Feature","id":"e94f7e4ed2346270","geometry":{"type":"Point","coordinates":[147.19455,-36.48471]},"properties":{"species":"Petauroides volans","eventDate":"2025-11-16","basisOfRecord":"OCCURRENCE","license":"CC-BY 4.0 (Int)","coordinateUncertaintyM":5.0,"uncertaintyUnknown":false,"observationCount":1,"geographicOutlier":false}},{"type":"Feature","id":"a8db333f427e3b81","geometry":{"type":"Point","coordinates":[149.403006,-36.550279]},"properties":{"species":"Petauroides volans","eventDate":"2025-11-13","basisOfRecord":"HUMAN_OBSERVATION","license":"CC-BY 4.0 (Int)","coordinateUncertaintyM":10.0,"uncertaintyUnknown":false,"observationCount":1,"geographicOutlier":false}},{"type":"Feature","id":"6a227398ddb65453","geometry":{"type":"Point","coordinates":[149.407081,-36.549106]},"properties":{"species":"Petauroides volans","eventDate":"2025-11-13","basisOfRecord":"HUMAN_OBSERVATION","license":"CC-BY 4.0 (Int)","coordinateUncertaintyM":10.0,"uncertaintyUnknown":false,"observationCount":1,"geographicOutlier":false}},{"type":"Feature","id":"65600d8a0bc35b05","geometry":{"type":"Point","coordinates":[149.408826,-36.548494]},"properties":{"species":"Petauroides volans","eventDate":"2025-11-13","basisOfRecord":"HUMAN_OBSERVATION","license":"CC-BY 4.0 (Int)","coordinateUncertaintyM":10.0,"uncertaintyUnknown":false,"observationCount":1,"geographicOutlier":false}},{"type":"Feature","id":"457eea197bc6d221","geometry":{"type":"Point","coordinates":[151.47521,-31.79603]},"properties":{"species":"Petauroides volans","eventDate":"2025-11-13","basisOfRecord":"HUMAN_OBSERVATION","license":"CC-BY 4.0 (Int)","coordinateUncertaintyM":10.0,"uncertaintyUnknown":false,"observationCount":1,"geographicOutlier":false}},{"type":"Feature","id":"58f9b226515f98d6","geometry":{"type":"Point","coordinates":[149.419289,-36.55588]},"properties":{"species":"Petauroides volans","eventDate":"2025-11-11","basisOfRecord":"HUMAN_OBSERVATION","license":"CC-BY 4.0 (Int)","coordinateUncertaintyM":10.0,"uncertaintyUnknown":false,"observationCount":1,"geographicOutlier":false}},{"type":"Feature","id":"bc3eb85ef5beece3","geometry":{"type":"Point","coordinates":[149.435234,-36.557421]},"properties":{"species":"Petauroides volans","eventDate":"2025-11-11","basisOfRecord":"HUMAN_OBSERVATION","license":"CC-BY 4.0 (Int)","coordinateUncertaintyM":10.0,"uncertaintyUnknown":false,"observationCount":1,"geographicOutlier":false}},{"type":"Feature","id":"ae5d0c4eddd0d3d7","geometry":{"type":"Point","coordinates":[151.523912,-31.887077]},"properties":{"species":"Petauroides volans","eventDate":"2025-11-10","basisOfRecord":"HUMAN_OBSERVATION","license":"CC-BY 4.0 (Int)","coordinateUncertaintyM":10.0,"uncertaintyUnknown":false,"observationCount":1,"geographicOutlier":false}},{"type":"Feature","id":"00532e93f6d4f552","geometry":{"type":"Point","coordinates":[151.870774,-31.369683]},"properties":{"species":"Petauroides volans","eventDate":"2025-11-08","basisOfRecord":"HUMAN_OBSERVATION","license":"CC-BY 4.0 (Int)","coordinateUncertaintyM":10.0,"uncertaintyUnknown":false,"observationCount":1,"geographicOutlier":false}},{"type":"Feature","id":"de482b459772b2f7","geometry":{"type":"Point","coordinates":[151.870722,-31.373529]},"properties":{"species":"Petauroides volans","eventDate":"2025-11-08","basisOfRecord":"HUMAN_OBSERVATION","license":"CC-BY 4.0 (Int)","coordinateUncertaintyM":10.0,"uncertaintyUnknown":false,"observationCount":1,"geographicOutlier":false}},{"type":"Feature","id":"1dfd0fbc036d8f17","geometry":{"type":"Point","coordinates":[151.868963,-31.369026]},"properties":{"species":"Petauroides volans","eventDate":"2025-11-08","basisOfRecord":"HUMAN_OBSERVATION","license":"CC-BY 4.0 (Int)","coordinateUncertaintyM":10.0,"uncertaintyUnknown":false,"observationCount":1,"geographicOutlier":false}},{"type":"Feature","id":"cf8c87b9dcbc4def","geometry":{"type":"Point","coordinates":[151.866071,-31.377419]},"properties":{"species":"Petauroides volans","eventDate":"2025-11-07","basisOfRecord":"HUMAN_OBSERVATION","license":"CC-BY 4.0 (Int)","coordinateUncertaintyM":10.0,"uncertaintyUnknown":false,"observationCount":1,"geographicOutlier":false}},{"type":"Feature","id":"21d2d344fe35df61","geometry":{"type":"Point","coordinates":[151.86448,-31.378487]},"properties":{"species":"Petauroides volans","eventDate":"2025-11-07","basisOfRecord":"HUMAN_OBSERVATION","license":"CC-BY 4.0 (Int)","coordinateUncertaintyM":10.0,"uncertaintyUnknown":false,"observationCount":1,"geographicOutlier":false}},{"type":"Feature","id":"c82e9719bf597224","geometry":{"type":"Point","coordinates":[151.537965,-31.876424]},"properties":{"species":"Petauroides volans","eventDate":"2025-11-06","basisOfRecord":"HUMAN_OBSERVATION","license":"CC-BY 4.0 (Int)","coordinateUncertaintyM":10.0,"uncertaintyUnknown":false,"observationCount":1,"geographicOutlier":false}},{"type":"Feature","id":"cb31e3034303698f","geometry":{"type":"Point","coordinates":[151.532682,-31.878845]},"properties":{"species":"Petauroides volans","eventDate":"2025-11-06","basisOfRecord":"HUMAN_OBSERVATION","license":"CC-BY 4.0 (Int)","coordinateUncertaintyM":10.0,"uncertaintyUnknown":false,"observationCount":1,"geographicOutlier":false}},{"type":"Feature","id":"645d28582682a95f","geometry":{"type":"Point","coordinates":[151.538466,-31.876882]},"properties":{"species":"Petauroides volans","eventDate":"2025-11-06","basisOfRecord":"HUMAN_OBSERVATION","license":"CC-BY 4.0 (Int)","coordinateUncertaintyM":10.0,"uncertaintyUnknown":false,"observationCount":1,"geographicOutlier":false}},{"type":"Feature","id":"1d93ce87f6daa183","geometry":{"type":"Point","coordinates":[151.526654,-31.880712]},"properties":{"species":"Petauroides volans","eventDate":"2025-11-04","basisOfRecord":"HUMAN_OBSERVATION","license":"CC-BY 4.0 (Int)","coordinateUncertaintyM":10.0,"uncertaintyUnknown":false,"observationCount":1,"geographicOutlier":false}},{"type":"Feature","id":"0056e9be98870c4f","geometry":{"type":"Point","coordinates":[152.16471,-31.583874]},"properties":{"species":"Petauroides volans","eventDate":"2025-11-04","basisOfRecord":"HUMAN_OBSERVATION","license":"CC-BY 4.0 (Int)","coordinateUncertaintyM":10.0,"uncertaintyUnknown":false,"observationCount":1,"geographicOutlier":false}},{"type":"Feature","id":"8bb34483ef118fe2","geometry":{"type":"Point","coordinates":[151.526619,-31.879809]},"properties":{"species":"Petauroides volans","eventDate":"2025-11-04","basisOfRecord":"HUMAN_OBSERVATION","license":"CC-BY 4.0 (Int)","coordinateUncertaintyM":10.0,"uncertaintyUnknown":false,"observationCount":1,"geographicOutlier":false}},{"type":"Feature","id":"678b22783719b053","geometry":{"type":"Point","coordinates":[151.522479,-31.878105]},"properties":{"species":"Petauroides volans","eventDate":"2025-11-04","basisOfRecord":"HUMAN_OBSERVATION","license":"CC-BY 4.0 (Int)","coordinateUncertaintyM":10.0,"uncertaintyUnknown":false,"observationCount":1,"geographicOutlier":false}},{"type":"Feature","id":"ddbf1b4ae471f927","geometry":{"type":"Point","coordinates":[151.52188,-31.876805]},"properties":{"species":"Petauroides volans","eventDate":"2025-11-04","basisOfRecord":"HUMAN_OBSERVATION","license":"CC-BY 4.0 (Int)","coordinateUncertaintyM":10.0,"uncertaintyUnknown":false,"observationCount":1,"geographicOutlier":false}},{"type":"Feature","id":"bfac4492db723428","geometry":{"type":"Point","coordinates":[151.86794,-31.375423]},"properties":{"species":"Petauroides volans","eventDate":"2025-11-03","basisOfRecord":"HUMAN_OBSERVATION","license":"CC-BY 4.0 (Int)","coordinateUncertaintyM":10.0,"uncertaintyUnknown":false,"observationCount":1,"geographicOutlier":false}},{"type":"Feature","id":"a6ea4d0b12688fc2","geometry":{"type":"Point","coordinates":[151.869886,-31.379232]},"properties":{"species":"Petauroides volans","eventDate":"2025-11-03","basisOfRecord":"HUMAN_OBSERVATION","license":"CC-BY 4.0 (Int)","coordinateUncertaintyM":10.0,"uncertaintyUnknown":false,"observationCount":1,"geographicOutlier":false}},{"type":"Feature","id":"159577f6c8d8cfe5","geometry":{"type":"Point","coordinates":[152.28461,-31.007675]},"properties":{"species":"Petauroides volans","eventDate":"2025-11-02","basisOfRecord":"HUMAN_OBSERVATION","license":"CC-BY 4.0 (Int)","coordinateUncertaintyM":10.0,"uncertaintyUnknown":false,"observationCount":1,"geographicOutlier":false}},{"type":"Feature","id":"387e4db7f399d11a","geometry":{"type":"Point","coordinates":[152.28562,-31.010111]},"properties":{"species":"Petauroides volans","eventDate":"2025-11-02","basisOfRecord":"HUMAN_OBSERVATION","license":"CC-BY 4.0 (Int)","coordinateUncertaintyM":10.0,"uncertaintyUnknown":false,"observationCount":1,"geographicOutlier":false}},{"type":"Feature","id":"daddfd3a0e60e552","geometry":{"type":"Point","coordinates":[152.289764,-31.010937]},"properties":{"species":"Petauroides volans","eventDate":"2025-11-02","basisOfRecord":"HUMAN_OBSERVATION","license":"CC-BY 4.0 (Int)","coordinateUncertaintyM":10.0,"uncertaintyUnknown":false,"observationCount":1,"geographicOutlier":false}},{"type":"Feature","id":"1d3e5056893d88fc","geometry":{"type":"Point","coordinates":[151.531891,-31.884999]},"properties":{"species":"Petauroides volans","eventDate":"2025-10-27","basisOfRecord":"HUMAN_OBSERVATION","license":"CC-BY 4.0 (Int)","coordinateUncertaintyM":10.0,"uncertaintyUnknown":false,"observationCount":1,"geographicOutlier":false}},{"type":"Feature","id":"e63abd8842ab689e","geometry":{"type":"Point","coordinates":[151.530892,-31.884997]},"properties":{"species":"Petauroides volans","eventDate":"2025-10-27","basisOfRecord":"HUMAN_OBSERVATION","license":"CC-BY 4.0 (Int)","coordinateUncertaintyM":10.0,"uncertaintyUnknown":false,"observationCount":1,"geographicOutlier":false}},{"type":"Feature","id":"cdc8dd8084a8bde7","geometry":{"type":"Point","coordinates":[151.527565,-31.890187]},"properties":{"species":"Petauroides volans","eventDate":"2025-10-26","basisOfRecord":"HUMAN_OBSERVATION","license":"CC-BY 4.0 (Int)","coordinateUncertaintyM":10.0,"uncertaintyUnknown":false,"observationCount":1,"geographicOutlier":false}},{"type":"Feature","id":"673fd5e648634a3f","geometry":{"type":"Point","coordinates":[151.525876,-31.89112]},"properties":{"species":"Petauroides volans","eventDate":"2025-10-26","basisOfRecord":"HUMAN_OBSERVATION","license":"CC-BY 4.0 (Int)","coordinateUncertaintyM":10.0,"uncertaintyUnknown":false,"observationCount":1,"geographicOutlier":false}},{"type":"Feature","id":"344d9625f0b0f0ca","geometry":{"type":"Point","coordinates":[152.18007,-31.605487]},"properties":{"species":"Petauroides volans","eventDate":"2025-10-25","basisOfRecord":"HUMAN_OBSERVATION","license":"CC-BY 4.0 (Int)","coordinateUncertaintyM":10.0,"uncertaintyUnknown":false,"observationCount":1,"geographicOutlier":false}},{"type":"Feature","id":"2524d20e90d693d9","geometry":{"type":"Point","coordinates":[152.182853,-31.603459]},"properties":{"species":"Petauroides volans","eventDate":"2025-10-25","basisOfRecord":"HUMAN_OBSERVATION","license":"CC-BY 4.0 (Int)","coordinateUncertaintyM":10.0,"uncertaintyUnknown":false,"observationCount":1,"geographicOutlier":false}},{"type":"Feature","id":"c207c9619aa42f82","geometry":{"type":"Point","coordinates":[152.180076,-31.605674]},"properties":{"species":"Petauroides volans","eventDate":"2025-10-25","basisOfRecord":"HUMAN_OBSERVATION","license":"CC-BY 4.0 (Int)","coordinateUncertaintyM":10.0,"uncertaintyUnknown":false,"observationCount":1,"geographicOutlier":false}},{"type":"Feature","id":"fcf579076d053896","geometry":{"type":"Point","coordinates":[151.859225,-31.376932]},"properties":{"species":"Petauroides volans","eventDate":"2025-10-24","basisOfRecord":"HUMAN_OBSERVATION","license":"CC-BY 4.0 (Int)","coordinateUncertaintyM":10.0,"uncertaintyUnknown":false,"observationCount":1,"geographicOutlier":false}},{"type":"Feature","id":"14533d928fbb0322","geometry":{"type":"Point","coordinates":[151.859888,-31.376036]},"properties":{"species":"Petauroides volans","eventDate":"2025-10-24","basisOfRecord":"HUMAN_OBSERVATION","license":"CC-BY 4.0 (Int)","coordinateUncertaintyM":10.0,"uncertaintyUnknown":false,"observationCount":1,"geographicOutlier":false}},{"type":"Feature","id":"ef1dfc68e02493a8","geometry":{"type":"Point","coordinates":[151.859478,-31.376215]},"properties":{"species":"Petauroides volans","eventDate":"2025-10-24","basisOfRecord":"HUMAN_OBSERVATION","license":"CC-BY 4.0 (Int)","coordinateUncertaintyM":10.0,"uncertaintyUnknown":false,"observationCount":1,"geographicOutlier":false}},{"type":"Feature","id":"cfa5b64af40890fb","geometry":{"type":"Point","coordinates":[149.872122,-35.581274]},"properties":{"species":"Petauroides volans","eventDate":"2025-10-23","basisOfRecord":"HUMAN_OBSERVATION","license":"CC-BY 4.0 (Int)","coordinateUncertaintyM":30.0,"uncertaintyUnknown":false,"observationCount":1,"geographicOutlier":false}},{"type":"Feature","id":"577485a1c7eb74b0","geometry":{"type":"Point","coordinates":[149.918335,-35.562301]},"properties":{"species":"Petauroides volans","eventDate":"2025-10-23","basisOfRecord":"HUMAN_OBSERVATION","license":"CC-BY 4.0 (Int)","coordinateUncertaintyM":30.0,"uncertaintyUnknown":false,"observationCount":1,"geographicOutlier":false}},{"type":"Feature","id":"599866f5f2a0eebc","geometry":{"type":"Point","coordinates":[149.880104,-35.568723]},"properties":{"species":"Petauroides volans","eventDate":"2025-10-23","basisOfRecord":"HUMAN_OBSERVATION","license":"CC-BY 4.0 (Int)","coordinateUncertaintyM":30.0,"uncertaintyUnknown":false,"observationCount":1,"geographicOutlier":false}},{"type":"Feature","id":"7b59ad420636937b","geometry":{"type":"Point","coordinates":[149.881415,-35.564926]},"properties":{"species":"Petauroides volans","eventDate":"2025-10-23","basisOfRecord":"HUMAN_OBSERVATION","license":"CC-BY 4.0 (Int)","coordinateUncertaintyM":30.0,"uncertaintyUnknown":false,"observationCount":1,"geographicOutlier":false}},{"type":"Feature","id":"3c57d3e9ddc3cf70","geometry":{"type":"Point","coordinates":[149.875378,-35.578659]},"properties":{"species":"Petauroides volans","eventDate":"2025-10-23","basisOfRecord":"HUMAN_OBSERVATION","license":"CC-BY 4.0 (Int)","coordinateUncertaintyM":30.0,"uncertaintyUnknown":false,"observationCount":1,"geographicOutlier":false}},{"type":"Feature","id":"d7bfef77fd011c8a","geometry":{"type":"Point","coordinates":[149.868421,-35.583038]},"properties":{"species":"Petauroides volans","eventDate":"2025-10-23","basisOfRecord":"HUMAN_OBSERVATION","license":"CC-BY 4.0 (Int)","coordinateUncertaintyM":30.0,"uncertaintyUnknown":false,"observationCount":1,"geographicOutlier":false}},{"type":"Feature","id":"e396a5256643f361","geometry":{"type":"Point","coordinates":[149.876042,-35.555255]},"properties":{"species":"Petauroides volans","eventDate":"2025-10-23","basisOfRecord":"HUMAN_OBSERVATION","license":"CC-BY 4.0 (Int)","coordinateUncertaintyM":30.0,"uncertaintyUnknown":false,"observationCount":1,"geographicOutlier":false}},{"type":"Feature","id":"206e8c6410e3505c","geometry":{"type":"Point","coordinates":[149.923133,-35.556752]},"properties":{"species":"Petauroides volans","eventDate":"2025-10-23","basisOfRecord":"HUMAN_OBSERVATION","license":"CC-BY 4.0 (Int)","coordinateUncertaintyM":30.0,"uncertaintyUnknown":false,"observationCount":1,"geographicOutlier":false}},{"type":"Feature","id":"3ff0e5f82db9841a","geometry":{"type":"Point","coordinates":[149.880244,-35.566031]},"properties":{"species":"Petauroides volans","eventDate":"2025-10-23","basisOfRecord":"HUMAN_OBSERVATION","license":"CC-BY 4.0 (Int)","coordinateUncertaintyM":30.0,"uncertaintyUnknown":false,"observationCount":1,"geographicOutlier":false}},{"type":"Feature","id":"2a35b4f155c406d2","geometry":{"type":"Point","coordinates":[152.127335,-31.68968]},"properties":{"species":"Petauroides volans","eventDate":"2025-10-16","basisOfRecord":"HUMAN_OBSERVATION","license":"CC-BY 4.0 (Int)","coordinateUncertaintyM":5.0,"uncertaintyUnknown":false,"observationCount":1,"geographicOutlier":false}},{"type":"Feature","id":"a5b5bdda4c4ccc9b","geometry":{"type":"Point","coordinates":[151.844749,-31.68142]},"properties":{"species":"Petauroides volans","eventDate":"2025-10-16","basisOfRecord":"HUMAN_OBSERVATION","license":"CC-BY 4.0 (Int)","coordinateUncertaintyM":10.0,"uncertaintyUnknown":false,"observationCount":1,"geographicOutlier":false}},{"type":"Feature","id":"d359c2b86e495273","geometry":{"type":"Point","coordinates":[151.846332,-31.683067]},"properties":{"species":"Petauroides volans","eventDate":"2025-10-15","basisOfRecord":"HUMAN_OBSERVATION","license":"CC-BY 4.0 (Int)","coordinateUncertaintyM":10.0,"uncertaintyUnknown":false,"observationCount":1,"geographicOutlier":false}},{"type":"Feature","id":"d09b7e526f80af35","geometry":{"type":"Point","coordinates":[150.213399,-33.412296]},"properties":{"species":"Petauroides volans","eventDate":"2025-10-15","basisOfRecord":"HUMAN_OBSERVATION","license":"CC-BY 4.0 (Int)","coordinateUncertaintyM":100.0,"uncertaintyUnknown":false,"observationCount":1,"geographicOutlier":false}},{"type":"Feature","id":"22ed425f0691e993","geometry":{"type":"Point","coordinates":[150.218442,-33.405954]},"properties":{"species":"Petauroides volans","eventDate":"2025-10-15","basisOfRecord":"HUMAN_OBSERVATION","license":"CC-BY 4.0 (Int)","coordinateUncertaintyM":100.0,"uncertaintyUnknown":false,"observationCount":1,"geographicOutlier":false}},{"type":"Feature","id":"6605b8dea5bef33f","geometry":{"type":"Point","coordinates":[150.206626,-33.425012]},"properties":{"species":"Petauroides volans","eventDate":"2025-10-14","basisOfRecord":"HUMAN_OBSERVATION","license":"CC-BY 4.0 (Int)","coordinateUncertaintyM":100.0,"uncertaintyUnknown":false,"observationCount":1,"geographicOutlier":false}},{"type":"Feature","id":"3d718889b5cbb017","geometry":{"type":"Point","coordinates":[150.427964,-34.467376]},"properties":{"species":"Petauroides volans","eventDate":"2025-10-09","basisOfRecord":"HUMAN_OBSERVATION","license":"CC-BY 4.0 (Int)","coordinateUncertaintyM":5.0,"uncertaintyUnknown":false,"observationCount":1,"geographicOutlier":false}},{"type":"Feature","id":"139bc240a423b52d","geometry":{"type":"Point","coordinates":[149.536221,-35.699609]},"properties":{"species":"Petauroides volans","eventDate":"2025-10-07","basisOfRecord":"HUMAN_OBSERVATION","license":"CC-BY 4.0 (Int)","coordinateUncertaintyM":50.0,"uncertaintyUnknown":false,"observationCount":1,"geographicOutlier":false}},{"type":"Feature","id":"1dd5f86e709ba7fb","geometry":{"type":"Point","coordinates":[152.111026,-30.702719]},"properties":{"species":"Petauroides volans","eventDate":"2025-10-02","basisOfRecord":"HUMAN_OBSERVATION","license":"CC-BY 4.0 (Int)","coordinateUncertaintyM":10.0,"uncertaintyUnknown":false,"observationCount":1,"geographicOutlier":false}},{"type":"Feature","id":"f662fe034050a015","geometry":{"type":"Point","coordinates":[152.106,-30.708]},"properties":{"species":"Petauroides volans","eventDate":"2025-10-02","basisOfRecord":"HUMAN_OBSERVATION","license":"CC-BY 4.0 (Int)","coordinateUncertaintyM":10.0,"uncertaintyUnknown":false,"observationCount":1,"geographicOutlier":false}},{"type":"Feature","id":"f977ad5d93673176","geometry":{"type":"Point","coordinates":[151.86918,-31.368348]},"properties":{"species":"Petauroides volans","eventDate":"2025-10-01","basisOfRecord":"HUMAN_OBSERVATION","license":"CC-BY 4.0 (Int)","coordinateUncertaintyM":10.0,"uncertaintyUnknown":false,"observationCount":1,"geographicOutlier":false}},{"type":"Feature","id":"fa1b59303a4a9cbf","geometry":{"type":"Point","coordinates":[151.866593,-31.37066]},"properties":{"species":"Petauroides volans","eventDate":"2025-10-01","basisOfRecord":"HUMAN_OBSERVATION","license":"CC-BY 4.0 (Int)","coordinateUncertaintyM":10.0,"uncertaintyUnknown":false,"observationCount":1,"geographicOutlier":false}},{"type":"Feature","id":"d97d9dccc488232b","geometry":{"type":"Point","coordinates":[151.871564,-31.368454]},"properties":{"species":"Petauroides volans","eventDate":"2025-10-01","basisOfRecord":"HUMAN_OBSERVATION","license":"CC-BY 4.0 (Int)","coordinateUncertaintyM":10.0,"uncertaintyUnknown":false,"observationCount":1,"geographicOutlier":false}},{"type":"Feature","id":"617ba1c6c4a999e3","geometry":{"type":"Point","coordinates":[150.212223,-33.406742]},"properties":{"species":"Petauroides volans","eventDate":"2025-10-01","basisOfRecord":"HUMAN_OBSERVATION","license":"CC-BY 4.0 (Int)","coordinateUncertaintyM":100.0,"uncertaintyUnknown":false,"observationCount":1,"geographicOutlier":false}},{"type":"Feature","id":"2ca381aaf4707ae0","geometry":{"type":"Point","coordinates":[151.864717,-31.370965]},"properties":{"species":"Petauroides volans","eventDate":"2025-10-01","basisOfRecord":"HUMAN_OBSERVATION","license":"CC-BY 4.0 (Int)","coordinateUncertaintyM":10.0,"uncertaintyUnknown":false,"observationCount":1,"geographicOutlier":false}},{"type":"Feature","id":"48e89304c93665e7","geometry":{"type":"Point","coordinates":[150.225606,-33.397782]},"properties":{"species":"Petauroides volans","eventDate":"2025-10-01","basisOfRecord":"HUMAN_OBSERVATION","license":"CC-BY 4.0 (Int)","coordinateUncertaintyM":100.0,"uncertaintyUnknown":false,"observationCount":1,"geographicOutlier":false}},{"type":"Feature","id":"44345065c30ece53","geometry":{"type":"Point","coordinates":[152.176401,-29.66749]},"properties":{"species":"Petauroides volans","eventDate":"2025-09-30","basisOfRecord":"HUMAN_OBSERVATION","license":"CC-BY 4.0 (Int)","coordinateUncertaintyM":10.0,"uncertaintyUnknown":false,"observationCount":1,"geographicOutlier":false}},{"type":"Feature","id":"b92966b6e55cc92d","geometry":{"type":"Point","coordinates":[151.764217,-31.604567]},"properties":{"species":"Petauroides volans","eventDate":"2025-09-28","basisOfRecord":"HUMAN_OBSERVATION","license":"CC-BY 4.0 (Int)","coordinateUncertaintyM":10.0,"uncertaintyUnknown":false,"observationCount":1,"geographicOutlier":false}},{"type":"Feature","id":"e23c1f4a6dc26929","geometry":{"type":"Point","coordinates":[151.758721,-31.60298]},"properties":{"species":"Petauroides volans","eventDate":"2025-09-28","basisOfRecord":"HUMAN_OBSERVATION","license":"CC-BY 4.0 (Int)","coordinateUncertaintyM":10.0,"uncertaintyUnknown":false,"observationCount":1,"geographicOutlier":false}},{"type":"Feature","id":"11bcb5e372ceaef5","geometry":{"type":"Point","coordinates":[151.524255,-31.88767]},"properties":{"species":"Petauroides volans","eventDate":"2025-09-27","basisOfRecord":"HUMAN_OBSERVATION","license":"CC-BY 4.0 (Int)","coordinateUncertaintyM":10.0,"uncertaintyUnknown":false,"observationCount":1,"geographicOutlier":false}},{"type":"Feature","id":"56f39d5b377543be","geometry":{"type":"Point","coordinates":[151.525328,-31.887935]},"properties":{"species":"Petauroides volans","eventDate":"2025-09-27","basisOfRecord":"HUMAN_OBSERVATION","license":"CC-BY 4.0 (Int)","coordinateUncertaintyM":10.0,"uncertaintyUnknown":false,"observationCount":1,"geographicOutlier":false}},{"type":"Feature","id":"8426b29855e3fbe4","geometry":{"type":"Point","coordinates":[151.770458,-31.60627]},"properties":{"species":"Petauroides volans","eventDate":"2025-09-26","basisOfRecord":"HUMAN_OBSERVATION","license":"CC-BY 4.0 (Int)","coordinateUncertaintyM":10.0,"uncertaintyUnknown":false,"observationCount":1,"geographicOutlier":false}},{"type":"Feature","id":"f3ab9b589d07f3ed","geometry":{"type":"Point","coordinates":[152.174799,-29.601343]},"properties":{"species":"Petauroides volans","eventDate":"2025-09-25","basisOfRecord":"HUMAN_OBSERVATION","license":"CC-BY 4.0 (Int)","coordinateUncertaintyM":10.0,"uncertaintyUnknown":false,"observationCount":1,"geographicOutlier":false}},{"type":"Feature","id":"41c090b6e3cb66c2","geometry":{"type":"Point","coordinates":[151.873727,-31.369311]},"properties":{"species":"Petauroides volans","eventDate":"2025-09-25","basisOfRecord":"HUMAN_OBSERVATION","license":"CC-BY 4.0 (Int)","coordinateUncertaintyM":10.0,"uncertaintyUnknown":false,"observationCount":1,"geographicOutlier":false}},{"type":"Feature","id":"53f9a91d2433765d","geometry":{"type":"Point","coordinates":[151.872962,-31.372127]},"properties":{"species":"Petauroides volans","eventDate":"2025-09-25","basisOfRecord":"HUMAN_OBSERVATION","license":"CC-BY 4.0 (Int)","coordinateUncertaintyM":10.0,"uncertaintyUnknown":false,"observationCount":1,"geographicOutlier":false}},{"type":"Feature","id":"4183b1958c28c992","geometry":{"type":"Point","coordinates":[152.171932,-29.612253]},"properties":{"species":"Petauroides volans","eventDate":"2025-09-25","basisOfRecord":"HUMAN_OBSERVATION","license":"CC-BY 4.0 (Int)","coordinateUncertaintyM":10.0,"uncertaintyUnknown":false,"observationCount":1,"geographicOutlier":false}},{"type":"Feature","id":"e263d40e9a51edd9","geometry":{"type":"Point","coordinates":[152.309723,-31.017448]},"properties":{"species":"Petauroides volans","eventDate":"2025-09-24","basisOfRecord":"HUMAN_OBSERVATION","license":"CC-BY 4.0 (Int)","coordinateUncertaintyM":10.0,"uncertaintyUnknown":false,"observationCount":1,"geographicOutlier":false}},{"type":"Feature","id":"49dee8a0c66f1441","geometry":{"type":"Point","coordinates":[152.307485,-31.019811]},"properties":{"species":"Petauroides volans","eventDate":"2025-09-24","basisOfRecord":"HUMAN_OBSERVATION","license":"CC-BY 4.0 (Int)","coordinateUncertaintyM":10.0,"uncertaintyUnknown":false,"observationCount":1,"geographicOutlier":false}},{"type":"Feature","id":"aab2d2512408ca0d","geometry":{"type":"Point","coordinates":[152.320096,-31.018404]},"properties":{"species":"Petauroides volans","eventDate":"2025-09-24","basisOfRecord":"HUMAN_OBSERVATION","license":"CC-BY 4.0 (Int)","coordinateUncertaintyM":10.0,"uncertaintyUnknown":false,"observationCount":1,"geographicOutlier":false}},{"type":"Feature","id":"4350de97cba9bc38","geometry":{"type":"Point","coordinates":[152.317321,-31.024719]},"properties":{"species":"Petauroides volans","eventDate":"2025-09-23","basisOfRecord":"HUMAN_OBSERVATION","license":"CC-BY 4.0 (Int)","coordinateUncertaintyM":10.0,"uncertaintyUnknown":false,"observationCount":1,"geographicOutlier":false}},{"type":"Feature","id":"7b0c1ecef44bc136","geometry":{"type":"Point","coordinates":[150.2277,-33.370531]},"properties":{"species":"Petauroides volans","eventDate":"2025-09-23","basisOfRecord":"HUMAN_OBSERVATION","license":"CC-BY 4.0 (Int)","coordinateUncertaintyM":100.0,"uncertaintyUnknown":false,"observationCount":1,"geographicOutlier":false}},{"type":"Feature","id":"9a1961c022393cc6","geometry":{"type":"Point","coordinates":[152.318093,-31.024519]},"properties":{"species":"Petauroides volans","eventDate":"2025-09-23","basisOfRecord":"HUMAN_OBSERVATION","license":"CC-BY 4.0 (Int)","coordinateUncertaintyM":10.0,"uncertaintyUnknown":false,"observationCount":1,"geographicOutlier":false}},{"type":"Feature","id":"75c379d97b6577fb","geometry":{"type":"Point","coordinates":[152.317262,-31.019228]},"properties":{"species":"Petauroides volans","eventDate":"2025-09-23","basisOfRecord":"HUMAN_OBSERVATION","license":"CC-BY 4.0 (Int)","coordinateUncertaintyM":10.0,"uncertaintyUnknown":false,"observationCount":1,"geographicOutlier":false}},{"type":"Feature","id":"3e04004ca7c1499e","geometry":{"type":"Point","coordinates":[152.316702,-31.019866]},"properties":{"species":"Petauroides volans","eventDate":"2025-09-23","basisOfRecord":"HUMAN_OBSERVATION","license":"CC-BY 4.0 (Int)","coordinateUncertaintyM":10.0,"uncertaintyUnknown":false,"observationCount":1,"geographicOutlier":false}},{"type":"Feature","id":"005aece2672b1b6f","geometry":{"type":"Point","coordinates":[152.182918,-29.593343]},"properties":{"species":"Petauroides volans","eventDate":"2025-09-22","basisOfRecord":"HUMAN_OBSERVATION","license":"CC-BY 4.0 (Int)","coordinateUncertaintyM":10.0,"uncertaintyUnknown":false,"observationCount":1,"geographicOutlier":false}},{"type":"Feature","id":"789f8f29803b3116","geometry":{"type":"Point","coordinates":[152.089777,-30.714129]},"properties":{"species":"Petauroides volans","eventDate":"2025-09-22","basisOfRecord":"HUMAN_OBSERVATION","license":"CC-BY 4.0 (Int)","coordinateUncertaintyM":10.0,"uncertaintyUnknown":false,"observationCount":1,"geographicOutlier":false}},{"type":"Feature","id":"b7f0c1ebe2bf1d29","geometry":{"type":"Point","coordinates":[152.171292,-29.603315]},"properties":{"species":"Petauroides volans","eventDate":"2025-09-22","basisOfRecord":"HUMAN_OBSERVATION","license":"CC-BY 4.0 (Int)","coordinateUncertaintyM":10.0,"uncertaintyUnknown":false,"observationCount":1,"geographicOutlier":false}},{"type":"Feature","id":"2c9b23c814fe62da","geometry":{"type":"Point","coordinates":[152.105013,-30.702991]},"properties":{"species":"Petauroides volans","eventDate":"2025-09-21","basisOfRecord":"HUMAN_OBSERVATION","license":"CC-BY 4.0 (Int)","coordinateUncertaintyM":10.0,"uncertaintyUnknown":false,"observationCount":1,"geographicOutlier":false}},{"type":"Feature","id":"f2140abebe65a85d","geometry":{"type":"Point","coordinates":[152.102114,-30.700839]},"properties":{"species":"Petauroides volans","eventDate":"2025-09-21","basisOfRecord":"HUMAN_OBSERVATION","license":"CC-BY 4.0 (Int)","coordinateUncertaintyM":10.0,"uncertaintyUnknown":false,"observationCount":1,"geographicOutlier":false}},{"type":"Feature","id":"3e09440343cb4fe3","geometry":{"type":"Point","coordinates":[152.10771,-30.703313]},"properties":{"species":"Petauroides volans","eventDate":"2025-09-21","basisOfRecord":"HUMAN_OBSERVATION","license":"CC-BY 4.0 (Int)","coordinateUncertaintyM":10.0,"uncertaintyUnknown":false,"observationCount":1,"geographicOutlier":false}},{"type":"Feature","id":"31c1f50930df05d6","geometry":{"type":"Point","coordinates":[152.103745,-30.706064]},"properties":{"species":"Petauroides volans","eventDate":"2025-09-21","basisOfRecord":"HUMAN_OBSERVATION","license":"CC-BY 4.0 (Int)","coordinateUncertaintyM":10.0,"uncertaintyUnknown":false,"observationCount":1,"geographicOutlier":false}},{"type":"Feature","id":"04c3637ee3d58b81","geometry":{"type":"Point","coordinates":[152.099683,-30.702631]},"properties":{"species":"Petauroides volans","eventDate":"2025-09-21","basisOfRecord":"HUMAN_OBSERVATION","license":"CC-BY 4.0 (Int)","coordinateUncertaintyM":10.0,"uncertaintyUnknown":false,"observationCount":1,"geographicOutlier":false}},{"type":"Feature","id":"76f1101a73458d73","geometry":{"type":"Point","coordinates":[152.108657,-30.702879]},"properties":{"species":"Petauroides volans","eventDate":"2025-09-21","basisOfRecord":"HUMAN_OBSERVATION","license":"CC-BY 4.0 (Int)","coordinateUncertaintyM":10.0,"uncertaintyUnknown":false,"observationCount":1,"geographicOutlier":false}},{"type":"Feature","id":"6832b69008afc8eb","geometry":{"type":"Point","coordinates":[152.099872,-30.69686]},"properties":{"species":"Petauroides volans","eventDate":"2025-09-21","basisOfRecord":"HUMAN_OBSERVATION","license":"CC-BY 4.0 (Int)","coordinateUncertaintyM":10.0,"uncertaintyUnknown":false,"observationCount":1,"geographicOutlier":false}},{"type":"Feature","id":"06ea57fadfd84777","geometry":{"type":"Point","coordinates":[152.097517,-30.696309]},"properties":{"species":"Petauroides volans","eventDate":"2025-09-21","basisOfRecord":"HUMAN_OBSERVATION","license":"CC-BY 4.0 (Int)","coordinateUncertaintyM":10.0,"uncertaintyUnknown":false,"observationCount":1,"geographicOutlier":false}},{"type":"Feature","id":"0c528bd149a8255f","geometry":{"type":"Point","coordinates":[152.099628,-30.709609]},"properties":{"species":"Petauroides volans","eventDate":"2025-09-20","basisOfRecord":"HUMAN_OBSERVATION","license":"CC-BY 4.0 (Int)","coordinateUncertaintyM":10.0,"uncertaintyUnknown":false,"observationCount":1,"geographicOutlier":false}},{"type":"Feature","id":"7c8901f6ea2036b2","geometry":{"type":"Point","coordinates":[152.096609,-30.718218]},"properties":{"species":"Petauroides volans","eventDate":"2025-09-20","basisOfRecord":"HUMAN_OBSERVATION","license":"CC-BY 4.0 (Int)","coordinateUncertaintyM":10.0,"uncertaintyUnknown":false,"observationCount":1,"geographicOutlier":false}},{"type":"Feature","id":"fb0ddae9c156cb3c","geometry":{"type":"Point","coordinates":[152.094913,-30.717836]},"properties":{"species":"Petauroides volans","eventDate":"2025-09-20","basisOfRecord":"HUMAN_OBSERVATION","license":"CC-BY 4.0 (Int)","coordinateUncertaintyM":10.0,"uncertaintyUnknown":false,"observationCount":1,"geographicOutlier":false}},{"type":"Feature","id":"5937e3941749931d","geometry":{"type":"Point","coordinates":[152.078856,-30.719481]},"properties":{"species":"Petauroides volans","eventDate":"2025-09-20","basisOfRecord":"HUMAN_OBSERVATION","license":"CC-BY 4.0 (Int)","coordinateUncertaintyM":10.0,"uncertaintyUnknown":false,"observationCount":1,"geographicOutlier":false}},{"type":"Feature","id":"4d3461a036272ae0","geometry":{"type":"Point","coordinates":[152.097309,-30.723282]},"properties":{"species":"Petauroides volans","eventDate":"2025-09-20","basisOfRecord":"HUMAN_OBSERVATION","license":"CC-BY 4.0 (Int)","coordinateUncertaintyM":10.0,"uncertaintyUnknown":false,"observationCount":1,"geographicOutlier":false}},{"type":"Feature","id":"5cdd628fbd5e11a9","geometry":{"type":"Point","coordinates":[152.103947,-30.712056]},"properties":{"species":"Petauroides volans","eventDate":"2025-09-19","basisOfRecord":"HUMAN_OBSERVATION","license":"CC-BY 4.0 (Int)","coordinateUncertaintyM":10.0,"uncertaintyUnknown":false,"observationCount":1,"geographicOutlier":false}},{"type":"Feature","id":"e9d439beb36b7609","geometry":{"type":"Point","coordinates":[152.107024,-30.716238]},"properties":{"species":"Petauroides volans","eventDate":"2025-09-19","basisOfRecord":"HUMAN_OBSERVATION","license":"CC-BY 4.0 (Int)","coordinateUncertaintyM":10.0,"uncertaintyUnknown":false,"observationCount":1,"geographicOutlier":false}},{"type":"Feature","id":"59815221ddb16c42","geometry":{"type":"Point","coordinates":[152.106338,-30.71271]},"properties":{"species":"Petauroides volans","eventDate":"2025-09-19","basisOfRecord":"HUMAN_OBSERVATION","license":"CC-BY 4.0 (Int)","coordinateUncertaintyM":10.0,"uncertaintyUnknown":false,"observationCount":1,"geographicOutlier":false}},{"type":"Feature","id":"ac998a220d0525a9","geometry":{"type":"Point","coordinates":[152.105979,-30.718979]},"properties":{"species":"Petauroides volans","eventDate":"2025-09-19","basisOfRecord":"HUMAN_OBSERVATION","license":"CC-BY 4.0 (Int)","coordinateUncertaintyM":10.0,"uncertaintyUnknown":false,"observationCount":1,"geographicOutlier":false}},{"type":"Feature","id":"3fc1cec355a0a2c3","geometry":{"type":"Point","coordinates":[152.10479,-30.712807]},"properties":{"species":"Petauroides volans","eventDate":"2025-09-19","basisOfRecord":"HUMAN_OBSERVATION","license":"CC-BY 4.0 (Int)","coordinateUncertaintyM":10.0,"uncertaintyUnknown":false,"observationCount":1,"geographicOutlier":false}},{"type":"Feature","id":"e0e4630931d61671","geometry":{"type":"Point","coordinates":[151.872885,-31.366391]},"properties":{"species":"Petauroides volans","eventDate":"2025-09-18","basisOfRecord":"HUMAN_OBSERVATION","license":"CC-BY 4.0 (Int)","coordinateUncertaintyM":10.0,"uncertaintyUnknown":false,"observationCount":1,"geographicOutlier":false}},{"type":"Feature","id":"bec91e6b4bdea9d0","geometry":{"type":"Point","coordinates":[151.870482,-31.368436]},"properties":{"species":"Petauroides volans","eventDate":"2025-09-18","basisOfRecord":"HUMAN_OBSERVATION","license":"CC-BY 4.0 (Int)","coordinateUncertaintyM":10.0,"uncertaintyUnknown":false,"observationCount":1,"geographicOutlier":false}},{"type":"Feature","id":"dc2c8596dae156be","geometry":{"type":"Point","coordinates":[149.945874,-36.291354]},"properties":{"species":"Petauroides volans","eventDate":"2025-09-17","basisOfRecord":"HUMAN_OBSERVATION","license":"CC-BY 4.0 (Int)","coordinateUncertaintyM":20.0,"uncertaintyUnknown":false,"observationCount":1,"geographicOutlier":false}},{"type":"Feature","id":"9304fcd9a395c0d1","geometry":{"type":"Point","coordinates":[151.87027,-31.364152]},"properties":{"species":"Petauroides volans","eventDate":"2025-09-17","basisOfRecord":"HUMAN_OBSERVATION","license":"CC-BY 4.0 (Int)","coordinateUncertaintyM":10.0,"uncertaintyUnknown":false,"observationCount":1,"geographicOutlier":false}},{"type":"Feature","id":"f2cc52696c9e603b","geometry":{"type":"Point","coordinates":[151.871058,-31.372199]},"properties":{"species":"Petauroides volans","eventDate":"2025-09-17","basisOfRecord":"HUMAN_OBSERVATION","license":"CC-BY 4.0 (Int)","coordinateUncertaintyM":10.0,"uncertaintyUnknown":false,"observationCount":1,"geographicOutlier":false}},{"type":"Feature","id":"76b7158c1bf25c2e","geometry":{"type":"Point","coordinates":[151.871366,-31.37045]},"properties":{"species":"Petauroides volans","eventDate":"2025-09-17","basisOfRecord":"HUMAN_OBSERVATION","license":"CC-BY 4.0 (Int)","coordinateUncertaintyM":10.0,"uncertaintyUnknown":false,"observationCount":1,"geographicOutlier":false}},{"type":"Feature","id":"c4b9eb7c06781953","geometry":{"type":"Point","coordinates":[151.873152,-31.365444]},"properties":{"species":"Petauroides volans","eventDate":"2025-09-17","basisOfRecord":"HUMAN_OBSERVATION","license":"CC-BY 4.0 (Int)","coordinateUncertaintyM":10.0,"uncertaintyUnknown":false,"observationCount":1,"geographicOutlier":false}},{"type":"Feature","id":"8133aa3f0f39a31a","geometry":{"type":"Point","coordinates":[151.873257,-31.363669]},"properties":{"species":"Petauroides volans","eventDate":"2025-09-17","basisOfRecord":"HUMAN_OBSERVATION","license":"CC-BY 4.0 (Int)","coordinateUncertaintyM":10.0,"uncertaintyUnknown":false,"observationCount":1,"geographicOutlier":false}},{"type":"Feature","id":"fa8e8578613355d1","geometry":{"type":"Point","coordinates":[151.876829,-31.367464]},"properties":{"species":"Petauroides volans","eventDate":"2025-09-17","basisOfRecord":"HUMAN_OBSERVATION","license":"CC-BY 4.0 (Int)","coordinateUncertaintyM":10.0,"uncertaintyUnknown":false,"observationCount":1,"geographicOutlier":false}},{"type":"Feature","id":"a64f98c9e26462c6","geometry":{"type":"Point","coordinates":[152.752289,-28.986426]},"properties":{"species":"Petauroides volans","eventDate":"2025-09-15","basisOfRecord":"HUMAN_OBSERVATION","license":"CC-BY 4.0 (Int)","coordinateUncertaintyM":10.0,"uncertaintyUnknown":false,"observationCount":1,"geographicOutlier":false}},{"type":"Feature","id":"d429781840e73832","geometry":{"type":"Point","coordinates":[151.52445,-31.88551]},"properties":{"species":"Petauroides volans","eventDate":"2025-09-14","basisOfRecord":"HUMAN_OBSERVATION","license":"CC-BY 4.0 (Int)","coordinateUncertaintyM":10.0,"uncertaintyUnknown":false,"observationCount":1,"geographicOutlier":false}},{"type":"Feature","id":"743d09b4ac874a20","geometry":{"type":"Point","coordinates":[151.531028,-31.886119]},"properties":{"species":"Petauroides volans","eventDate":"2025-09-14","basisOfRecord":"HUMAN_OBSERVATION","license":"CC-BY 4.0 (Int)","coordinateUncertaintyM":10.0,"uncertaintyUnknown":false,"observationCount":1,"geographicOutlier":false}},{"type":"Feature","id":"4c432b8a9d4b9df9","geometry":{"type":"Point","coordinates":[152.072016,-30.72741]},"properties":{"species":"Petauroides volans","eventDate":"2025-09-14","basisOfRecord":"HUMAN_OBSERVATION","license":"CC-BY 4.0 (Int)","coordinateUncertaintyM":10.0,"uncertaintyUnknown":false,"observationCount":1,"geographicOutlier":false}},{"type":"Feature","id":"60066dc4cf9483e5","geometry":{"type":"Point","coordinates":[152.082621,-30.71341]},"properties":{"species":"Petauroides volans","eventDate":"2025-09-12","basisOfRecord":"HUMAN_OBSERVATION","license":"CC-BY 4.0 (Int)","coordinateUncertaintyM":10.0,"uncertaintyUnknown":false,"observationCount":1,"geographicOutlier":false}},{"type":"Feature","id":"f119d4c1ec4534e3","geometry":{"type":"Point","coordinates":[152.080105,-30.712707]},"properties":{"species":"Petauroides volans","eventDate":"2025-09-12","basisOfRecord":"HUMAN_OBSERVATION","license":"CC-BY 4.0 (Int)","coordinateUncertaintyM":10.0,"uncertaintyUnknown":false,"observationCount":1,"geographicOutlier":false}},{"type":"Feature","id":"1ffa8e9972f4efcd","geometry":{"type":"Point","coordinates":[152.084484,-30.714201]},"properties":{"species":"Petauroides volans","eventDate":"2025-09-12","basisOfRecord":"HUMAN_OBSERVATION","license":"CC-BY 4.0 (Int)","coordinateUncertaintyM":10.0,"uncertaintyUnknown":false,"observationCount":1,"geographicOutlier":false}},{"type":"Feature","id":"e72a2bb0cf3e3134","geometry":{"type":"Point","coordinates":[152.077016,-30.713255]},"properties":{"species":"Petauroides volans","eventDate":"2025-09-12","basisOfRecord":"HUMAN_OBSERVATION","license":"CC-BY 4.0 (Int)","coordinateUncertaintyM":10.0,"uncertaintyUnknown":false,"observationCount":1,"geographicOutlier":false}},{"type":"Feature","id":"c82f97a531662794","geometry":{"type":"Point","coordinates":[151.876522,-31.368036]},"properties":{"species":"Petauroides volans","eventDate":"2025-09-11","basisOfRecord":"HUMAN_OBSERVATION","license":"CC-BY 4.0 (Int)","coordinateUncertaintyM":10.0,"uncertaintyUnknown":false,"observationCount":1,"geographicOutlier":false}},{"type":"Feature","id":"3e319322162e1706","geometry":{"type":"Point","coordinates":[152.065961,-30.729002]},"properties":{"species":"Petauroides volans","eventDate":"2025-09-11","basisOfRecord":"HUMAN_OBSERVATION","license":"CC-BY 4.0 (Int)","coordinateUncertaintyM":10.0,"uncertaintyUnknown":false,"observationCount":1,"geographicOutlier":false}},{"type":"Feature","id":"151e5a4f42cf3e0a","geometry":{"type":"Point","coordinates":[150.178323,-33.361183]},"properties":{"species":"Petauroides volans","eventDate":"2025-09-11","basisOfRecord":"HUMAN_OBSERVATION","license":"CC-BY 4.0 (Int)","coordinateUncertaintyM":100.0,"uncertaintyUnknown":false,"observationCount":1,"geographicOutlier":false}},{"type":"Feature","id":"8dd4dadfe61c51da","geometry":{"type":"Point","coordinates":[151.876789,-31.370104]},"properties":{"species":"Petauroides volans","eventDate":"2025-09-11","basisOfRecord":"HUMAN_OBSERVATION","license":"CC-BY 4.0 (Int)","coordinateUncertaintyM":10.0,"uncertaintyUnknown":false,"observationCount":1,"geographicOutlier":false}},{"type":"Feature","id":"9a7518ed52ddab83","geometry":{"type":"Point","coordinates":[151.597194,-32.161516]},"properties":{"species":"Petauroides volans","eventDate":"2025-09-11","basisOfRecord":"HUMAN_OBSERVATION","license":"CC-BY 4.0 (Int)","coordinateUncertaintyM":10.0,"uncertaintyUnknown":false,"observationCount":1,"geographicOutlier":false}},{"type":"Feature","id":"cc4a3046890fdf94","geometry":{"type":"Point","coordinates":[151.873688,-31.364369]},"properties":{"species":"Petauroides volans","eventDate":"2025-09-10","basisOfRecord":"HUMAN_OBSERVATION","license":"CC-BY 4.0 (Int)","coordinateUncertaintyM":10.0,"uncertaintyUnknown":false,"observationCount":1,"geographicOutlier":false}},{"type":"Feature","id":"dd9e50af6aa86e38","geometry":{"type":"Point","coordinates":[151.876282,-31.368282]},"properties":{"species":"Petauroides volans","eventDate":"2025-09-10","basisOfRecord":"HUMAN_OBSERVATION","license":"CC-BY 4.0 (Int)","coordinateUncertaintyM":10.0,"uncertaintyUnknown":false,"observationCount":1,"geographicOutlier":false}},{"type":"Feature","id":"f4a40617842143c7","geometry":{"type":"Point","coordinates":[152.077662,-30.715949]},"properties":{"species":"Petauroides volans","eventDate":"2025-09-09","basisOfRecord":"HUMAN_OBSERVATION","license":"CC-BY 4.0 (Int)","coordinateUncertaintyM":10.0,"uncertaintyUnknown":false,"observationCount":1,"geographicOutlier":false}},{"type":"Feature","id":"66a048b897d4e073","geometry":{"type":"Point","coordinates":[152.079514,-30.713916]},"properties":{"species":"Petauroides volans","eventDate":"2025-09-09","basisOfRecord":"HUMAN_OBSERVATION","license":"CC-BY 4.0 (Int)","coordinateUncertaintyM":10.0,"uncertaintyUnknown":false,"observationCount":1,"geographicOutlier":false}},{"type":"Feature","id":"1c73a572f70f5fe2","geometry":{"type":"Point","coordinates":[151.514124,-32.932139]},"properties":{"species":"Petauroides volans","eventDate":"2025-09-09","basisOfRecord":"HUMAN_OBSERVATION","license":"CC-BY 4.0 (Int)","coordinateUncertaintyM":5.0,"uncertaintyUnknown":false,"observationCount":1,"geographicOutlier":false}},{"type":"Feature","id":"52dd4cfb7e64b83f","geometry":{"type":"Point","coordinates":[150.158585,-33.366521]},"properties":{"species":"Petauroides volans","eventDate":"2025-09-08","basisOfRecord":"HUMAN_OBSERVATION","license":"CC-BY 4.0 (Int)","coordinateUncertaintyM":100.0,"uncertaintyUnknown":false,"observationCount":1,"geographicOutlier":false}},{"type":"Feature","id":"2a5ce2fe6af245e4","geometry":{"type":"Point","coordinates":[152.070832,-30.726864]},"properties":{"species":"Petauroides volans","eventDate":"2025-09-08","basisOfRecord":"HUMAN_OBSERVATION","license":"CC-BY 4.0 (Int)","coordinateUncertaintyM":10.0,"uncertaintyUnknown":false,"observationCount":1,"geographicOutlier":false}},{"type":"Feature","id":"cc380fbab1eec061","geometry":{"type":"Point","coordinates":[152.066642,-30.728733]},"properties":{"species":"Petauroides volans","eventDate":"2025-09-06","basisOfRecord":"HUMAN_OBSERVATION","license":"CC-BY 4.0 (Int)","coordinateUncertaintyM":10.0,"uncertaintyUnknown":false,"observationCount":1,"geographicOutlier":false}},{"type":"Feature","id":"9dd4832a9ab2bdb6","geometry":{"type":"Point","coordinates":[152.086462,-30.715004]},"properties":{"species":"Petauroides volans","eventDate":"2025-09-03","basisOfRecord":"HUMAN_OBSERVATION","license":"CC-BY 4.0 (Int)","coordinateUncertaintyM":10.0,"uncertaintyUnknown":false,"observationCount":1,"geographicOutlier":false}},{"type":"Feature","id":"4276064d8ffef300","geometry":{"type":"Point","coordinates":[152.083167,-30.713753]},"properties":{"species":"Petauroides volans","eventDate":"2025-09-03","basisOfRecord":"HUMAN_OBSERVATION","license":"CC-BY 4.0 (Int)","coordinateUncertaintyM":10.0,"uncertaintyUnknown":false,"observationCount":1,"geographicOutlier":false}},{"type":"Feature","id":"f7154b36ff33ae40","geometry":{"type":"Point","coordinates":[152.088579,-30.713301]},"properties":{"species":"Petauroides volans","eventDate":"2025-09-02","basisOfRecord":"HUMAN_OBSERVATION","license":"CC-BY 4.0 (Int)","coordinateUncertaintyM":10.0,"uncertaintyUnknown":false,"observationCount":1,"geographicOutlier":false}},{"type":"Feature","id":"8893fb0f85d721ec","geometry":{"type":"Point","coordinates":[152.088607,-30.714764]},"properties":{"species":"Petauroides volans","eventDate":"2025-09-02","basisOfRecord":"HUMAN_OBSERVATION","license":"CC-BY 4.0 (Int)","coordinateUncertaintyM":10.0,"uncertaintyUnknown":false,"observationCount":1,"geographicOutlier":false}},{"type":"Feature","id":"f48f72b2a421cab0","geometry":{"type":"Point","coordinates":[152.072652,-30.726479]},"properties":{"species":"Petauroides volans","eventDate":"2025-09-01","basisOfRecord":"HUMAN_OBSERVATION","license":"CC-BY 4.0 (Int)","coordinateUncertaintyM":10.0,"uncertaintyUnknown":false,"observationCount":1,"geographicOutlier":false}},{"type":"Feature","id":"0d410ee867577582","geometry":{"type":"Point","coordinates":[152.068343,-30.727907]},"properties":{"species":"Petauroides volans","eventDate":"2025-09-01","basisOfRecord":"HUMAN_OBSERVATION","license":"CC-BY 4.0 (Int)","coordinateUncertaintyM":10.0,"uncertaintyUnknown":false,"observationCount":1,"geographicOutlier":false}},{"type":"Feature","id":"86df0b8a04e7487c","geometry":{"type":"Point","coordinates":[152.098546,-30.7132]},"properties":{"species":"Petauroides volans","eventDate":"2025-08-31","basisOfRecord":"HUMAN_OBSERVATION","license":"CC-BY 4.0 (Int)","coordinateUncertaintyM":10.0,"uncertaintyUnknown":false,"observationCount":1,"geographicOutlier":false}},{"type":"Feature","id":"0563995eb2ab8ec0","geometry":{"type":"Point","coordinates":[151.403118,-33.002095]},"properties":{"species":"Petauroides volans","eventDate":"2025-08-26","basisOfRecord":"HUMAN_OBSERVATION","license":"CC-BY 4.0 (Int)","coordinateUncertaintyM":null,"uncertaintyUnknown":true,"observationCount":1,"geographicOutlier":false}},{"type":"Feature","id":"af1cc3a8d21c3f34","geometry":{"type":"Point","coordinates":[151.823249,-31.998994]},"properties":{"species":"Petauroides volans","eventDate":"2025-08-25","basisOfRecord":"HUMAN_OBSERVATION","license":"CC-BY 4.0 (Int)","coordinateUncertaintyM":5.0,"uncertaintyUnknown":false,"observationCount":1,"geographicOutlier":false}},{"type":"Feature","id":"c46dc854bdb56bc4","geometry":{"type":"Point","coordinates":[149.917892,-33.981053]},"properties":{"species":"Petauroides volans","eventDate":"2025-08-20","basisOfRecord":"HUMAN_OBSERVATION","license":"CC-BY 4.0 (Int)","coordinateUncertaintyM":20.0,"uncertaintyUnknown":false,"observationCount":1,"geographicOutlier":false}},{"type":"Feature","id":"f56957af06f5d388","geometry":{"type":"Point","coordinates":[150.142723,-33.362321]},"properties":{"species":"Petauroides volans","eventDate":"2025-08-19","basisOfRecord":"HUMAN_OBSERVATION","license":"CC-BY 4.0 (Int)","coordinateUncertaintyM":100.0,"uncertaintyUnknown":false,"observationCount":1,"geographicOutlier":false}},{"type":"Feature","id":"d69724b73c016cbc","geometry":{"type":"Point","coordinates":[152.094902,-30.71546]},"properties":{"species":"Petauroides volans","eventDate":"2025-08-16","basisOfRecord":"HUMAN_OBSERVATION","license":"CC-BY 4.0 (Int)","coordinateUncertaintyM":10.0,"uncertaintyUnknown":false,"observationCount":1,"geographicOutlier":false}},{"type":"Feature","id":"cfac1a6391da807a","geometry":{"type":"Point","coordinates":[152.090201,-30.712682]},"properties":{"species":"Petauroides volans","eventDate":"2025-08-16","basisOfRecord":"HUMAN_OBSERVATION","license":"CC-BY 4.0 (Int)","coordinateUncertaintyM":10.0,"uncertaintyUnknown":false,"observationCount":1,"geographicOutlier":false}},{"type":"Feature","id":"15d67bc97870f944","geometry":{"type":"Point","coordinates":[152.091614,-30.713219]},"properties":{"species":"Petauroides volans","eventDate":"2025-08-16","basisOfRecord":"HUMAN_OBSERVATION","license":"CC-BY 4.0 (Int)","coordinateUncertaintyM":10.0,"uncertaintyUnknown":false,"observationCount":1,"geographicOutlier":false}},{"type":"Feature","id":"394fafdd6c1ad6d3","geometry":{"type":"Point","coordinates":[152.096191,-30.721348]},"properties":{"species":"Petauroides volans","eventDate":"2025-08-16","basisOfRecord":"HUMAN_OBSERVATION","license":"CC-BY 4.0 (Int)","coordinateUncertaintyM":10.0,"uncertaintyUnknown":false,"observationCount":1,"geographicOutlier":false}},{"type":"Feature","id":"802fb7f674e0959c","geometry":{"type":"Point","coordinates":[152.098453,-30.724953]},"properties":{"species":"Petauroides volans","eventDate":"2025-08-16","basisOfRecord":"HUMAN_OBSERVATION","license":"CC-BY 4.0 (Int)","coordinateUncertaintyM":10.0,"uncertaintyUnknown":false,"observationCount":1,"geographicOutlier":false}},{"type":"Feature","id":"12707ddfab389d2f","geometry":{"type":"Point","coordinates":[152.094609,-30.713771]},"properties":{"species":"Petauroides volans","eventDate":"2025-08-15","basisOfRecord":"HUMAN_OBSERVATION","license":"CC-BY 4.0 (Int)","coordinateUncertaintyM":10.0,"uncertaintyUnknown":false,"observationCount":1,"geographicOutlier":false}},{"type":"Feature","id":"a3087213edbff77d","geometry":{"type":"Point","coordinates":[152.095651,-30.713304]},"properties":{"species":"Petauroides volans","eventDate":"2025-08-15","basisOfRecord":"HUMAN_OBSERVATION","license":"CC-BY 4.0 (Int)","coordinateUncertaintyM":10.0,"uncertaintyUnknown":false,"observationCount":1,"geographicOutlier":false}},{"type":"Feature","id":"0e3c29a90fedf666","geometry":{"type":"Point","coordinates":[152.088785,-30.715025]},"properties":{"species":"Petauroides volans","eventDate":"2025-08-15","basisOfRecord":"HUMAN_OBSERVATION","license":"CC-BY 4.0 (Int)","coordinateUncertaintyM":10.0,"uncertaintyUnknown":false,"observationCount":1,"geographicOutlier":false}},{"type":"Feature","id":"aee8596497cd345e","geometry":{"type":"Point","coordinates":[152.097285,-30.714223]},"properties":{"species":"Petauroides volans","eventDate":"2025-08-15","basisOfRecord":"HUMAN_OBSERVATION","license":"CC-BY 4.0 (Int)","coordinateUncertaintyM":10.0,"uncertaintyUnknown":false,"observationCount":1,"geographicOutlier":false}},{"type":"Feature","id":"a1740cc2852a4992","geometry":{"type":"Point","coordinates":[152.095282,-30.715996]},"properties":{"species":"Petauroides volans","eventDate":"2025-08-15","basisOfRecord":"HUMAN_OBSERVATION","license":"CC-BY 4.0 (Int)","coordinateUncertaintyM":10.0,"uncertaintyUnknown":false,"observationCount":1,"geographicOutlier":false}},{"type":"Feature","id":"e98ac1f3aba337e7","geometry":{"type":"Point","coordinates":[152.094728,-30.715467]},"properties":{"species":"Petauroides volans","eventDate":"2025-08-14","basisOfRecord":"HUMAN_OBSERVATION","license":"CC-BY 4.0 (Int)","coordinateUncertaintyM":10.0,"uncertaintyUnknown":false,"observationCount":1,"geographicOutlier":false}},{"type":"Feature","id":"b456889e6b09ab80","geometry":{"type":"Point","coordinates":[152.096521,-30.717903]},"properties":{"species":"Petauroides volans","eventDate":"2025-08-14","basisOfRecord":"HUMAN_OBSERVATION","license":"CC-BY 4.0 (Int)","coordinateUncertaintyM":10.0,"uncertaintyUnknown":false,"observationCount":1,"geographicOutlier":false}},{"type":"Feature","id":"ac3c6e349c41345d","geometry":{"type":"Point","coordinates":[152.099577,-30.715827]},"properties":{"species":"Petauroides volans","eventDate":"2025-08-14","basisOfRecord":"HUMAN_OBSERVATION","license":"CC-BY 4.0 (Int)","coordinateUncertaintyM":10.0,"uncertaintyUnknown":false,"observationCount":1,"geographicOutlier":false}},{"type":"Feature","id":"c27c97a792043e12","geometry":{"type":"Point","coordinates":[152.097908,-30.714324]},"properties":{"species":"Petauroides volans","eventDate":"2025-08-14","basisOfRecord":"HUMAN_OBSERVATION","license":"CC-BY 4.0 (Int)","coordinateUncertaintyM":10.0,"uncertaintyUnknown":false,"observationCount":1,"geographicOutlier":false}},{"type":"Feature","id":"03077af8e3ddb913","geometry":{"type":"Point","coordinates":[151.859406,-31.377764]},"properties":{"species":"Petauroides volans","eventDate":"2025-08-13","basisOfRecord":"HUMAN_OBSERVATION","license":"CC-BY 4.0 (Int)","coordinateUncertaintyM":10.0,"uncertaintyUnknown":false,"observationCount":1,"geographicOutlier":false}},{"type":"Feature","id":"29b520c054ac7cf0","geometry":{"type":"Point","coordinates":[151.859939,-31.374848]},"properties":{"species":"Petauroides volans","eventDate":"2025-08-13","basisOfRecord":"HUMAN_OBSERVATION","license":"CC-BY 4.0 (Int)","coordinateUncertaintyM":10.0,"uncertaintyUnknown":false,"observationCount":1,"geographicOutlier":false}},{"type":"Feature","id":"3b4d4e76ff2d64df","geometry":{"type":"Point","coordinates":[151.85897,-31.377227]},"properties":{"species":"Petauroides volans","eventDate":"2025-08-13","basisOfRecord":"HUMAN_OBSERVATION","license":"CC-BY 4.0 (Int)","coordinateUncertaintyM":10.0,"uncertaintyUnknown":false,"observationCount":1,"geographicOutlier":false}},{"type":"Feature","id":"88fac92d118701e9","geometry":{"type":"Point","coordinates":[151.537852,-31.881341]},"properties":{"species":"Petauroides volans","eventDate":"2025-08-12","basisOfRecord":"HUMAN_OBSERVATION","license":"CC-BY 4.0 (Int)","coordinateUncertaintyM":10.0,"uncertaintyUnknown":false,"observationCount":1,"geographicOutlier":false}},{"type":"Feature","id":"c3b2cb2ae8fe422a","geometry":{"type":"Point","coordinates":[151.134439,-33.088772]},"properties":{"species":"Petauroides volans","eventDate":"2025-08-12","basisOfRecord":"HUMAN_OBSERVATION","license":"CC-BY 4.0 (Int)","coordinateUncertaintyM":10.0,"uncertaintyUnknown":false,"observationCount":1,"geographicOutlier":false}},{"type":"Feature","id":"f04df34013b5007b","geometry":{"type":"Point","coordinates":[151.526598,-31.884744]},"properties":{"species":"Petauroides volans","eventDate":"2025-08-09","basisOfRecord":"HUMAN_OBSERVATION","license":"CC-BY 4.0 (Int)","coordinateUncertaintyM":10.0,"uncertaintyUnknown":false,"observationCount":1,"geographicOutlier":false}},{"type":"Feature","id":"c1e6007508785326","geometry":{"type":"Point","coordinates":[151.525852,-31.884821]},"properties":{"species":"Petauroides volans","eventDate":"2025-08-09","basisOfRecord":"HUMAN_OBSERVATION","license":"CC-BY 4.0 (Int)","coordinateUncertaintyM":10.0,"uncertaintyUnknown":false,"observationCount":1,"geographicOutlier":false}},{"type":"Feature","id":"d05a3117430d37ca","geometry":{"type":"Point","coordinates":[151.53199,-31.879238]},"properties":{"species":"Petauroides volans","eventDate":"2025-08-08","basisOfRecord":"HUMAN_OBSERVATION","license":"CC-BY 4.0 (Int)","coordinateUncertaintyM":10.0,"uncertaintyUnknown":false,"observationCount":1,"geographicOutlier":false}},{"type":"Feature","id":"5cff67b9c0775ca4","geometry":{"type":"Point","coordinates":[151.527066,-31.884965]},"properties":{"species":"Petauroides volans","eventDate":"2025-08-08","basisOfRecord":"HUMAN_OBSERVATION","license":"CC-BY 4.0 (Int)","coordinateUncertaintyM":10.0,"uncertaintyUnknown":false,"observationCount":1,"geographicOutlier":false}},{"type":"Feature","id":"f5897cb34c508e53","geometry":{"type":"Point","coordinates":[146.22576,-37.23224]},"properties":{"species":"Petauroides volans","eventDate":"2025-07-31","basisOfRecord":"OCCURRENCE","license":"CC-BY 4.0 (Int)","coordinateUncertaintyM":5.0,"uncertaintyUnknown":false,"observationCount":1,"geographicOutlier":false}},{"type":"Feature","id":"dd54caa9fcf55c39","geometry":{"type":"Point","coordinates":[151.87404,-31.366936]},"properties":{"species":"Petauroides volans","eventDate":"2025-07-30","basisOfRecord":"HUMAN_OBSERVATION","license":"CC-BY 4.0 (Int)","coordinateUncertaintyM":10.0,"uncertaintyUnknown":false,"observationCount":1,"geographicOutlier":false}},{"type":"Feature","id":"be62ea1cdba4cce5","geometry":{"type":"Point","coordinates":[151.874215,-31.366394]},"properties":{"species":"Petauroides volans","eventDate":"2025-07-30","basisOfRecord":"HUMAN_OBSERVATION","license":"CC-BY 4.0 (Int)","coordinateUncertaintyM":10.0,"uncertaintyUnknown":false,"observationCount":1,"geographicOutlier":false}},{"type":"Feature","id":"b5d2bf63c18cbf83","geometry":{"type":"Point","coordinates":[146.29656,-37.15525]},"properties":{"species":"Petauroides volans","eventDate":"2025-07-30","basisOfRecord":"OCCURRENCE","license":"CC-BY 4.0 (Int)","coordinateUncertaintyM":5.0,"uncertaintyUnknown":false,"observationCount":1,"geographicOutlier":false}},{"type":"Feature","id":"7575ab5f23d6c00b","geometry":{"type":"Point","coordinates":[151.860146,-31.374777]},"properties":{"species":"Petauroides volans","eventDate":"2025-07-29","basisOfRecord":"HUMAN_OBSERVATION","license":"CC-BY 4.0 (Int)","coordinateUncertaintyM":10.0,"uncertaintyUnknown":false,"observationCount":1,"geographicOutlier":false}},{"type":"Feature","id":"4807ea36b8ed126e","geometry":{"type":"Point","coordinates":[151.246065,-33.010414]},"properties":{"species":"Petauroides volans","eventDate":"2025-07-29","basisOfRecord":"HUMAN_OBSERVATION","license":"CC-BY 4.0 (Int)","coordinateUncertaintyM":10.0,"uncertaintyUnknown":false,"observationCount":1,"geographicOutlier":false}},{"type":"Feature","id":"25faf8f03cdf0b07","geometry":{"type":"Point","coordinates":[151.860637,-31.374259]},"properties":{"species":"Petauroides volans","eventDate":"2025-07-29","basisOfRecord":"HUMAN_OBSERVATION","license":"CC-BY 4.0 (Int)","coordinateUncertaintyM":10.0,"uncertaintyUnknown":false,"observationCount":1,"geographicOutlier":false}},{"type":"Feature","id":"faf0f10a2364814d","geometry":{"type":"Point","coordinates":[151.858406,-31.371508]},"properties":{"species":"Petauroides volans","eventDate":"2025-07-29","basisOfRecord":"HUMAN_OBSERVATION","license":"CC-BY 4.0 (Int)","coordinateUncertaintyM":10.0,"uncertaintyUnknown":false,"observationCount":1,"geographicOutlier":false}},{"type":"Feature","id":"fa4673143a779793","geometry":{"type":"Point","coordinates":[151.858087,-31.370679]},"properties":{"species":"Petauroides volans","eventDate":"2025-07-28","basisOfRecord":"HUMAN_OBSERVATION","license":"CC-BY 4.0 (Int)","coordinateUncertaintyM":10.0,"uncertaintyUnknown":false,"observationCount":1,"geographicOutlier":false}},{"type":"Feature","id":"6fd165306ce0a59f","geometry":{"type":"Point","coordinates":[151.860188,-31.368583]},"properties":{"species":"Petauroides volans","eventDate":"2025-07-28","basisOfRecord":"HUMAN_OBSERVATION","license":"CC-BY 4.0 (Int)","coordinateUncertaintyM":10.0,"uncertaintyUnknown":false,"observationCount":1,"geographicOutlier":false}},{"type":"Feature","id":"a7fc6ec3059af70b","geometry":{"type":"Point","coordinates":[151.866129,-31.372114]},"properties":{"species":"Petauroides volans","eventDate":"2025-07-28","basisOfRecord":"HUMAN_OBSERVATION","license":"CC-BY 4.0 (Int)","coordinateUncertaintyM":10.0,"uncertaintyUnknown":false,"observationCount":1,"geographicOutlier":false}},{"type":"Feature","id":"316710c0bf5d1323","geometry":{"type":"Point","coordinates":[151.525475,-31.881907]},"properties":{"species":"Petauroides volans","eventDate":"2025-07-25","basisOfRecord":"HUMAN_OBSERVATION","license":"CC-BY 4.0 (Int)","coordinateUncertaintyM":10.0,"uncertaintyUnknown":false,"observationCount":1,"geographicOutlier":false}},{"type":"Feature","id":"efb765fbe4701f99","geometry":{"type":"Point","coordinates":[146.22381,-37.23218]},"properties":{"species":"Petauroides volans","eventDate":"2025-07-24","basisOfRecord":"OCCURRENCE","license":"CC-BY 4.0 (Int)","coordinateUncertaintyM":5.0,"uncertaintyUnknown":false,"observationCount":1,"geographicOutlier":false}},{"type":"Feature","id":"ac73ec21031b314e","geometry":{"type":"Point","coordinates":[146.21035,-37.21659]},"properties":{"species":"Petauroides volans","eventDate":"2025-07-24","basisOfRecord":"OCCURRENCE","license":"CC-BY 4.0 (Int)","coordinateUncertaintyM":5.0,"uncertaintyUnknown":false,"observationCount":1,"geographicOutlier":false}},{"type":"Feature","id":"e38054bbbc2777fc","geometry":{"type":"Point","coordinates":[146.31069,-37.17815]},"properties":{"species":"Petauroides volans","eventDate":"2025-07-23","basisOfRecord":"OCCURRENCE","license":"CC-BY 4.0 (Int)","coordinateUncertaintyM":5.0,"uncertaintyUnknown":false,"observationCount":1,"geographicOutlier":false}},{"type":"Feature","id":"a93c16ee295e0dbf","geometry":{"type":"Point","coordinates":[150.415553,-34.457653]},"properties":{"species":"Petauroides volans","eventDate":"2025-07-22","basisOfRecord":"HUMAN_OBSERVATION","license":"CC-BY 4.0 (Int)","coordinateUncertaintyM":5.0,"uncertaintyUnknown":false,"observationCount":1,"geographicOutlier":false}},{"type":"Feature","id":"04b6a9b0e66b28e6","geometry":{"type":"Point","coordinates":[150.409962,-34.457955]},"properties":{"species":"Petauroides volans","eventDate":"2025-07-22","basisOfRecord":"HUMAN_OBSERVATION","license":"CC-BY 4.0 (Int)","coordinateUncertaintyM":50.0,"uncertaintyUnknown":false,"observationCount":1,"geographicOutlier":false}},{"type":"Feature","id":"91ba90df9d5f4d88","geometry":{"type":"Point","coordinates":[152.29431,-31.007976]},"properties":{"species":"Petauroides volans","eventDate":"2025-07-16","basisOfRecord":"HUMAN_OBSERVATION","license":"CC-BY 4.0 (Int)","coordinateUncertaintyM":10.0,"uncertaintyUnknown":false,"observationCount":1,"geographicOutlier":false}},{"type":"Feature","id":"ecd074c15c5f4301","geometry":{"type":"Point","coordinates":[152.308233,-31.020873]},"properties":{"species":"Petauroides volans","eventDate":"2025-07-16","basisOfRecord":"HUMAN_OBSERVATION","license":"CC-BY 4.0 (Int)","coordinateUncertaintyM":10.0,"uncertaintyUnknown":false,"observationCount":1,"geographicOutlier":false}},{"type":"Feature","id":"2ef08a717d2e327a","geometry":{"type":"Point","coordinates":[152.423334,-29.110605]},"properties":{"species":"Petauroides volans","eventDate":"2025-07-16","basisOfRecord":"HUMAN_OBSERVATION","license":"CC-BY 4.0 (Int)","coordinateUncertaintyM":20.0,"uncertaintyUnknown":false,"observationCount":1,"geographicOutlier":false}},{"type":"Feature","id":"04e94e53bc9a165e","geometry":{"type":"Point","coordinates":[152.309186,-31.018009]},"properties":{"species":"Petauroides volans","eventDate":"2025-07-16","basisOfRecord":"HUMAN_OBSERVATION","license":"CC-BY 4.0 (Int)","coordinateUncertaintyM":10.0,"uncertaintyUnknown":false,"observationCount":1,"geographicOutlier":false}},{"type":"Feature","id":"960620115c261523","geometry":{"type":"Point","coordinates":[152.308087,-31.020737]},"properties":{"species":"Petauroides volans","eventDate":"2025-07-15","basisOfRecord":"HUMAN_OBSERVATION","license":"CC-BY 4.0 (Int)","coordinateUncertaintyM":10.0,"uncertaintyUnknown":false,"observationCount":1,"geographicOutlier":false}},{"type":"Feature","id":"53009bbb96295dcb","geometry":{"type":"Point","coordinates":[152.287862,-31.011613]},"properties":{"species":"Petauroides volans","eventDate":"2025-07-15","basisOfRecord":"HUMAN_OBSERVATION","license":"CC-BY 4.0 (Int)","coordinateUncertaintyM":10.0,"uncertaintyUnknown":false,"observationCount":1,"geographicOutlier":false}},{"type":"Feature","id":"4cbe841ffea42385","geometry":{"type":"Point","coordinates":[152.292933,-31.015773]},"properties":{"species":"Petauroides volans","eventDate":"2025-07-15","basisOfRecord":"HUMAN_OBSERVATION","license":"CC-BY 4.0 (Int)","coordinateUncertaintyM":10.0,"uncertaintyUnknown":false,"observationCount":1,"geographicOutlier":false}},{"type":"Feature","id":"02d0c7ff4e5c6469","geometry":{"type":"Point","coordinates":[152.282416,-31.01004]},"properties":{"species":"Petauroides volans","eventDate":"2025-07-15","basisOfRecord":"HUMAN_OBSERVATION","license":"CC-BY 4.0 (Int)","coordinateUncertaintyM":10.0,"uncertaintyUnknown":false,"observationCount":1,"geographicOutlier":false}},{"type":"Feature","id":"49459d47dad4ed68","geometry":{"type":"Point","coordinates":[152.115605,-29.793115]},"properties":{"species":"Petauroides volans","eventDate":"2025-07-14","basisOfRecord":"HUMAN_OBSERVATION","license":"CC-BY 4.0 (Int)","coordinateUncertaintyM":10.0,"uncertaintyUnknown":false,"observationCount":1,"geographicOutlier":false}},{"type":"Feature","id":"d86a99fa6329764c","geometry":{"type":"Point","coordinates":[152.10637,-30.717571]},"properties":{"species":"Petauroides volans","eventDate":"2025-07-14","basisOfRecord":"HUMAN_OBSERVATION","license":"CC-BY 4.0 (Int)","coordinateUncertaintyM":10.0,"uncertaintyUnknown":false,"observationCount":1,"geographicOutlier":false}},{"type":"Feature","id":"6b1dcb17c7c66bb7","geometry":{"type":"Point","coordinates":[152.107808,-30.714906]},"properties":{"species":"Petauroides volans","eventDate":"2025-07-14","basisOfRecord":"HUMAN_OBSERVATION","license":"CC-BY 4.0 (Int)","coordinateUncertaintyM":10.0,"uncertaintyUnknown":false,"observationCount":1,"geographicOutlier":false}},{"type":"Feature","id":"990deb8173b12b94","geometry":{"type":"Point","coordinates":[152.103117,-30.711431]},"properties":{"species":"Petauroides volans","eventDate":"2025-07-14","basisOfRecord":"HUMAN_OBSERVATION","license":"CC-BY 4.0 (Int)","coordinateUncertaintyM":10.0,"uncertaintyUnknown":false,"observationCount":1,"geographicOutlier":false}},{"type":"Feature","id":"54aae174e3ae5bbd","geometry":{"type":"Point","coordinates":[152.425428,-29.12139]},"properties":{"species":"Petauroides volans","eventDate":"2025-07-13","basisOfRecord":"HUMAN_OBSERVATION","license":"CC-BY 4.0 (Int)","coordinateUncertaintyM":20.0,"uncertaintyUnknown":false,"observationCount":1,"geographicOutlier":false}},{"type":"Feature","id":"00f7ba1fcc57d96b","geometry":{"type":"Point","coordinates":[152.421827,-29.121052]},"properties":{"species":"Petauroides volans","eventDate":"2025-07-13","basisOfRecord":"HUMAN_OBSERVATION","license":"CC-BY 4.0 (Int)","coordinateUncertaintyM":5.0,"uncertaintyUnknown":false,"observationCount":1,"geographicOutlier":false}},{"type":"Feature","id":"818ff725afa3659d","geometry":{"type":"Point","coordinates":[151.866841,-31.360415]},"properties":{"species":"Petauroides volans","eventDate":"2025-07-13","basisOfRecord":"HUMAN_OBSERVATION","license":"CC-BY 4.0 (Int)","coordinateUncertaintyM":10.0,"uncertaintyUnknown":false,"observationCount":1,"geographicOutlier":false}},{"type":"Feature","id":"19e799785c80af1f","geometry":{"type":"Point","coordinates":[151.863655,-31.372026]},"properties":{"species":"Petauroides volans","eventDate":"2025-07-12","basisOfRecord":"HUMAN_OBSERVATION","license":"CC-BY 4.0 (Int)","coordinateUncertaintyM":10.0,"uncertaintyUnknown":false,"observationCount":1,"geographicOutlier":false}},{"type":"Feature","id":"887550faef21ea91","geometry":{"type":"Point","coordinates":[152.335927,-31.684129]},"properties":{"species":"Petauroides volans","eventDate":"2025-07-12","basisOfRecord":"HUMAN_OBSERVATION","license":"CC-BY 4.0 (Int)","coordinateUncertaintyM":5.0,"uncertaintyUnknown":false,"observationCount":1,"geographicOutlier":false}},{"type":"Feature","id":"1a400a540cff0c89","geometry":{"type":"Point","coordinates":[151.864429,-31.374803]},"properties":{"species":"Petauroides volans","eventDate":"2025-07-12","basisOfRecord":"HUMAN_OBSERVATION","license":"CC-BY 4.0 (Int)","coordinateUncertaintyM":10.0,"uncertaintyUnknown":false,"observationCount":1,"geographicOutlier":false}},{"type":"Feature","id":"e7e16fa8ca377d78","geometry":{"type":"Point","coordinates":[152.425477,-29.110744]},"properties":{"species":"Petauroides volans","eventDate":"2025-07-12","basisOfRecord":"HUMAN_OBSERVATION","license":"CC-BY 4.0 (Int)","coordinateUncertaintyM":50.0,"uncertaintyUnknown":false,"observationCount":1,"geographicOutlier":false}},{"type":"Feature","id":"952bf1d73929fa5c","geometry":{"type":"Point","coordinates":[151.866598,-31.374449]},"properties":{"species":"Petauroides volans","eventDate":"2025-07-12","basisOfRecord":"HUMAN_OBSERVATION","license":"CC-BY 4.0 (Int)","coordinateUncertaintyM":10.0,"uncertaintyUnknown":false,"observationCount":1,"geographicOutlier":false}},{"type":"Feature","id":"63b7052c61ac97a3","geometry":{"type":"Point","coordinates":[151.863688,-31.37374]},"properties":{"species":"Petauroides volans","eventDate":"2025-07-12","basisOfRecord":"HUMAN_OBSERVATION","license":"CC-BY 4.0 (Int)","coordinateUncertaintyM":10.0,"uncertaintyUnknown":false,"observationCount":1,"geographicOutlier":false}},{"type":"Feature","id":"97da82f4060d47e7","geometry":{"type":"Point","coordinates":[152.418641,-29.121164]},"properties":{"species":"Petauroides volans","eventDate":"2025-07-11","basisOfRecord":"HUMAN_OBSERVATION","license":"CC-BY 4.0 (Int)","coordinateUncertaintyM":20.0,"uncertaintyUnknown":false,"observationCount":1,"geographicOutlier":false}},{"type":"Feature","id":"935a4e18653f4a35","geometry":{"type":"Point","coordinates":[152.437627,-29.097911]},"properties":{"species":"Petauroides volans","eventDate":"2025-07-11","basisOfRecord":"HUMAN_OBSERVATION","license":"CC-BY 4.0 (Int)","coordinateUncertaintyM":5.0,"uncertaintyUnknown":false,"observationCount":1,"geographicOutlier":false}},{"type":"Feature","id":"93b72f52951528e3","geometry":{"type":"Point","coordinates":[151.863356,-31.375408]},"properties":{"species":"Petauroides volans","eventDate":"2025-07-11","basisOfRecord":"HUMAN_OBSERVATION","license":"CC-BY 4.0 (Int)","coordinateUncertaintyM":10.0,"uncertaintyUnknown":false,"observationCount":1,"geographicOutlier":false}},{"type":"Feature","id":"1fe3dee516b0ebd6","geometry":{"type":"Point","coordinates":[151.869603,-31.376828]},"properties":{"species":"Petauroides volans","eventDate":"2025-07-11","basisOfRecord":"HUMAN_OBSERVATION","license":"CC-BY 4.0 (Int)","coordinateUncertaintyM":10.0,"uncertaintyUnknown":false,"observationCount":1,"geographicOutlier":false}},{"type":"Feature","id":"c882592f6db71698","geometry":{"type":"Point","coordinates":[151.872439,-31.365287]},"properties":{"species":"Petauroides volans","eventDate":"2025-07-09","basisOfRecord":"HUMAN_OBSERVATION","license":"CC-BY 4.0 (Int)","coordinateUncertaintyM":10.0,"uncertaintyUnknown":false,"observationCount":1,"geographicOutlier":false}},{"type":"Feature","id":"a2835ba36cb286b8","geometry":{"type":"Point","coordinates":[151.863963,-31.374016]},"properties":{"species":"Petauroides volans","eventDate":"2025-07-09","basisOfRecord":"HUMAN_OBSERVATION","license":"CC-BY 4.0 (Int)","coordinateUncertaintyM":10.0,"uncertaintyUnknown":false,"observationCount":1,"geographicOutlier":false}},{"type":"Feature","id":"f86e888629d42967","geometry":{"type":"Point","coordinates":[151.871413,-31.36512]},"properties":{"species":"Petauroides volans","eventDate":"2025-07-09","basisOfRecord":"HUMAN_OBSERVATION","license":"CC-BY 4.0 (Int)","coordinateUncertaintyM":10.0,"uncertaintyUnknown":false,"observationCount":1,"geographicOutlier":false}},{"type":"Feature","id":"199c7a61bff103e4","geometry":{"type":"Point","coordinates":[151.867646,-31.369716]},"properties":{"species":"Petauroides volans","eventDate":"2025-07-09","basisOfRecord":"HUMAN_OBSERVATION","license":"CC-BY 4.0 (Int)","coordinateUncertaintyM":10.0,"uncertaintyUnknown":false,"observationCount":1,"geographicOutlier":false}},{"type":"Feature","id":"74afd08f3f0c5154","geometry":{"type":"Point","coordinates":[151.852652,-31.370234]},"properties":{"species":"Petauroides volans","eventDate":"2025-07-08","basisOfRecord":"HUMAN_OBSERVATION","license":"CC-BY 4.0 (Int)","coordinateUncertaintyM":10.0,"uncertaintyUnknown":false,"observationCount":1,"geographicOutlier":false}},{"type":"Feature","id":"fa58d309ed556a1e","geometry":{"type":"Point","coordinates":[151.852917,-31.371258]},"properties":{"species":"Petauroides volans","eventDate":"2025-07-08","basisOfRecord":"HUMAN_OBSERVATION","license":"CC-BY 4.0 (Int)","coordinateUncertaintyM":10.0,"uncertaintyUnknown":false,"observationCount":1,"geographicOutlier":false}},{"type":"Feature","id":"b42a2a0996013f11","geometry":{"type":"Point","coordinates":[152.86046,-30.573982]},"properties":{"species":"Petauroides volans","eventDate":"2025-07-08","basisOfRecord":"HUMAN_OBSERVATION","license":"CC-BY 4.0 (Int)","coordinateUncertaintyM":20.0,"uncertaintyUnknown":false,"observationCount":1,"geographicOutlier":false}},{"type":"Feature","id":"e12896713a75c5f6","geometry":{"type":"Point","coordinates":[151.581676,-32.894249]},"properties":{"species":"Petauroides volans","eventDate":"2025-07-06","basisOfRecord":"HUMAN_OBSERVATION","license":"CC-BY 4.0 (Int)","coordinateUncertaintyM":10.0,"uncertaintyUnknown":false,"observationCount":1,"geographicOutlier":false}},{"type":"Feature","id":"1aae066ba6080122","geometry":{"type":"Point","coordinates":[151.569228,-32.892316]},"properties":{"species":"Petauroides volans","eventDate":"2025-07-05","basisOfRecord":"HUMAN_OBSERVATION","license":"CC-BY 4.0 (Int)","coordinateUncertaintyM":10.0,"uncertaintyUnknown":false,"observationCount":1,"geographicOutlier":false}},{"type":"Feature","id":"6af352bee972670e","geometry":{"type":"Point","coordinates":[152.420942,-29.100647]},"properties":{"species":"Petauroides volans","eventDate":"2025-07-05","basisOfRecord":"HUMAN_OBSERVATION","license":"CC-BY 4.0 (Int)","coordinateUncertaintyM":20.0,"uncertaintyUnknown":false,"observationCount":1,"geographicOutlier":false}},{"type":"Feature","id":"0a6ca0a06e5c7189","geometry":{"type":"Point","coordinates":[152.079673,-30.722113]},"properties":{"species":"Petauroides volans","eventDate":"2025-07-02","basisOfRecord":"HUMAN_OBSERVATION","license":"CC-BY 4.0 (Int)","coordinateUncertaintyM":10.0,"uncertaintyUnknown":false,"observationCount":1,"geographicOutlier":false}},{"type":"Feature","id":"a3011f09c94ae503","geometry":{"type":"Point","coordinates":[152.084927,-30.714001]},"properties":{"species":"Petauroides volans","eventDate":"2025-07-02","basisOfRecord":"HUMAN_OBSERVATION","license":"CC-BY 4.0 (Int)","coordinateUncertaintyM":10.0,"uncertaintyUnknown":false,"observationCount":1,"geographicOutlier":false}},{"type":"Feature","id":"268944a44f6652cd","geometry":{"type":"Point","coordinates":[152.075379,-30.725254]},"properties":{"species":"Petauroides volans","eventDate":"2025-07-02","basisOfRecord":"HUMAN_OBSERVATION","license":"CC-BY 4.0 (Int)","coordinateUncertaintyM":10.0,"uncertaintyUnknown":false,"observationCount":1,"geographicOutlier":false}},{"type":"Feature","id":"636c42cdee52decd","geometry":{"type":"Point","coordinates":[152.087544,-30.714348]},"properties":{"species":"Petauroides volans","eventDate":"2025-07-02","basisOfRecord":"HUMAN_OBSERVATION","license":"CC-BY 4.0 (Int)","coordinateUncertaintyM":10.0,"uncertaintyUnknown":false,"observationCount":1,"geographicOutlier":false}},{"type":"Feature","id":"1ff798ce7ef8910e","geometry":{"type":"Point","coordinates":[152.096292,-30.715102]},"properties":{"species":"Petauroides volans","eventDate":"2025-07-01","basisOfRecord":"HUMAN_OBSERVATION","license":"CC-BY 4.0 (Int)","coordinateUncertaintyM":10.0,"uncertaintyUnknown":false,"observationCount":1,"geographicOutlier":false}},{"type":"Feature","id":"72f02ec77255180b","geometry":{"type":"Point","coordinates":[145.32795,-37.40569]},"properties":{"species":"Petauroides volans","eventDate":"2025-07-01","basisOfRecord":"OCCURRENCE","license":"CC-BY 4.0 (Int)","coordinateUncertaintyM":5.0,"uncertaintyUnknown":false,"observationCount":1,"geographicOutlier":false}},{"type":"Feature","id":"beb6a6049e107aff","geometry":{"type":"Point","coordinates":[152.091179,-30.713876]},"properties":{"species":"Petauroides volans","eventDate":"2025-07-01","basisOfRecord":"HUMAN_OBSERVATION","license":"CC-BY 4.0 (Int)","coordinateUncertaintyM":10.0,"uncertaintyUnknown":false,"observationCount":1,"geographicOutlier":false}},{"type":"Feature","id":"4e364f165bdc723e","geometry":{"type":"Point","coordinates":[152.085225,-30.714434]},"properties":{"species":"Petauroides volans","eventDate":"2025-07-01","basisOfRecord":"HUMAN_OBSERVATION","license":"CC-BY 4.0 (Int)","coordinateUncertaintyM":10.0,"uncertaintyUnknown":false,"observationCount":1,"geographicOutlier":false}},{"type":"Feature","id":"afcfa16e77606da0","geometry":{"type":"Point","coordinates":[145.32928,-37.40394]},"properties":{"species":"Petauroides volans","eventDate":"2025-07-01","basisOfRecord":"OCCURRENCE","license":"CC-BY 4.0 (Int)","coordinateUncertaintyM":5.0,"uncertaintyUnknown":false,"observationCount":1,"geographicOutlier":false}},{"type":"Feature","id":"f2ea9681ce855f3f","geometry":{"type":"Point","coordinates":[145.31879,-37.43865]},"properties":{"species":"Petauroides volans","eventDate":"2025-06-30","basisOfRecord":"OCCURRENCE","license":"CC-BY 4.0 (Int)","coordinateUncertaintyM":5.0,"uncertaintyUnknown":false,"observationCount":1,"geographicOutlier":false}},{"type":"Feature","id":"ae5000bf6ce86262","geometry":{"type":"Point","coordinates":[152.128876,-29.785036]},"properties":{"species":"Petauroides volans","eventDate":"2025-06-29","basisOfRecord":"HUMAN_OBSERVATION","license":"CC-BY 4.0 (Int)","coordinateUncertaintyM":10.0,"uncertaintyUnknown":false,"observationCount":1,"geographicOutlier":false}},{"type":"Feature","id":"cb55e482a2e801a0","geometry":{"type":"Point","coordinates":[152.123617,-29.786626]},"properties":{"species":"Petauroides volans","eventDate":"2025-06-28","basisOfRecord":"HUMAN_OBSERVATION","license":"CC-BY 4.0 (Int)","coordinateUncertaintyM":10.0,"uncertaintyUnknown":false,"observationCount":1,"geographicOutlier":false}},{"type":"Feature","id":"737ac25a1a849e89","geometry":{"type":"Point","coordinates":[152.123205,-29.785324]},"properties":{"species":"Petauroides volans","eventDate":"2025-06-28","basisOfRecord":"HUMAN_OBSERVATION","license":"CC-BY 4.0 (Int)","coordinateUncertaintyM":10.0,"uncertaintyUnknown":false,"observationCount":1,"geographicOutlier":false}},{"type":"Feature","id":"2ef54d4787da7da0","geometry":{"type":"Point","coordinates":[151.860824,-31.36193]},"properties":{"species":"Petauroides volans","eventDate":"2025-06-28","basisOfRecord":"HUMAN_OBSERVATION","license":"CC-BY 4.0 (Int)","coordinateUncertaintyM":10.0,"uncertaintyUnknown":false,"observationCount":1,"geographicOutlier":false}},{"type":"Feature","id":"38595da63a206f10","geometry":{"type":"Point","coordinates":[145.5208,-37.43191]},"properties":{"species":"Petauroides volans","eventDate":"2025-06-27","basisOfRecord":"OCCURRENCE","license":"CC-BY 4.0 (Int)","coordinateUncertaintyM":5.0,"uncertaintyUnknown":false,"observationCount":1,"geographicOutlier":false}},{"type":"Feature","id":"f177c90bc68319fb","geometry":{"type":"Point","coordinates":[152.123189,-29.787146]},"properties":{"species":"Petauroides volans","eventDate":"2025-06-27","basisOfRecord":"HUMAN_OBSERVATION","license":"CC-BY 4.0 (Int)","coordinateUncertaintyM":10.0,"uncertaintyUnknown":false,"observationCount":1,"geographicOutlier":false}},{"type":"Feature","id":"f9b43c03fc9d426f","geometry":{"type":"Point","coordinates":[152.120228,-29.780277]},"properties":{"species":"Petauroides volans","eventDate":"2025-06-26","basisOfRecord":"HUMAN_OBSERVATION","license":"CC-BY 4.0 (Int)","coordinateUncertaintyM":10.0,"uncertaintyUnknown":false,"observationCount":1,"geographicOutlier":false}},{"type":"Feature","id":"e464b560dedbed45","geometry":{"type":"Point","coordinates":[152.931279,-30.321282]},"properties":{"species":"Petauroides volans","eventDate":"2025-06-26","basisOfRecord":"HUMAN_OBSERVATION","license":"CC-BY 4.0 (Int)","coordinateUncertaintyM":20.0,"uncertaintyUnknown":false,"observationCount":1,"geographicOutlier":false}},{"type":"Feature","id":"62d2e88c480e67a8","geometry":{"type":"Point","coordinates":[152.095226,-30.716271]},"properties":{"species":"Petauroides volans","eventDate":"2025-06-24","basisOfRecord":"HUMAN_OBSERVATION","license":"CC-BY 4.0 (Int)","coordinateUncertaintyM":10.0,"uncertaintyUnknown":false,"observationCount":1,"geographicOutlier":false}},{"type":"Feature","id":"719e5d6f6da1444b","geometry":{"type":"Point","coordinates":[152.09659,-30.720043]},"properties":{"species":"Petauroides volans","eventDate":"2025-06-24","basisOfRecord":"HUMAN_OBSERVATION","license":"CC-BY 4.0 (Int)","coordinateUncertaintyM":10.0,"uncertaintyUnknown":false,"observationCount":1,"geographicOutlier":false}},{"type":"Feature","id":"76f9c9039ca472d5","geometry":{"type":"Point","coordinates":[152.077632,-30.717004]},"properties":{"species":"Petauroides volans","eventDate":"2025-06-24","basisOfRecord":"HUMAN_OBSERVATION","license":"CC-BY 4.0 (Int)","coordinateUncertaintyM":10.0,"uncertaintyUnknown":false,"observationCount":1,"geographicOutlier":false}},{"type":"Feature","id":"c990598606eee4ec","geometry":{"type":"Point","coordinates":[152.079175,-30.719496]},"properties":{"species":"Petauroides volans","eventDate":"2025-06-24","basisOfRecord":"HUMAN_OBSERVATION","license":"CC-BY 4.0 (Int)","coordinateUncertaintyM":10.0,"uncertaintyUnknown":false,"observationCount":1,"geographicOutlier":false}},{"type":"Feature","id":"92f5aeaaa9bd47b6","geometry":{"type":"Point","coordinates":[152.107545,-30.716789]},"properties":{"species":"Petauroides volans","eventDate":"2025-06-24","basisOfRecord":"HUMAN_OBSERVATION","license":"CC-BY 4.0 (Int)","coordinateUncertaintyM":10.0,"uncertaintyUnknown":false,"observationCount":1,"geographicOutlier":false}},{"type":"Feature","id":"dd7f0aa3b49878a5","geometry":{"type":"Point","coordinates":[152.106332,-30.715824]},"properties":{"species":"Petauroides volans","eventDate":"2025-06-24","basisOfRecord":"HUMAN_OBSERVATION","license":"CC-BY 4.0 (Int)","coordinateUncertaintyM":10.0,"uncertaintyUnknown":false,"observationCount":1,"geographicOutlier":false}},{"type":"Feature","id":"415a647e509071b3","geometry":{"type":"Point","coordinates":[152.084955,-30.71461]},"properties":{"species":"Petauroides volans","eventDate":"2025-06-24","basisOfRecord":"HUMAN_OBSERVATION","license":"CC-BY 4.0 (Int)","coordinateUncertaintyM":10.0,"uncertaintyUnknown":false,"observationCount":1,"geographicOutlier":false}},{"type":"Feature","id":"eca91c5eadaa2cff","geometry":{"type":"Point","coordinates":[152.089101,-30.71131]},"properties":{"species":"Petauroides volans","eventDate":"2025-06-24","basisOfRecord":"HUMAN_OBSERVATION","license":"CC-BY 4.0 (Int)","coordinateUncertaintyM":10.0,"uncertaintyUnknown":false,"observationCount":1,"geographicOutlier":false}},{"type":"Feature","id":"cace38cb10f84f8f","geometry":{"type":"Point","coordinates":[152.106745,-30.715213]},"properties":{"species":"Petauroides volans","eventDate":"2025-06-24","basisOfRecord":"HUMAN_OBSERVATION","license":"CC-BY 4.0 (Int)","coordinateUncertaintyM":10.0,"uncertaintyUnknown":false,"observationCount":1,"geographicOutlier":false}},{"type":"Feature","id":"b3fd992f762001ae","geometry":{"type":"Point","coordinates":[152.077468,-30.714494]},"properties":{"species":"Petauroides volans","eventDate":"2025-06-23","basisOfRecord":"HUMAN_OBSERVATION","license":"CC-BY 4.0 (Int)","coordinateUncertaintyM":10.0,"uncertaintyUnknown":false,"observationCount":1,"geographicOutlier":false}},{"type":"Feature","id":"41512f81d199729c","geometry":{"type":"Point","coordinates":[152.08601,-30.714537]},"properties":{"species":"Petauroides volans","eventDate":"2025-06-23","basisOfRecord":"HUMAN_OBSERVATION","license":"CC-BY 4.0 (Int)","coordinateUncertaintyM":10.0,"uncertaintyUnknown":false,"observationCount":1,"geographicOutlier":false}},{"type":"Feature","id":"7c4c38d5a6e2bc07","geometry":{"type":"Point","coordinates":[152.088271,-30.715094]},"properties":{"species":"Petauroides volans","eventDate":"2025-06-23","basisOfRecord":"HUMAN_OBSERVATION","license":"CC-BY 4.0 (Int)","coordinateUncertaintyM":10.0,"uncertaintyUnknown":false,"observationCount":1,"geographicOutlier":false}},{"type":"Feature","id":"be350c1fb318c428","geometry":{"type":"Point","coordinates":[152.093714,-30.716034]},"properties":{"species":"Petauroides volans","eventDate":"2025-06-23","basisOfRecord":"HUMAN_OBSERVATION","license":"CC-BY 4.0 (Int)","coordinateUncertaintyM":10.0,"uncertaintyUnknown":false,"observationCount":1,"geographicOutlier":false}},{"type":"Feature","id":"fee76034f6341263","geometry":{"type":"Point","coordinates":[152.100128,-30.727114]},"properties":{"species":"Petauroides volans","eventDate":"2025-06-23","basisOfRecord":"HUMAN_OBSERVATION","license":"CC-BY 4.0 (Int)","coordinateUncertaintyM":10.0,"uncertaintyUnknown":false,"observationCount":1,"geographicOutlier":false}},{"type":"Feature","id":"a1d2f5d687ae7111","geometry":{"type":"Point","coordinates":[152.078622,-30.719492]},"properties":{"species":"Petauroides volans","eventDate":"2025-06-23","basisOfRecord":"HUMAN_OBSERVATION","license":"CC-BY 4.0 (Int)","coordinateUncertaintyM":10.0,"uncertaintyUnknown":false,"observationCount":1,"geographicOutlier":false}},{"type":"Feature","id":"681ce5c8a33e8232","geometry":{"type":"Point","coordinates":[152.067368,-30.72876]},"properties":{"species":"Petauroides volans","eventDate":"2025-06-23","basisOfRecord":"HUMAN_OBSERVATION","license":"CC-BY 4.0 (Int)","coordinateUncertaintyM":10.0,"uncertaintyUnknown":false,"observationCount":1,"geographicOutlier":false}},{"type":"Feature","id":"065f0d23cb2cc142","geometry":{"type":"Point","coordinates":[152.093234,-30.714912]},"properties":{"species":"Petauroides volans","eventDate":"2025-06-23","basisOfRecord":"HUMAN_OBSERVATION","license":"CC-BY 4.0 (Int)","coordinateUncertaintyM":10.0,"uncertaintyUnknown":false,"observationCount":1,"geographicOutlier":false}},{"type":"Feature","id":"65ddb7aca1eb0f58","geometry":{"type":"Point","coordinates":[152.076902,-30.721357]},"properties":{"species":"Petauroides volans","eventDate":"2025-06-23","basisOfRecord":"HUMAN_OBSERVATION","license":"CC-BY 4.0 (Int)","coordinateUncertaintyM":10.0,"uncertaintyUnknown":false,"observationCount":1,"geographicOutlier":false}},{"type":"Feature","id":"872f5bf816bffd39","geometry":{"type":"Point","coordinates":[152.093185,-30.715634]},"properties":{"species":"Petauroides volans","eventDate":"2025-06-23","basisOfRecord":"HUMAN_OBSERVATION","license":"CC-BY 4.0 (Int)","coordinateUncertaintyM":10.0,"uncertaintyUnknown":false,"observationCount":1,"geographicOutlier":false}},{"type":"Feature","id":"4bbd17306ec94658","geometry":{"type":"Point","coordinates":[152.106924,-30.716126]},"properties":{"species":"Petauroides volans","eventDate":"2025-06-23","basisOfRecord":"HUMAN_OBSERVATION","license":"CC-BY 4.0 (Int)","coordinateUncertaintyM":10.0,"uncertaintyUnknown":false,"observationCount":1,"geographicOutlier":false}},{"type":"Feature","id":"c93d78d71c03bb95","geometry":{"type":"Point","coordinates":[153.389106,-28.624428]},"properties":{"species":"Petauroides volans","eventDate":"2025-06-21","basisOfRecord":"HUMAN_OBSERVATION","license":"CC-BY 4.0 (Int)","coordinateUncertaintyM":20.0,"uncertaintyUnknown":false,"observationCount":1,"geographicOutlier":false}},{"type":"Feature","id":"eb52cd730a687f3d","geometry":{"type":"Point","coordinates":[153.331329,-28.623651]},"properties":{"species":"Petauroides volans","eventDate":"2025-06-20","basisOfRecord":"HUMAN_OBSERVATION","license":"CC-BY 4.0 (Int)","coordinateUncertaintyM":20.0,"uncertaintyUnknown":false,"observationCount":1,"geographicOutlier":false}},{"type":"Feature","id":"1fa7843c46973559","geometry":{"type":"Point","coordinates":[147.29045,-36.14596]},"properties":{"species":"Petauroides volans","eventDate":"2025-06-19","basisOfRecord":"OCCURRENCE","license":"CC-BY 4.0 (Int)","coordinateUncertaintyM":5.0,"uncertaintyUnknown":false,"observationCount":1,"geographicOutlier":false}},{"type":"Feature","id":"cd3b23ba3ea9156d","geometry":{"type":"Point","coordinates":[153.365022,-28.588244]},"properties":{"species":"Petauroides volans","eventDate":"2025-06-18","basisOfRecord":"HUMAN_OBSERVATION","license":"CC-BY 4.0 (Int)","coordinateUncertaintyM":20.0,"uncertaintyUnknown":false,"observationCount":1,"geographicOutlier":false}},{"type":"Feature","id":"010ab9d57d71e347","geometry":{"type":"Point","coordinates":[147.31153,-36.15146]},"properties":{"species":"Petauroides volans","eventDate":"2025-06-18","basisOfRecord":"OCCURRENCE","license":"CC-BY 4.0 (Int)","coordinateUncertaintyM":5.0,"uncertaintyUnknown":false,"observationCount":1,"geographicOutlier":false}},{"type":"Feature","id":"321ff71315a87055","geometry":{"type":"Point","coordinates":[153.32563,-28.583344]},"properties":{"species":"Petauroides volans","eventDate":"2025-06-17","basisOfRecord":"HUMAN_OBSERVATION","license":"CC-BY 4.0 (Int)","coordinateUncertaintyM":20.0,"uncertaintyUnknown":false,"observationCount":1,"geographicOutlier":false}},{"type":"Feature","id":"e344f07a197c8fec","geometry":{"type":"Point","coordinates":[153.32746,-28.586566]},"properties":{"species":"Petauroides volans","eventDate":"2025-06-17","basisOfRecord":"HUMAN_OBSERVATION","license":"CC-BY 4.0 (Int)","coordinateUncertaintyM":20.0,"uncertaintyUnknown":false,"observationCount":1,"geographicOutlier":false}},{"type":"Feature","id":"b767205d4982d520","geometry":{"type":"Point","coordinates":[147.31159,-36.1519]},"properties":{"species":"Petauroides volans","eventDate":"2025-06-16","basisOfRecord":"OCCURRENCE","license":"CC-BY 4.0 (Int)","coordinateUncertaintyM":5.0,"uncertaintyUnknown":false,"observationCount":1,"geographicOutlier":false}},{"type":"Feature","id":"9d69944a16566286","geometry":{"type":"Point","coordinates":[152.118829,-29.789853]},"properties":{"species":"Petauroides volans","eventDate":"2025-06-16","basisOfRecord":"HUMAN_OBSERVATION","license":"CC-BY 4.0 (Int)","coordinateUncertaintyM":10.0,"uncertaintyUnknown":false,"observationCount":1,"geographicOutlier":false}},{"type":"Feature","id":"ab880091dae19f13","geometry":{"type":"Point","coordinates":[147.33097,-36.14174]},"properties":{"species":"Petauroides volans","eventDate":"2025-06-16","basisOfRecord":"OCCURRENCE","license":"CC-BY 4.0 (Int)","coordinateUncertaintyM":5.0,"uncertaintyUnknown":false,"observationCount":1,"geographicOutlier":false}},{"type":"Feature","id":"e975c1b9df5b22b6","geometry":{"type":"Point","coordinates":[152.144278,-29.784198]},"properties":{"species":"Petauroides volans","eventDate":"2025-06-16","basisOfRecord":"HUMAN_OBSERVATION","license":"CC-BY 4.0 (Int)","coordinateUncertaintyM":10.0,"uncertaintyUnknown":false,"observationCount":1,"geographicOutlier":false}},{"type":"Feature","id":"f70c66f30be9fe71","geometry":{"type":"Point","coordinates":[152.137837,-29.784548]},"properties":{"species":"Petauroides volans","eventDate":"2025-06-16","basisOfRecord":"HUMAN_OBSERVATION","license":"CC-BY 4.0 (Int)","coordinateUncertaintyM":10.0,"uncertaintyUnknown":false,"observationCount":1,"geographicOutlier":false}},{"type":"Feature","id":"666c1d1aad1a220d","geometry":{"type":"Point","coordinates":[152.131411,-29.785816]},"properties":{"species":"Petauroides volans","eventDate":"2025-06-16","basisOfRecord":"HUMAN_OBSERVATION","license":"CC-BY 4.0 (Int)","coordinateUncertaintyM":10.0,"uncertaintyUnknown":false,"observationCount":1,"geographicOutlier":false}},{"type":"Feature","id":"b9a220ae37b38dac","geometry":{"type":"Point","coordinates":[152.123859,-29.79504]},"properties":{"species":"Petauroides volans","eventDate":"2025-06-15","basisOfRecord":"HUMAN_OBSERVATION","license":"CC-BY 4.0 (Int)","coordinateUncertaintyM":10.0,"uncertaintyUnknown":false,"observationCount":1,"geographicOutlier":false}},{"type":"Feature","id":"d6439a23fffa516e","geometry":{"type":"Point","coordinates":[152.124306,-29.789268]},"properties":{"species":"Petauroides volans","eventDate":"2025-06-15","basisOfRecord":"HUMAN_OBSERVATION","license":"CC-BY 4.0 (Int)","coordinateUncertaintyM":10.0,"uncertaintyUnknown":false,"observationCount":1,"geographicOutlier":false}},{"type":"Feature","id":"83b19881d5442fd5","geometry":{"type":"Point","coordinates":[152.129406,-29.787521]},"properties":{"species":"Petauroides volans","eventDate":"2025-06-15","basisOfRecord":"HUMAN_OBSERVATION","license":"CC-BY 4.0 (Int)","coordinateUncertaintyM":10.0,"uncertaintyUnknown":false,"observationCount":1,"geographicOutlier":false}},{"type":"Feature","id":"179ee856761acdd5","geometry":{"type":"Point","coordinates":[152.119154,-29.790621]},"properties":{"species":"Petauroides volans","eventDate":"2025-06-15","basisOfRecord":"HUMAN_OBSERVATION","license":"CC-BY 4.0 (Int)","coordinateUncertaintyM":10.0,"uncertaintyUnknown":false,"observationCount":1,"geographicOutlier":false}},{"type":"Feature","id":"97cdaf709aab05a5","geometry":{"type":"Point","coordinates":[152.135051,-29.785275]},"properties":{"species":"Petauroides volans","eventDate":"2025-06-14","basisOfRecord":"HUMAN_OBSERVATION","license":"CC-BY 4.0 (Int)","coordinateUncertaintyM":10.0,"uncertaintyUnknown":false,"observationCount":1,"geographicOutlier":false}},{"type":"Feature","id":"269863b4982872b1","geometry":{"type":"Point","coordinates":[152.129182,-29.789171]},"properties":{"species":"Petauroides volans","eventDate":"2025-06-14","basisOfRecord":"HUMAN_OBSERVATION","license":"CC-BY 4.0 (Int)","coordinateUncertaintyM":10.0,"uncertaintyUnknown":false,"observationCount":1,"geographicOutlier":false}},{"type":"Feature","id":"317fb8f0c7e30ea6","geometry":{"type":"Point","coordinates":[149.542554,-35.756388]},"properties":{"species":"Petauroides volans","eventDate":"2025-06-13","basisOfRecord":"HUMAN_OBSERVATION","license":"CC-BY 4.0 (Int)","coordinateUncertaintyM":10.0,"uncertaintyUnknown":false,"observationCount":1,"geographicOutlier":false}},{"type":"Feature","id":"d1018978a06cd014","geometry":{"type":"Point","coordinates":[152.134688,-29.7841]},"properties":{"species":"Petauroides volans","eventDate":"2025-06-13","basisOfRecord":"HUMAN_OBSERVATION","license":"CC-BY 4.0 (Int)","coordinateUncertaintyM":5.0,"uncertaintyUnknown":false,"observationCount":1,"geographicOutlier":false}},{"type":"Feature","id":"71b40d55ab76edc5","geometry":{"type":"Point","coordinates":[145.6707,-37.5656]},"properties":{"species":"Petauroides volans","eventDate":"2025-06-13","basisOfRecord":"OCCURRENCE","license":"CC-BY 4.0 (Int)","coordinateUncertaintyM":5.0,"uncertaintyUnknown":false,"observationCount":1,"geographicOutlier":false}},{"type":"Feature","id":"b54afa0af49eb4ff","geometry":{"type":"Point","coordinates":[152.131925,-29.785764]},"properties":{"species":"Petauroides volans","eventDate":"2025-06-13","basisOfRecord":"HUMAN_OBSERVATION","license":"CC-BY 4.0 (Int)","coordinateUncertaintyM":10.0,"uncertaintyUnknown":false,"observationCount":1,"geographicOutlier":false}},{"type":"Feature","id":"4cfa963879a236f9","geometry":{"type":"Point","coordinates":[152.132988,-29.78574]},"properties":{"species":"Petauroides volans","eventDate":"2025-06-13","basisOfRecord":"HUMAN_OBSERVATION","license":"CC-BY 4.0 (Int)","coordinateUncertaintyM":5.0,"uncertaintyUnknown":false,"observationCount":1,"geographicOutlier":false}},{"type":"Feature","id":"f9c465c6a5e7d297","geometry":{"type":"Point","coordinates":[145.67047,-37.56555]},"properties":{"species":"Petauroides volans","eventDate":"2025-06-12","basisOfRecord":"OCCURRENCE","license":"CC-BY 4.0 (Int)","coordinateUncertaintyM":5.0,"uncertaintyUnknown":false,"observationCount":1,"geographicOutlier":false}},{"type":"Feature","id":"398ca282cc437a6a","geometry":{"type":"Point","coordinates":[145.66873,-37.56673]},"properties":{"species":"Petauroides volans","eventDate":"2025-06-12","basisOfRecord":"OCCURRENCE","license":"CC-BY 4.0 (Int)","coordinateUncertaintyM":5.0,"uncertaintyUnknown":false,"observationCount":1,"geographicOutlier":false}},{"type":"Feature","id":"296a23b22c787e66","geometry":{"type":"Point","coordinates":[147.36459,-36.43166]},"properties":{"species":"Petauroides volans","eventDate":"2025-06-11","basisOfRecord":"OCCURRENCE","license":"CC-BY 4.0 (Int)","coordinateUncertaintyM":5.0,"uncertaintyUnknown":false,"observationCount":1,"geographicOutlier":false}},{"type":"Feature","id":"fe83c04a4d502ec2","geometry":{"type":"Point","coordinates":[146.2064,-36.76113]},"properties":{"species":"Petauroides volans","eventDate":"2025-06-10","basisOfRecord":"OCCURRENCE","license":"CC-BY 4.0 (Int)","coordinateUncertaintyM":5.0,"uncertaintyUnknown":false,"observationCount":1,"geographicOutlier":false}},{"type":"Feature","id":"ff54843009a04c7a","geometry":{"type":"Point","coordinates":[146.18598,-36.77235]},"properties":{"species":"Petauroides volans","eventDate":"2025-06-10","basisOfRecord":"OCCURRENCE","license":"CC-BY 4.0 (Int)","coordinateUncertaintyM":5.0,"uncertaintyUnknown":false,"observationCount":1,"geographicOutlier":false}},{"type":"Feature","id":"7f9edf5a1a164298","geometry":{"type":"Point","coordinates":[151.852926,-31.370293]},"properties":{"species":"Petauroides volans","eventDate":"2025-06-05","basisOfRecord":"HUMAN_OBSERVATION","license":"CC-BY 4.0 (Int)","coordinateUncertaintyM":10.0,"uncertaintyUnknown":false,"observationCount":1,"geographicOutlier":false}},{"type":"Feature","id":"75cd15f3967fbb30","geometry":{"type":"Point","coordinates":[146.20722,-36.76002]},"properties":{"species":"Petauroides volans","eventDate":"2025-06-05","basisOfRecord":"OCCURRENCE","license":"CC-BY 4.0 (Int)","coordinateUncertaintyM":5.0,"uncertaintyUnknown":false,"observationCount":1,"geographicOutlier":false}},{"type":"Feature","id":"a1fab3b8db813568","geometry":{"type":"Point","coordinates":[151.867809,-31.369063]},"properties":{"species":"Petauroides volans","eventDate":"2025-06-05","basisOfRecord":"HUMAN_OBSERVATION","license":"CC-BY 4.0 (Int)","coordinateUncertaintyM":10.0,"uncertaintyUnknown":false,"observationCount":1,"geographicOutlier":false}},{"type":"Feature","id":"b4f7dbbe5e023f06","geometry":{"type":"Point","coordinates":[145.91101,-36.80239]},"properties":{"species":"Petauroides volans","eventDate":"2025-06-04","basisOfRecord":"OCCURRENCE","license":"CC-BY 4.0 (Int)","coordinateUncertaintyM":5.0,"uncertaintyUnknown":false,"observationCount":1,"geographicOutlier":false}},{"type":"Feature","id":"26ca356b62ebad86","geometry":{"type":"Point","coordinates":[151.880308,-31.374603]},"properties":{"species":"Petauroides volans","eventDate":"2025-06-04","basisOfRecord":"HUMAN_OBSERVATION","license":"CC-BY 4.0 (Int)","coordinateUncertaintyM":10.0,"uncertaintyUnknown":false,"observationCount":1,"geographicOutlier":false}},{"type":"Feature","id":"52cb128910e472ea","geometry":{"type":"Point","coordinates":[150.030642,-35.533165]},"properties":{"species":"Petauroides volans","eventDate":"2025-06-03","basisOfRecord":"HUMAN_OBSERVATION","license":"CC-BY 4.0 (Int)","coordinateUncertaintyM":10.0,"uncertaintyUnknown":false,"observationCount":1,"geographicOutlier":false}},{"type":"Feature","id":"17a0c401330cd7d0","geometry":{"type":"Point","coordinates":[145.95556,-36.91349]},"properties":{"species":"Petauroides volans","eventDate":"2025-06-02","basisOfRecord":"OCCURRENCE","license":"CC-BY 4.0 (Int)","coordinateUncertaintyM":5.0,"uncertaintyUnknown":false,"observationCount":1,"geographicOutlier":false}},{"type":"Feature","id":"81757f21b2d095cd","geometry":{"type":"Point","coordinates":[145.92001,-36.90374]},"properties":{"species":"Petauroides volans","eventDate":"2025-06-02","basisOfRecord":"OCCURRENCE","license":"CC-BY 4.0 (Int)","coordinateUncertaintyM":5.0,"uncertaintyUnknown":false,"observationCount":1,"geographicOutlier":false}},{"type":"Feature","id":"f66aa281caad53fb","geometry":{"type":"Point","coordinates":[145.80021,-36.91292]},"properties":{"species":"Petauroides volans","eventDate":"2025-05-29","basisOfRecord":"OCCURRENCE","license":"CC-BY 4.0 (Int)","coordinateUncertaintyM":5.0,"uncertaintyUnknown":false,"observationCount":1,"geographicOutlier":false}},{"type":"Feature","id":"3eb6bc0d266b1c67","geometry":{"type":"Point","coordinates":[152.136171,-29.827083]},"properties":{"species":"Petauroides volans","eventDate":"2025-05-28","basisOfRecord":"HUMAN_OBSERVATION","license":"CC-BY 4.0 (Int)","coordinateUncertaintyM":10.0,"uncertaintyUnknown":false,"observationCount":1,"geographicOutlier":false}},{"type":"Feature","id":"66537bb999109f61","geometry":{"type":"Point","coordinates":[152.127216,-29.793959]},"properties":{"species":"Petauroides volans","eventDate":"2025-05-26","basisOfRecord":"HUMAN_OBSERVATION","license":"CC-BY 4.0 (Int)","coordinateUncertaintyM":5.0,"uncertaintyUnknown":false,"observationCount":1,"geographicOutlier":false}},{"type":"Feature","id":"fb40b8a23c6358b6","geometry":{"type":"Point","coordinates":[152.132965,-29.817576]},"properties":{"species":"Petauroides volans","eventDate":"2025-05-25","basisOfRecord":"HUMAN_OBSERVATION","license":"CC-BY 4.0 (Int)","coordinateUncertaintyM":5.0,"uncertaintyUnknown":false,"observationCount":1,"geographicOutlier":false}},{"type":"Feature","id":"c40e705c3a07c00a","geometry":{"type":"Point","coordinates":[152.134793,-29.819744]},"properties":{"species":"Petauroides volans","eventDate":"2025-05-25","basisOfRecord":"HUMAN_OBSERVATION","license":"CC-BY 4.0 (Int)","coordinateUncertaintyM":5.0,"uncertaintyUnknown":false,"observationCount":1,"geographicOutlier":false}},{"type":"Feature","id":"ac09a22aefd123b7","geometry":{"type":"Point","coordinates":[152.13221,-29.821249]},"properties":{"species":"Petauroides volans","eventDate":"2025-05-25","basisOfRecord":"HUMAN_OBSERVATION","license":"CC-BY 4.0 (Int)","coordinateUncertaintyM":5.0,"uncertaintyUnknown":false,"observationCount":1,"geographicOutlier":false}},{"type":"Feature","id":"17655086a81e32a5","geometry":{"type":"Point","coordinates":[152.1326,-29.812003]},"properties":{"species":"Petauroides volans","eventDate":"2025-05-25","basisOfRecord":"HUMAN_OBSERVATION","license":"CC-BY 4.0 (Int)","coordinateUncertaintyM":5.0,"uncertaintyUnknown":false,"observationCount":1,"geographicOutlier":false}},{"type":"Feature","id":"e55aad91053d0bb3","geometry":{"type":"Point","coordinates":[152.133853,-29.810166]},"properties":{"species":"Petauroides volans","eventDate":"2025-05-25","basisOfRecord":"HUMAN_OBSERVATION","license":"CC-BY 4.0 (Int)","coordinateUncertaintyM":10.0,"uncertaintyUnknown":false,"observationCount":1,"geographicOutlier":false}},{"type":"Feature","id":"23d29312ef9a4f8b","geometry":{"type":"Point","coordinates":[152.131766,-29.820168]},"properties":{"species":"Petauroides volans","eventDate":"2025-05-25","basisOfRecord":"HUMAN_OBSERVATION","license":"CC-BY 4.0 (Int)","coordinateUncertaintyM":5.0,"uncertaintyUnknown":false,"observationCount":1,"geographicOutlier":false}},{"type":"Feature","id":"b969f295754cb8aa","geometry":{"type":"Point","coordinates":[152.133613,-29.809904]},"properties":{"species":"Petauroides volans","eventDate":"2025-05-24","basisOfRecord":"HUMAN_OBSERVATION","license":"CC-BY 4.0 (Int)","coordinateUncertaintyM":5.0,"uncertaintyUnknown":false,"observationCount":1,"geographicOutlier":false}},{"type":"Feature","id":"14602028541f06be","geometry":{"type":"Point","coordinates":[152.132065,-29.828761]},"properties":{"species":"Petauroides volans","eventDate":"2025-05-24","basisOfRecord":"HUMAN_OBSERVATION","license":"CC-BY 4.0 (Int)","coordinateUncertaintyM":5.0,"uncertaintyUnknown":false,"observationCount":1,"geographicOutlier":false}},{"type":"Feature","id":"9c142a18f6c38d54","geometry":{"type":"Point","coordinates":[152.129422,-29.83012]},"properties":{"species":"Petauroides volans","eventDate":"2025-05-24","basisOfRecord":"HUMAN_OBSERVATION","license":"CC-BY 4.0 (Int)","coordinateUncertaintyM":5.0,"uncertaintyUnknown":false,"observationCount":1,"geographicOutlier":false}},{"type":"Feature","id":"7c13fb063c1b3a6d","geometry":{"type":"Point","coordinates":[152.14133,-29.823899]},"properties":{"species":"Petauroides volans","eventDate":"2025-05-24","basisOfRecord":"HUMAN_OBSERVATION","license":"CC-BY 4.0 (Int)","coordinateUncertaintyM":5.0,"uncertaintyUnknown":false,"observationCount":1,"geographicOutlier":false}},{"type":"Feature","id":"92edca2430a3d017","geometry":{"type":"Point","coordinates":[152.13028,-29.824686]},"properties":{"species":"Petauroides volans","eventDate":"2025-05-24","basisOfRecord":"HUMAN_OBSERVATION","license":"CC-BY 4.0 (Int)","coordinateUncertaintyM":5.0,"uncertaintyUnknown":false,"observationCount":1,"geographicOutlier":false}},{"type":"Feature","id":"f8b8f586b5f4cf14","geometry":{"type":"Point","coordinates":[152.118646,-29.791684]},"properties":{"species":"Petauroides volans","eventDate":"2025-05-24","basisOfRecord":"HUMAN_OBSERVATION","license":"CC-BY 4.0 (Int)","coordinateUncertaintyM":10.0,"uncertaintyUnknown":false,"observationCount":1,"geographicOutlier":false}},{"type":"Feature","id":"6183c2eefc4d820a","geometry":{"type":"Point","coordinates":[152.135941,-29.817729]},"properties":{"species":"Petauroides volans","eventDate":"2025-05-23","basisOfRecord":"HUMAN_OBSERVATION","license":"CC-BY 4.0 (Int)","coordinateUncertaintyM":5.0,"uncertaintyUnknown":false,"observationCount":1,"geographicOutlier":false}},{"type":"Feature","id":"1636e118e91fc4f6","geometry":{"type":"Point","coordinates":[152.132609,-29.817222]},"properties":{"species":"Petauroides volans","eventDate":"2025-05-23","basisOfRecord":"HUMAN_OBSERVATION","license":"CC-BY 4.0 (Int)","coordinateUncertaintyM":5.0,"uncertaintyUnknown":false,"observationCount":1,"geographicOutlier":false}},{"type":"Feature","id":"f213faf1ea37e2c0","geometry":{"type":"Point","coordinates":[152.136515,-29.813929]},"properties":{"species":"Petauroides volans","eventDate":"2025-05-23","basisOfRecord":"HUMAN_OBSERVATION","license":"CC-BY 4.0 (Int)","coordinateUncertaintyM":5.0,"uncertaintyUnknown":false,"observationCount":1,"geographicOutlier":false}},{"type":"Feature","id":"9ef09f5dda5edd3e","geometry":{"type":"Point","coordinates":[152.133951,-29.817039]},"properties":{"species":"Petauroides volans","eventDate":"2025-05-23","basisOfRecord":"HUMAN_OBSERVATION","license":"CC-BY 4.0 (Int)","coordinateUncertaintyM":5.0,"uncertaintyUnknown":false,"observationCount":1,"geographicOutlier":false}},{"type":"Feature","id":"3619f7b5f81aa01c","geometry":{"type":"Point","coordinates":[152.133778,-29.811966]},"properties":{"species":"Petauroides volans","eventDate":"2025-05-23","basisOfRecord":"HUMAN_OBSERVATION","license":"CC-BY 4.0 (Int)","coordinateUncertaintyM":5.0,"uncertaintyUnknown":false,"observationCount":1,"geographicOutlier":false}},{"type":"Feature","id":"0cdf564fb9ac220b","geometry":{"type":"Point","coordinates":[152.135321,-29.825966]},"properties":{"species":"Petauroides volans","eventDate":"2025-05-23","basisOfRecord":"HUMAN_OBSERVATION","license":"CC-BY 4.0 (Int)","coordinateUncertaintyM":5.0,"uncertaintyUnknown":false,"observationCount":1,"geographicOutlier":false}},{"type":"Feature","id":"bbc173309a55ae88","geometry":{"type":"Point","coordinates":[152.134732,-29.811912]},"properties":{"species":"Petauroides volans","eventDate":"2025-05-23","basisOfRecord":"HUMAN_OBSERVATION","license":"CC-BY 4.0 (Int)","coordinateUncertaintyM":5.0,"uncertaintyUnknown":false,"observationCount":1,"geographicOutlier":false}},{"type":"Feature","id":"80a546c033ffc9d4","geometry":{"type":"Point","coordinates":[152.121078,-29.797367]},"properties":{"species":"Petauroides volans","eventDate":"2025-05-22","basisOfRecord":"HUMAN_OBSERVATION","license":"CC-BY 4.0 (Int)","coordinateUncertaintyM":10.0,"uncertaintyUnknown":false,"observationCount":1,"geographicOutlier":false}},{"type":"Feature","id":"2c96c37c88b71e9f","geometry":{"type":"Point","coordinates":[152.138523,-29.827494]},"properties":{"species":"Petauroides volans","eventDate":"2025-05-22","basisOfRecord":"HUMAN_OBSERVATION","license":"CC-BY 4.0 (Int)","coordinateUncertaintyM":5.0,"uncertaintyUnknown":false,"observationCount":1,"geographicOutlier":false}},{"type":"Feature","id":"08ad6902ad61478e","geometry":{"type":"Point","coordinates":[146.09737,-36.87845]},"properties":{"species":"Petauroides volans","eventDate":"2025-05-22","basisOfRecord":"OCCURRENCE","license":"CC-BY 4.0 (Int)","coordinateUncertaintyM":5.0,"uncertaintyUnknown":false,"observationCount":1,"geographicOutlier":false}},{"type":"Feature","id":"9f2b47662bc8b9da","geometry":{"type":"Point","coordinates":[146.09912,-36.8792]},"properties":{"species":"Petauroides volans","eventDate":"2025-05-22","basisOfRecord":"OCCURRENCE","license":"CC-BY 4.0 (Int)","coordinateUncertaintyM":5.0,"uncertaintyUnknown":false,"observationCount":1,"geographicOutlier":false}},{"type":"Feature","id":"06b33370bf7b7a1c","geometry":{"type":"Point","coordinates":[152.132292,-29.828314]},"properties":{"species":"Petauroides volans","eventDate":"2025-05-22","basisOfRecord":"HUMAN_OBSERVATION","license":"CC-BY 4.0 (Int)","coordinateUncertaintyM":5.0,"uncertaintyUnknown":false,"observationCount":1,"geographicOutlier":false}},{"type":"Feature","id":"bf21df3783cb75c5","geometry":{"type":"Point","coordinates":[146.11404,-36.84869]},"properties":{"species":"Petauroides volans","eventDate":"2025-05-22","basisOfRecord":"OCCURRENCE","license":"CC-BY 4.0 (Int)","coordinateUncertaintyM":5.0,"uncertaintyUnknown":false,"observationCount":1,"geographicOutlier":false}},{"type":"Feature","id":"ecedd74f6d54c687","geometry":{"type":"Point","coordinates":[146.18339,-36.80148]},"properties":{"species":"Petauroides volans","eventDate":"2025-05-21","basisOfRecord":"OCCURRENCE","license":"CC-BY 4.0 (Int)","coordinateUncertaintyM":5.0,"uncertaintyUnknown":false,"observationCount":1,"geographicOutlier":false}},{"type":"Feature","id":"3b2df6cca705a67b","geometry":{"type":"Point","coordinates":[152.136917,-29.814211]},"properties":{"species":"Petauroides volans","eventDate":"2025-05-20","basisOfRecord":"HUMAN_OBSERVATION","license":"CC-BY 4.0 (Int)","coordinateUncertaintyM":5.0,"uncertaintyUnknown":false,"observationCount":1,"geographicOutlier":false}},{"type":"Feature","id":"9002cfdb520a236c","geometry":{"type":"Point","coordinates":[152.135661,-29.810867]},"properties":{"species":"Petauroides volans","eventDate":"2025-05-20","basisOfRecord":"HUMAN_OBSERVATION","license":"CC-BY 4.0 (Int)","coordinateUncertaintyM":5.0,"uncertaintyUnknown":false,"observationCount":1,"geographicOutlier":false}},{"type":"Feature","id":"bd5b80d7795e485a","geometry":{"type":"Point","coordinates":[152.138236,-29.808314]},"properties":{"species":"Petauroides volans","eventDate":"2025-05-20","basisOfRecord":"HUMAN_OBSERVATION","license":"CC-BY 4.0 (Int)","coordinateUncertaintyM":5.0,"uncertaintyUnknown":false,"observationCount":1,"geographicOutlier":false}},{"type":"Feature","id":"2f0bb5a96af70143","geometry":{"type":"Point","coordinates":[148.07481,-35.58036]},"properties":{"species":"Petauroides volans","eventDate":"2025-05-20","basisOfRecord":"HUMAN_OBSERVATION","license":"CC-BY 4.0 (Int)","coordinateUncertaintyM":10.0,"uncertaintyUnknown":false,"observationCount":1,"geographicOutlier":false}},{"type":"Feature","id":"30c85c5d7a1fa219","geometry":{"type":"Point","coordinates":[152.138044,-29.809353]},"properties":{"species":"Petauroides volans","eventDate":"2025-05-20","basisOfRecord":"HUMAN_OBSERVATION","license":"CC-BY 4.0 (Int)","coordinateUncertaintyM":5.0,"uncertaintyUnknown":false,"observationCount":1,"geographicOutlier":false}},{"type":"Feature","id":"c7a383e03394b6a1","geometry":{"type":"Point","coordinates":[152.132756,-29.821733]},"properties":{"species":"Petauroides volans","eventDate":"2025-05-20","basisOfRecord":"HUMAN_OBSERVATION","license":"CC-BY 4.0 (Int)","coordinateUncertaintyM":5.0,"uncertaintyUnknown":false,"observationCount":1,"geographicOutlier":false}},{"type":"Feature","id":"49f74512b08d7951","geometry":{"type":"Point","coordinates":[152.132925,-29.817867]},"properties":{"species":"Petauroides volans","eventDate":"2025-05-20","basisOfRecord":"HUMAN_OBSERVATION","license":"CC-BY 4.0 (Int)","coordinateUncertaintyM":5.0,"uncertaintyUnknown":false,"observationCount":1,"geographicOutlier":false}},{"type":"Feature","id":"700051383b10f643","geometry":{"type":"Point","coordinates":[152.131922,-29.8209]},"properties":{"species":"Petauroides volans","eventDate":"2025-05-20","basisOfRecord":"HUMAN_OBSERVATION","license":"CC-BY 4.0 (Int)","coordinateUncertaintyM":5.0,"uncertaintyUnknown":false,"observationCount":1,"geographicOutlier":false}},{"type":"Feature","id":"ca9ec1ab4625a7a6","geometry":{"type":"Point","coordinates":[152.1338,-29.815247]},"properties":{"species":"Petauroides volans","eventDate":"2025-05-20","basisOfRecord":"HUMAN_OBSERVATION","license":"CC-BY 4.0 (Int)","coordinateUncertaintyM":5.0,"uncertaintyUnknown":false,"observationCount":1,"geographicOutlier":false}},{"type":"Feature","id":"f992fc180aa65203","geometry":{"type":"Point","coordinates":[148.07088,-35.54328]},"properties":{"species":"Petauroides volans","eventDate":"2025-05-20","basisOfRecord":"HUMAN_OBSERVATION","license":"CC-BY 4.0 (Int)","coordinateUncertaintyM":10.0,"uncertaintyUnknown":false,"observationCount":1,"geographicOutlier":false}},{"type":"Feature","id":"a8efb86b926fc574","geometry":{"type":"Point","coordinates":[152.134578,-29.817322]},"properties":{"species":"Petauroides volans","eventDate":"2025-05-20","basisOfRecord":"HUMAN_OBSERVATION","license":"CC-BY 4.0 (Int)","coordinateUncertaintyM":5.0,"uncertaintyUnknown":false,"observationCount":1,"geographicOutlier":false}},{"type":"Feature","id":"088f2e41bd7b9aa4","geometry":{"type":"Point","coordinates":[152.114489,-29.790243]},"properties":{"species":"Petauroides volans","eventDate":"2025-05-20","basisOfRecord":"HUMAN_OBSERVATION","license":"CC-BY 4.0 (Int)","coordinateUncertaintyM":10.0,"uncertaintyUnknown":false,"observationCount":1,"geographicOutlier":false}},{"type":"Feature","id":"03a7ad6f9201975e","geometry":{"type":"Point","coordinates":[152.135344,-29.814933]},"properties":{"species":"Petauroides volans","eventDate":"2025-05-20","basisOfRecord":"HUMAN_OBSERVATION","license":"CC-BY 4.0 (Int)","coordinateUncertaintyM":5.0,"uncertaintyUnknown":false,"observationCount":1,"geographicOutlier":false}},{"type":"Feature","id":"064633ba2fd631dd","geometry":{"type":"Point","coordinates":[152.101532,-30.706128]},"properties":{"species":"Petauroides volans","eventDate":"2025-05-19","basisOfRecord":"HUMAN_OBSERVATION","license":"CC-BY 4.0 (Int)","coordinateUncertaintyM":10.0,"uncertaintyUnknown":false,"observationCount":1,"geographicOutlier":false}},{"type":"Feature","id":"9d954af6ae10ccd4","geometry":{"type":"Point","coordinates":[148.06613,-35.54323]},"properties":{"species":"Petauroides volans","eventDate":"2025-05-19","basisOfRecord":"HUMAN_OBSERVATION","license":"CC-BY 4.0 (Int)","coordinateUncertaintyM":10.0,"uncertaintyUnknown":false,"observationCount":1,"geographicOutlier":false}},{"type":"Feature","id":"73d9a695e8abcce7","geometry":{"type":"Point","coordinates":[152.108245,-30.704158]},"properties":{"species":"Petauroides volans","eventDate":"2025-05-19","basisOfRecord":"HUMAN_OBSERVATION","license":"CC-BY 4.0 (Int)","coordinateUncertaintyM":10.0,"uncertaintyUnknown":false,"observationCount":1,"geographicOutlier":false}},{"type":"Feature","id":"a70174d8a88ba7c3","geometry":{"type":"Point","coordinates":[152.099667,-30.706404]},"properties":{"species":"Petauroides volans","eventDate":"2025-05-19","basisOfRecord":"HUMAN_OBSERVATION","license":"CC-BY 4.0 (Int)","coordinateUncertaintyM":10.0,"uncertaintyUnknown":false,"observationCount":1,"geographicOutlier":false}},{"type":"Feature","id":"bfba9b758269c95c","geometry":{"type":"Point","coordinates":[152.110373,-30.703718]},"properties":{"species":"Petauroides volans","eventDate":"2025-05-19","basisOfRecord":"HUMAN_OBSERVATION","license":"CC-BY 4.0 (Int)","coordinateUncertaintyM":10.0,"uncertaintyUnknown":false,"observationCount":1,"geographicOutlier":false}},{"type":"Feature","id":"fa17f302db9b4a4c","geometry":{"type":"Point","coordinates":[152.10361,-30.705888]},"properties":{"species":"Petauroides volans","eventDate":"2025-05-19","basisOfRecord":"HUMAN_OBSERVATION","license":"CC-BY 4.0 (Int)","coordinateUncertaintyM":10.0,"uncertaintyUnknown":false,"observationCount":1,"geographicOutlier":false}},{"type":"Feature","id":"9c449f7c2040afc6","geometry":{"type":"Point","coordinates":[152.096954,-30.707252]},"properties":{"species":"Petauroides volans","eventDate":"2025-05-19","basisOfRecord":"HUMAN_OBSERVATION","license":"CC-BY 4.0 (Int)","coordinateUncertaintyM":10.0,"uncertaintyUnknown":false,"observationCount":1,"geographicOutlier":false}},{"type":"Feature","id":"00ed2e3c6e007356","geometry":{"type":"Point","coordinates":[146.18348,-36.80225]},"properties":{"species":"Petauroides volans","eventDate":"2025-05-19","basisOfRecord":"OCCURRENCE","license":"CC-BY 4.0 (Int)","coordinateUncertaintyM":5.0,"uncertaintyUnknown":false,"observationCount":1,"geographicOutlier":false}},{"type":"Feature","id":"686cb2e166252ec1","geometry":{"type":"Point","coordinates":[152.163503,-30.645235]},"properties":{"species":"Petauroides volans","eventDate":"2025-05-18","basisOfRecord":"HUMAN_OBSERVATION","license":"CC-BY 4.0 (Int)","coordinateUncertaintyM":10.0,"uncertaintyUnknown":false,"observationCount":1,"geographicOutlier":false}},{"type":"Feature","id":"4d4d966cba2ebc06","geometry":{"type":"Point","coordinates":[152.090176,-30.700105]},"properties":{"species":"Petauroides volans","eventDate":"2025-05-17","basisOfRecord":"HUMAN_OBSERVATION","license":"CC-BY 4.0 (Int)","coordinateUncertaintyM":10.0,"uncertaintyUnknown":false,"observationCount":1,"geographicOutlier":false}},{"type":"Feature","id":"8096fb0d66af8373","geometry":{"type":"Point","coordinates":[152.088294,-30.704572]},"properties":{"species":"Petauroides volans","eventDate":"2025-05-17","basisOfRecord":"HUMAN_OBSERVATION","license":"CC-BY 4.0 (Int)","coordinateUncertaintyM":10.0,"uncertaintyUnknown":false,"observationCount":1,"geographicOutlier":false}},{"type":"Feature","id":"293c5598879251fc","geometry":{"type":"Point","coordinates":[149.918522,-35.562785]},"properties":{"species":"Petauroides volans","eventDate":"2025-05-17","basisOfRecord":"HUMAN_OBSERVATION","license":"CC-BY 4.0 (Int)","coordinateUncertaintyM":50.0,"uncertaintyUnknown":false,"observationCount":1,"geographicOutlier":false}},{"type":"Feature","id":"7acb55d005d8ecd2","geometry":{"type":"Point","coordinates":[149.891447,-35.62971]},"properties":{"species":"Petauroides volans","eventDate":"2025-05-16","basisOfRecord":"HUMAN_OBSERVATION","license":"CC-BY 4.0 (Int)","coordinateUncertaintyM":50.0,"uncertaintyUnknown":false,"observationCount":1,"geographicOutlier":false}},{"type":"Feature","id":"cec810f698c38425","geometry":{"type":"Point","coordinates":[149.949471,-35.569208]},"properties":{"species":"Petauroides volans","eventDate":"2025-05-16","basisOfRecord":"HUMAN_OBSERVATION","license":"CC-BY 4.0 (Int)","coordinateUncertaintyM":50.0,"uncertaintyUnknown":false,"observationCount":1,"geographicOutlier":false}},{"type":"Feature","id":"b3a8df79ce5bd1be","geometry":{"type":"Point","coordinates":[152.100805,-30.706658]},"properties":{"species":"Petauroides volans","eventDate":"2025-05-16","basisOfRecord":"HUMAN_OBSERVATION","license":"CC-BY 4.0 (Int)","coordinateUncertaintyM":10.0,"uncertaintyUnknown":false,"observationCount":1,"geographicOutlier":false}},{"type":"Feature","id":"5048a378ed349f09","geometry":{"type":"Point","coordinates":[152.095973,-30.706542]},"properties":{"species":"Petauroides volans","eventDate":"2025-05-16","basisOfRecord":"HUMAN_OBSERVATION","license":"CC-BY 4.0 (Int)","coordinateUncertaintyM":10.0,"uncertaintyUnknown":false,"observationCount":1,"geographicOutlier":false}},{"type":"Feature","id":"2c85e5c73adce837","geometry":{"type":"Point","coordinates":[152.1644,-30.646063]},"properties":{"species":"Petauroides volans","eventDate":"2025-05-15","basisOfRecord":"HUMAN_OBSERVATION","license":"CC-BY 4.0 (Int)","coordinateUncertaintyM":10.0,"uncertaintyUnknown":false,"observationCount":1,"geographicOutlier":false}},{"type":"Feature","id":"f72fbc943c78cb78","geometry":{"type":"Point","coordinates":[149.936136,-35.5332]},"properties":{"species":"Petauroides volans","eventDate":"2025-05-09","basisOfRecord":"HUMAN_OBSERVATION","license":"CC-BY 4.0 (Int)","coordinateUncertaintyM":50.0,"uncertaintyUnknown":false,"observationCount":1,"geographicOutlier":false}},{"type":"Feature","id":"394b8df359f95d13","geometry":{"type":"Point","coordinates":[149.949704,-35.569303]},"properties":{"species":"Petauroides volans","eventDate":"2025-05-09","basisOfRecord":"HUMAN_OBSERVATION","license":"CC-BY 4.0 (Int)","coordinateUncertaintyM":50.0,"uncertaintyUnknown":false,"observationCount":1,"geographicOutlier":false}},{"type":"Feature","id":"20726fd2a7df142b","geometry":{"type":"Point","coordinates":[146.96485,-36.61231]},"properties":{"species":"Petauroides volans","eventDate":"2025-05-08","basisOfRecord":"OCCURRENCE","license":"CC-BY 4.0 (Int)","coordinateUncertaintyM":5.0,"uncertaintyUnknown":false,"observationCount":1,"geographicOutlier":false}},{"type":"Feature","id":"79d9450447a481d4","geometry":{"type":"Point","coordinates":[149.922571,-35.560074]},"properties":{"species":"Petauroides volans","eventDate":"2025-05-08","basisOfRecord":"HUMAN_OBSERVATION","license":"CC-BY 4.0 (Int)","coordinateUncertaintyM":50.0,"uncertaintyUnknown":false,"observationCount":1,"geographicOutlier":false}},{"type":"Feature","id":"4dc60462dd7a5235","geometry":{"type":"Point","coordinates":[149.918491,-35.563297]},"properties":{"species":"Petauroides volans","eventDate":"2025-05-08","basisOfRecord":"HUMAN_OBSERVATION","license":"CC-BY 4.0 (Int)","coordinateUncertaintyM":50.0,"uncertaintyUnknown":false,"observationCount":1,"geographicOutlier":false}},{"type":"Feature","id":"924bba1c867967a4","geometry":{"type":"Point","coordinates":[149.918562,-35.56323]},"properties":{"species":"Petauroides volans","eventDate":"2025-05-08","basisOfRecord":"HUMAN_OBSERVATION","license":"CC-BY 4.0 (Int)","coordinateUncertaintyM":50.0,"uncertaintyUnknown":false,"observationCount":1,"geographicOutlier":false}},{"type":"Feature","id":"7797ebb1b63aa625","geometry":{"type":"Point","coordinates":[146.96169,-36.61305]},"properties":{"species":"Petauroides volans","eventDate":"2025-05-08","basisOfRecord":"OCCURRENCE","license":"CC-BY 4.0 (Int)","coordinateUncertaintyM":5.0,"uncertaintyUnknown":false,"observationCount":1,"geographicOutlier":false}},{"type":"Feature","id":"fbf43af740ab02bb","geometry":{"type":"Point","coordinates":[149.922467,-35.55973]},"properties":{"species":"Petauroides volans","eventDate":"2025-05-08","basisOfRecord":"HUMAN_OBSERVATION","license":"CC-BY 4.0 (Int)","coordinateUncertaintyM":50.0,"uncertaintyUnknown":false,"observationCount":1,"geographicOutlier":false}},{"type":"Feature","id":"f4ead30710303265","geometry":{"type":"Point","coordinates":[152.187867,-31.589028]},"properties":{"species":"Petauroides volans","eventDate":"2025-05-07","basisOfRecord":"HUMAN_OBSERVATION","license":"CC-BY 4.0 (Int)","coordinateUncertaintyM":10.0,"uncertaintyUnknown":false,"observationCount":1,"geographicOutlier":false}},{"type":"Feature","id":"f240b61e20be17fb","geometry":{"type":"Point","coordinates":[152.119171,-29.789347]},"properties":{"species":"Petauroides volans","eventDate":"2025-05-07","basisOfRecord":"HUMAN_OBSERVATION","license":"CC-BY 4.0 (Int)","coordinateUncertaintyM":5.0,"uncertaintyUnknown":false,"observationCount":1,"geographicOutlier":false}},{"type":"Feature","id":"16c94b22aec210b5","geometry":{"type":"Point","coordinates":[151.563987,-31.397252]},"properties":{"species":"Petauroides volans","eventDate":"2025-05-07","basisOfRecord":"HUMAN_OBSERVATION","license":"CC-BY 4.0 (Int)","coordinateUncertaintyM":10.0,"uncertaintyUnknown":false,"observationCount":1,"geographicOutlier":false}},{"type":"Feature","id":"1918f1c4dfe30824","geometry":{"type":"Point","coordinates":[147.36389,-36.43107]},"properties":{"species":"Petauroides volans","eventDate":"2025-05-07","basisOfRecord":"OCCURRENCE","license":"CC-BY 4.0 (Int)","coordinateUncertaintyM":5.0,"uncertaintyUnknown":false,"observationCount":1,"geographicOutlier":false}},{"type":"Feature","id":"ab9c1dd671a745b9","geometry":{"type":"Point","coordinates":[151.563403,-31.399013]},"properties":{"species":"Petauroides volans","eventDate":"2025-05-07","basisOfRecord":"HUMAN_OBSERVATION","license":"CC-BY 4.0 (Int)","coordinateUncertaintyM":10.0,"uncertaintyUnknown":false,"observationCount":1,"geographicOutlier":false}},{"type":"Feature","id":"91575b86253d8e76","geometry":{"type":"Point","coordinates":[151.575074,-31.390871]},"properties":{"species":"Petauroides volans","eventDate":"2025-05-07","basisOfRecord":"HUMAN_OBSERVATION","license":"CC-BY 4.0 (Int)","coordinateUncertaintyM":10.0,"uncertaintyUnknown":false,"observationCount":1,"geographicOutlier":false}},{"type":"Feature","id":"cf2ce2ca470536b0","geometry":{"type":"Point","coordinates":[152.123276,-29.792398]},"properties":{"species":"Petauroides volans","eventDate":"2025-05-07","basisOfRecord":"HUMAN_OBSERVATION","license":"CC-BY 4.0 (Int)","coordinateUncertaintyM":5.0,"uncertaintyUnknown":false,"observationCount":1,"geographicOutlier":false}},{"type":"Feature","id":"c70c303d74f06055","geometry":{"type":"Point","coordinates":[152.169095,-30.643436]},"properties":{"species":"Petauroides volans","eventDate":"2025-05-06","basisOfRecord":"HUMAN_OBSERVATION","license":"CC-BY 4.0 (Int)","coordinateUncertaintyM":10.0,"uncertaintyUnknown":false,"observationCount":1,"geographicOutlier":false}},{"type":"Feature","id":"cebfc28e993bf06d","geometry":{"type":"Point","coordinates":[152.125817,-29.794248]},"properties":{"species":"Petauroides volans","eventDate":"2025-05-06","basisOfRecord":"HUMAN_OBSERVATION","license":"CC-BY 4.0 (Int)","coordinateUncertaintyM":5.0,"uncertaintyUnknown":false,"observationCount":1,"geographicOutlier":false}},{"type":"Feature","id":"0caf0074855d4d74","geometry":{"type":"Point","coordinates":[152.12939,-29.790238]},"properties":{"species":"Petauroides volans","eventDate":"2025-05-06","basisOfRecord":"HUMAN_OBSERVATION","license":"CC-BY 4.0 (Int)","coordinateUncertaintyM":5.0,"uncertaintyUnknown":false,"observationCount":1,"geographicOutlier":false}},{"type":"Feature","id":"ea410de7ae1af4bc","geometry":{"type":"Point","coordinates":[152.166838,-30.643105]},"properties":{"species":"Petauroides volans","eventDate":"2025-05-06","basisOfRecord":"HUMAN_OBSERVATION","license":"CC-BY 4.0 (Int)","coordinateUncertaintyM":10.0,"uncertaintyUnknown":false,"observationCount":1,"geographicOutlier":false}},{"type":"Feature","id":"3acf582d6710d82f","geometry":{"type":"Point","coordinates":[146.83855,-36.40852]},"properties":{"species":"Petauroides volans","eventDate":"2025-05-05","basisOfRecord":"OCCURRENCE","license":"CC-BY 4.0 (Int)","coordinateUncertaintyM":5.0,"uncertaintyUnknown":false,"observationCount":1,"geographicOutlier":false}},{"type":"Feature","id":"6d7c560ea4a32fdd","geometry":{"type":"Point","coordinates":[146.83842,-36.41132]},"properties":{"species":"Petauroides volans","eventDate":"2025-05-05","basisOfRecord":"OCCURRENCE","license":"CC-BY 4.0 (Int)","coordinateUncertaintyM":5.0,"uncertaintyUnknown":false,"observationCount":1,"geographicOutlier":false}},{"type":"Feature","id":"bb156c393677dc87","geometry":{"type":"Point","coordinates":[152.163632,-30.645149]},"properties":{"species":"Petauroides volans","eventDate":"2025-05-04","basisOfRecord":"HUMAN_OBSERVATION","license":"CC-BY 4.0 (Int)","coordinateUncertaintyM":10.0,"uncertaintyUnknown":false,"observationCount":1,"geographicOutlier":false}},{"type":"Feature","id":"692b41535b5000df","geometry":{"type":"Point","coordinates":[152.111635,-29.789199]},"properties":{"species":"Petauroides volans","eventDate":"2025-05-03","basisOfRecord":"HUMAN_OBSERVATION","license":"CC-BY 4.0 (Int)","coordinateUncertaintyM":5.0,"uncertaintyUnknown":false,"observationCount":1,"geographicOutlier":false}},{"type":"Feature","id":"aa9069b2bf845c9a","geometry":{"type":"Point","coordinates":[145.32739,-37.46028]},"properties":{"species":"Petauroides volans","eventDate":"2025-05-03","basisOfRecord":"OBSERVATION","license":"CC-BY 4.0 (Int)","coordinateUncertaintyM":10.0,"uncertaintyUnknown":false,"observationCount":1,"geographicOutlier":false}},{"type":"Feature","id":"e6a2efffbf7ef4b8","geometry":{"type":"Point","coordinates":[152.178658,-31.612629]},"properties":{"species":"Petauroides volans","eventDate":"2025-05-03","basisOfRecord":"HUMAN_OBSERVATION","license":"CC-BY 4.0 (Int)","coordinateUncertaintyM":10.0,"uncertaintyUnknown":false,"observationCount":1,"geographicOutlier":false}},{"type":"Feature","id":"5aa47e49965676c0","geometry":{"type":"Point","coordinates":[152.116363,-29.788076]},"properties":{"species":"Petauroides volans","eventDate":"2025-05-03","basisOfRecord":"HUMAN_OBSERVATION","license":"CC-BY 4.0 (Int)","coordinateUncertaintyM":5.0,"uncertaintyUnknown":false,"observationCount":1,"geographicOutlier":false}},{"type":"Feature","id":"17066aa92b90e5b5","geometry":{"type":"Point","coordinates":[152.164579,-30.641967]},"properties":{"species":"Petauroides volans","eventDate":"2025-05-03","basisOfRecord":"HUMAN_OBSERVATION","license":"CC-BY 4.0 (Int)","coordinateUncertaintyM":10.0,"uncertaintyUnknown":false,"observationCount":1,"geographicOutlier":false}},{"type":"Feature","id":"8b3af5f277fcb523","geometry":{"type":"Point","coordinates":[149.879759,-35.56722]},"properties":{"species":"Petauroides volans","eventDate":"2025-05-02","basisOfRecord":"HUMAN_OBSERVATION","license":"CC-BY 4.0 (Int)","coordinateUncertaintyM":50.0,"uncertaintyUnknown":false,"observationCount":1,"geographicOutlier":false}},{"type":"Feature","id":"e94f634ada2b9eb6","geometry":{"type":"Point","coordinates":[149.947556,-35.568952]},"properties":{"species":"Petauroides volans","eventDate":"2025-05-02","basisOfRecord":"HUMAN_OBSERVATION","license":"CC-BY 4.0 (Int)","coordinateUncertaintyM":50.0,"uncertaintyUnknown":false,"observationCount":1,"geographicOutlier":false}},{"type":"Feature","id":"f993fe3f2cf4ff26","geometry":{"type":"Point","coordinates":[149.922483,-35.560122]},"properties":{"species":"Petauroides volans","eventDate":"2025-05-02","basisOfRecord":"HUMAN_OBSERVATION","license":"CC-BY 4.0 (Int)","coordinateUncertaintyM":50.0,"uncertaintyUnknown":false,"observationCount":1,"geographicOutlier":false}},{"type":"Feature","id":"0e2e04d0be1b469e","geometry":{"type":"Point","coordinates":[149.948506,-35.56877]},"properties":{"species":"Petauroides volans","eventDate":"2025-05-02","basisOfRecord":"HUMAN_OBSERVATION","license":"CC-BY 4.0 (Int)","coordinateUncertaintyM":50.0,"uncertaintyUnknown":false,"observationCount":1,"geographicOutlier":false}},{"type":"Feature","id":"896d3f3bbf25cf2d","geometry":{"type":"Point","coordinates":[149.892107,-35.629037]},"properties":{"species":"Petauroides volans","eventDate":"2025-05-02","basisOfRecord":"HUMAN_OBSERVATION","license":"CC-BY 4.0 (Int)","coordinateUncertaintyM":50.0,"uncertaintyUnknown":false,"observationCount":1,"geographicOutlier":false}},{"type":"Feature","id":"c75c17d3f47b6e5b","geometry":{"type":"Point","coordinates":[152.100753,-30.706643]},"properties":{"species":"Petauroides volans","eventDate":"2025-05-02","basisOfRecord":"HUMAN_OBSERVATION","license":"CC-BY 4.0 (Int)","coordinateUncertaintyM":10.0,"uncertaintyUnknown":false,"observationCount":1,"geographicOutlier":false}},{"type":"Feature","id":"30b5290f05c52014","geometry":{"type":"Point","coordinates":[152.425473,-29.122625]},"properties":{"species":"Petauroides volans","eventDate":"2025-04-30","basisOfRecord":"HUMAN_OBSERVATION","license":"CC-BY 4.0 (Int)","coordinateUncertaintyM":10.0,"uncertaintyUnknown":false,"observationCount":1,"geographicOutlier":false}},{"type":"Feature","id":"0b034d57613c28c8","geometry":{"type":"Point","coordinates":[152.416716,-29.11524]},"properties":{"species":"Petauroides volans","eventDate":"2025-04-30","basisOfRecord":"HUMAN_OBSERVATION","license":"CC-BY 4.0 (Int)","coordinateUncertaintyM":10.0,"uncertaintyUnknown":false,"observationCount":1,"geographicOutlier":false}},{"type":"Feature","id":"203ed1ef8e1de8bf","geometry":{"type":"Point","coordinates":[152.420678,-29.099833]},"properties":{"species":"Petauroides volans","eventDate":"2025-04-28","basisOfRecord":"HUMAN_OBSERVATION","license":"CC-BY 4.0 (Int)","coordinateUncertaintyM":10.0,"uncertaintyUnknown":false,"observationCount":1,"geographicOutlier":false}},{"type":"Feature","id":"f8c6242e9ab67ed4","geometry":{"type":"Point","coordinates":[152.122395,-29.790399]},"properties":{"species":"Petauroides volans","eventDate":"2025-04-28","basisOfRecord":"HUMAN_OBSERVATION","license":"CC-BY 4.0 (Int)","coordinateUncertaintyM":5.0,"uncertaintyUnknown":false,"observationCount":1,"geographicOutlier":false}},{"type":"Feature","id":"bb846dd03d09f583","geometry":{"type":"Point","coordinates":[152.110913,-29.791297]},"properties":{"species":"Petauroides volans","eventDate":"2025-04-28","basisOfRecord":"HUMAN_OBSERVATION","license":"CC-BY 4.0 (Int)","coordinateUncertaintyM":5.0,"uncertaintyUnknown":false,"observationCount":1,"geographicOutlier":false}},{"type":"Feature","id":"e56c8d1922bf74da","geometry":{"type":"Point","coordinates":[152.10278,-30.70046]},"properties":{"species":"Petauroides volans","eventDate":"2025-04-25","basisOfRecord":"HUMAN_OBSERVATION","license":"CC-BY 4.0 (Int)","coordinateUncertaintyM":10.0,"uncertaintyUnknown":false,"observationCount":1,"geographicOutlier":false}},{"type":"Feature","id":"d9f98af1828f44d5","geometry":{"type":"Point","coordinates":[152.102917,-30.697554]},"properties":{"species":"Petauroides volans","eventDate":"2025-04-25","basisOfRecord":"HUMAN_OBSERVATION","license":"CC-BY 4.0 (Int)","coordinateUncertaintyM":10.0,"uncertaintyUnknown":false,"observationCount":1,"geographicOutlier":false}},{"type":"Feature","id":"6b83888a4d7ff4e5","geometry":{"type":"Point","coordinates":[152.100597,-30.702665]},"properties":{"species":"Petauroides volans","eventDate":"2025-04-25","basisOfRecord":"HUMAN_OBSERVATION","license":"CC-BY 4.0 (Int)","coordinateUncertaintyM":10.0,"uncertaintyUnknown":false,"observationCount":1,"geographicOutlier":false}},{"type":"Feature","id":"d73b2abd6c1eae94","geometry":{"type":"Point","coordinates":[152.102652,-30.699386]},"properties":{"species":"Petauroides volans","eventDate":"2025-04-25","basisOfRecord":"HUMAN_OBSERVATION","license":"CC-BY 4.0 (Int)","coordinateUncertaintyM":10.0,"uncertaintyUnknown":false,"observationCount":1,"geographicOutlier":false}},{"type":"Feature","id":"5c79e18698f941e4","geometry":{"type":"Point","coordinates":[152.103232,-30.697344]},"properties":{"species":"Petauroides volans","eventDate":"2025-04-25","basisOfRecord":"HUMAN_OBSERVATION","license":"CC-BY 4.0 (Int)","coordinateUncertaintyM":10.0,"uncertaintyUnknown":false,"observationCount":1,"geographicOutlier":false}},{"type":"Feature","id":"29d226f2dffdd3dd","geometry":{"type":"Point","coordinates":[152.16841,-30.644802]},"properties":{"species":"Petauroides volans","eventDate":"2025-04-21","basisOfRecord":"HUMAN_OBSERVATION","license":"CC-BY 4.0 (Int)","coordinateUncertaintyM":10.0,"uncertaintyUnknown":false,"observationCount":1,"geographicOutlier":false}},{"type":"Feature","id":"3121756d367288c6","geometry":{"type":"Point","coordinates":[149.682993,-35.793599]},"properties":{"species":"Petauroides volans","eventDate":"2025-04-19","basisOfRecord":"HUMAN_OBSERVATION","license":"CC-BY 4.0 (Int)","coordinateUncertaintyM":718.0,"uncertaintyUnknown":false,"observationCount":1,"geographicOutlier":false}},{"type":"Feature","id":"0f5528b4211394a8","geometry":{"type":"Point","coordinates":[150.161756,-30.281679]},"properties":{"species":"Petauroides volans","eventDate":"2025-04-19","basisOfRecord":"HUMAN_OBSERVATION","license":"CC-BY 4.0 (Int)","coordinateUncertaintyM":25.0,"uncertaintyUnknown":false,"observationCount":1,"geographicOutlier":false}},{"type":"Feature","id":"3e7381f735bd379b","geometry":{"type":"Point","coordinates":[147.0137,-36.6358]},"properties":{"species":"Petauroides volans","eventDate":"2025-04-17","basisOfRecord":"OCCURRENCE","license":"CC-BY 4.0 (Int)","coordinateUncertaintyM":20.0,"uncertaintyUnknown":false,"observationCount":1,"geographicOutlier":false}},{"type":"Feature","id":"4e1e98cc75cba684","geometry":{"type":"Point","coordinates":[146.81935,-36.4353]},"properties":{"species":"Petauroides volans","eventDate":"2025-04-16","basisOfRecord":"OCCURRENCE","license":"CC-BY 4.0 (Int)","coordinateUncertaintyM":5.0,"uncertaintyUnknown":false,"observationCount":1,"geographicOutlier":false}},{"type":"Feature","id":"01589664c01c1b93","geometry":{"type":"Point","coordinates":[146.8164,-36.43355]},"properties":{"species":"Petauroides volans","eventDate":"2025-04-16","basisOfRecord":"OCCURRENCE","license":"CC-BY 4.0 (Int)","coordinateUncertaintyM":5.0,"uncertaintyUnknown":false,"observationCount":1,"geographicOutlier":false}},{"type":"Feature","id":"de604892d464aab5","geometry":{"type":"Point","coordinates":[146.21494,-36.72291]},"properties":{"species":"Petauroides volans","eventDate":"2025-04-15","basisOfRecord":"OCCURRENCE","license":"CC-BY 4.0 (Int)","coordinateUncertaintyM":5.0,"uncertaintyUnknown":false,"observationCount":1,"geographicOutlier":false}},{"type":"Feature","id":"2edfb31a903d1b3f","geometry":{"type":"Point","coordinates":[146.21302,-36.71572]},"properties":{"species":"Petauroides volans","eventDate":"2025-04-15","basisOfRecord":"OCCURRENCE","license":"CC-BY 4.0 (Int)","coordinateUncertaintyM":5.0,"uncertaintyUnknown":false,"observationCount":1,"geographicOutlier":false}},{"type":"Feature","id":"29a49d525f12701e","geometry":{"type":"Point","coordinates":[146.21882,-36.72379]},"properties":{"species":"Petauroides volans","eventDate":"2025-04-14","basisOfRecord":"OCCURRENCE","license":"CC-BY 4.0 (Int)","coordinateUncertaintyM":5.0,"uncertaintyUnknown":false,"observationCount":1,"geographicOutlier":false}},{"type":"Feature","id":"00986d8dc0e8801f","geometry":{"type":"Point","coordinates":[146.21614,-36.72102]},"properties":{"species":"Petauroides volans","eventDate":"2025-04-14","basisOfRecord":"OCCURRENCE","license":"CC-BY 4.0 (Int)","coordinateUncertaintyM":5.0,"uncertaintyUnknown":false,"observationCount":1,"geographicOutlier":false}},{"type":"Feature","id":"ee9a6cd7751e9f8d","geometry":{"type":"Point","coordinates":[152.167648,-30.645155]},"properties":{"species":"Petauroides volans","eventDate":"2025-04-12","basisOfRecord":"HUMAN_OBSERVATION","license":"CC-BY 4.0 (Int)","coordinateUncertaintyM":10.0,"uncertaintyUnknown":false,"observationCount":1,"geographicOutlier":false}},{"type":"Feature","id":"70047f4d20b4ebef","geometry":{"type":"Point","coordinates":[150.05802,-33.96647]},"properties":{"species":"Petauroides volans","eventDate":"2025-04-12","basisOfRecord":"HUMAN_OBSERVATION","license":"CC-BY 4.0 (Int)","coordinateUncertaintyM":5.0,"uncertaintyUnknown":false,"observationCount":1,"geographicOutlier":false}},{"type":"Feature","id":"0d452139e7aa7ab5","geometry":{"type":"Point","coordinates":[152.166651,-30.644717]},"properties":{"species":"Petauroides volans","eventDate":"2025-04-12","basisOfRecord":"HUMAN_OBSERVATION","license":"CC-BY 4.0 (Int)","coordinateUncertaintyM":10.0,"uncertaintyUnknown":false,"observationCount":1,"geographicOutlier":false}},{"type":"Feature","id":"0c7ef9d282d84e59","geometry":{"type":"Point","coordinates":[150.05725,-33.97084]},"properties":{"species":"Petauroides volans","eventDate":"2025-04-12","basisOfRecord":"HUMAN_OBSERVATION","license":"CC-BY 4.0 (Int)","coordinateUncertaintyM":5.0,"uncertaintyUnknown":false,"observationCount":1,"geographicOutlier":false}},{"type":"Feature","id":"8aba756c1acc8cf8","geometry":{"type":"Point","coordinates":[152.569309,-31.575087]},"properties":{"species":"Petauroides volans","eventDate":"2025-04-08","basisOfRecord":"HUMAN_OBSERVATION","license":"CC-BY 4.0 (Int)","coordinateUncertaintyM":10.0,"uncertaintyUnknown":false,"observationCount":1,"geographicOutlier":false}},{"type":"Feature","id":"d36d97493eb7e69f","geometry":{"type":"Point","coordinates":[152.13615,-29.819882]},"properties":{"species":"Petauroides volans","eventDate":"2025-04-08","basisOfRecord":"HUMAN_OBSERVATION","license":"CC-BY 4.0 (Int)","coordinateUncertaintyM":10.0,"uncertaintyUnknown":false,"observationCount":1,"geographicOutlier":false}},{"type":"Feature","id":"0f5e68a026d6dbbe","geometry":{"type":"Point","coordinates":[152.135058,-29.821707]},"properties":{"species":"Petauroides volans","eventDate":"2025-04-07","basisOfRecord":"HUMAN_OBSERVATION","license":"CC-BY 4.0 (Int)","coordinateUncertaintyM":10.0,"uncertaintyUnknown":false,"observationCount":1,"geographicOutlier":false}},{"type":"Feature","id":"d2d2f0508355994a","geometry":{"type":"Point","coordinates":[152.199347,-31.591309]},"properties":{"species":"Petauroides volans","eventDate":"2025-04-05","basisOfRecord":"HUMAN_OBSERVATION","license":"CC-BY 4.0 (Int)","coordinateUncertaintyM":10.0,"uncertaintyUnknown":false,"observationCount":1,"geographicOutlier":false}},{"type":"Feature","id":"f061accc51031fa9","geometry":{"type":"Point","coordinates":[150.229423,-33.399777]},"properties":{"species":"Petauroides volans","eventDate":"2025-04-01","basisOfRecord":"HUMAN_OBSERVATION","license":"CC-BY 4.0 (Int)","coordinateUncertaintyM":100.0,"uncertaintyUnknown":false,"observationCount":1,"geographicOutlier":false}},{"type":"Feature","id":"e3245272feb89350","geometry":{"type":"Point","coordinates":[146.54529,-36.77334]},"properties":{"species":"Petauroides volans","eventDate":"2025-03-26","basisOfRecord":"OCCURRENCE","license":"CC-BY 4.0 (Int)","coordinateUncertaintyM":5.0,"uncertaintyUnknown":false,"observationCount":1,"geographicOutlier":false}},{"type":"Feature","id":"7c46fe4a4bcbc8aa","geometry":{"type":"Point","coordinates":[146.55107,-36.77744]},"properties":{"species":"Petauroides volans","eventDate":"2025-03-25","basisOfRecord":"OCCURRENCE","license":"CC-BY 4.0 (Int)","coordinateUncertaintyM":5.0,"uncertaintyUnknown":false,"observationCount":1,"geographicOutlier":false}},{"type":"Feature","id":"368f7146966e00e9","geometry":{"type":"Point","coordinates":[149.872106,-33.477199]},"properties":{"species":"Petauroides volans","eventDate":"2025-03-25","basisOfRecord":"HUMAN_OBSERVATION","license":"CC-BY 4.0 (Int)","coordinateUncertaintyM":100.0,"uncertaintyUnknown":false,"observationCount":1,"geographicOutlier":false}},{"type":"Feature","id":"9079c6007631d7bd","geometry":{"type":"Point","coordinates":[150.426088,-34.428016]},"properties":{"species":"Petauroides volans","eventDate":"2025-03-21","basisOfRecord":"HUMAN_OBSERVATION","license":"CC-BY 4.0 (Int)","coordinateUncertaintyM":5.0,"uncertaintyUnknown":false,"observationCount":1,"geographicOutlier":false}},{"type":"Feature","id":"8f6aac06b41d4099","geometry":{"type":"Point","coordinates":[150.12646,-35.968572]},"properties":{"species":"Petauroides volans","eventDate":"2025-03-17","basisOfRecord":"HUMAN_OBSERVATION","license":"CC-BY 4.0 (Int)","coordinateUncertaintyM":7.0,"uncertaintyUnknown":false,"observationCount":1,"geographicOutlier":false}},{"type":"Feature","id":"c945e2bfddba2bde","geometry":{"type":"Point","coordinates":[152.189298,-31.59281]},"properties":{"species":"Petauroides volans","eventDate":"2025-03-12","basisOfRecord":"HUMAN_OBSERVATION","license":"CC-BY 4.0 (Int)","coordinateUncertaintyM":10.0,"uncertaintyUnknown":false,"observationCount":1,"geographicOutlier":false}},{"type":"Feature","id":"e3c221b883716b52","geometry":{"type":"Point","coordinates":[150.128208,-33.368961]},"properties":{"species":"Petauroides volans","eventDate":"2025-03-12","basisOfRecord":"HUMAN_OBSERVATION","license":"CC-BY 4.0 (Int)","coordinateUncertaintyM":100.0,"uncertaintyUnknown":false,"observationCount":1,"geographicOutlier":false}},{"type":"Feature","id":"ff7a8fa299d1e960","geometry":{"type":"Point","coordinates":[144.2667,-37.3616]},"properties":{"species":"Petauroides volans","eventDate":"2025-03-11","basisOfRecord":"OBSERVATION","license":"CC-BY 4.0 (Int)","coordinateUncertaintyM":5.0,"uncertaintyUnknown":false,"observationCount":1,"geographicOutlier":false}},{"type":"Feature","id":"2dc7f71c6926f9ce","geometry":{"type":"Point","coordinates":[150.188876,-33.333134]},"properties":{"species":"Petauroides volans","eventDate":"2025-03-04","basisOfRecord":"HUMAN_OBSERVATION","license":"CC-BY 4.0 (Int)","coordinateUncertaintyM":100.0,"uncertaintyUnknown":false,"observationCount":1,"geographicOutlier":false}},{"type":"Feature","id":"940cf81191a77042","geometry":{"type":"Point","coordinates":[151.49677,-31.467786]},"properties":{"species":"Petauroides volans","eventDate":"2025-03-03","basisOfRecord":"HUMAN_OBSERVATION","license":"CC-BY 4.0 (Int)","coordinateUncertaintyM":10.0,"uncertaintyUnknown":false,"observationCount":1,"geographicOutlier":false}},{"type":"Feature","id":"babcf85e63195152","geometry":{"type":"Point","coordinates":[151.494542,-31.46626]},"properties":{"species":"Petauroides volans","eventDate":"2025-03-03","basisOfRecord":"HUMAN_OBSERVATION","license":"CC-BY 4.0 (Int)","coordinateUncertaintyM":10.0,"uncertaintyUnknown":false,"observationCount":1,"geographicOutlier":false}},{"type":"Feature","id":"4ec724406449fdd5","geometry":{"type":"Point","coordinates":[151.49083,-31.466802]},"properties":{"species":"Petauroides volans","eventDate":"2025-03-03","basisOfRecord":"HUMAN_OBSERVATION","license":"CC-BY 4.0 (Int)","coordinateUncertaintyM":10.0,"uncertaintyUnknown":false,"observationCount":1,"geographicOutlier":false}},{"type":"Feature","id":"fefeef5eddab7337","geometry":{"type":"Point","coordinates":[151.500518,-31.471439]},"properties":{"species":"Petauroides volans","eventDate":"2025-03-02","basisOfRecord":"HUMAN_OBSERVATION","license":"CC-BY 4.0 (Int)","coordinateUncertaintyM":10.0,"uncertaintyUnknown":false,"observationCount":1,"geographicOutlier":false}},{"type":"Feature","id":"d828415f4cbf1a56","geometry":{"type":"Point","coordinates":[151.48978,-31.467196]},"properties":{"species":"Petauroides volans","eventDate":"2025-03-01","basisOfRecord":"HUMAN_OBSERVATION","license":"CC-BY 4.0 (Int)","coordinateUncertaintyM":10.0,"uncertaintyUnknown":false,"observationCount":1,"geographicOutlier":false}},{"type":"Feature","id":"1d9741c3ae8b8010","geometry":{"type":"Point","coordinates":[151.494998,-31.465207]},"properties":{"species":"Petauroides volans","eventDate":"2025-03-01","basisOfRecord":"HUMAN_OBSERVATION","license":"CC-BY 4.0 (Int)","coordinateUncertaintyM":10.0,"uncertaintyUnknown":false,"observationCount":1,"geographicOutlier":false}},{"type":"Feature","id":"d66b3a183a344c75","geometry":{"type":"Point","coordinates":[151.490624,-31.466892]},"properties":{"species":"Petauroides volans","eventDate":"2025-03-01","basisOfRecord":"HUMAN_OBSERVATION","license":"CC-BY 4.0 (Int)","coordinateUncertaintyM":10.0,"uncertaintyUnknown":false,"observationCount":1,"geographicOutlier":false}},{"type":"Feature","id":"1d68c0b95e7f77c2","geometry":{"type":"Point","coordinates":[150.444771,-34.435488]},"properties":{"species":"Petauroides volans","eventDate":"2025-02-28","basisOfRecord":"HUMAN_OBSERVATION","license":"CC-BY 4.0 (Int)","coordinateUncertaintyM":5.0,"uncertaintyUnknown":false,"observationCount":1,"geographicOutlier":false}},{"type":"Feature","id":"452df4e99d8edcd3","geometry":{"type":"Point","coordinates":[150.443954,-34.442411]},"properties":{"species":"Petauroides volans","eventDate":"2025-02-28","basisOfRecord":"HUMAN_OBSERVATION","license":"CC-BY 4.0 (Int)","coordinateUncertaintyM":5.0,"uncertaintyUnknown":false,"observationCount":1,"geographicOutlier":false}},{"type":"Feature","id":"0df7d5954ca5faa0","geometry":{"type":"Point","coordinates":[145.68643,-37.87778]},"properties":{"species":"Petauroides volans","eventDate":"2025-02-27","basisOfRecord":"OCCURRENCE","license":"CC-BY 4.0 (Int)","coordinateUncertaintyM":5.0,"uncertaintyUnknown":false,"observationCount":1,"geographicOutlier":false}},{"type":"Feature","id":"f36b41d561c4c93b","geometry":{"type":"Point","coordinates":[151.500698,-31.467489]},"properties":{"species":"Petauroides volans","eventDate":"2025-02-27","basisOfRecord":"HUMAN_OBSERVATION","license":"CC-BY 4.0 (Int)","coordinateUncertaintyM":10.0,"uncertaintyUnknown":false,"observationCount":1,"geographicOutlier":false}},{"type":"Feature","id":"36a975b18d323d54","geometry":{"type":"Point","coordinates":[149.440245,-36.613659]},"properties":{"species":"Petauroides volans","eventDate":"2025-02-27","basisOfRecord":"HUMAN_OBSERVATION","license":"CC-BY 4.0 (Int)","coordinateUncertaintyM":10.0,"uncertaintyUnknown":false,"observationCount":1,"geographicOutlier":false}},{"type":"Feature","id":"665cd28b625dfd95","geometry":{"type":"Point","coordinates":[151.494084,-31.465109]},"properties":{"species":"Petauroides volans","eventDate":"2025-02-26","basisOfRecord":"HUMAN_OBSERVATION","license":"CC-BY 4.0 (Int)","coordinateUncertaintyM":10.0,"uncertaintyUnknown":false,"observationCount":1,"geographicOutlier":false}},{"type":"Feature","id":"066f2e05c3a5df23","geometry":{"type":"Point","coordinates":[151.50039,-31.475167]},"properties":{"species":"Petauroides volans","eventDate":"2025-02-26","basisOfRecord":"HUMAN_OBSERVATION","license":"CC-BY 4.0 (Int)","coordinateUncertaintyM":10.0,"uncertaintyUnknown":false,"observationCount":1,"geographicOutlier":false}},{"type":"Feature","id":"bcb3fc4d449ec836","geometry":{"type":"Point","coordinates":[151.499524,-31.468091]},"properties":{"species":"Petauroides volans","eventDate":"2025-02-26","basisOfRecord":"HUMAN_OBSERVATION","license":"CC-BY 4.0 (Int)","coordinateUncertaintyM":10.0,"uncertaintyUnknown":false,"observationCount":1,"geographicOutlier":false}},{"type":"Feature","id":"739e5cedb51e24bf","geometry":{"type":"Point","coordinates":[151.498997,-31.472957]},"properties":{"species":"Petauroides volans","eventDate":"2025-02-26","basisOfRecord":"HUMAN_OBSERVATION","license":"CC-BY 4.0 (Int)","coordinateUncertaintyM":10.0,"uncertaintyUnknown":false,"observationCount":1,"geographicOutlier":false}},{"type":"Feature","id":"3764b7e1cefee61b","geometry":{"type":"Point","coordinates":[151.499615,-31.47359]},"properties":{"species":"Petauroides volans","eventDate":"2025-02-26","basisOfRecord":"HUMAN_OBSERVATION","license":"CC-BY 4.0 (Int)","coordinateUncertaintyM":10.0,"uncertaintyUnknown":false,"observationCount":1,"geographicOutlier":false}},{"type":"Feature","id":"b7860ce41dd925a6","geometry":{"type":"Point","coordinates":[145.51714,-37.43289]},"properties":{"species":"Petauroides volans","eventDate":"2025-02-25","basisOfRecord":"OCCURRENCE","license":"CC-BY 4.0 (Int)","coordinateUncertaintyM":5.0,"uncertaintyUnknown":false,"observationCount":1,"geographicOutlier":false}},{"type":"Feature","id":"c711d11f60d18b8f","geometry":{"type":"Point","coordinates":[151.500106,-31.474933]},"properties":{"species":"Petauroides volans","eventDate":"2025-02-25","basisOfRecord":"HUMAN_OBSERVATION","license":"CC-BY 4.0 (Int)","coordinateUncertaintyM":10.0,"uncertaintyUnknown":false,"observationCount":1,"geographicOutlier":false}},{"type":"Feature","id":"b16e27f72374d384","geometry":{"type":"Point","coordinates":[145.51808,-37.43259]},"properties":{"species":"Petauroides volans","eventDate":"2025-02-25","basisOfRecord":"OCCURRENCE","license":"CC-BY 4.0 (Int)","coordinateUncertaintyM":5.0,"uncertaintyUnknown":false,"observationCount":1,"geographicOutlier":false}},{"type":"Feature","id":"6e09d3536b1a6928","geometry":{"type":"Point","coordinates":[151.487691,-31.478456]},"properties":{"species":"Petauroides volans","eventDate":"2025-02-24","basisOfRecord":"HUMAN_OBSERVATION","license":"CC-BY 4.0 (Int)","coordinateUncertaintyM":10.0,"uncertaintyUnknown":false,"observationCount":1,"geographicOutlier":false}},{"type":"Feature","id":"bab3d9e29d916390","geometry":{"type":"Point","coordinates":[151.488246,-31.480175]},"properties":{"species":"Petauroides volans","eventDate":"2025-02-24","basisOfRecord":"HUMAN_OBSERVATION","license":"CC-BY 4.0 (Int)","coordinateUncertaintyM":10.0,"uncertaintyUnknown":false,"observationCount":1,"geographicOutlier":false}},{"type":"Feature","id":"3fcb2b70de4ca658","geometry":{"type":"Point","coordinates":[149.43835,-36.609196]},"properties":{"species":"Petauroides volans","eventDate":"2025-02-23","basisOfRecord":"HUMAN_OBSERVATION","license":"CC-BY 4.0 (Int)","coordinateUncertaintyM":10.0,"uncertaintyUnknown":false,"observationCount":1,"geographicOutlier":false}},{"type":"Feature","id":"b5802605f7953f7a","geometry":{"type":"Point","coordinates":[151.484657,-31.479984]},"properties":{"species":"Petauroides volans","eventDate":"2025-02-22","basisOfRecord":"HUMAN_OBSERVATION","license":"CC-BY 4.0 (Int)","coordinateUncertaintyM":10.0,"uncertaintyUnknown":false,"observationCount":1,"geographicOutlier":false}},{"type":"Feature","id":"238836e04ef4628a","geometry":{"type":"Point","coordinates":[146.18545,-36.77448]},"properties":{"species":"Petauroides volans","eventDate":"2025-02-21","basisOfRecord":"OCCURRENCE","license":"CC-BY 4.0 (Int)","coordinateUncertaintyM":5.0,"uncertaintyUnknown":false,"observationCount":1,"geographicOutlier":false}},{"type":"Feature","id":"bb2e479ed4a54cad","geometry":{"type":"Point","coordinates":[146.18659,-36.77243]},"properties":{"species":"Petauroides volans","eventDate":"2025-02-21","basisOfRecord":"OCCURRENCE","license":"CC-BY 4.0 (Int)","coordinateUncertaintyM":5.0,"uncertaintyUnknown":false,"observationCount":1,"geographicOutlier":false}},{"type":"Feature","id":"ac9e54cdbf816032","geometry":{"type":"Point","coordinates":[146.2069,-36.76096]},"properties":{"species":"Petauroides volans","eventDate":"2025-02-20","basisOfRecord":"OCCURRENCE","license":"CC-BY 4.0 (Int)","coordinateUncertaintyM":5.0,"uncertaintyUnknown":false,"observationCount":1,"geographicOutlier":false}},{"type":"Feature","id":"845ec9fce115e7c7","geometry":{"type":"Point","coordinates":[146.20732,-36.76016]},"properties":{"species":"Petauroides volans","eventDate":"2025-02-20","basisOfRecord":"OCCURRENCE","license":"CC-BY 4.0 (Int)","coordinateUncertaintyM":5.0,"uncertaintyUnknown":false,"observationCount":1,"geographicOutlier":false}},{"type":"Feature","id":"39368de3d0baaed5","geometry":{"type":"Point","coordinates":[146.18676,-36.7734]},"properties":{"species":"Petauroides volans","eventDate":"2025-02-19","basisOfRecord":"OCCURRENCE","license":"CC-BY 4.0 (Int)","coordinateUncertaintyM":5.0,"uncertaintyUnknown":false,"observationCount":1,"geographicOutlier":false}},{"type":"Feature","id":"f01c443959df3ffd","geometry":{"type":"Point","coordinates":[146.18517,-36.77474]},"properties":{"species":"Petauroides volans","eventDate":"2025-02-19","basisOfRecord":"OCCURRENCE","license":"CC-BY 4.0 (Int)","coordinateUncertaintyM":5.0,"uncertaintyUnknown":false,"observationCount":1,"geographicOutlier":false}},{"type":"Feature","id":"0a66fbe12e19f68d","geometry":{"type":"Point","coordinates":[149.964617,-34.427968]},"properties":{"species":"Petauroides volans","eventDate":"2025-02-16","basisOfRecord":"HUMAN_OBSERVATION","license":"CC-BY 4.0 (Int)","coordinateUncertaintyM":10.0,"uncertaintyUnknown":false,"observationCount":1,"geographicOutlier":false}},{"type":"Feature","id":"8ea7b09ed3293048","geometry":{"type":"Point","coordinates":[151.47815,-31.478644]},"properties":{"species":"Petauroides volans","eventDate":"2025-02-15","basisOfRecord":"HUMAN_OBSERVATION","license":"CC-BY 4.0 (Int)","coordinateUncertaintyM":10.0,"uncertaintyUnknown":false,"observationCount":1,"geographicOutlier":false}},{"type":"Feature","id":"512ba1b7b6f646a5","geometry":{"type":"Point","coordinates":[151.475191,-31.47948]},"properties":{"species":"Petauroides volans","eventDate":"2025-02-15","basisOfRecord":"HUMAN_OBSERVATION","license":"CC-BY 4.0 (Int)","coordinateUncertaintyM":10.0,"uncertaintyUnknown":false,"observationCount":1,"geographicOutlier":false}},{"type":"Feature","id":"04fd26d293046ee7","geometry":{"type":"Point","coordinates":[151.4756,-31.479417]},"properties":{"species":"Petauroides volans","eventDate":"2025-02-15","basisOfRecord":"HUMAN_OBSERVATION","license":"CC-BY 4.0 (Int)","coordinateUncertaintyM":10.0,"uncertaintyUnknown":false,"observationCount":1,"geographicOutlier":false}},{"type":"Feature","id":"7d358ab8e601ea43","geometry":{"type":"Point","coordinates":[149.422197,-36.638086]},"properties":{"species":"Petauroides volans","eventDate":"2025-02-13","basisOfRecord":"HUMAN_OBSERVATION","license":"CC-BY 4.0 (Int)","coordinateUncertaintyM":10.0,"uncertaintyUnknown":false,"observationCount":1,"geographicOutlier":false}},{"type":"Feature","id":"76700aff8d39f9d2","geometry":{"type":"Point","coordinates":[149.412968,-36.63422]},"properties":{"species":"Petauroides volans","eventDate":"2025-02-13","basisOfRecord":"HUMAN_OBSERVATION","license":"CC-BY 4.0 (Int)","coordinateUncertaintyM":10.0,"uncertaintyUnknown":false,"observationCount":1,"geographicOutlier":false}},{"type":"Feature","id":"87440b22aacc1827","geometry":{"type":"Point","coordinates":[145.52538,-37.42341]},"properties":{"species":"Petauroides volans","eventDate":"2025-02-12","basisOfRecord":"OCCURRENCE","license":"CC-BY 4.0 (Int)","coordinateUncertaintyM":5.0,"uncertaintyUnknown":false,"observationCount":1,"geographicOutlier":false}},{"type":"Feature","id":"1847d16d1adc1821","geometry":{"type":"Point","coordinates":[149.441606,-36.611177]},"properties":{"species":"Petauroides volans","eventDate":"2025-02-12","basisOfRecord":"HUMAN_OBSERVATION","license":"CC-BY 4.0 (Int)","coordinateUncertaintyM":10.0,"uncertaintyUnknown":false,"observationCount":1,"geographicOutlier":false}},{"type":"Feature","id":"79f5dd88d2c1c860","geometry":{"type":"Point","coordinates":[145.52901,-37.42666]},"properties":{"species":"Petauroides volans","eventDate":"2025-02-11","basisOfRecord":"OCCURRENCE","license":"CC-BY 4.0 (Int)","coordinateUncertaintyM":5.0,"uncertaintyUnknown":false,"observationCount":1,"geographicOutlier":false}},{"type":"Feature","id":"8cc3ffdd50e45940","geometry":{"type":"Point","coordinates":[145.53011,-37.43114]},"properties":{"species":"Petauroides volans","eventDate":"2025-02-11","basisOfRecord":"OCCURRENCE","license":"CC-BY 4.0 (Int)","coordinateUncertaintyM":5.0,"uncertaintyUnknown":false,"observationCount":1,"geographicOutlier":false}},{"type":"Feature","id":"682dcdde04e26b83","geometry":{"type":"Point","coordinates":[145.52948,-37.42966]},"properties":{"species":"Petauroides volans","eventDate":"2025-02-11","basisOfRecord":"OCCURRENCE","license":"CC-BY 4.0 (Int)","coordinateUncertaintyM":5.0,"uncertaintyUnknown":false,"observationCount":1,"geographicOutlier":false}},{"type":"Feature","id":"1be0ec679e539be3","geometry":{"type":"Point","coordinates":[152.123019,-29.793068]},"properties":{"species":"Petauroides volans","eventDate":"2025-02-11","basisOfRecord":"HUMAN_OBSERVATION","license":"CC-BY 4.0 (Int)","coordinateUncertaintyM":10.0,"uncertaintyUnknown":false,"observationCount":1,"geographicOutlier":false}},{"type":"Feature","id":"d7cedd7bc100c50f","geometry":{"type":"Point","coordinates":[145.51789,-37.4324]},"properties":{"species":"Petauroides volans","eventDate":"2025-02-11","basisOfRecord":"OCCURRENCE","license":"CC-BY 4.0 (Int)","coordinateUncertaintyM":50.0,"uncertaintyUnknown":false,"observationCount":1,"geographicOutlier":false}},{"type":"Feature","id":"f9f0b651681363dc","geometry":{"type":"Point","coordinates":[145.53314,-37.43596]},"properties":{"species":"Petauroides volans","eventDate":"2025-02-10","basisOfRecord":"OCCURRENCE","license":"CC-BY 4.0 (Int)","coordinateUncertaintyM":5.0,"uncertaintyUnknown":false,"observationCount":1,"geographicOutlier":false}},{"type":"Feature","id":"4242dbd65d353d59","geometry":{"type":"Point","coordinates":[146.18672,-36.7893]},"properties":{"species":"Petauroides volans","eventDate":"2025-02-06","basisOfRecord":"OCCURRENCE","license":"CC-BY 4.0 (Int)","coordinateUncertaintyM":5.0,"uncertaintyUnknown":false,"observationCount":1,"geographicOutlier":false}},{"type":"Feature","id":"5c8e86f19830c152","geometry":{"type":"Point","coordinates":[146.2107,-36.75972]},"properties":{"species":"Petauroides volans","eventDate":"2025-02-06","basisOfRecord":"OCCURRENCE","license":"CC-BY 4.0 (Int)","coordinateUncertaintyM":5.0,"uncertaintyUnknown":false,"observationCount":1,"geographicOutlier":false}},{"type":"Feature","id":"21f18f852f623cdc","geometry":{"type":"Point","coordinates":[146.2133,-36.76014]},"properties":{"species":"Petauroides volans","eventDate":"2025-02-06","basisOfRecord":"OCCURRENCE","license":"CC-BY 4.0 (Int)","coordinateUncertaintyM":5.0,"uncertaintyUnknown":false,"observationCount":1,"geographicOutlier":false}},{"type":"Feature","id":"597afe23f3cec888","geometry":{"type":"Point","coordinates":[146.20684,-36.76226]},"properties":{"species":"Petauroides volans","eventDate":"2025-02-06","basisOfRecord":"OCCURRENCE","license":"CC-BY 4.0 (Int)","coordinateUncertaintyM":5.0,"uncertaintyUnknown":false,"observationCount":1,"geographicOutlier":false}},{"type":"Feature","id":"da477d48d28bfd90","geometry":{"type":"Point","coordinates":[146.21216,-36.76058]},"properties":{"species":"Petauroides volans","eventDate":"2025-02-06","basisOfRecord":"OCCURRENCE","license":"CC-BY 4.0 (Int)","coordinateUncertaintyM":5.0,"uncertaintyUnknown":false,"observationCount":1,"geographicOutlier":false}},{"type":"Feature","id":"a28e58824b7fc758","geometry":{"type":"Point","coordinates":[146.21307,-36.75391]},"properties":{"species":"Petauroides volans","eventDate":"2025-02-06","basisOfRecord":"OCCURRENCE","license":"CC-BY 4.0 (Int)","coordinateUncertaintyM":5.0,"uncertaintyUnknown":false,"observationCount":1,"geographicOutlier":false}},{"type":"Feature","id":"1fd6689cc1c88f8c","geometry":{"type":"Point","coordinates":[146.1843,-36.79203]},"properties":{"species":"Petauroides volans","eventDate":"2025-02-06","basisOfRecord":"OCCURRENCE","license":"CC-BY 4.0 (Int)","coordinateUncertaintyM":5.0,"uncertaintyUnknown":false,"observationCount":1,"geographicOutlier":false}},{"type":"Feature","id":"95ad840ae6a6160f","geometry":{"type":"Point","coordinates":[145.92238,-36.7982]},"properties":{"species":"Petauroides volans","eventDate":"2025-02-05","basisOfRecord":"OCCURRENCE","license":"CC-BY 4.0 (Int)","coordinateUncertaintyM":5.0,"uncertaintyUnknown":false,"observationCount":1,"geographicOutlier":false}},{"type":"Feature","id":"41d324d4a6b24236","geometry":{"type":"Point","coordinates":[146.18769,-36.77788]},"properties":{"species":"Petauroides volans","eventDate":"2025-02-05","basisOfRecord":"OCCURRENCE","license":"CC-BY 4.0 (Int)","coordinateUncertaintyM":5.0,"uncertaintyUnknown":false,"observationCount":1,"geographicOutlier":false}},{"type":"Feature","id":"871714b88bcf4a77","geometry":{"type":"Point","coordinates":[145.91779,-36.7993]},"properties":{"species":"Petauroides volans","eventDate":"2025-02-05","basisOfRecord":"OCCURRENCE","license":"CC-BY 4.0 (Int)","coordinateUncertaintyM":5.0,"uncertaintyUnknown":false,"observationCount":1,"geographicOutlier":false}},{"type":"Feature","id":"050e2829a7143282","geometry":{"type":"Point","coordinates":[146.18692,-36.77293]},"properties":{"species":"Petauroides volans","eventDate":"2025-02-05","basisOfRecord":"OCCURRENCE","license":"CC-BY 4.0 (Int)","coordinateUncertaintyM":5.0,"uncertaintyUnknown":false,"observationCount":1,"geographicOutlier":false}},{"type":"Feature","id":"a62621d83623ab8d","geometry":{"type":"Point","coordinates":[145.89745,-36.78181]},"properties":{"species":"Petauroides volans","eventDate":"2025-02-04","basisOfRecord":"OCCURRENCE","license":"CC-BY 4.0 (Int)","coordinateUncertaintyM":5.0,"uncertaintyUnknown":false,"observationCount":1,"geographicOutlier":false}},{"type":"Feature","id":"a729e7ba41bd45ad","geometry":{"type":"Point","coordinates":[145.90996,-36.78763]},"properties":{"species":"Petauroides volans","eventDate":"2025-02-04","basisOfRecord":"OCCURRENCE","license":"CC-BY 4.0 (Int)","coordinateUncertaintyM":5.0,"uncertaintyUnknown":false,"observationCount":1,"geographicOutlier":false}},{"type":"Feature","id":"c98f1c2e2fa9fdf4","geometry":{"type":"Point","coordinates":[149.442375,-36.611312]},"properties":{"species":"Petauroides volans","eventDate":"2025-02-04","basisOfRecord":"HUMAN_OBSERVATION","license":"CC-BY 4.0 (Int)","coordinateUncertaintyM":10.0,"uncertaintyUnknown":false,"observationCount":1,"geographicOutlier":false}},{"type":"Feature","id":"9f3359595940723a","geometry":{"type":"Point","coordinates":[145.90935,-36.7879]},"properties":{"species":"Petauroides volans","eventDate":"2025-02-04","basisOfRecord":"OCCURRENCE","license":"CC-BY 4.0 (Int)","coordinateUncertaintyM":5.0,"uncertaintyUnknown":false,"observationCount":1,"geographicOutlier":false}},{"type":"Feature","id":"987d82e6a4b57fa2","geometry":{"type":"Point","coordinates":[145.90616,-36.76899]},"properties":{"species":"Petauroides volans","eventDate":"2025-02-03","basisOfRecord":"OCCURRENCE","license":"CC-BY 4.0 (Int)","coordinateUncertaintyM":5.0,"uncertaintyUnknown":false,"observationCount":1,"geographicOutlier":false}},{"type":"Feature","id":"ce3c13f99b8d4e35","geometry":{"type":"Point","coordinates":[151.484909,-31.476445]},"properties":{"species":"Petauroides volans","eventDate":"2025-01-30","basisOfRecord":"HUMAN_OBSERVATION","license":"CC-BY 4.0 (Int)","coordinateUncertaintyM":10.0,"uncertaintyUnknown":false,"observationCount":1,"geographicOutlier":false}},{"type":"Feature","id":"d58ab6e6dd05ca56","geometry":{"type":"Point","coordinates":[151.486296,-31.474243]},"properties":{"species":"Petauroides volans","eventDate":"2025-01-30","basisOfRecord":"HUMAN_OBSERVATION","license":"CC-BY 4.0 (Int)","coordinateUncertaintyM":10.0,"uncertaintyUnknown":false,"observationCount":1,"geographicOutlier":false}},{"type":"Feature","id":"b911988998baeea4","geometry":{"type":"Point","coordinates":[151.486015,-31.47676]},"properties":{"species":"Petauroides volans","eventDate":"2025-01-29","basisOfRecord":"HUMAN_OBSERVATION","license":"CC-BY 4.0 (Int)","coordinateUncertaintyM":10.0,"uncertaintyUnknown":false,"observationCount":1,"geographicOutlier":false}},{"type":"Feature","id":"75f56a6239f16725","geometry":{"type":"Point","coordinates":[151.487437,-31.475474]},"properties":{"species":"Petauroides volans","eventDate":"2025-01-29","basisOfRecord":"HUMAN_OBSERVATION","license":"CC-BY 4.0 (Int)","coordinateUncertaintyM":10.0,"uncertaintyUnknown":false,"observationCount":1,"geographicOutlier":false}},{"type":"Feature","id":"9d53817301ec14ad","geometry":{"type":"Point","coordinates":[151.502082,-31.470857]},"properties":{"species":"Petauroides volans","eventDate":"2025-01-28","basisOfRecord":"HUMAN_OBSERVATION","license":"CC-BY 4.0 (Int)","coordinateUncertaintyM":10.0,"uncertaintyUnknown":false,"observationCount":1,"geographicOutlier":false}},{"type":"Feature","id":"ac4e4a14d8552015","geometry":{"type":"Point","coordinates":[148.772826,-35.255246]},"properties":{"species":"Petauroides volans","eventDate":"2025-01-28","basisOfRecord":"HUMAN_OBSERVATION","license":"CC-BY 4.0 (Int)","coordinateUncertaintyM":20.0,"uncertaintyUnknown":false,"observationCount":1,"geographicOutlier":false}},{"type":"Feature","id":"c2f5aa3df765c6f1","geometry":{"type":"Point","coordinates":[151.498455,-31.467006]},"properties":{"species":"Petauroides volans","eventDate":"2025-01-27","basisOfRecord":"HUMAN_OBSERVATION","license":"CC-BY 4.0 (Int)","coordinateUncertaintyM":10.0,"uncertaintyUnknown":false,"observationCount":1,"geographicOutlier":false}},{"type":"Feature","id":"f02da115813cb669","geometry":{"type":"Point","coordinates":[151.481099,-31.482416]},"properties":{"species":"Petauroides volans","eventDate":"2025-01-26","basisOfRecord":"HUMAN_OBSERVATION","license":"CC-BY 4.0 (Int)","coordinateUncertaintyM":10.0,"uncertaintyUnknown":false,"observationCount":1,"geographicOutlier":false}},{"type":"Feature","id":"d43292864ce8c1e4","geometry":{"type":"Point","coordinates":[151.482514,-31.481755]},"properties":{"species":"Petauroides volans","eventDate":"2025-01-26","basisOfRecord":"HUMAN_OBSERVATION","license":"CC-BY 4.0 (Int)","coordinateUncertaintyM":10.0,"uncertaintyUnknown":false,"observationCount":1,"geographicOutlier":false}},{"type":"Feature","id":"f39abaff66acf76d","geometry":{"type":"Point","coordinates":[149.400987,-36.553518]},"properties":{"species":"Petauroides volans","eventDate":"2025-01-24","basisOfRecord":"HUMAN_OBSERVATION","license":"CC-BY 4.0 (Int)","coordinateUncertaintyM":10.0,"uncertaintyUnknown":false,"observationCount":1,"geographicOutlier":false}},{"type":"Feature","id":"8ac0cc61adc51079","geometry":{"type":"Point","coordinates":[151.494129,-31.466264]},"properties":{"species":"Petauroides volans","eventDate":"2025-01-24","basisOfRecord":"HUMAN_OBSERVATION","license":"CC-BY 4.0 (Int)","coordinateUncertaintyM":10.0,"uncertaintyUnknown":false,"observationCount":1,"geographicOutlier":false}},{"type":"Feature","id":"c746664dc428e6e5","geometry":{"type":"Point","coordinates":[149.433523,-36.609297]},"properties":{"species":"Petauroides volans","eventDate":"2025-01-22","basisOfRecord":"HUMAN_OBSERVATION","license":"CC-BY 4.0 (Int)","coordinateUncertaintyM":10.0,"uncertaintyUnknown":false,"observationCount":1,"geographicOutlier":false}},{"type":"Feature","id":"8126d052295b0580","geometry":{"type":"Point","coordinates":[151.490348,-31.466593]},"properties":{"species":"Petauroides volans","eventDate":"2025-01-22","basisOfRecord":"HUMAN_OBSERVATION","license":"CC-BY 4.0 (Int)","coordinateUncertaintyM":10.0,"uncertaintyUnknown":false,"observationCount":1,"geographicOutlier":false}},{"type":"Feature","id":"ed2aed4bc8da3cd1","geometry":{"type":"Point","coordinates":[147.39213,-36.55559]},"properties":{"species":"Petauroides volans","eventDate":"2025-01-21","basisOfRecord":"OCCURRENCE","license":"CC-BY 4.0 (Int)","coordinateUncertaintyM":10.0,"uncertaintyUnknown":false,"observationCount":1,"geographicOutlier":false}},{"type":"Feature","id":"c0023ce12996f492","geometry":{"type":"Point","coordinates":[150.172021,-33.456411]},"properties":{"species":"Petauroides volans","eventDate":"2025-01-19","basisOfRecord":"HUMAN_OBSERVATION","license":"CC-BY 4.0 (Int)","coordinateUncertaintyM":10.0,"uncertaintyUnknown":false,"observationCount":1,"geographicOutlier":false}},{"type":"Feature","id":"a71d33187b66c73c","geometry":{"type":"Point","coordinates":[151.485394,-31.478259]},"properties":{"species":"Petauroides volans","eventDate":"2025-01-10","basisOfRecord":"HUMAN_OBSERVATION","license":"CC-BY 4.0 (Int)","coordinateUncertaintyM":10.0,"uncertaintyUnknown":false,"observationCount":1,"geographicOutlier":false}},{"type":"Feature","id":"a3ddfcc27fb35f47","geometry":{"type":"Point","coordinates":[151.480521,-31.477414]},"properties":{"species":"Petauroides volans","eventDate":"2025-01-09","basisOfRecord":"HUMAN_OBSERVATION","license":"CC-BY 4.0 (Int)","coordinateUncertaintyM":10.0,"uncertaintyUnknown":false,"observationCount":1,"geographicOutlier":false}},{"type":"Feature","id":"68a672da3762b5bb","geometry":{"type":"Point","coordinates":[149.420194,-36.555517]},"properties":{"species":"Petauroides volans","eventDate":"2025-01-08","basisOfRecord":"HUMAN_OBSERVATION","license":"CC-BY 4.0 (Int)","coordinateUncertaintyM":10.0,"uncertaintyUnknown":false,"observationCount":1,"geographicOutlier":false}},{"type":"Feature","id":"34316b4896423f73","geometry":{"type":"Point","coordinates":[149.434295,-36.562772]},"properties":{"species":"Petauroides volans","eventDate":"2025-01-04","basisOfRecord":"HUMAN_OBSERVATION","license":"CC-BY 4.0 (Int)","coordinateUncertaintyM":10.0,"uncertaintyUnknown":false,"observationCount":1,"geographicOutlier":false}},{"type":"Feature","id":"5dd545c432047321","geometry":{"type":"Point","coordinates":[149.435931,-36.56348]},"properties":{"species":"Petauroides volans","eventDate":"2025-01-02","basisOfRecord":"HUMAN_OBSERVATION","license":"CC-BY 4.0 (Int)","coordinateUncertaintyM":10.0,"uncertaintyUnknown":false,"observationCount":1,"geographicOutlier":false}},{"type":"Feature","id":"4cbfd7c8b168ae3d","geometry":{"type":"Point","coordinates":[152.588443,-30.180084]},"properties":{"species":"Petauroides volans","eventDate":"2024-12-30","basisOfRecord":"HUMAN_OBSERVATION","license":"CC-BY 4.0 (Int)","coordinateUncertaintyM":5.0,"uncertaintyUnknown":false,"observationCount":1,"geographicOutlier":false}},{"type":"Feature","id":"439071e0762a8bfc","geometry":{"type":"Point","coordinates":[149.422245,-36.553462]},"properties":{"species":"Petauroides volans","eventDate":"2024-12-24","basisOfRecord":"HUMAN_OBSERVATION","license":"CC-BY 4.0 (Int)","coordinateUncertaintyM":10.0,"uncertaintyUnknown":false,"observationCount":1,"geographicOutlier":false}},{"type":"Feature","id":"57a3a36a1b37ccf1","geometry":{"type":"Point","coordinates":[150.113236,-33.312037]},"properties":{"species":"Petauroides volans","eventDate":"2024-12-19","basisOfRecord":"HUMAN_OBSERVATION","license":"CC-BY 4.0 (Int)","coordinateUncertaintyM":4.7,"uncertaintyUnknown":false,"observationCount":1,"geographicOutlier":false}},{"type":"Feature","id":"4778f3a3e8090d2e","geometry":{"type":"Point","coordinates":[149.42924,-36.55809]},"properties":{"species":"Petauroides volans","eventDate":"2024-12-18","basisOfRecord":"HUMAN_OBSERVATION","license":"CC-BY 4.0 (Int)","coordinateUncertaintyM":10.0,"uncertaintyUnknown":false,"observationCount":1,"geographicOutlier":false}},{"type":"Feature","id":"4360e58c9df81969","geometry":{"type":"Point","coordinates":[150.115375,-33.30989]},"properties":{"species":"Petauroides volans","eventDate":"2024-12-18","basisOfRecord":"HUMAN_OBSERVATION","license":"CC-BY 4.0 (Int)","coordinateUncertaintyM":4.74,"uncertaintyUnknown":false,"observationCount":1,"geographicOutlier":false}},{"type":"Feature","id":"231f332664345ed9","geometry":{"type":"Point","coordinates":[150.1672,-33.4595]},"properties":{"species":"Petauroides volans","eventDate":"2024-12-16","basisOfRecord":"HUMAN_OBSERVATION","license":"CC-BY 4.0 (Int)","coordinateUncertaintyM":10.0,"uncertaintyUnknown":false,"observationCount":1,"geographicOutlier":false}},{"type":"Feature","id":"539be01490a66a9f","geometry":{"type":"Point","coordinates":[150.266608,-35.357313]},"properties":{"species":"Petauroides volans","eventDate":"2024-12-12","basisOfRecord":"HUMAN_OBSERVATION","license":"CC-BY 4.0 (Int)","coordinateUncertaintyM":20.0,"uncertaintyUnknown":false,"observationCount":1,"geographicOutlier":false}},{"type":"Feature","id":"3e1580287a0bc25b","geometry":{"type":"Point","coordinates":[150.540425,-34.512651]},"properties":{"species":"Petauroides volans","eventDate":"2024-12-10","basisOfRecord":"HUMAN_OBSERVATION","license":"CC-BY 4.0 (Int)","coordinateUncertaintyM":10.0,"uncertaintyUnknown":false,"observationCount":1,"geographicOutlier":false}},{"type":"Feature","id":"057215e215fc6765","geometry":{"type":"Point","coordinates":[150.567365,-34.488614]},"properties":{"species":"Petauroides volans","eventDate":"2024-12-10","basisOfRecord":"HUMAN_OBSERVATION","license":"CC-BY 4.0 (Int)","coordinateUncertaintyM":10.0,"uncertaintyUnknown":false,"observationCount":1,"geographicOutlier":false}},{"type":"Feature","id":"42b1d7ce5224fd5a","geometry":{"type":"Point","coordinates":[146.02764,-37.75947]},"properties":{"species":"Petauroides volans","eventDate":"2024-12-09","basisOfRecord":"OCCURRENCE","license":"CC-BY 4.0 (Int)","coordinateUncertaintyM":10.0,"uncertaintyUnknown":false,"observationCount":1,"geographicOutlier":false}},{"type":"Feature","id":"39640f0e97da50ec","geometry":{"type":"Point","coordinates":[146.03124,-37.75732]},"properties":{"species":"Petauroides volans","eventDate":"2024-12-09","basisOfRecord":"OCCURRENCE","license":"CC-BY 4.0 (Int)","coordinateUncertaintyM":10.0,"uncertaintyUnknown":false,"observationCount":1,"geographicOutlier":false}},{"type":"Feature","id":"d24bd202ff42afb8","geometry":{"type":"Point","coordinates":[146.02427,-37.76225]},"properties":{"species":"Petauroides volans","eventDate":"2024-12-09","basisOfRecord":"OCCURRENCE","license":"CC-BY 4.0 (Int)","coordinateUncertaintyM":10.0,"uncertaintyUnknown":false,"observationCount":1,"geographicOutlier":false}},{"type":"Feature","id":"982fbf099746066f","geometry":{"type":"Point","coordinates":[146.02719,-37.75924]},"properties":{"species":"Petauroides volans","eventDate":"2024-12-09","basisOfRecord":"OCCURRENCE","license":"CC-BY 4.0 (Int)","coordinateUncertaintyM":10.0,"uncertaintyUnknown":false,"observationCount":1,"geographicOutlier":false}},{"type":"Feature","id":"2b53750ed2cc5908","geometry":{"type":"Point","coordinates":[146.02508,-37.76168]},"properties":{"species":"Petauroides volans","eventDate":"2024-12-09","basisOfRecord":"OCCURRENCE","license":"CC-BY 4.0 (Int)","coordinateUncertaintyM":10.0,"uncertaintyUnknown":false,"observationCount":1,"geographicOutlier":false}},{"type":"Feature","id":"e121c9d250b53974","geometry":{"type":"Point","coordinates":[146.02409,-37.76192]},"properties":{"species":"Petauroides volans","eventDate":"2024-12-09","basisOfRecord":"OCCURRENCE","license":"CC-BY 4.0 (Int)","coordinateUncertaintyM":10.0,"uncertaintyUnknown":false,"observationCount":1,"geographicOutlier":false}},{"type":"Feature","id":"afd42fc08df06082","geometry":{"type":"Point","coordinates":[151.511954,-30.234029]},"properties":{"species":"Petauroides volans","eventDate":"2024-12-09","basisOfRecord":"HUMAN_OBSERVATION","license":"CC-BY 4.0 (Int)","coordinateUncertaintyM":10.0,"uncertaintyUnknown":false,"observationCount":1,"geographicOutlier":false}},{"type":"Feature","id":"7f78cbd3919e0970","geometry":{"type":"Point","coordinates":[146.02641,-37.75943]},"properties":{"species":"Petauroides volans","eventDate":"2024-12-09","basisOfRecord":"OCCURRENCE","license":"CC-BY 4.0 (Int)","coordinateUncertaintyM":10.0,"uncertaintyUnknown":false,"observationCount":1,"geographicOutlier":false}},{"type":"Feature","id":"b01c062cfaec243b","geometry":{"type":"Point","coordinates":[146.02529,-37.75978]},"properties":{"species":"Petauroides volans","eventDate":"2024-12-09","basisOfRecord":"OCCURRENCE","license":"CC-BY 4.0 (Int)","coordinateUncertaintyM":10.0,"uncertaintyUnknown":false,"observationCount":1,"geographicOutlier":false}},{"type":"Feature","id":"bac3e9bb1606b829","geometry":{"type":"Point","coordinates":[144.2532,-37.3836]},"properties":{"species":"Petauroides volans","eventDate":"2024-12-05","basisOfRecord":"OCCURRENCE","license":"CC-BY 4.0 (Int)","coordinateUncertaintyM":5.0,"uncertaintyUnknown":false,"observationCount":1,"geographicOutlier":false}},{"type":"Feature","id":"ba36c3efc6f288f5","geometry":{"type":"Point","coordinates":[146.08537,-37.70647]},"properties":{"species":"Petauroides volans","eventDate":"2024-12-04","basisOfRecord":"OCCURRENCE","license":"CC-BY 4.0 (Int)","coordinateUncertaintyM":10.0,"uncertaintyUnknown":false,"observationCount":1,"geographicOutlier":false}},{"type":"Feature","id":"ec891da91ffec4bf","geometry":{"type":"Point","coordinates":[146.08571,-37.70631]},"properties":{"species":"Petauroides volans","eventDate":"2024-12-04","basisOfRecord":"OCCURRENCE","license":"CC-BY 4.0 (Int)","coordinateUncertaintyM":10.0,"uncertaintyUnknown":false,"observationCount":1,"geographicOutlier":false}},{"type":"Feature","id":"bca167d707a2326e","geometry":{"type":"Point","coordinates":[146.08548,-37.7085]},"properties":{"species":"Petauroides volans","eventDate":"2024-12-04","basisOfRecord":"OCCURRENCE","license":"CC-BY 4.0 (Int)","coordinateUncertaintyM":10.0,"uncertaintyUnknown":false,"observationCount":1,"geographicOutlier":false}},{"type":"Feature","id":"1a6c4f7a264f8f78","geometry":{"type":"Point","coordinates":[146.08436,-37.71135]},"properties":{"species":"Petauroides volans","eventDate":"2024-12-04","basisOfRecord":"OCCURRENCE","license":"CC-BY 4.0 (Int)","coordinateUncertaintyM":10.0,"uncertaintyUnknown":false,"observationCount":1,"geographicOutlier":false}},{"type":"Feature","id":"b6a08cc149da8476","geometry":{"type":"Point","coordinates":[151.704248,-32.202853]},"properties":{"species":"Petauroides volans","eventDate":"2024-12-02","basisOfRecord":"HUMAN_OBSERVATION","license":"CC-BY 4.0 (Int)","coordinateUncertaintyM":4.0,"uncertaintyUnknown":false,"observationCount":1,"geographicOutlier":false}},{"type":"Feature","id":"625138f6f724094a","geometry":{"type":"Point","coordinates":[150.114362,-33.31069]},"properties":{"species":"Petauroides volans","eventDate":"2024-11-28","basisOfRecord":"HUMAN_OBSERVATION","license":"CC-BY 4.0 (Int)","coordinateUncertaintyM":10.0,"uncertaintyUnknown":false,"observationCount":1,"geographicOutlier":false}},{"type":"Feature","id":"173587fa885ff555","geometry":{"type":"Point","coordinates":[152.157506,-30.646003]},"properties":{"species":"Petauroides volans","eventDate":"2024-11-27","basisOfRecord":"HUMAN_OBSERVATION","license":"CC-BY 4.0 (Int)","coordinateUncertaintyM":10.0,"uncertaintyUnknown":false,"observationCount":1,"geographicOutlier":false}},{"type":"Feature","id":"668057fee0573927","geometry":{"type":"Point","coordinates":[152.166527,-30.629684]},"properties":{"species":"Petauroides volans","eventDate":"2024-11-27","basisOfRecord":"HUMAN_OBSERVATION","license":"CC-BY 4.0 (Int)","coordinateUncertaintyM":10.0,"uncertaintyUnknown":false,"observationCount":1,"geographicOutlier":false}},{"type":"Feature","id":"d97ef75642706585","geometry":{"type":"Point","coordinates":[149.546233,-35.469585]},"properties":{"species":"Petauroides volans","eventDate":"2024-11-25","basisOfRecord":"HUMAN_OBSERVATION","license":"CC-BY 4.0 (Int)","coordinateUncertaintyM":10.0,"uncertaintyUnknown":false,"observationCount":1,"geographicOutlier":false}},{"type":"Feature","id":"7ec9e06082620caf","geometry":{"type":"Point","coordinates":[152.222579,-31.56588]},"properties":{"species":"Petauroides volans","eventDate":"2024-11-21","basisOfRecord":"HUMAN_OBSERVATION","license":"CC-BY 4.0 (Int)","coordinateUncertaintyM":10.0,"uncertaintyUnknown":false,"observationCount":1,"geographicOutlier":false}},{"type":"Feature","id":"2bae33f20df931c9","geometry":{"type":"Point","coordinates":[152.21144,-31.560299]},"properties":{"species":"Petauroides volans","eventDate":"2024-11-21","basisOfRecord":"HUMAN_OBSERVATION","license":"CC-BY 4.0 (Int)","coordinateUncertaintyM":10.0,"uncertaintyUnknown":false,"observationCount":1,"geographicOutlier":false}},{"type":"Feature","id":"e2591df2ade6bee8","geometry":{"type":"Point","coordinates":[152.213791,-31.567503]},"properties":{"species":"Petauroides volans","eventDate":"2024-11-20","basisOfRecord":"HUMAN_OBSERVATION","license":"CC-BY 4.0 (Int)","coordinateUncertaintyM":10.0,"uncertaintyUnknown":false,"observationCount":1,"geographicOutlier":false}},{"type":"Feature","id":"3132d5e638ffcdd9","geometry":{"type":"Point","coordinates":[144.2611,-37.3762]},"properties":{"species":"Petauroides volans","eventDate":"2024-11-16","basisOfRecord":"OCCURRENCE","license":"CC-BY 4.0 (Int)","coordinateUncertaintyM":5.0,"uncertaintyUnknown":false,"observationCount":1,"geographicOutlier":false}},{"type":"Feature","id":"57a35d1700c717e0","geometry":{"type":"Point","coordinates":[145.92034,-37.76284]},"properties":{"species":"Petauroides volans","eventDate":"2024-11-14","basisOfRecord":"OCCURRENCE","license":"CC-BY 4.0 (Int)","coordinateUncertaintyM":5.0,"uncertaintyUnknown":false,"observationCount":1,"geographicOutlier":false}},{"type":"Feature","id":"ac828f1fbc92f5b1","geometry":{"type":"Point","coordinates":[145.92072,-37.76294]},"properties":{"species":"Petauroides volans","eventDate":"2024-11-11","basisOfRecord":"OCCURRENCE","license":"CC-BY 4.0 (Int)","coordinateUncertaintyM":5.0,"uncertaintyUnknown":false,"observationCount":1,"geographicOutlier":false}},{"type":"Feature","id":"7f4890ce30509156","geometry":{"type":"Point","coordinates":[145.91689,-37.75641]},"properties":{"species":"Petauroides volans","eventDate":"2024-11-10","basisOfRecord":"OCCURRENCE","license":"CC-BY 4.0 (Int)","coordinateUncertaintyM":5.0,"uncertaintyUnknown":false,"observationCount":1,"geographicOutlier":false}},{"type":"Feature","id":"2866b500d6a20389","geometry":{"type":"Point","coordinates":[149.511723,-36.16433]},"properties":{"species":"Petauroides volans","eventDate":"2024-11-07","basisOfRecord":"HUMAN_OBSERVATION","license":"CC-BY 4.0 (Int)","coordinateUncertaintyM":10.0,"uncertaintyUnknown":false,"observationCount":1,"geographicOutlier":false}},{"type":"Feature","id":"98fd4708681bf238","geometry":{"type":"Point","coordinates":[149.51611,-36.179031]},"properties":{"species":"Petauroides volans","eventDate":"2024-11-07","basisOfRecord":"HUMAN_OBSERVATION","license":"CC-BY 4.0 (Int)","coordinateUncertaintyM":10.0,"uncertaintyUnknown":false,"observationCount":1,"geographicOutlier":false}},{"type":"Feature","id":"4ce1d2758527f07e","geometry":{"type":"Point","coordinates":[149.514405,-36.179919]},"properties":{"species":"Petauroides volans","eventDate":"2024-11-06","basisOfRecord":"HUMAN_OBSERVATION","license":"CC-BY 4.0 (Int)","coordinateUncertaintyM":10.0,"uncertaintyUnknown":false,"observationCount":1,"geographicOutlier":false}},{"type":"Feature","id":"efab522404eda163","geometry":{"type":"Point","coordinates":[150.455487,-35.374589]},"properties":{"species":"Petauroides volans","eventDate":"2024-11-05","basisOfRecord":"HUMAN_OBSERVATION","license":"CC-BY 4.0 (Int)","coordinateUncertaintyM":10.0,"uncertaintyUnknown":false,"observationCount":1,"geographicOutlier":false}},{"type":"Feature","id":"199e36e4f0db5fab","geometry":{"type":"Point","coordinates":[149.51226,-36.163599]},"properties":{"species":"Petauroides volans","eventDate":"2024-11-02","basisOfRecord":"HUMAN_OBSERVATION","license":"CC-BY 4.0 (Int)","coordinateUncertaintyM":10.0,"uncertaintyUnknown":false,"observationCount":1,"geographicOutlier":false}},{"type":"Feature","id":"8bdc8008b9816564","geometry":{"type":"Point","coordinates":[149.518173,-36.22371]},"properties":{"species":"Petauroides volans","eventDate":"2024-10-29","basisOfRecord":"HUMAN_OBSERVATION","license":"CC-BY 4.0 (Int)","coordinateUncertaintyM":50.0,"uncertaintyUnknown":false,"observationCount":1,"geographicOutlier":false}},{"type":"Feature","id":"6794caff7fd93b7a","geometry":{"type":"Point","coordinates":[149.509275,-36.16732]},"properties":{"species":"Petauroides volans","eventDate":"2024-10-26","basisOfRecord":"HUMAN_OBSERVATION","license":"CC-BY 4.0 (Int)","coordinateUncertaintyM":10.0,"uncertaintyUnknown":false,"observationCount":1,"geographicOutlier":false}},{"type":"Feature","id":"419e8a1730e508c8","geometry":{"type":"Point","coordinates":[150.746657,-34.375802]},"properties":{"species":"Petauroides volans","eventDate":"2024-10-23","basisOfRecord":"HUMAN_OBSERVATION","license":"CC-BY 4.0 (Int)","coordinateUncertaintyM":10.0,"uncertaintyUnknown":false,"observationCount":1,"geographicOutlier":false}},{"type":"Feature","id":"24d2d18a070448a1","geometry":{"type":"Point","coordinates":[145.89917,-37.69453]},"properties":{"species":"Petauroides volans","eventDate":"2024-10-23","basisOfRecord":"OCCURRENCE","license":"CC-BY 4.0 (Int)","coordinateUncertaintyM":5.0,"uncertaintyUnknown":false,"observationCount":1,"geographicOutlier":false}},{"type":"Feature","id":"bad844550d3f5b51","geometry":{"type":"Point","coordinates":[150.72982,-34.678739]},"properties":{"species":"Petauroides volans","eventDate":"2024-10-22","basisOfRecord":"HUMAN_OBSERVATION","license":"CC-BY 4.0 (Int)","coordinateUncertaintyM":50.0,"uncertaintyUnknown":false,"observationCount":1,"geographicOutlier":false}},{"type":"Feature","id":"f0af093c68cf4e95","geometry":{"type":"Point","coordinates":[150.171601,-33.447493]},"properties":{"species":"Petauroides volans","eventDate":"2024-10-21","basisOfRecord":"HUMAN_OBSERVATION","license":"CC-BY 4.0 (Int)","coordinateUncertaintyM":6.0,"uncertaintyUnknown":false,"observationCount":1,"geographicOutlier":false}},{"type":"Feature","id":"86be486ee3493773","geometry":{"type":"Point","coordinates":[149.513116,-36.156377]},"properties":{"species":"Petauroides volans","eventDate":"2024-10-21","basisOfRecord":"HUMAN_OBSERVATION","license":"CC-BY 4.0 (Int)","coordinateUncertaintyM":10.0,"uncertaintyUnknown":false,"observationCount":1,"geographicOutlier":false}},{"type":"Feature","id":"64a7f4a02c85eae4","geometry":{"type":"Point","coordinates":[149.513294,-36.156061]},"properties":{"species":"Petauroides volans","eventDate":"2024-10-20","basisOfRecord":"HUMAN_OBSERVATION","license":"CC-BY 4.0 (Int)","coordinateUncertaintyM":10.0,"uncertaintyUnknown":false,"observationCount":1,"geographicOutlier":false}},{"type":"Feature","id":"ab12f7802b72cab7","geometry":{"type":"Point","coordinates":[145.92905,-37.7393]},"properties":{"species":"Petauroides volans","eventDate":"2024-10-17","basisOfRecord":"OCCURRENCE","license":"CC-BY 4.0 (Int)","coordinateUncertaintyM":5.0,"uncertaintyUnknown":false,"observationCount":1,"geographicOutlier":false}},{"type":"Feature","id":"73e15a06c41fc405","geometry":{"type":"Point","coordinates":[145.99939,-37.76558]},"properties":{"species":"Petauroides volans","eventDate":"2024-10-16","basisOfRecord":"OCCURRENCE","license":"CC-BY 4.0 (Int)","coordinateUncertaintyM":10.0,"uncertaintyUnknown":false,"observationCount":1,"geographicOutlier":false}},{"type":"Feature","id":"e87d5e54729bfe54","geometry":{"type":"Point","coordinates":[149.638148,-35.353824]},"properties":{"species":"Petauroides volans","eventDate":"2024-10-16","basisOfRecord":"HUMAN_OBSERVATION","license":"CC-BY 4.0 (Int)","coordinateUncertaintyM":10.0,"uncertaintyUnknown":false,"observationCount":1,"geographicOutlier":false}},{"type":"Feature","id":"6ffdc705f1bcd7f4","geometry":{"type":"Point","coordinates":[150.457031,-35.356599]},"properties":{"species":"Petauroides volans","eventDate":"2024-10-15","basisOfRecord":"HUMAN_OBSERVATION","license":"CC-BY 4.0 (Int)","coordinateUncertaintyM":10.0,"uncertaintyUnknown":false,"observationCount":1,"geographicOutlier":false}},{"type":"Feature","id":"14ada0907e2a6d26","geometry":{"type":"Point","coordinates":[151.286249,-33.015613]},"properties":{"species":"Petauroides volans","eventDate":"2024-10-15","basisOfRecord":"HUMAN_OBSERVATION","license":"CC-BY 4.0 (Int)","coordinateUncertaintyM":10.0,"uncertaintyUnknown":false,"observationCount":1,"geographicOutlier":false}},{"type":"Feature","id":"8b9e7b772a11384c","geometry":{"type":"Point","coordinates":[145.66357,-37.87076]},"properties":{"species":"Petauroides volans","eventDate":"2024-10-11","basisOfRecord":"OCCURRENCE","license":"CC-BY 4.0 (Int)","coordinateUncertaintyM":5.0,"uncertaintyUnknown":false,"observationCount":1,"geographicOutlier":false}},{"type":"Feature","id":"074a25dbfc152326","geometry":{"type":"Point","coordinates":[145.65942,-37.86516]},"properties":{"species":"Petauroides volans","eventDate":"2024-10-11","basisOfRecord":"OCCURRENCE","license":"CC-BY 4.0 (Int)","coordinateUncertaintyM":5.0,"uncertaintyUnknown":false,"observationCount":1,"geographicOutlier":false}},{"type":"Feature","id":"208204e4094511fb","geometry":{"type":"Point","coordinates":[149.537309,-35.747777]},"properties":{"species":"Petauroides volans","eventDate":"2024-10-11","basisOfRecord":"HUMAN_OBSERVATION","license":"CC-BY 4.0 (Int)","coordinateUncertaintyM":10.0,"uncertaintyUnknown":false,"observationCount":1,"geographicOutlier":false}},{"type":"Feature","id":"4b96a2938c743da4","geometry":{"type":"Point","coordinates":[145.65981,-37.86561]},"properties":{"species":"Petauroides volans","eventDate":"2024-10-11","basisOfRecord":"OCCURRENCE","license":"CC-BY 4.0 (Int)","coordinateUncertaintyM":5.0,"uncertaintyUnknown":false,"observationCount":1,"geographicOutlier":false}},{"type":"Feature","id":"44ceeac51f4a514e","geometry":{"type":"Point","coordinates":[149.536264,-35.746753]},"properties":{"species":"Petauroides volans","eventDate":"2024-10-11","basisOfRecord":"HUMAN_OBSERVATION","license":"CC-BY 4.0 (Int)","coordinateUncertaintyM":10.0,"uncertaintyUnknown":false,"observationCount":1,"geographicOutlier":false}},{"type":"Feature","id":"0371b053952e9b23","geometry":{"type":"Point","coordinates":[149.538976,-35.74609]},"properties":{"species":"Petauroides volans","eventDate":"2024-10-11","basisOfRecord":"HUMAN_OBSERVATION","license":"CC-BY 4.0 (Int)","coordinateUncertaintyM":10.0,"uncertaintyUnknown":false,"observationCount":1,"geographicOutlier":false}},{"type":"Feature","id":"a8fcfd0815879579","geometry":{"type":"Point","coordinates":[149.554317,-36.105637]},"properties":{"species":"Petauroides volans","eventDate":"2024-10-10","basisOfRecord":"HUMAN_OBSERVATION","license":"CC-BY 4.0 (Int)","coordinateUncertaintyM":10.0,"uncertaintyUnknown":false,"observationCount":1,"geographicOutlier":false}},{"type":"Feature","id":"8c2aa1658338ca25","geometry":{"type":"Point","coordinates":[149.557745,-36.105919]},"properties":{"species":"Petauroides volans","eventDate":"2024-10-10","basisOfRecord":"HUMAN_OBSERVATION","license":"CC-BY 4.0 (Int)","coordinateUncertaintyM":10.0,"uncertaintyUnknown":false,"observationCount":1,"geographicOutlier":false}},{"type":"Feature","id":"490b8612ada267a3","geometry":{"type":"Point","coordinates":[149.540963,-35.748111]},"properties":{"species":"Petauroides volans","eventDate":"2024-10-10","basisOfRecord":"HUMAN_OBSERVATION","license":"CC-BY 4.0 (Int)","coordinateUncertaintyM":10.0,"uncertaintyUnknown":false,"observationCount":1,"geographicOutlier":false}},{"type":"Feature","id":"391c606b0ffae04a","geometry":{"type":"Point","coordinates":[149.555953,-36.1085]},"properties":{"species":"Petauroides volans","eventDate":"2024-10-10","basisOfRecord":"HUMAN_OBSERVATION","license":"CC-BY 4.0 (Int)","coordinateUncertaintyM":10.0,"uncertaintyUnknown":false,"observationCount":1,"geographicOutlier":false}},{"type":"Feature","id":"bbccd7fbbfa3af87","geometry":{"type":"Point","coordinates":[145.99338,-37.76737]},"properties":{"species":"Petauroides volans","eventDate":"2024-10-10","basisOfRecord":"OCCURRENCE","license":"CC-BY 4.0 (Int)","coordinateUncertaintyM":5.0,"uncertaintyUnknown":false,"observationCount":1,"geographicOutlier":false}},{"type":"Feature","id":"91b48124207195ef","geometry":{"type":"Point","coordinates":[149.513564,-36.155765]},"properties":{"species":"Petauroides volans","eventDate":"2024-10-10","basisOfRecord":"HUMAN_OBSERVATION","license":"CC-BY 4.0 (Int)","coordinateUncertaintyM":10.0,"uncertaintyUnknown":false,"observationCount":1,"geographicOutlier":false}},{"type":"Feature","id":"07afa70338471a8c","geometry":{"type":"Point","coordinates":[149.539614,-35.75003]},"properties":{"species":"Petauroides volans","eventDate":"2024-10-10","basisOfRecord":"HUMAN_OBSERVATION","license":"CC-BY 4.0 (Int)","coordinateUncertaintyM":10.0,"uncertaintyUnknown":false,"observationCount":1,"geographicOutlier":false}},{"type":"Feature","id":"e13cb2e77c00db4c","geometry":{"type":"Point","coordinates":[150.072824,-35.590509]},"properties":{"species":"Petauroides volans","eventDate":"2024-10-10","basisOfRecord":"HUMAN_OBSERVATION","license":"CC-BY 4.0 (Int)","coordinateUncertaintyM":10.0,"uncertaintyUnknown":false,"observationCount":1,"geographicOutlier":false}},{"type":"Feature","id":"1e0fcd50d3847468","geometry":{"type":"Point","coordinates":[149.509043,-36.160309]},"properties":{"species":"Petauroides volans","eventDate":"2024-10-09","basisOfRecord":"HUMAN_OBSERVATION","license":"CC-BY 4.0 (Int)","coordinateUncertaintyM":10.0,"uncertaintyUnknown":false,"observationCount":1,"geographicOutlier":false}},{"type":"Feature","id":"f4d5d0f7f57f093d","geometry":{"type":"Point","coordinates":[145.97951,-37.76714]},"properties":{"species":"Petauroides volans","eventDate":"2024-10-09","basisOfRecord":"OCCURRENCE","license":"CC-BY 4.0 (Int)","coordinateUncertaintyM":5.0,"uncertaintyUnknown":false,"observationCount":1,"geographicOutlier":false}},{"type":"Feature","id":"897556a0d329ec30","geometry":{"type":"Point","coordinates":[145.60674,-37.51508]},"properties":{"species":"Petauroides volans","eventDate":"2024-10-09","basisOfRecord":"OCCURRENCE","license":"CC-BY 4.0 (Int)","coordinateUncertaintyM":5.0,"uncertaintyUnknown":false,"observationCount":1,"geographicOutlier":false}},{"type":"Feature","id":"5e37369669d8b6e6","geometry":{"type":"Point","coordinates":[145.92841,-37.73984]},"properties":{"species":"Petauroides volans","eventDate":"2024-10-09","basisOfRecord":"OCCURRENCE","license":"CC-BY 4.0 (Int)","coordinateUncertaintyM":5.0,"uncertaintyUnknown":false,"observationCount":1,"geographicOutlier":false}},{"type":"Feature","id":"0cda10d80b4744ff","geometry":{"type":"Point","coordinates":[145.95029,-37.76157]},"properties":{"species":"Petauroides volans","eventDate":"2024-10-09","basisOfRecord":"OCCURRENCE","license":"CC-BY 4.0 (Int)","coordinateUncertaintyM":5.0,"uncertaintyUnknown":false,"observationCount":1,"geographicOutlier":false}},{"type":"Feature","id":"88163cd0830bf74c","geometry":{"type":"Point","coordinates":[145.60696,-37.51432]},"properties":{"species":"Petauroides volans","eventDate":"2024-10-09","basisOfRecord":"OCCURRENCE","license":"CC-BY 4.0 (Int)","coordinateUncertaintyM":5.0,"uncertaintyUnknown":false,"observationCount":1,"geographicOutlier":false}},{"type":"Feature","id":"f98ccb77d840b6b3","geometry":{"type":"Point","coordinates":[149.509991,-36.158632]},"properties":{"species":"Petauroides volans","eventDate":"2024-10-09","basisOfRecord":"HUMAN_OBSERVATION","license":"CC-BY 4.0 (Int)","coordinateUncertaintyM":10.0,"uncertaintyUnknown":false,"observationCount":1,"geographicOutlier":false}},{"type":"Feature","id":"500468719eee5ee1","geometry":{"type":"Point","coordinates":[145.92697,-37.73384]},"properties":{"species":"Petauroides volans","eventDate":"2024-10-09","basisOfRecord":"OCCURRENCE","license":"CC-BY 4.0 (Int)","coordinateUncertaintyM":5.0,"uncertaintyUnknown":false,"observationCount":1,"geographicOutlier":false}},{"type":"Feature","id":"2a98838d08e91f53","geometry":{"type":"Point","coordinates":[145.60544,-37.51038]},"properties":{"species":"Petauroides volans","eventDate":"2024-10-09","basisOfRecord":"OCCURRENCE","license":"CC-BY 4.0 (Int)","coordinateUncertaintyM":5.0,"uncertaintyUnknown":false,"observationCount":1,"geographicOutlier":false}},{"type":"Feature","id":"6665716aadcac789","geometry":{"type":"Point","coordinates":[149.506999,-36.1673]},"properties":{"species":"Petauroides volans","eventDate":"2024-10-08","basisOfRecord":"HUMAN_OBSERVATION","license":"CC-BY 4.0 (Int)","coordinateUncertaintyM":10.0,"uncertaintyUnknown":false,"observationCount":1,"geographicOutlier":false}},{"type":"Feature","id":"92e72db49b1d559b","geometry":{"type":"Point","coordinates":[146.08973,-37.75361]},"properties":{"species":"Petauroides volans","eventDate":"2024-10-08","basisOfRecord":"OCCURRENCE","license":"CC-BY 4.0 (Int)","coordinateUncertaintyM":10.0,"uncertaintyUnknown":false,"observationCount":1,"geographicOutlier":false}},{"type":"Feature","id":"e04c7050c51f4975","geometry":{"type":"Point","coordinates":[145.94812,-37.75985]},"properties":{"species":"Petauroides volans","eventDate":"2024-10-08","basisOfRecord":"OCCURRENCE","license":"CC-BY 4.0 (Int)","coordinateUncertaintyM":5.0,"uncertaintyUnknown":false,"observationCount":1,"geographicOutlier":false}},{"type":"Feature","id":"ed8470d1b3dd1db0","geometry":{"type":"Point","coordinates":[145.9521,-37.76121]},"properties":{"species":"Petauroides volans","eventDate":"2024-10-08","basisOfRecord":"OCCURRENCE","license":"CC-BY 4.0 (Int)","coordinateUncertaintyM":5.0,"uncertaintyUnknown":false,"observationCount":1,"geographicOutlier":false}},{"type":"Feature","id":"5b4bfc354dfc0d28","geometry":{"type":"Point","coordinates":[149.503714,-36.15774]},"properties":{"species":"Petauroides volans","eventDate":"2024-10-08","basisOfRecord":"HUMAN_OBSERVATION","license":"CC-BY 4.0 (Int)","coordinateUncertaintyM":10.0,"uncertaintyUnknown":false,"observationCount":1,"geographicOutlier":false}},{"type":"Feature","id":"92c5cb0d53a6a661","geometry":{"type":"Point","coordinates":[152.03903,-31.625759]},"properties":{"species":"Petauroides volans","eventDate":"2024-10-04","basisOfRecord":"HUMAN_OBSERVATION","license":"CC-BY 4.0 (Int)","coordinateUncertaintyM":5.0,"uncertaintyUnknown":false,"observationCount":1,"geographicOutlier":false}},{"type":"Feature","id":"e2d897be6a95006c","geometry":{"type":"Point","coordinates":[151.773298,-31.606624]},"properties":{"species":"Petauroides volans","eventDate":"2024-10-03","basisOfRecord":"HUMAN_OBSERVATION","license":"CC-BY 4.0 (Int)","coordinateUncertaintyM":10.0,"uncertaintyUnknown":false,"observationCount":1,"geographicOutlier":false}},{"type":"Feature","id":"19474008d1c6e95f","geometry":{"type":"Point","coordinates":[145.62658,-37.54145]},"properties":{"species":"Petauroides volans","eventDate":"2024-10-03","basisOfRecord":"OCCURRENCE","license":"CC-BY 4.0 (Int)","coordinateUncertaintyM":5.0,"uncertaintyUnknown":false,"observationCount":1,"geographicOutlier":false}},{"type":"Feature","id":"de99804074feede1","geometry":{"type":"Point","coordinates":[146.26855,-37.03979]},"properties":{"species":"Petauroides volans","eventDate":"2024-10-03","basisOfRecord":"OCCURRENCE","license":"CC-BY 4.0 (Int)","coordinateUncertaintyM":10.0,"uncertaintyUnknown":false,"observationCount":1,"geographicOutlier":false}},{"type":"Feature","id":"9d768e0dc6aea055","geometry":{"type":"Point","coordinates":[145.67157,-37.83639]},"properties":{"species":"Petauroides volans","eventDate":"2024-10-03","basisOfRecord":"OCCURRENCE","license":"CC-BY 4.0 (Int)","coordinateUncertaintyM":5.0,"uncertaintyUnknown":false,"observationCount":1,"geographicOutlier":false}},{"type":"Feature","id":"dd7818de484b7f37","geometry":{"type":"Point","coordinates":[145.62326,-37.54145]},"properties":{"species":"Petauroides volans","eventDate":"2024-10-03","basisOfRecord":"OCCURRENCE","license":"CC-BY 4.0 (Int)","coordinateUncertaintyM":5.0,"uncertaintyUnknown":false,"observationCount":1,"geographicOutlier":false}},{"type":"Feature","id":"220c063f910fe565","geometry":{"type":"Point","coordinates":[151.484741,-31.467209]},"properties":{"species":"Petauroides volans","eventDate":"2024-10-02","basisOfRecord":"HUMAN_OBSERVATION","license":"CC-BY 4.0 (Int)","coordinateUncertaintyM":10.0,"uncertaintyUnknown":false,"observationCount":1,"geographicOutlier":false}},{"type":"Feature","id":"8dd62ca13dec67dc","geometry":{"type":"Point","coordinates":[145.6596,-37.86649]},"properties":{"species":"Petauroides volans","eventDate":"2024-10-02","basisOfRecord":"OCCURRENCE","license":"CC-BY 4.0 (Int)","coordinateUncertaintyM":5.0,"uncertaintyUnknown":false,"observationCount":1,"geographicOutlier":false}},{"type":"Feature","id":"3e4d1cbcf604010b","geometry":{"type":"Point","coordinates":[145.66318,-37.86944]},"properties":{"species":"Petauroides volans","eventDate":"2024-10-02","basisOfRecord":"OCCURRENCE","license":"CC-BY 4.0 (Int)","coordinateUncertaintyM":5.0,"uncertaintyUnknown":false,"observationCount":1,"geographicOutlier":false}},{"type":"Feature","id":"243add9591030369","geometry":{"type":"Point","coordinates":[146.31935,-37.03785]},"properties":{"species":"Petauroides volans","eventDate":"2024-10-02","basisOfRecord":"OCCURRENCE","license":"CC-BY 4.0 (Int)","coordinateUncertaintyM":10.0,"uncertaintyUnknown":false,"observationCount":1,"geographicOutlier":false}},{"type":"Feature","id":"fa5063bd09cb7d94","geometry":{"type":"Point","coordinates":[145.66045,-37.86884]},"properties":{"species":"Petauroides volans","eventDate":"2024-10-02","basisOfRecord":"OCCURRENCE","license":"CC-BY 4.0 (Int)","coordinateUncertaintyM":5.0,"uncertaintyUnknown":false,"observationCount":1,"geographicOutlier":false}},{"type":"Feature","id":"72c12578ddfa8955","geometry":{"type":"Point","coordinates":[151.485342,-31.469769]},"properties":{"species":"Petauroides volans","eventDate":"2024-10-02","basisOfRecord":"HUMAN_OBSERVATION","license":"CC-BY 4.0 (Int)","coordinateUncertaintyM":10.0,"uncertaintyUnknown":false,"observationCount":1,"geographicOutlier":false}},{"type":"Feature","id":"6d75fb5e5cebea88","geometry":{"type":"Point","coordinates":[145.60646,-37.51725]},"properties":{"species":"Petauroides volans","eventDate":"2024-10-02","basisOfRecord":"OCCURRENCE","license":"CC-BY 4.0 (Int)","coordinateUncertaintyM":5.0,"uncertaintyUnknown":false,"observationCount":1,"geographicOutlier":false}},{"type":"Feature","id":"02e0b0c9890af4ca","geometry":{"type":"Point","coordinates":[151.483858,-31.475606]},"properties":{"species":"Petauroides volans","eventDate":"2024-10-02","basisOfRecord":"HUMAN_OBSERVATION","license":"CC-BY 4.0 (Int)","coordinateUncertaintyM":10.0,"uncertaintyUnknown":false,"observationCount":1,"geographicOutlier":false}},{"type":"Feature","id":"5d4686ffe7bbd09e","geometry":{"type":"Point","coordinates":[152.176769,-31.576632]},"properties":{"species":"Petauroides volans","eventDate":"2024-10-01","basisOfRecord":"HUMAN_OBSERVATION","license":"CC-BY 4.0 (Int)","coordinateUncertaintyM":10.0,"uncertaintyUnknown":false,"observationCount":1,"geographicOutlier":false}},{"type":"Feature","id":"94ea8c7960672e29","geometry":{"type":"Point","coordinates":[145.61421,-37.33089]},"properties":{"species":"Petauroides volans","eventDate":"2024-10-01","basisOfRecord":"OCCURRENCE","license":"CC-BY 4.0 (Int)","coordinateUncertaintyM":5.0,"uncertaintyUnknown":false,"observationCount":1,"geographicOutlier":false}},{"type":"Feature","id":"61da029f9c5cd2d9","geometry":{"type":"Point","coordinates":[145.6675,-37.87135]},"properties":{"species":"Petauroides volans","eventDate":"2024-10-01","basisOfRecord":"OCCURRENCE","license":"CC-BY 4.0 (Int)","coordinateUncertaintyM":5.0,"uncertaintyUnknown":false,"observationCount":1,"geographicOutlier":false}},{"type":"Feature","id":"649a1863d864eeb6","geometry":{"type":"Point","coordinates":[145.66071,-37.86749]},"properties":{"species":"Petauroides volans","eventDate":"2024-10-01","basisOfRecord":"OCCURRENCE","license":"CC-BY 4.0 (Int)","coordinateUncertaintyM":5.0,"uncertaintyUnknown":false,"observationCount":1,"geographicOutlier":false}},{"type":"Feature","id":"0dbe8e86f74f1dc9","geometry":{"type":"Point","coordinates":[145.66333,-37.86991]},"properties":{"species":"Petauroides volans","eventDate":"2024-10-01","basisOfRecord":"OCCURRENCE","license":"CC-BY 4.0 (Int)","coordinateUncertaintyM":5.0,"uncertaintyUnknown":false,"observationCount":1,"geographicOutlier":false}},{"type":"Feature","id":"dd66c6e8a98fb21c","geometry":{"type":"Point","coordinates":[151.494299,-31.466438]},"properties":{"species":"Petauroides volans","eventDate":"2024-10-01","basisOfRecord":"HUMAN_OBSERVATION","license":"CC-BY 4.0 (Int)","coordinateUncertaintyM":10.0,"uncertaintyUnknown":false,"observationCount":1,"geographicOutlier":false}},{"type":"Feature","id":"7188e2c277eb6808","geometry":{"type":"Point","coordinates":[145.62671,-37.54148]},"properties":{"species":"Petauroides volans","eventDate":"2024-09-30","basisOfRecord":"OCCURRENCE","license":"CC-BY 4.0 (Int)","coordinateUncertaintyM":5.0,"uncertaintyUnknown":false,"observationCount":1,"geographicOutlier":false}},{"type":"Feature","id":"4e43f98c31f31019","geometry":{"type":"Point","coordinates":[145.62092,-37.5398]},"properties":{"species":"Petauroides volans","eventDate":"2024-09-30","basisOfRecord":"OCCURRENCE","license":"CC-BY 4.0 (Int)","coordinateUncertaintyM":5.0,"uncertaintyUnknown":false,"observationCount":1,"geographicOutlier":false}},{"type":"Feature","id":"2a418d9939cd5f30","geometry":{"type":"Point","coordinates":[145.32897,-37.45906]},"properties":{"species":"Petauroides volans","eventDate":"2024-09-27","basisOfRecord":"OBSERVATION","license":"CC-BY 4.0 (Int)","coordinateUncertaintyM":10.0,"uncertaintyUnknown":false,"observationCount":1,"geographicOutlier":false}},{"type":"Feature","id":"3798bfe6a2c8d32e","geometry":{"type":"Point","coordinates":[146.27409,-37.03689]},"properties":{"species":"Petauroides volans","eventDate":"2024-09-25","basisOfRecord":"OCCURRENCE","license":"CC-BY 4.0 (Int)","coordinateUncertaintyM":10.0,"uncertaintyUnknown":false,"observationCount":1,"geographicOutlier":false}},{"type":"Feature","id":"f8f3b81ca77c3e84","geometry":{"type":"Point","coordinates":[145.60549,-37.50921]},"properties":{"species":"Petauroides volans","eventDate":"2024-09-24","basisOfRecord":"OCCURRENCE","license":"CC-BY 4.0 (Int)","coordinateUncertaintyM":5.0,"uncertaintyUnknown":false,"observationCount":1,"geographicOutlier":false}},{"type":"Feature","id":"4473b00f88ee9717","geometry":{"type":"Point","coordinates":[146.32372,-37.03742]},"properties":{"species":"Petauroides volans","eventDate":"2024-09-24","basisOfRecord":"OCCURRENCE","license":"CC-BY 4.0 (Int)","coordinateUncertaintyM":10.0,"uncertaintyUnknown":false,"observationCount":1,"geographicOutlier":false}},{"type":"Feature","id":"163c978d3c517b9f","geometry":{"type":"Point","coordinates":[145.60666,-37.51477]},"properties":{"species":"Petauroides volans","eventDate":"2024-09-24","basisOfRecord":"OCCURRENCE","license":"CC-BY 4.0 (Int)","coordinateUncertaintyM":5.0,"uncertaintyUnknown":false,"observationCount":1,"geographicOutlier":false}},{"type":"Feature","id":"1fa311ed30735360","geometry":{"type":"Point","coordinates":[149.515918,-36.177774]},"properties":{"species":"Petauroides volans","eventDate":"2024-09-24","basisOfRecord":"HUMAN_OBSERVATION","license":"CC-BY 4.0 (Int)","coordinateUncertaintyM":10.0,"uncertaintyUnknown":false,"observationCount":1,"geographicOutlier":false}},{"type":"Feature","id":"13ea95a1d9205f5a","geometry":{"type":"Point","coordinates":[145.60494,-37.50994]},"properties":{"species":"Petauroides volans","eventDate":"2024-09-24","basisOfRecord":"OCCURRENCE","license":"CC-BY 4.0 (Int)","coordinateUncertaintyM":5.0,"uncertaintyUnknown":false,"observationCount":1,"geographicOutlier":false}},{"type":"Feature","id":"4b18092c2bfdcbeb","geometry":{"type":"Point","coordinates":[146.22767,-36.90116]},"properties":{"species":"Petauroides volans","eventDate":"2024-09-23","basisOfRecord":"OCCURRENCE","license":"CC-BY 4.0 (Int)","coordinateUncertaintyM":10.0,"uncertaintyUnknown":false,"observationCount":1,"geographicOutlier":false}},{"type":"Feature","id":"8f45a0e6e6320a14","geometry":{"type":"Point","coordinates":[151.233417,-32.780052]},"properties":{"species":"Petauroides volans","eventDate":"2024-09-23","basisOfRecord":"HUMAN_OBSERVATION","license":"CC-BY 4.0 (Int)","coordinateUncertaintyM":6.0,"uncertaintyUnknown":false,"observationCount":1,"geographicOutlier":false}},{"type":"Feature","id":"35bc1e13bc38be50","geometry":{"type":"Point","coordinates":[145.61542,-37.3336]},"properties":{"species":"Petauroides volans","eventDate":"2024-09-23","basisOfRecord":"OCCURRENCE","license":"CC-BY 4.0 (Int)","coordinateUncertaintyM":5.0,"uncertaintyUnknown":false,"observationCount":1,"geographicOutlier":false}},{"type":"Feature","id":"41143840a362832a","geometry":{"type":"Point","coordinates":[146.23837,-38.43145]},"properties":{"species":"Petauroides volans","eventDate":"2024-09-23","basisOfRecord":"OCCURRENCE","license":"CC-BY 4.0 (Int)","coordinateUncertaintyM":5.0,"uncertaintyUnknown":false,"observationCount":1,"geographicOutlier":false}},{"type":"Feature","id":"6962a5dde6752ee9","geometry":{"type":"Point","coordinates":[149.5083,-36.164136]},"properties":{"species":"Petauroides volans","eventDate":"2024-09-22","basisOfRecord":"HUMAN_OBSERVATION","license":"CC-BY 4.0 (Int)","coordinateUncertaintyM":10.0,"uncertaintyUnknown":false,"observationCount":1,"geographicOutlier":false}},{"type":"Feature","id":"362f59552e35f798","geometry":{"type":"Point","coordinates":[150.223476,-34.494214]},"properties":{"species":"Petauroides volans","eventDate":"2024-09-18","basisOfRecord":"HUMAN_OBSERVATION","license":"CC-BY 4.0 (Int)","coordinateUncertaintyM":20.0,"uncertaintyUnknown":false,"observationCount":1,"geographicOutlier":false}},{"type":"Feature","id":"c506b421a2f86198","geometry":{"type":"Point","coordinates":[150.19929,-34.51242]},"properties":{"species":"Petauroides volans","eventDate":"2024-09-18","basisOfRecord":"HUMAN_OBSERVATION","license":"CC-BY 4.0 (Int)","coordinateUncertaintyM":20.0,"uncertaintyUnknown":false,"observationCount":1,"geographicOutlier":false}},{"type":"Feature","id":"6f3f436d6f50af01","geometry":{"type":"Point","coordinates":[149.508928,-36.153889]},"properties":{"species":"Petauroides volans","eventDate":"2024-09-17","basisOfRecord":"HUMAN_OBSERVATION","license":"CC-BY 4.0 (Int)","coordinateUncertaintyM":10.0,"uncertaintyUnknown":false,"observationCount":1,"geographicOutlier":false}},{"type":"Feature","id":"ac3bf745185f0f33","geometry":{"type":"Point","coordinates":[150.219998,-34.524018]},"properties":{"species":"Petauroides volans","eventDate":"2024-09-17","basisOfRecord":"HUMAN_OBSERVATION","license":"CC-BY 4.0 (Int)","coordinateUncertaintyM":20.0,"uncertaintyUnknown":false,"observationCount":1,"geographicOutlier":false}},{"type":"Feature","id":"fe10dc9917b68421","geometry":{"type":"Point","coordinates":[150.198949,-34.546542]},"properties":{"species":"Petauroides volans","eventDate":"2024-09-17","basisOfRecord":"HUMAN_OBSERVATION","license":"CC-BY 4.0 (Int)","coordinateUncertaintyM":20.0,"uncertaintyUnknown":false,"observationCount":1,"geographicOutlier":false}},{"type":"Feature","id":"2b95420af4970055","geometry":{"type":"Point","coordinates":[150.201721,-34.461574]},"properties":{"species":"Petauroides volans","eventDate":"2024-09-17","basisOfRecord":"HUMAN_OBSERVATION","license":"CC-BY 4.0 (Int)","coordinateUncertaintyM":20.0,"uncertaintyUnknown":false,"observationCount":1,"geographicOutlier":false}},{"type":"Feature","id":"b28d63f04d8cf8de","geometry":{"type":"Point","coordinates":[150.193604,-34.350815]},"properties":{"species":"Petauroides volans","eventDate":"2024-09-16","basisOfRecord":"HUMAN_OBSERVATION","license":"CC-BY 4.0 (Int)","coordinateUncertaintyM":20.0,"uncertaintyUnknown":false,"observationCount":1,"geographicOutlier":false}},{"type":"Feature","id":"f3367a7fa2011fac","geometry":{"type":"Point","coordinates":[150.17284,-34.360876]},"properties":{"species":"Petauroides volans","eventDate":"2024-09-16","basisOfRecord":"HUMAN_OBSERVATION","license":"CC-BY 4.0 (Int)","coordinateUncertaintyM":20.0,"uncertaintyUnknown":false,"observationCount":1,"geographicOutlier":false}},{"type":"Feature","id":"1442620f69d5e34f","geometry":{"type":"Point","coordinates":[150.188322,-34.351642]},"properties":{"species":"Petauroides volans","eventDate":"2024-09-16","basisOfRecord":"HUMAN_OBSERVATION","license":"CC-BY 4.0 (Int)","coordinateUncertaintyM":20.0,"uncertaintyUnknown":false,"observationCount":1,"geographicOutlier":false}},{"type":"Feature","id":"678e4e2198e9ebe1","geometry":{"type":"Point","coordinates":[149.507662,-36.154117]},"properties":{"species":"Petauroides volans","eventDate":"2024-09-15","basisOfRecord":"HUMAN_OBSERVATION","license":"CC-BY 4.0 (Int)","coordinateUncertaintyM":10.0,"uncertaintyUnknown":false,"observationCount":1,"geographicOutlier":false}},{"type":"Feature","id":"897acdf933d9f088","geometry":{"type":"Point","coordinates":[152.088451,-30.703512]},"properties":{"species":"Petauroides volans","eventDate":"2024-09-14","basisOfRecord":"HUMAN_OBSERVATION","license":"CC-BY 4.0 (Int)","coordinateUncertaintyM":10.0,"uncertaintyUnknown":false,"observationCount":1,"geographicOutlier":false}},{"type":"Feature","id":"37d0b11c58228305","geometry":{"type":"Point","coordinates":[150.607461,-34.558402]},"properties":{"species":"Petauroides volans","eventDate":"2024-09-13","basisOfRecord":"HUMAN_OBSERVATION","license":"CC-BY 4.0 (Int)","coordinateUncertaintyM":20.0,"uncertaintyUnknown":false,"observationCount":1,"geographicOutlier":false}},{"type":"Feature","id":"a192bc010721bc85","geometry":{"type":"Point","coordinates":[152.110556,-30.70294]},"properties":{"species":"Petauroides volans","eventDate":"2024-09-12","basisOfRecord":"HUMAN_OBSERVATION","license":"CC-BY 4.0 (Int)","coordinateUncertaintyM":10.0,"uncertaintyUnknown":false,"observationCount":1,"geographicOutlier":false}},{"type":"Feature","id":"3184a2a17214efaa","geometry":{"type":"Point","coordinates":[152.109569,-30.703331]},"properties":{"species":"Petauroides volans","eventDate":"2024-09-12","basisOfRecord":"HUMAN_OBSERVATION","license":"CC-BY 4.0 (Int)","coordinateUncertaintyM":10.0,"uncertaintyUnknown":false,"observationCount":1,"geographicOutlier":false}},{"type":"Feature","id":"b1506b98916efa63","geometry":{"type":"Point","coordinates":[152.108997,-30.698934]},"properties":{"species":"Petauroides volans","eventDate":"2024-09-12","basisOfRecord":"HUMAN_OBSERVATION","license":"CC-BY 4.0 (Int)","coordinateUncertaintyM":10.0,"uncertaintyUnknown":false,"observationCount":1,"geographicOutlier":false}},{"type":"Feature","id":"723699e91e749e8c","geometry":{"type":"Point","coordinates":[150.615801,-34.527805]},"properties":{"species":"Petauroides volans","eventDate":"2024-09-12","basisOfRecord":"HUMAN_OBSERVATION","license":"CC-BY 4.0 (Int)","coordinateUncertaintyM":20.0,"uncertaintyUnknown":false,"observationCount":1,"geographicOutlier":false}},{"type":"Feature","id":"d688ec2e8b78b883","geometry":{"type":"Point","coordinates":[152.110683,-30.702138]},"properties":{"species":"Petauroides volans","eventDate":"2024-09-12","basisOfRecord":"HUMAN_OBSERVATION","license":"CC-BY 4.0 (Int)","coordinateUncertaintyM":10.0,"uncertaintyUnknown":false,"observationCount":1,"geographicOutlier":false}},{"type":"Feature","id":"0cee15430b4c1f9a","geometry":{"type":"Point","coordinates":[152.11074,-30.704372]},"properties":{"species":"Petauroides volans","eventDate":"2024-09-12","basisOfRecord":"HUMAN_OBSERVATION","license":"CC-BY 4.0 (Int)","coordinateUncertaintyM":10.0,"uncertaintyUnknown":false,"observationCount":1,"geographicOutlier":false}},{"type":"Feature","id":"c7290293f240ff8b","geometry":{"type":"Point","coordinates":[150.526152,-34.492997]},"properties":{"species":"Petauroides volans","eventDate":"2024-09-11","basisOfRecord":"HUMAN_OBSERVATION","license":"CC-BY 4.0 (Int)","coordinateUncertaintyM":20.0,"uncertaintyUnknown":false,"observationCount":1,"geographicOutlier":false}},{"type":"Feature","id":"9daf345175f6d5f1","geometry":{"type":"Point","coordinates":[150.519061,-34.490327]},"properties":{"species":"Petauroides volans","eventDate":"2024-09-11","basisOfRecord":"HUMAN_OBSERVATION","license":"CC-BY 4.0 (Int)","coordinateUncertaintyM":20.0,"uncertaintyUnknown":false,"observationCount":1,"geographicOutlier":false}},{"type":"Feature","id":"742b98bee46c2afb","geometry":{"type":"Point","coordinates":[150.617388,-34.527477]},"properties":{"species":"Petauroides volans","eventDate":"2024-09-11","basisOfRecord":"HUMAN_OBSERVATION","license":"CC-BY 4.0 (Int)","coordinateUncertaintyM":20.0,"uncertaintyUnknown":false,"observationCount":1,"geographicOutlier":false}},{"type":"Feature","id":"8f69da7d6dfad1bb","geometry":{"type":"Point","coordinates":[150.517411,-34.490347]},"properties":{"species":"Petauroides volans","eventDate":"2024-09-11","basisOfRecord":"HUMAN_OBSERVATION","license":"CC-BY 4.0 (Int)","coordinateUncertaintyM":20.0,"uncertaintyUnknown":false,"observationCount":1,"geographicOutlier":false}},{"type":"Feature","id":"5c8698793a8cb740","geometry":{"type":"Point","coordinates":[150.618595,-34.524575]},"properties":{"species":"Petauroides volans","eventDate":"2024-09-11","basisOfRecord":"HUMAN_OBSERVATION","license":"CC-BY 4.0 (Int)","coordinateUncertaintyM":20.0,"uncertaintyUnknown":false,"observationCount":1,"geographicOutlier":false}},{"type":"Feature","id":"4ee6e5b591eb8a74","geometry":{"type":"Point","coordinates":[150.523829,-34.492338]},"properties":{"species":"Petauroides volans","eventDate":"2024-09-11","basisOfRecord":"HUMAN_OBSERVATION","license":"CC-BY 4.0 (Int)","coordinateUncertaintyM":20.0,"uncertaintyUnknown":false,"observationCount":1,"geographicOutlier":false}},{"type":"Feature","id":"b2ac572f59190095","geometry":{"type":"Point","coordinates":[152.13834,-30.668831]},"properties":{"species":"Petauroides volans","eventDate":"2024-09-11","basisOfRecord":"HUMAN_OBSERVATION","license":"CC-BY 4.0 (Int)","coordinateUncertaintyM":10.0,"uncertaintyUnknown":false,"observationCount":1,"geographicOutlier":false}},{"type":"Feature","id":"7e2277e5a78d8c14","geometry":{"type":"Point","coordinates":[150.518149,-34.491236]},"properties":{"species":"Petauroides volans","eventDate":"2024-09-11","basisOfRecord":"HUMAN_OBSERVATION","license":"CC-BY 4.0 (Int)","coordinateUncertaintyM":20.0,"uncertaintyUnknown":false,"observationCount":1,"geographicOutlier":false}},{"type":"Feature","id":"6b389d5789ad739a","geometry":{"type":"Point","coordinates":[150.617417,-34.528627]},"properties":{"species":"Petauroides volans","eventDate":"2024-09-11","basisOfRecord":"HUMAN_OBSERVATION","license":"CC-BY 4.0 (Int)","coordinateUncertaintyM":20.0,"uncertaintyUnknown":false,"observationCount":1,"geographicOutlier":false}},{"type":"Feature","id":"2b32c04fda58789b","geometry":{"type":"Point","coordinates":[152.116986,-30.684706]},"properties":{"species":"Petauroides volans","eventDate":"2024-09-11","basisOfRecord":"HUMAN_OBSERVATION","license":"CC-BY 4.0 (Int)","coordinateUncertaintyM":10.0,"uncertaintyUnknown":false,"observationCount":1,"geographicOutlier":false}},{"type":"Feature","id":"f2cc86a4b25d283d","geometry":{"type":"Point","coordinates":[150.619799,-34.351746]},"properties":{"species":"Petauroides volans","eventDate":"2024-09-11","basisOfRecord":"HUMAN_OBSERVATION","license":"CC-BY 4.0 (Int)","coordinateUncertaintyM":20.0,"uncertaintyUnknown":false,"observationCount":1,"geographicOutlier":false}},{"type":"Feature","id":"fcfac6b08a4dbdec","geometry":{"type":"Point","coordinates":[150.620035,-34.529892]},"properties":{"species":"Petauroides volans","eventDate":"2024-09-11","basisOfRecord":"HUMAN_OBSERVATION","license":"CC-BY 4.0 (Int)","coordinateUncertaintyM":20.0,"uncertaintyUnknown":false,"observationCount":1,"geographicOutlier":false}},{"type":"Feature","id":"980178b847de2949","geometry":{"type":"Point","coordinates":[152.139448,-30.669391]},"properties":{"species":"Petauroides volans","eventDate":"2024-09-11","basisOfRecord":"HUMAN_OBSERVATION","license":"CC-BY 4.0 (Int)","coordinateUncertaintyM":10.0,"uncertaintyUnknown":false,"observationCount":1,"geographicOutlier":false}},{"type":"Feature","id":"15831d0b057b4404","geometry":{"type":"Point","coordinates":[152.119007,-30.68521]},"properties":{"species":"Petauroides volans","eventDate":"2024-09-11","basisOfRecord":"HUMAN_OBSERVATION","license":"CC-BY 4.0 (Int)","coordinateUncertaintyM":10.0,"uncertaintyUnknown":false,"observationCount":1,"geographicOutlier":false}},{"type":"Feature","id":"28ea7278c1eebf43","geometry":{"type":"Point","coordinates":[152.118761,-30.686666]},"properties":{"species":"Petauroides volans","eventDate":"2024-09-11","basisOfRecord":"HUMAN_OBSERVATION","license":"CC-BY 4.0 (Int)","coordinateUncertaintyM":10.0,"uncertaintyUnknown":false,"observationCount":1,"geographicOutlier":false}},{"type":"Feature","id":"c2fc1c22a086f1c5","geometry":{"type":"Point","coordinates":[150.524503,-34.493054]},"properties":{"species":"Petauroides volans","eventDate":"2024-09-11","basisOfRecord":"HUMAN_OBSERVATION","license":"CC-BY 4.0 (Int)","coordinateUncertaintyM":20.0,"uncertaintyUnknown":false,"observationCount":1,"geographicOutlier":false}},{"type":"Feature","id":"db3dd1c04989827e","geometry":{"type":"Point","coordinates":[150.562423,-34.479602]},"properties":{"species":"Petauroides volans","eventDate":"2024-09-10","basisOfRecord":"HUMAN_OBSERVATION","license":"CC-BY 4.0 (Int)","coordinateUncertaintyM":20.0,"uncertaintyUnknown":false,"observationCount":1,"geographicOutlier":false}},{"type":"Feature","id":"1d7cd30b0360e32e","geometry":{"type":"Point","coordinates":[152.139789,-30.657971]},"properties":{"species":"Petauroides volans","eventDate":"2024-09-10","basisOfRecord":"HUMAN_OBSERVATION","license":"CC-BY 4.0 (Int)","coordinateUncertaintyM":10.0,"uncertaintyUnknown":false,"observationCount":1,"geographicOutlier":false}},{"type":"Feature","id":"3b80872fa5397753","geometry":{"type":"Point","coordinates":[150.562897,-34.481269]},"properties":{"species":"Petauroides volans","eventDate":"2024-09-10","basisOfRecord":"HUMAN_OBSERVATION","license":"CC-BY 4.0 (Int)","coordinateUncertaintyM":20.0,"uncertaintyUnknown":false,"observationCount":1,"geographicOutlier":false}},{"type":"Feature","id":"d4797291955d2518","geometry":{"type":"Point","coordinates":[152.142475,-30.655442]},"properties":{"species":"Petauroides volans","eventDate":"2024-09-10","basisOfRecord":"HUMAN_OBSERVATION","license":"CC-BY 4.0 (Int)","coordinateUncertaintyM":10.0,"uncertaintyUnknown":false,"observationCount":1,"geographicOutlier":false}},{"type":"Feature","id":"6d6beb3c1ab6ca8a","geometry":{"type":"Point","coordinates":[150.562216,-34.480666]},"properties":{"species":"Petauroides volans","eventDate":"2024-09-10","basisOfRecord":"HUMAN_OBSERVATION","license":"CC-BY 4.0 (Int)","coordinateUncertaintyM":20.0,"uncertaintyUnknown":false,"observationCount":1,"geographicOutlier":false}},{"type":"Feature","id":"e53be9bb007fb005","geometry":{"type":"Point","coordinates":[152.437381,-30.226687]},"properties":{"species":"Petauroides volans","eventDate":"2024-09-10","basisOfRecord":"HUMAN_OBSERVATION","license":"CC-BY 4.0 (Int)","coordinateUncertaintyM":5.0,"uncertaintyUnknown":false,"observationCount":1,"geographicOutlier":false}},{"type":"Feature","id":"a053b45cc93908aa","geometry":{"type":"Point","coordinates":[152.150582,-30.650046]},"properties":{"species":"Petauroides volans","eventDate":"2024-09-10","basisOfRecord":"HUMAN_OBSERVATION","license":"CC-BY 4.0 (Int)","coordinateUncertaintyM":10.0,"uncertaintyUnknown":false,"observationCount":1,"geographicOutlier":false}},{"type":"Feature","id":"de5997d2217f2e4f","geometry":{"type":"Point","coordinates":[150.540031,-34.431597]},"properties":{"species":"Petauroides volans","eventDate":"2024-09-09","basisOfRecord":"HUMAN_OBSERVATION","license":"CC-BY 4.0 (Int)","coordinateUncertaintyM":20.0,"uncertaintyUnknown":false,"observationCount":1,"geographicOutlier":false}},{"type":"Feature","id":"58f0d504418e549e","geometry":{"type":"Point","coordinates":[149.918349,-33.981124]},"properties":{"species":"Petauroides volans","eventDate":"2024-09-07","basisOfRecord":"HUMAN_OBSERVATION","license":"CC-BY 4.0 (Int)","coordinateUncertaintyM":20.0,"uncertaintyUnknown":false,"observationCount":1,"geographicOutlier":false}},{"type":"Feature","id":"cd09af16e8cd835a","geometry":{"type":"Point","coordinates":[152.433801,-30.227424]},"properties":{"species":"Petauroides volans","eventDate":"2024-09-07","basisOfRecord":"HUMAN_OBSERVATION","license":"CC-BY 4.0 (Int)","coordinateUncertaintyM":5.0,"uncertaintyUnknown":false,"observationCount":1,"geographicOutlier":false}},{"type":"Feature","id":"02460ec40d3f3a9d","geometry":{"type":"Point","coordinates":[152.181156,-31.56781]},"properties":{"species":"Petauroides volans","eventDate":"2024-09-05","basisOfRecord":"HUMAN_OBSERVATION","license":"CC-BY 4.0 (Int)","coordinateUncertaintyM":10.0,"uncertaintyUnknown":false,"observationCount":1,"geographicOutlier":false}},{"type":"Feature","id":"a5a08ee21e9492b0","geometry":{"type":"Point","coordinates":[151.218265,-32.781554]},"properties":{"species":"Petauroides volans","eventDate":"2024-09-05","basisOfRecord":"HUMAN_OBSERVATION","license":"CC-BY 4.0 (Int)","coordinateUncertaintyM":10.0,"uncertaintyUnknown":false,"observationCount":1,"geographicOutlier":false}},{"type":"Feature","id":"ce85fc568155eee4","geometry":{"type":"Point","coordinates":[151.268295,-33.007922]},"properties":{"species":"Petauroides volans","eventDate":"2024-09-04","basisOfRecord":"HUMAN_OBSERVATION","license":"CC-BY 4.0 (Int)","coordinateUncertaintyM":10.0,"uncertaintyUnknown":false,"observationCount":1,"geographicOutlier":false}},{"type":"Feature","id":"db60dd6b14c2d8b6","geometry":{"type":"Point","coordinates":[152.17825,-31.574702]},"properties":{"species":"Petauroides volans","eventDate":"2024-09-04","basisOfRecord":"HUMAN_OBSERVATION","license":"CC-BY 4.0 (Int)","coordinateUncertaintyM":10.0,"uncertaintyUnknown":false,"observationCount":1,"geographicOutlier":false}},{"type":"Feature","id":"87cfbb8ea7cad0db","geometry":{"type":"Point","coordinates":[152.217877,-31.574301]},"properties":{"species":"Petauroides volans","eventDate":"2024-09-04","basisOfRecord":"HUMAN_OBSERVATION","license":"CC-BY 4.0 (Int)","coordinateUncertaintyM":10.0,"uncertaintyUnknown":false,"observationCount":1,"geographicOutlier":false}},{"type":"Feature","id":"c63c4356b3d58c04","geometry":{"type":"Point","coordinates":[152.181056,-31.57684]},"properties":{"species":"Petauroides volans","eventDate":"2024-09-04","basisOfRecord":"HUMAN_OBSERVATION","license":"CC-BY 4.0 (Int)","coordinateUncertaintyM":10.0,"uncertaintyUnknown":false,"observationCount":1,"geographicOutlier":false}},{"type":"Feature","id":"079a78a5386c3bc1","geometry":{"type":"Point","coordinates":[151.261504,-33.002258]},"properties":{"species":"Petauroides volans","eventDate":"2024-09-04","basisOfRecord":"HUMAN_OBSERVATION","license":"CC-BY 4.0 (Int)","coordinateUncertaintyM":10.0,"uncertaintyUnknown":false,"observationCount":1,"geographicOutlier":false}},{"type":"Feature","id":"1a8541f04d661e47","geometry":{"type":"Point","coordinates":[152.436969,-30.227663]},"properties":{"species":"Petauroides volans","eventDate":"2024-09-04","basisOfRecord":"HUMAN_OBSERVATION","license":"CC-BY 4.0 (Int)","coordinateUncertaintyM":5.0,"uncertaintyUnknown":false,"observationCount":1,"geographicOutlier":false}},{"type":"Feature","id":"d37028ece0f86e12","geometry":{"type":"Point","coordinates":[152.180965,-31.565553]},"properties":{"species":"Petauroides volans","eventDate":"2024-09-03","basisOfRecord":"HUMAN_OBSERVATION","license":"CC-BY 4.0 (Int)","coordinateUncertaintyM":10.0,"uncertaintyUnknown":false,"observationCount":1,"geographicOutlier":false}},{"type":"Feature","id":"eae26cdf213fa398","geometry":{"type":"Point","coordinates":[151.680145,-32.133849]},"properties":{"species":"Petauroides volans","eventDate":"2024-09-03","basisOfRecord":"HUMAN_OBSERVATION","license":"CC-BY 4.0 (Int)","coordinateUncertaintyM":4.0,"uncertaintyUnknown":false,"observationCount":1,"geographicOutlier":false}},{"type":"Feature","id":"4b154ef7abb8efa3","geometry":{"type":"Point","coordinates":[152.18547,-31.567287]},"properties":{"species":"Petauroides volans","eventDate":"2024-09-03","basisOfRecord":"HUMAN_OBSERVATION","license":"CC-BY 4.0 (Int)","coordinateUncertaintyM":10.0,"uncertaintyUnknown":false,"observationCount":1,"geographicOutlier":false}},{"type":"Feature","id":"29d830999db8eb1d","geometry":{"type":"Point","coordinates":[152.432981,-30.227291]},"properties":{"species":"Petauroides volans","eventDate":"2024-08-30","basisOfRecord":"HUMAN_OBSERVATION","license":"CC-BY 4.0 (Int)","coordinateUncertaintyM":5.0,"uncertaintyUnknown":false,"observationCount":1,"geographicOutlier":false}},{"type":"Feature","id":"561fc945faf300e4","geometry":{"type":"Point","coordinates":[152.434859,-30.227711]},"properties":{"species":"Petauroides volans","eventDate":"2024-08-30","basisOfRecord":"HUMAN_OBSERVATION","license":"CC-BY 4.0 (Int)","coordinateUncertaintyM":5.0,"uncertaintyUnknown":false,"observationCount":1,"geographicOutlier":false}},{"type":"Feature","id":"4d0e63dc735eb64f","geometry":{"type":"Point","coordinates":[152.433017,-30.227251]},"properties":{"species":"Petauroides volans","eventDate":"2024-08-29","basisOfRecord":"HUMAN_OBSERVATION","license":"CC-BY 4.0 (Int)","coordinateUncertaintyM":5.0,"uncertaintyUnknown":false,"observationCount":1,"geographicOutlier":false}},{"type":"Feature","id":"ab82a348d8cc6991","geometry":{"type":"Point","coordinates":[152.053298,-32.338521]},"properties":{"species":"Petauroides volans","eventDate":"2024-08-27","basisOfRecord":"HUMAN_OBSERVATION","license":"CC-BY 4.0 (Int)","coordinateUncertaintyM":100.0,"uncertaintyUnknown":false,"observationCount":1,"geographicOutlier":false}},{"type":"Feature","id":"00ba0df7aa97a9d2","geometry":{"type":"Point","coordinates":[151.20799,-32.818193]},"properties":{"species":"Petauroides volans","eventDate":"2024-08-27","basisOfRecord":"HUMAN_OBSERVATION","license":"CC-BY 4.0 (Int)","coordinateUncertaintyM":10.0,"uncertaintyUnknown":false,"observationCount":1,"geographicOutlier":false}},{"type":"Feature","id":"33c7e11371055700","geometry":{"type":"Point","coordinates":[146.29132,-38.07175]},"properties":{"species":"Petauroides volans","eventDate":"2024-08-26","basisOfRecord":"OCCURRENCE","license":"CC-BY 4.0 (Int)","coordinateUncertaintyM":5.0,"uncertaintyUnknown":false,"observationCount":1,"geographicOutlier":false}},{"type":"Feature","id":"64e695c29b263ad0","geometry":{"type":"Point","coordinates":[152.154473,-30.665418]},"properties":{"species":"Petauroides volans","eventDate":"2024-08-26","basisOfRecord":"HUMAN_OBSERVATION","license":"CC-BY 4.0 (Int)","coordinateUncertaintyM":10.0,"uncertaintyUnknown":false,"observationCount":1,"geographicOutlier":false}},{"type":"Feature","id":"4705708fd38c1a5c","geometry":{"type":"Point","coordinates":[152.154745,-30.664155]},"properties":{"species":"Petauroides volans","eventDate":"2024-08-26","basisOfRecord":"HUMAN_OBSERVATION","license":"CC-BY 4.0 (Int)","coordinateUncertaintyM":10.0,"uncertaintyUnknown":false,"observationCount":1,"geographicOutlier":false}},{"type":"Feature","id":"b2a43e5be05d5d4d","geometry":{"type":"Point","coordinates":[152.178532,-31.72169]},"properties":{"species":"Petauroides volans","eventDate":"2024-08-26","basisOfRecord":"HUMAN_OBSERVATION","license":"CC-BY 4.0 (Int)","coordinateUncertaintyM":10.0,"uncertaintyUnknown":false,"observationCount":1,"geographicOutlier":false}},{"type":"Feature","id":"6dd24af5a08afd67","geometry":{"type":"Point","coordinates":[152.160173,-30.654076]},"properties":{"species":"Petauroides volans","eventDate":"2024-08-25","basisOfRecord":"HUMAN_OBSERVATION","license":"CC-BY 4.0 (Int)","coordinateUncertaintyM":10.0,"uncertaintyUnknown":false,"observationCount":1,"geographicOutlier":false}},{"type":"Feature","id":"d107936c7ddfe813","geometry":{"type":"Point","coordinates":[152.160968,-30.653002]},"properties":{"species":"Petauroides volans","eventDate":"2024-08-25","basisOfRecord":"HUMAN_OBSERVATION","license":"CC-BY 4.0 (Int)","coordinateUncertaintyM":10.0,"uncertaintyUnknown":false,"observationCount":1,"geographicOutlier":false}},{"type":"Feature","id":"f90509fef202d54a","geometry":{"type":"Point","coordinates":[152.155377,-30.670813]},"properties":{"species":"Petauroides volans","eventDate":"2024-08-25","basisOfRecord":"HUMAN_OBSERVATION","license":"CC-BY 4.0 (Int)","coordinateUncertaintyM":10.0,"uncertaintyUnknown":false,"observationCount":1,"geographicOutlier":false}},{"type":"Feature","id":"6df2fbf43522afcd","geometry":{"type":"Point","coordinates":[152.152593,-30.672237]},"properties":{"species":"Petauroides volans","eventDate":"2024-08-25","basisOfRecord":"HUMAN_OBSERVATION","license":"CC-BY 4.0 (Int)","coordinateUncertaintyM":10.0,"uncertaintyUnknown":false,"observationCount":1,"geographicOutlier":false}},{"type":"Feature","id":"639ff77ae7c7e914","geometry":{"type":"Point","coordinates":[152.160754,-30.652361]},"properties":{"species":"Petauroides volans","eventDate":"2024-08-24","basisOfRecord":"HUMAN_OBSERVATION","license":"CC-BY 4.0 (Int)","coordinateUncertaintyM":10.0,"uncertaintyUnknown":false,"observationCount":1,"geographicOutlier":false}},{"type":"Feature","id":"63a71ab0fcd5923a","geometry":{"type":"Point","coordinates":[152.093581,-30.699625]},"properties":{"species":"Petauroides volans","eventDate":"2024-08-24","basisOfRecord":"HUMAN_OBSERVATION","license":"CC-BY 4.0 (Int)","coordinateUncertaintyM":10.0,"uncertaintyUnknown":false,"observationCount":1,"geographicOutlier":false}},{"type":"Feature","id":"86067767bcab4462","geometry":{"type":"Point","coordinates":[152.095375,-30.701377]},"properties":{"species":"Petauroides volans","eventDate":"2024-08-24","basisOfRecord":"HUMAN_OBSERVATION","license":"CC-BY 4.0 (Int)","coordinateUncertaintyM":10.0,"uncertaintyUnknown":false,"observationCount":1,"geographicOutlier":false}},{"type":"Feature","id":"51f42d6bf8a817b2","geometry":{"type":"Point","coordinates":[152.16013,-30.650136]},"properties":{"species":"Petauroides volans","eventDate":"2024-08-24","basisOfRecord":"HUMAN_OBSERVATION","license":"CC-BY 4.0 (Int)","coordinateUncertaintyM":10.0,"uncertaintyUnknown":false,"observationCount":1,"geographicOutlier":false}},{"type":"Feature","id":"88659dfde51dfd9b","geometry":{"type":"Point","coordinates":[152.156354,-30.660721]},"properties":{"species":"Petauroides volans","eventDate":"2024-08-24","basisOfRecord":"HUMAN_OBSERVATION","license":"CC-BY 4.0 (Int)","coordinateUncertaintyM":10.0,"uncertaintyUnknown":false,"observationCount":1,"geographicOutlier":false}},{"type":"Feature","id":"4b5e1ad94eea8529","geometry":{"type":"Point","coordinates":[152.096568,-30.696931]},"properties":{"species":"Petauroides volans","eventDate":"2024-08-24","basisOfRecord":"HUMAN_OBSERVATION","license":"CC-BY 4.0 (Int)","coordinateUncertaintyM":10.0,"uncertaintyUnknown":false,"observationCount":1,"geographicOutlier":false}},{"type":"Feature","id":"1dc5d2d1efa84de6","geometry":{"type":"Point","coordinates":[152.092922,-30.697321]},"properties":{"species":"Petauroides volans","eventDate":"2024-08-24","basisOfRecord":"HUMAN_OBSERVATION","license":"CC-BY 4.0 (Int)","coordinateUncertaintyM":10.0,"uncertaintyUnknown":false,"observationCount":1,"geographicOutlier":false}},{"type":"Feature","id":"ff390745f7a5aaa3","geometry":{"type":"Point","coordinates":[152.095558,-30.695294]},"properties":{"species":"Petauroides volans","eventDate":"2024-08-24","basisOfRecord":"HUMAN_OBSERVATION","license":"CC-BY 4.0 (Int)","coordinateUncertaintyM":10.0,"uncertaintyUnknown":false,"observationCount":1,"geographicOutlier":false}},{"type":"Feature","id":"02d626b8edab3169","geometry":{"type":"Point","coordinates":[152.121057,-30.689671]},"properties":{"species":"Petauroides volans","eventDate":"2024-08-24","basisOfRecord":"HUMAN_OBSERVATION","license":"CC-BY 4.0 (Int)","coordinateUncertaintyM":10.0,"uncertaintyUnknown":false,"observationCount":1,"geographicOutlier":false}},{"type":"Feature","id":"2f88601298934a6b","geometry":{"type":"Point","coordinates":[152.095205,-30.701695]},"properties":{"species":"Petauroides volans","eventDate":"2024-08-24","basisOfRecord":"HUMAN_OBSERVATION","license":"CC-BY 4.0 (Int)","coordinateUncertaintyM":10.0,"uncertaintyUnknown":false,"observationCount":1,"geographicOutlier":false}},{"type":"Feature","id":"e438e43d66ed886d","geometry":{"type":"Point","coordinates":[152.162842,-30.665939]},"properties":{"species":"Petauroides volans","eventDate":"2024-08-23","basisOfRecord":"HUMAN_OBSERVATION","license":"CC-BY 4.0 (Int)","coordinateUncertaintyM":10.0,"uncertaintyUnknown":false,"observationCount":1,"geographicOutlier":false}},{"type":"Feature","id":"22d1037a3c21887d","geometry":{"type":"Point","coordinates":[152.119594,-30.6887]},"properties":{"species":"Petauroides volans","eventDate":"2024-08-23","basisOfRecord":"HUMAN_OBSERVATION","license":"CC-BY 4.0 (Int)","coordinateUncertaintyM":10.0,"uncertaintyUnknown":false,"observationCount":1,"geographicOutlier":false}},{"type":"Feature","id":"0678ee9905abdcbd","geometry":{"type":"Point","coordinates":[152.145237,-30.666685]},"properties":{"species":"Petauroides volans","eventDate":"2024-08-23","basisOfRecord":"HUMAN_OBSERVATION","license":"CC-BY 4.0 (Int)","coordinateUncertaintyM":10.0,"uncertaintyUnknown":false,"observationCount":1,"geographicOutlier":false}},{"type":"Feature","id":"7806813abe1f357a","geometry":{"type":"Point","coordinates":[152.149585,-30.665936]},"properties":{"species":"Petauroides volans","eventDate":"2024-08-23","basisOfRecord":"HUMAN_OBSERVATION","license":"CC-BY 4.0 (Int)","coordinateUncertaintyM":10.0,"uncertaintyUnknown":false,"observationCount":1,"geographicOutlier":false}},{"type":"Feature","id":"e66f5257bf88e063","geometry":{"type":"Point","coordinates":[152.117747,-30.697532]},"properties":{"species":"Petauroides volans","eventDate":"2024-08-23","basisOfRecord":"HUMAN_OBSERVATION","license":"CC-BY 4.0 (Int)","coordinateUncertaintyM":10.0,"uncertaintyUnknown":false,"observationCount":1,"geographicOutlier":false}},{"type":"Feature","id":"30d2ffac9c3bd852","geometry":{"type":"Point","coordinates":[152.117299,-30.692532]},"properties":{"species":"Petauroides volans","eventDate":"2024-08-23","basisOfRecord":"HUMAN_OBSERVATION","license":"CC-BY 4.0 (Int)","coordinateUncertaintyM":10.0,"uncertaintyUnknown":false,"observationCount":1,"geographicOutlier":false}},{"type":"Feature","id":"8335649e2ed8aeb7","geometry":{"type":"Point","coordinates":[152.145065,-30.663462]},"properties":{"species":"Petauroides volans","eventDate":"2024-08-23","basisOfRecord":"HUMAN_OBSERVATION","license":"CC-BY 4.0 (Int)","coordinateUncertaintyM":10.0,"uncertaintyUnknown":false,"observationCount":1,"geographicOutlier":false}},{"type":"Feature","id":"a79b59d334d00d32","geometry":{"type":"Point","coordinates":[152.116905,-30.69239]},"properties":{"species":"Petauroides volans","eventDate":"2024-08-23","basisOfRecord":"HUMAN_OBSERVATION","license":"CC-BY 4.0 (Int)","coordinateUncertaintyM":10.0,"uncertaintyUnknown":false,"observationCount":1,"geographicOutlier":false}},{"type":"Feature","id":"416d37dca8c8bf05","geometry":{"type":"Point","coordinates":[152.115359,-30.694812]},"properties":{"species":"Petauroides volans","eventDate":"2024-08-23","basisOfRecord":"HUMAN_OBSERVATION","license":"CC-BY 4.0 (Int)","coordinateUncertaintyM":10.0,"uncertaintyUnknown":false,"observationCount":1,"geographicOutlier":false}},{"type":"Feature","id":"5d3d4e7643cf3725","geometry":{"type":"Point","coordinates":[152.118943,-30.691546]},"properties":{"species":"Petauroides volans","eventDate":"2024-08-23","basisOfRecord":"HUMAN_OBSERVATION","license":"CC-BY 4.0 (Int)","coordinateUncertaintyM":10.0,"uncertaintyUnknown":false,"observationCount":1,"geographicOutlier":false}},{"type":"Feature","id":"1c33ea9ed162d122","geometry":{"type":"Point","coordinates":[152.161967,-30.665938]},"properties":{"species":"Petauroides volans","eventDate":"2024-08-22","basisOfRecord":"HUMAN_OBSERVATION","license":"CC-BY 4.0 (Int)","coordinateUncertaintyM":10.0,"uncertaintyUnknown":false,"observationCount":1,"geographicOutlier":false}},{"type":"Feature","id":"82acb70d4775b943","geometry":{"type":"Point","coordinates":[152.118843,-30.696257]},"properties":{"species":"Petauroides volans","eventDate":"2024-08-22","basisOfRecord":"HUMAN_OBSERVATION","license":"CC-BY 4.0 (Int)","coordinateUncertaintyM":10.0,"uncertaintyUnknown":false,"observationCount":1,"geographicOutlier":false}},{"type":"Feature","id":"399cfa958f91bb2f","geometry":{"type":"Point","coordinates":[152.160138,-30.66345]},"properties":{"species":"Petauroides volans","eventDate":"2024-08-17","basisOfRecord":"HUMAN_OBSERVATION","license":"CC-BY 4.0 (Int)","coordinateUncertaintyM":3.0,"uncertaintyUnknown":false,"observationCount":1,"geographicOutlier":false}},{"type":"Feature","id":"858b2693bf1056fd","geometry":{"type":"Point","coordinates":[152.159265,-30.659357]},"properties":{"species":"Petauroides volans","eventDate":"2024-08-17","basisOfRecord":"HUMAN_OBSERVATION","license":"CC-BY 4.0 (Int)","coordinateUncertaintyM":3.0,"uncertaintyUnknown":false,"observationCount":1,"geographicOutlier":false}},{"type":"Feature","id":"d63dc31b59f8b17d","geometry":{"type":"Point","coordinates":[150.445258,-35.37195]},"properties":{"species":"Petauroides volans","eventDate":"2024-08-14","basisOfRecord":"HUMAN_OBSERVATION","license":"CC-BY 4.0 (Int)","coordinateUncertaintyM":10.0,"uncertaintyUnknown":false,"observationCount":1,"geographicOutlier":false}},{"type":"Feature","id":"d0aedaf591794ba6","geometry":{"type":"Point","coordinates":[151.766258,-32.264181]},"properties":{"species":"Petauroides volans","eventDate":"2024-08-11","basisOfRecord":"HUMAN_OBSERVATION","license":"CC-BY 4.0 (Int)","coordinateUncertaintyM":4.0,"uncertaintyUnknown":false,"observationCount":1,"geographicOutlier":false}},{"type":"Feature","id":"817faa097dbbec10","geometry":{"type":"Point","coordinates":[151.490987,-31.478154]},"properties":{"species":"Petauroides volans","eventDate":"2024-08-09","basisOfRecord":"HUMAN_OBSERVATION","license":"CC-BY 4.0 (Int)","coordinateUncertaintyM":10.0,"uncertaintyUnknown":false,"observationCount":1,"geographicOutlier":false}},{"type":"Feature","id":"cb9110866d3b0b89","geometry":{"type":"Point","coordinates":[151.488017,-31.481568]},"properties":{"species":"Petauroides volans","eventDate":"2024-08-09","basisOfRecord":"HUMAN_OBSERVATION","license":"CC-BY 4.0 (Int)","coordinateUncertaintyM":10.0,"uncertaintyUnknown":false,"observationCount":1,"geographicOutlier":false}},{"type":"Feature","id":"bda6e2cd26975153","geometry":{"type":"Point","coordinates":[150.423889,-34.428799]},"properties":{"species":"Petauroides volans","eventDate":"2024-08-09","basisOfRecord":"HUMAN_OBSERVATION","license":"CC-BY 4.0 (Int)","coordinateUncertaintyM":5.0,"uncertaintyUnknown":false,"observationCount":1,"geographicOutlier":false}},{"type":"Feature","id":"a815c778a156281d","geometry":{"type":"Point","coordinates":[151.716204,-32.210778]},"properties":{"species":"Petauroides volans","eventDate":"2024-08-08","basisOfRecord":"HUMAN_OBSERVATION","license":"CC-BY 4.0 (Int)","coordinateUncertaintyM":4.0,"uncertaintyUnknown":false,"observationCount":1,"geographicOutlier":false}},{"type":"Feature","id":"b2d750a0dcc73504","geometry":{"type":"Point","coordinates":[151.496861,-31.476177]},"properties":{"species":"Petauroides volans","eventDate":"2024-08-08","basisOfRecord":"HUMAN_OBSERVATION","license":"CC-BY 4.0 (Int)","coordinateUncertaintyM":10.0,"uncertaintyUnknown":false,"observationCount":1,"geographicOutlier":false}},{"type":"Feature","id":"b10e99a5ef995d58","geometry":{"type":"Point","coordinates":[151.494363,-31.466155]},"properties":{"species":"Petauroides volans","eventDate":"2024-08-08","basisOfRecord":"HUMAN_OBSERVATION","license":"CC-BY 4.0 (Int)","coordinateUncertaintyM":10.0,"uncertaintyUnknown":false,"observationCount":1,"geographicOutlier":false}},{"type":"Feature","id":"c23a82aaec0ddaed","geometry":{"type":"Point","coordinates":[151.703706,-32.200812]},"properties":{"species":"Petauroides volans","eventDate":"2024-08-08","basisOfRecord":"HUMAN_OBSERVATION","license":"CC-BY 4.0 (Int)","coordinateUncertaintyM":4.0,"uncertaintyUnknown":false,"observationCount":1,"geographicOutlier":false}},{"type":"Feature","id":"9462d3b7e6f39211","geometry":{"type":"Point","coordinates":[151.499074,-31.475688]},"properties":{"species":"Petauroides volans","eventDate":"2024-08-08","basisOfRecord":"HUMAN_OBSERVATION","license":"CC-BY 4.0 (Int)","coordinateUncertaintyM":10.0,"uncertaintyUnknown":false,"observationCount":1,"geographicOutlier":false}},{"type":"Feature","id":"6ee72b4032489324","geometry":{"type":"Point","coordinates":[151.493683,-31.465011]},"properties":{"species":"Petauroides volans","eventDate":"2024-08-08","basisOfRecord":"HUMAN_OBSERVATION","license":"CC-BY 4.0 (Int)","coordinateUncertaintyM":10.0,"uncertaintyUnknown":false,"observationCount":1,"geographicOutlier":false}},{"type":"Feature","id":"68078db048d46537","geometry":{"type":"Point","coordinates":[151.500174,-31.47255]},"properties":{"species":"Petauroides volans","eventDate":"2024-08-07","basisOfRecord":"HUMAN_OBSERVATION","license":"CC-BY 4.0 (Int)","coordinateUncertaintyM":10.0,"uncertaintyUnknown":false,"observationCount":1,"geographicOutlier":false}},{"type":"Feature","id":"18b495d219a1ebe5","geometry":{"type":"Point","coordinates":[152.173832,-31.569335]},"properties":{"species":"Petauroides volans","eventDate":"2024-08-07","basisOfRecord":"HUMAN_OBSERVATION","license":"CC-BY 4.0 (Int)","coordinateUncertaintyM":10.0,"uncertaintyUnknown":false,"observationCount":1,"geographicOutlier":false}},{"type":"Feature","id":"9373d7dffbb58e39","geometry":{"type":"Point","coordinates":[152.176409,-31.566329]},"properties":{"species":"Petauroides volans","eventDate":"2024-08-07","basisOfRecord":"HUMAN_OBSERVATION","license":"CC-BY 4.0 (Int)","coordinateUncertaintyM":10.0,"uncertaintyUnknown":false,"observationCount":1,"geographicOutlier":false}},{"type":"Feature","id":"f08945cd7c223515","geometry":{"type":"Point","coordinates":[151.499586,-31.475205]},"properties":{"species":"Petauroides volans","eventDate":"2024-08-07","basisOfRecord":"HUMAN_OBSERVATION","license":"CC-BY 4.0 (Int)","coordinateUncertaintyM":10.0,"uncertaintyUnknown":false,"observationCount":1,"geographicOutlier":false}},{"type":"Feature","id":"44ae783748acfb44","geometry":{"type":"Point","coordinates":[152.102022,-30.685035]},"properties":{"species":"Petauroides volans","eventDate":"2024-08-07","basisOfRecord":"HUMAN_OBSERVATION","license":"CC-BY 4.0 (Int)","coordinateUncertaintyM":10.0,"uncertaintyUnknown":false,"observationCount":1,"geographicOutlier":false}},{"type":"Feature","id":"e1117bd208141c64","geometry":{"type":"Point","coordinates":[151.49173,-31.468788]},"properties":{"species":"Petauroides volans","eventDate":"2024-08-07","basisOfRecord":"HUMAN_OBSERVATION","license":"CC-BY 4.0 (Int)","coordinateUncertaintyM":10.0,"uncertaintyUnknown":false,"observationCount":1,"geographicOutlier":false}},{"type":"Feature","id":"f41ff10c1409b06b","geometry":{"type":"Point","coordinates":[151.499293,-31.475107]},"properties":{"species":"Petauroides volans","eventDate":"2024-08-07","basisOfRecord":"HUMAN_OBSERVATION","license":"CC-BY 4.0 (Int)","coordinateUncertaintyM":10.0,"uncertaintyUnknown":false,"observationCount":1,"geographicOutlier":false}},{"type":"Feature","id":"6dd569ecad233b24","geometry":{"type":"Point","coordinates":[151.740432,-32.217865]},"properties":{"species":"Petauroides volans","eventDate":"2024-08-07","basisOfRecord":"HUMAN_OBSERVATION","license":"CC-BY 4.0 (Int)","coordinateUncertaintyM":4.0,"uncertaintyUnknown":false,"observationCount":1,"geographicOutlier":false}},{"type":"Feature","id":"91f6d803b1bee440","geometry":{"type":"Point","coordinates":[151.498695,-31.474499]},"properties":{"species":"Petauroides volans","eventDate":"2024-08-07","basisOfRecord":"HUMAN_OBSERVATION","license":"CC-BY 4.0 (Int)","coordinateUncertaintyM":10.0,"uncertaintyUnknown":false,"observationCount":1,"geographicOutlier":false}},{"type":"Feature","id":"1534e8d2a79d2dfe","geometry":{"type":"Point","coordinates":[151.501632,-31.4702]},"properties":{"species":"Petauroides volans","eventDate":"2024-08-07","basisOfRecord":"HUMAN_OBSERVATION","license":"CC-BY 4.0 (Int)","coordinateUncertaintyM":10.0,"uncertaintyUnknown":false,"observationCount":1,"geographicOutlier":false}},{"type":"Feature","id":"6cb1e71d45d4242d","geometry":{"type":"Point","coordinates":[151.500899,-31.471313]},"properties":{"species":"Petauroides volans","eventDate":"2024-08-07","basisOfRecord":"HUMAN_OBSERVATION","license":"CC-BY 4.0 (Int)","coordinateUncertaintyM":10.0,"uncertaintyUnknown":false,"observationCount":1,"geographicOutlier":false}},{"type":"Feature","id":"a2f79e22c468738c","geometry":{"type":"Point","coordinates":[152.187597,-31.57997]},"properties":{"species":"Petauroides volans","eventDate":"2024-08-06","basisOfRecord":"HUMAN_OBSERVATION","license":"CC-BY 4.0 (Int)","coordinateUncertaintyM":10.0,"uncertaintyUnknown":false,"observationCount":1,"geographicOutlier":false}},{"type":"Feature","id":"15c4d4d45e75869c","geometry":{"type":"Point","coordinates":[152.151581,-30.664777]},"properties":{"species":"Petauroides volans","eventDate":"2024-08-06","basisOfRecord":"HUMAN_OBSERVATION","license":"CC-BY 4.0 (Int)","coordinateUncertaintyM":10.0,"uncertaintyUnknown":false,"observationCount":1,"geographicOutlier":false}},{"type":"Feature","id":"c16076fd89b37608","geometry":{"type":"Point","coordinates":[152.118677,-30.696211]},"properties":{"species":"Petauroides volans","eventDate":"2024-08-05","basisOfRecord":"HUMAN_OBSERVATION","license":"CC-BY 4.0 (Int)","coordinateUncertaintyM":10.0,"uncertaintyUnknown":false,"observationCount":1,"geographicOutlier":false}},{"type":"Feature","id":"6cd9583ed8a0dd7e","geometry":{"type":"Point","coordinates":[152.109631,-30.685177]},"properties":{"species":"Petauroides volans","eventDate":"2024-08-05","basisOfRecord":"HUMAN_OBSERVATION","license":"CC-BY 4.0 (Int)","coordinateUncertaintyM":10.0,"uncertaintyUnknown":false,"observationCount":1,"geographicOutlier":false}},{"type":"Feature","id":"2b449f5c01621d74","geometry":{"type":"Point","coordinates":[152.159741,-30.657792]},"properties":{"species":"Petauroides volans","eventDate":"2024-08-05","basisOfRecord":"HUMAN_OBSERVATION","license":"CC-BY 4.0 (Int)","coordinateUncertaintyM":10.0,"uncertaintyUnknown":false,"observationCount":1,"geographicOutlier":false}},{"type":"Feature","id":"72373e8c6222a011","geometry":{"type":"Point","coordinates":[152.104335,-30.702492]},"properties":{"species":"Petauroides volans","eventDate":"2024-08-05","basisOfRecord":"HUMAN_OBSERVATION","license":"CC-BY 4.0 (Int)","coordinateUncertaintyM":10.0,"uncertaintyUnknown":false,"observationCount":1,"geographicOutlier":false}},{"type":"Feature","id":"34212a63f6d3f265","geometry":{"type":"Point","coordinates":[150.985099,-33.505963]},"properties":{"species":"Petauroides volans","eventDate":"2024-08-05","basisOfRecord":"HUMAN_OBSERVATION","license":"CC-BY 4.0 (Int)","coordinateUncertaintyM":100.0,"uncertaintyUnknown":false,"observationCount":1,"geographicOutlier":false}},{"type":"Feature","id":"eed8072d3476b724","geometry":{"type":"Point","coordinates":[152.11065,-30.705017]},"properties":{"species":"Petauroides volans","eventDate":"2024-08-05","basisOfRecord":"HUMAN_OBSERVATION","license":"CC-BY 4.0 (Int)","coordinateUncertaintyM":10.0,"uncertaintyUnknown":false,"observationCount":1,"geographicOutlier":false}},{"type":"Feature","id":"337e41a4121dfa8d","geometry":{"type":"Point","coordinates":[150.458376,-35.355021]},"properties":{"species":"Petauroides volans","eventDate":"2024-08-01","basisOfRecord":"HUMAN_OBSERVATION","license":"CC-BY 4.0 (Int)","coordinateUncertaintyM":10.0,"uncertaintyUnknown":false,"observationCount":1,"geographicOutlier":false}},{"type":"Feature","id":"c9e7f8f2414c38e7","geometry":{"type":"Point","coordinates":[153.263837,-29.321534]},"properties":{"species":"Petauroides volans","eventDate":"2024-07-27","basisOfRecord":"HUMAN_OBSERVATION","license":"CC-BY 4.0 (Int)","coordinateUncertaintyM":20.0,"uncertaintyUnknown":false,"observationCount":1,"geographicOutlier":false}},{"type":"Feature","id":"79bf78e2e9886d2f","geometry":{"type":"Point","coordinates":[153.259107,-29.335936]},"properties":{"species":"Petauroides volans","eventDate":"2024-07-26","basisOfRecord":"HUMAN_OBSERVATION","license":"CC-BY 4.0 (Int)","coordinateUncertaintyM":20.0,"uncertaintyUnknown":false,"observationCount":1,"geographicOutlier":false}},{"type":"Feature","id":"1ef4df6b0b4281db","geometry":{"type":"Point","coordinates":[151.48162,-31.47554]},"properties":{"species":"Petauroides volans","eventDate":"2024-07-23","basisOfRecord":"HUMAN_OBSERVATION","license":"CC-BY 4.0 (Int)","coordinateUncertaintyM":10.0,"uncertaintyUnknown":false,"observationCount":1,"geographicOutlier":false}},{"type":"Feature","id":"ef216783e18f1dbc","geometry":{"type":"Point","coordinates":[151.47439,-31.47869]},"properties":{"species":"Petauroides volans","eventDate":"2024-07-23","basisOfRecord":"HUMAN_OBSERVATION","license":"CC-BY 4.0 (Int)","coordinateUncertaintyM":10.0,"uncertaintyUnknown":false,"observationCount":1,"geographicOutlier":false}},{"type":"Feature","id":"1b3cd352967a5551","geometry":{"type":"Point","coordinates":[151.48291,-31.47754]},"properties":{"species":"Petauroides volans","eventDate":"2024-07-23","basisOfRecord":"HUMAN_OBSERVATION","license":"CC-BY 4.0 (Int)","coordinateUncertaintyM":10.0,"uncertaintyUnknown":false,"observationCount":1,"geographicOutlier":false}},{"type":"Feature","id":"d4a672a052807995","geometry":{"type":"Point","coordinates":[151.48288,-31.47686]},"properties":{"species":"Petauroides volans","eventDate":"2024-07-23","basisOfRecord":"HUMAN_OBSERVATION","license":"CC-BY 4.0 (Int)","coordinateUncertaintyM":10.0,"uncertaintyUnknown":false,"observationCount":1,"geographicOutlier":false}},{"type":"Feature","id":"8148df309f0bbcf2","geometry":{"type":"Point","coordinates":[151.48641,-31.47504]},"properties":{"species":"Petauroides volans","eventDate":"2024-07-23","basisOfRecord":"HUMAN_OBSERVATION","license":"CC-BY 4.0 (Int)","coordinateUncertaintyM":10.0,"uncertaintyUnknown":false,"observationCount":1,"geographicOutlier":false}},{"type":"Feature","id":"d1864c2d6e1ff84b","geometry":{"type":"Point","coordinates":[151.48637,-31.46849]},"properties":{"species":"Petauroides volans","eventDate":"2024-07-22","basisOfRecord":"HUMAN_OBSERVATION","license":"CC-BY 4.0 (Int)","coordinateUncertaintyM":10.0,"uncertaintyUnknown":false,"observationCount":1,"geographicOutlier":false}},{"type":"Feature","id":"606fb53fc97a35bf","geometry":{"type":"Point","coordinates":[151.48188,-31.47613]},"properties":{"species":"Petauroides volans","eventDate":"2024-07-22","basisOfRecord":"HUMAN_OBSERVATION","license":"CC-BY 4.0 (Int)","coordinateUncertaintyM":10.0,"uncertaintyUnknown":false,"observationCount":1,"geographicOutlier":false}},{"type":"Feature","id":"9a592e28c69a7a55","geometry":{"type":"Point","coordinates":[151.48578,-31.46921]},"properties":{"species":"Petauroides volans","eventDate":"2024-07-22","basisOfRecord":"HUMAN_OBSERVATION","license":"CC-BY 4.0 (Int)","coordinateUncertaintyM":10.0,"uncertaintyUnknown":false,"observationCount":1,"geographicOutlier":false}},{"type":"Feature","id":"cbd1c37149861952","geometry":{"type":"Point","coordinates":[151.48781,-31.47549]},"properties":{"species":"Petauroides volans","eventDate":"2024-07-22","basisOfRecord":"HUMAN_OBSERVATION","license":"CC-BY 4.0 (Int)","coordinateUncertaintyM":10.0,"uncertaintyUnknown":false,"observationCount":1,"geographicOutlier":false}},{"type":"Feature","id":"5d989730c8d00b0a","geometry":{"type":"Point","coordinates":[151.4834,-31.47048]},"properties":{"species":"Petauroides volans","eventDate":"2024-07-22","basisOfRecord":"HUMAN_OBSERVATION","license":"CC-BY 4.0 (Int)","coordinateUncertaintyM":10.0,"uncertaintyUnknown":false,"observationCount":1,"geographicOutlier":false}},{"type":"Feature","id":"2d6a4ba92d153ff3","geometry":{"type":"Point","coordinates":[151.48791,-31.47658]},"properties":{"species":"Petauroides volans","eventDate":"2024-07-22","basisOfRecord":"HUMAN_OBSERVATION","license":"CC-BY 4.0 (Int)","coordinateUncertaintyM":10.0,"uncertaintyUnknown":false,"observationCount":1,"geographicOutlier":false}},{"type":"Feature","id":"0bc2c24011a412ce","geometry":{"type":"Point","coordinates":[151.4848,-31.46763]},"properties":{"species":"Petauroides volans","eventDate":"2024-07-21","basisOfRecord":"HUMAN_OBSERVATION","license":"CC-BY 4.0 (Int)","coordinateUncertaintyM":10.0,"uncertaintyUnknown":false,"observationCount":1,"geographicOutlier":false}},{"type":"Feature","id":"ef8f32c278b1e9b6","geometry":{"type":"Point","coordinates":[151.48442,-31.46985]},"properties":{"species":"Petauroides volans","eventDate":"2024-07-21","basisOfRecord":"HUMAN_OBSERVATION","license":"CC-BY 4.0 (Int)","coordinateUncertaintyM":10.0,"uncertaintyUnknown":false,"observationCount":1,"geographicOutlier":false}},{"type":"Feature","id":"4f495945f5ddc48e","geometry":{"type":"Point","coordinates":[151.48598,-31.46728]},"properties":{"species":"Petauroides volans","eventDate":"2024-07-21","basisOfRecord":"HUMAN_OBSERVATION","license":"CC-BY 4.0 (Int)","coordinateUncertaintyM":10.0,"uncertaintyUnknown":false,"observationCount":1,"geographicOutlier":false}},{"type":"Feature","id":"682ddd973f2668fa","geometry":{"type":"Point","coordinates":[150.441006,-35.376041]},"properties":{"species":"Petauroides volans","eventDate":"2024-07-18","basisOfRecord":"HUMAN_OBSERVATION","license":"CC-BY 4.0 (Int)","coordinateUncertaintyM":10.0,"uncertaintyUnknown":false,"observationCount":1,"geographicOutlier":false}},{"type":"Feature","id":"75ecafc683015d02","geometry":{"type":"Point","coordinates":[150.441969,-35.375557]},"properties":{"species":"Petauroides volans","eventDate":"2024-07-18","basisOfRecord":"HUMAN_OBSERVATION","license":"CC-BY 4.0 (Int)","coordinateUncertaintyM":10.0,"uncertaintyUnknown":false,"observationCount":1,"geographicOutlier":false}},{"type":"Feature","id":"f833efa4f127f01c","geometry":{"type":"Point","coordinates":[150.440742,-35.378833]},"properties":{"species":"Petauroides volans","eventDate":"2024-07-17","basisOfRecord":"HUMAN_OBSERVATION","license":"CC-BY 4.0 (Int)","coordinateUncertaintyM":10.0,"uncertaintyUnknown":false,"observationCount":1,"geographicOutlier":false}},{"type":"Feature","id":"92341cccbb91b558","geometry":{"type":"Point","coordinates":[150.448282,-35.352248]},"properties":{"species":"Petauroides volans","eventDate":"2024-07-17","basisOfRecord":"HUMAN_OBSERVATION","license":"CC-BY 4.0 (Int)","coordinateUncertaintyM":10.0,"uncertaintyUnknown":false,"observationCount":1,"geographicOutlier":false}},{"type":"Feature","id":"707739881542c1d9","geometry":{"type":"Point","coordinates":[150.442523,-35.379134]},"properties":{"species":"Petauroides volans","eventDate":"2024-07-17","basisOfRecord":"HUMAN_OBSERVATION","license":"CC-BY 4.0 (Int)","coordinateUncertaintyM":10.0,"uncertaintyUnknown":false,"observationCount":1,"geographicOutlier":false}},{"type":"Feature","id":"77ce9eefbcbe5d69","geometry":{"type":"Point","coordinates":[150.442658,-35.380046]},"properties":{"species":"Petauroides volans","eventDate":"2024-07-17","basisOfRecord":"HUMAN_OBSERVATION","license":"CC-BY 4.0 (Int)","coordinateUncertaintyM":10.0,"uncertaintyUnknown":false,"observationCount":1,"geographicOutlier":false}},{"type":"Feature","id":"7d4d3c3e7b2e2a8e","geometry":{"type":"Point","coordinates":[150.453677,-35.363104]},"properties":{"species":"Petauroides volans","eventDate":"2024-07-16","basisOfRecord":"HUMAN_OBSERVATION","license":"CC-BY 4.0 (Int)","coordinateUncertaintyM":10.0,"uncertaintyUnknown":false,"observationCount":1,"geographicOutlier":false}},{"type":"Feature","id":"5f9503a2e138d493","geometry":{"type":"Point","coordinates":[152.186832,-31.577054]},"properties":{"species":"Petauroides volans","eventDate":"2024-07-15","basisOfRecord":"HUMAN_OBSERVATION","license":"CC-BY 4.0 (Int)","coordinateUncertaintyM":10.0,"uncertaintyUnknown":false,"observationCount":1,"geographicOutlier":false}},{"type":"Feature","id":"8d0f56c1c44a49f1","geometry":{"type":"Point","coordinates":[150.456092,-35.375866]},"properties":{"species":"Petauroides volans","eventDate":"2024-07-14","basisOfRecord":"HUMAN_OBSERVATION","license":"CC-BY 4.0 (Int)","coordinateUncertaintyM":10.0,"uncertaintyUnknown":false,"observationCount":1,"geographicOutlier":false}},{"type":"Feature","id":"f131c80500960fb9","geometry":{"type":"Point","coordinates":[150.45365,-35.356043]},"properties":{"species":"Petauroides volans","eventDate":"2024-07-12","basisOfRecord":"HUMAN_OBSERVATION","license":"CC-BY 4.0 (Int)","coordinateUncertaintyM":10.0,"uncertaintyUnknown":false,"observationCount":1,"geographicOutlier":false}},{"type":"Feature","id":"34459109a3faa945","geometry":{"type":"Point","coordinates":[150.446486,-35.370706]},"properties":{"species":"Petauroides volans","eventDate":"2024-07-11","basisOfRecord":"HUMAN_OBSERVATION","license":"CC-BY 4.0 (Int)","coordinateUncertaintyM":10.0,"uncertaintyUnknown":false,"observationCount":1,"geographicOutlier":false}},{"type":"Feature","id":"4722cd85c65eaca6","geometry":{"type":"Point","coordinates":[145.61194,-37.57417]},"properties":{"species":"Petauroides volans","eventDate":"2024-07-05","basisOfRecord":"OCCURRENCE","license":"CC-BY 4.0 (Int)","coordinateUncertaintyM":10.0,"uncertaintyUnknown":false,"observationCount":1,"geographicOutlier":false}},{"type":"Feature","id":"1d92c1864ad0f334","geometry":{"type":"Point","coordinates":[153.22288,-29.271016]},"properties":{"species":"Petauroides volans","eventDate":"2024-07-02","basisOfRecord":"HUMAN_OBSERVATION","license":"CC-BY 4.0 (Int)","coordinateUncertaintyM":10.0,"uncertaintyUnknown":false,"observationCount":1,"geographicOutlier":false}},{"type":"Feature","id":"7118eb80fef1f49e","geometry":{"type":"Point","coordinates":[152.442609,-30.229259]},"properties":{"species":"Petauroides volans","eventDate":"2024-06-29","basisOfRecord":"HUMAN_OBSERVATION","license":"CC-BY 4.0 (Int)","coordinateUncertaintyM":5.0,"uncertaintyUnknown":false,"observationCount":1,"geographicOutlier":false}},{"type":"Feature","id":"d4b662ed9914b62f","geometry":{"type":"Point","coordinates":[145.6691,-37.89236]},"properties":{"species":"Petauroides volans","eventDate":"2024-06-27","basisOfRecord":"OCCURRENCE","license":"CC-BY 4.0 (Int)","coordinateUncertaintyM":5.0,"uncertaintyUnknown":false,"observationCount":1,"geographicOutlier":false}},{"type":"Feature","id":"6b541959cfa49967","geometry":{"type":"Point","coordinates":[152.438735,-30.225782]},"properties":{"species":"Petauroides volans","eventDate":"2024-06-26","basisOfRecord":"HUMAN_OBSERVATION","license":"CC-BY 4.0 (Int)","coordinateUncertaintyM":40.0,"uncertaintyUnknown":false,"observationCount":1,"geographicOutlier":false}},{"type":"Feature","id":"24fd752932171276","geometry":{"type":"Point","coordinates":[152.437886,-30.226605]},"properties":{"species":"Petauroides volans","eventDate":"2024-06-26","basisOfRecord":"HUMAN_OBSERVATION","license":"CC-BY 4.0 (Int)","coordinateUncertaintyM":30.0,"uncertaintyUnknown":false,"observationCount":1,"geographicOutlier":false}},{"type":"Feature","id":"7f9b999af23c9036","geometry":{"type":"Point","coordinates":[152.436745,-30.229149]},"properties":{"species":"Petauroides volans","eventDate":"2024-06-25","basisOfRecord":"HUMAN_OBSERVATION","license":"CC-BY 4.0 (Int)","coordinateUncertaintyM":40.0,"uncertaintyUnknown":false,"observationCount":1,"geographicOutlier":false}},{"type":"Feature","id":"2e210653e05a0fd7","geometry":{"type":"Point","coordinates":[150.082438,-35.856641]},"properties":{"species":"Petauroides volans","eventDate":"2024-06-25","basisOfRecord":"HUMAN_OBSERVATION","license":"CC-BY 4.0 (Int)","coordinateUncertaintyM":10.0,"uncertaintyUnknown":false,"observationCount":1,"geographicOutlier":false}},{"type":"Feature","id":"6e7a54e823a97675","geometry":{"type":"Point","coordinates":[152.437155,-30.227272]},"properties":{"species":"Petauroides volans","eventDate":"2024-06-25","basisOfRecord":"HUMAN_OBSERVATION","license":"CC-BY 4.0 (Int)","coordinateUncertaintyM":20.0,"uncertaintyUnknown":false,"observationCount":1,"geographicOutlier":false}},{"type":"Feature","id":"fc2f4e9aedcccd3c","geometry":{"type":"Point","coordinates":[145.84889,-37.62883]},"properties":{"species":"Petauroides volans","eventDate":"2024-06-25","basisOfRecord":"OCCURRENCE","license":"CC-BY 4.0 (Int)","coordinateUncertaintyM":10.0,"uncertaintyUnknown":false,"observationCount":1,"geographicOutlier":false}},{"type":"Feature","id":"324da005d10af79f","geometry":{"type":"Point","coordinates":[145.84409,-37.63907]},"properties":{"species":"Petauroides volans","eventDate":"2024-06-24","basisOfRecord":"OCCURRENCE","license":"CC-BY 4.0 (Int)","coordinateUncertaintyM":10.0,"uncertaintyUnknown":false,"observationCount":1,"geographicOutlier":false}},{"type":"Feature","id":"85bf2eddf9e3bc08","geometry":{"type":"Point","coordinates":[152.431195,-30.228194]},"properties":{"species":"Petauroides volans","eventDate":"2024-06-23","basisOfRecord":"HUMAN_OBSERVATION","license":"CC-BY 4.0 (Int)","coordinateUncertaintyM":40.0,"uncertaintyUnknown":false,"observationCount":1,"geographicOutlier":false}},{"type":"Feature","id":"d76361788fd2cdf4","geometry":{"type":"Point","coordinates":[152.431844,-30.229145]},"properties":{"species":"Petauroides volans","eventDate":"2024-06-21","basisOfRecord":"HUMAN_OBSERVATION","license":"CC-BY 4.0 (Int)","coordinateUncertaintyM":25.0,"uncertaintyUnknown":false,"observationCount":1,"geographicOutlier":false}},{"type":"Feature","id":"71f84e8f3b26c1ff","geometry":{"type":"Point","coordinates":[145.91047,-36.80263]},"properties":{"species":"Petauroides volans","eventDate":"2024-06-20","basisOfRecord":"OCCURRENCE","license":"CC-BY 4.0 (Int)","coordinateUncertaintyM":5.0,"uncertaintyUnknown":false,"observationCount":1,"geographicOutlier":false}},{"type":"Feature","id":"3b0d47b1345f0575","geometry":{"type":"Point","coordinates":[145.9086,-36.80407]},"properties":{"species":"Petauroides volans","eventDate":"2024-06-20","basisOfRecord":"OCCURRENCE","license":"CC-BY 4.0 (Int)","coordinateUncertaintyM":5.0,"uncertaintyUnknown":false,"observationCount":1,"geographicOutlier":false}},{"type":"Feature","id":"1a1d2a920def56b1","geometry":{"type":"Point","coordinates":[146.12201,-36.89196]},"properties":{"species":"Petauroides volans","eventDate":"2024-06-19","basisOfRecord":"OCCURRENCE","license":"CC-BY 4.0 (Int)","coordinateUncertaintyM":5.0,"uncertaintyUnknown":false,"observationCount":1,"geographicOutlier":false}},{"type":"Feature","id":"b2707bcee619bf55","geometry":{"type":"Point","coordinates":[146.17226,-36.89108]},"properties":{"species":"Petauroides volans","eventDate":"2024-06-19","basisOfRecord":"OCCURRENCE","license":"CC-BY 4.0 (Int)","coordinateUncertaintyM":5.0,"uncertaintyUnknown":false,"observationCount":1,"geographicOutlier":false}},{"type":"Feature","id":"42feb89e1f1217cf","geometry":{"type":"Point","coordinates":[150.45191,-35.366333]},"properties":{"species":"Petauroides volans","eventDate":"2024-06-18","basisOfRecord":"HUMAN_OBSERVATION","license":"CC-BY 4.0 (Int)","coordinateUncertaintyM":10.0,"uncertaintyUnknown":false,"observationCount":1,"geographicOutlier":false}},{"type":"Feature","id":"c5570f238c1e2292","geometry":{"type":"Point","coordinates":[145.95563,-36.91396]},"properties":{"species":"Petauroides volans","eventDate":"2024-06-18","basisOfRecord":"OCCURRENCE","license":"CC-BY 4.0 (Int)","coordinateUncertaintyM":5.0,"uncertaintyUnknown":false,"observationCount":1,"geographicOutlier":false}},{"type":"Feature","id":"5144cf3a6c53c0f6","geometry":{"type":"Point","coordinates":[145.91999,-36.90372]},"properties":{"species":"Petauroides volans","eventDate":"2024-06-18","basisOfRecord":"OCCURRENCE","license":"CC-BY 4.0 (Int)","coordinateUncertaintyM":5.0,"uncertaintyUnknown":false,"observationCount":1,"geographicOutlier":false}},{"type":"Feature","id":"fc1f32fb9152a373","geometry":{"type":"Point","coordinates":[145.9201,-36.90499]},"properties":{"species":"Petauroides volans","eventDate":"2024-06-18","basisOfRecord":"OCCURRENCE","license":"CC-BY 4.0 (Int)","coordinateUncertaintyM":5.0,"uncertaintyUnknown":false,"observationCount":1,"geographicOutlier":false}},{"type":"Feature","id":"0f6595a0badc66b5","geometry":{"type":"Point","coordinates":[145.95629,-36.91396]},"properties":{"species":"Petauroides volans","eventDate":"2024-06-17","basisOfRecord":"OCCURRENCE","license":"CC-BY 4.0 (Int)","coordinateUncertaintyM":5.0,"uncertaintyUnknown":false,"observationCount":1,"geographicOutlier":false}},{"type":"Feature","id":"3bead61e0ea644a2","geometry":{"type":"Point","coordinates":[145.95453,-36.91583]},"properties":{"species":"Petauroides volans","eventDate":"2024-06-17","basisOfRecord":"OCCURRENCE","license":"CC-BY 4.0 (Int)","coordinateUncertaintyM":5.0,"uncertaintyUnknown":false,"observationCount":1,"geographicOutlier":false}},{"type":"Feature","id":"6e05c8fd98994188","geometry":{"type":"Point","coordinates":[146.16839,-36.89354]},"properties":{"species":"Petauroides volans","eventDate":"2024-06-17","basisOfRecord":"OCCURRENCE","license":"CC-BY 4.0 (Int)","coordinateUncertaintyM":5.0,"uncertaintyUnknown":false,"observationCount":1,"geographicOutlier":false}},{"type":"Feature","id":"e47c58d3988567f8","geometry":{"type":"Point","coordinates":[145.95505,-36.91477]},"properties":{"species":"Petauroides volans","eventDate":"2024-06-17","basisOfRecord":"OCCURRENCE","license":"CC-BY 4.0 (Int)","coordinateUncertaintyM":5.0,"uncertaintyUnknown":false,"observationCount":1,"geographicOutlier":false}},{"type":"Feature","id":"438482433eea8b32","geometry":{"type":"Point","coordinates":[149.530425,-35.744769]},"properties":{"species":"Petauroides volans","eventDate":"2024-06-16","basisOfRecord":"HUMAN_OBSERVATION","license":"CC-BY 4.0 (Int)","coordinateUncertaintyM":3.0,"uncertaintyUnknown":false,"observationCount":1,"geographicOutlier":false}},{"type":"Feature","id":"b96bd91733d879c7","geometry":{"type":"Point","coordinates":[152.46778,-25.73667]},"properties":{"species":"Petauroides volans","eventDate":"2024-06-15","basisOfRecord":"OCCURRENCE","license":"CC-BY 4.0 (Int)","coordinateUncertaintyM":30.0,"uncertaintyUnknown":false,"observationCount":1,"geographicOutlier":false}},{"type":"Feature","id":"aee01b2a68c1d149","geometry":{"type":"Point","coordinates":[152.46471,-25.73286]},"properties":{"species":"Petauroides volans","eventDate":"2024-06-15","basisOfRecord":"OCCURRENCE","license":"CC-BY 4.0 (Int)","coordinateUncertaintyM":30.0,"uncertaintyUnknown":false,"observationCount":1,"geographicOutlier":false}},{"type":"Feature","id":"0d0fbef4f684c797","geometry":{"type":"Point","coordinates":[147.42786,-36.71773]},"properties":{"species":"Petauroides volans","eventDate":"2024-06-13","basisOfRecord":"OCCURRENCE","license":"CC-BY 4.0 (Int)","coordinateUncertaintyM":5.0,"uncertaintyUnknown":false,"observationCount":1,"geographicOutlier":false}},{"type":"Feature","id":"2bc0f19b1723db7d","geometry":{"type":"Point","coordinates":[150.463691,-35.360872]},"properties":{"species":"Petauroides volans","eventDate":"2024-06-13","basisOfRecord":"HUMAN_OBSERVATION","license":"CC-BY 4.0 (Int)","coordinateUncertaintyM":10.0,"uncertaintyUnknown":false,"observationCount":1,"geographicOutlier":false}},{"type":"Feature","id":"b6f929614bc5dbfb","geometry":{"type":"Point","coordinates":[144.40261,-37.50298]},"properties":{"species":"Petauroides volans","eventDate":"2024-06-12","basisOfRecord":"OCCURRENCE","license":"CC-BY 4.0 (Int)","coordinateUncertaintyM":10.0,"uncertaintyUnknown":false,"observationCount":1,"geographicOutlier":false}},{"type":"Feature","id":"8105588390343561","geometry":{"type":"Point","coordinates":[149.54628,-35.754117]},"properties":{"species":"Petauroides volans","eventDate":"2024-06-12","basisOfRecord":"HUMAN_OBSERVATION","license":"CC-BY 4.0 (Int)","coordinateUncertaintyM":3.0,"uncertaintyUnknown":false,"observationCount":1,"geographicOutlier":false}},{"type":"Feature","id":"833ea79c64ec6f1a","geometry":{"type":"Point","coordinates":[145.33162,-37.45804]},"properties":{"species":"Petauroides volans","eventDate":"2024-06-12","basisOfRecord":"OCCURRENCE","license":"CC-BY 4.0 (Int)","coordinateUncertaintyM":5.0,"uncertaintyUnknown":false,"observationCount":1,"geographicOutlier":false}},{"type":"Feature","id":"0a384b3afc9c00c1","geometry":{"type":"Point","coordinates":[150.451749,-35.354275]},"properties":{"species":"Petauroides volans","eventDate":"2024-06-12","basisOfRecord":"HUMAN_OBSERVATION","license":"CC-BY 4.0 (Int)","coordinateUncertaintyM":10.0,"uncertaintyUnknown":false,"observationCount":1,"geographicOutlier":false}},{"type":"Feature","id":"61b40ae80e8bb22d","geometry":{"type":"Point","coordinates":[150.455709,-35.356836]},"properties":{"species":"Petauroides volans","eventDate":"2024-06-11","basisOfRecord":"HUMAN_OBSERVATION","license":"CC-BY 4.0 (Int)","coordinateUncertaintyM":10.0,"uncertaintyUnknown":false,"observationCount":1,"geographicOutlier":false}},{"type":"Feature","id":"40992eace262ecce","geometry":{"type":"Point","coordinates":[150.456202,-35.375857]},"properties":{"species":"Petauroides volans","eventDate":"2024-06-11","basisOfRecord":"HUMAN_OBSERVATION","license":"CC-BY 4.0 (Int)","coordinateUncertaintyM":10.0,"uncertaintyUnknown":false,"observationCount":1,"geographicOutlier":false}},{"type":"Feature","id":"53994975fe213506","geometry":{"type":"Point","coordinates":[149.544783,-35.751564]},"properties":{"species":"Petauroides volans","eventDate":"2024-06-08","basisOfRecord":"HUMAN_OBSERVATION","license":"CC-BY 4.0 (Int)","coordinateUncertaintyM":3.0,"uncertaintyUnknown":false,"observationCount":1,"geographicOutlier":false}},{"type":"Feature","id":"0e711eb78b169c08","geometry":{"type":"Point","coordinates":[152.46465,-25.73259]},"properties":{"species":"Petauroides volans","eventDate":"2024-06-08","basisOfRecord":"OCCURRENCE","license":"CC-BY 4.0 (Int)","coordinateUncertaintyM":100.0,"uncertaintyUnknown":false,"observationCount":1,"geographicOutlier":false}},{"type":"Feature","id":"9b453fc6801154dc","geometry":{"type":"Point","coordinates":[145.64056,-37.58805]},"properties":{"species":"Petauroides volans","eventDate":"2024-06-06","basisOfRecord":"OCCURRENCE","license":"CC-BY 4.0 (Int)","coordinateUncertaintyM":10.0,"uncertaintyUnknown":false,"observationCount":1,"geographicOutlier":false}},{"type":"Feature","id":"3e4c14cfcebbf18e","geometry":{"type":"Point","coordinates":[145.54706,-37.95739]},"properties":{"species":"Petauroides volans","eventDate":"2024-06-06","basisOfRecord":"OBSERVATION","license":"CC-BY 4.0 (Int)","coordinateUncertaintyM":5.0,"uncertaintyUnknown":false,"observationCount":1,"geographicOutlier":false}},{"type":"Feature","id":"a567f56e9bfb2639","geometry":{"type":"Point","coordinates":[150.01849,-32.959414]},"properties":{"species":"Petauroides volans","eventDate":"2024-06-05","basisOfRecord":"HUMAN_OBSERVATION","license":"CC-BY 4.0 (Int)","coordinateUncertaintyM":20.0,"uncertaintyUnknown":false,"observationCount":1,"geographicOutlier":false}},{"type":"Feature","id":"24f250172754ede4","geometry":{"type":"Point","coordinates":[150.031353,-32.964571]},"properties":{"species":"Petauroides volans","eventDate":"2024-06-05","basisOfRecord":"HUMAN_OBSERVATION","license":"CC-BY 4.0 (Int)","coordinateUncertaintyM":20.0,"uncertaintyUnknown":false,"observationCount":1,"geographicOutlier":false}},{"type":"Feature","id":"025acaf97c966266","geometry":{"type":"Point","coordinates":[150.455914,-35.352294]},"properties":{"species":"Petauroides volans","eventDate":"2024-06-04","basisOfRecord":"HUMAN_OBSERVATION","license":"CC-BY 4.0 (Int)","coordinateUncertaintyM":10.0,"uncertaintyUnknown":false,"observationCount":1,"geographicOutlier":false}},{"type":"Feature","id":"4d9bbcbc47c6966f","geometry":{"type":"Point","coordinates":[150.462414,-35.367155]},"properties":{"species":"Petauroides volans","eventDate":"2024-06-04","basisOfRecord":"HUMAN_OBSERVATION","license":"CC-BY 4.0 (Int)","coordinateUncertaintyM":10.0,"uncertaintyUnknown":false,"observationCount":1,"geographicOutlier":false}},{"type":"Feature","id":"b7074e8e8848ed4b","geometry":{"type":"Point","coordinates":[150.002417,-32.960695]},"properties":{"species":"Petauroides volans","eventDate":"2024-06-04","basisOfRecord":"HUMAN_OBSERVATION","license":"CC-BY 4.0 (Int)","coordinateUncertaintyM":20.0,"uncertaintyUnknown":false,"observationCount":1,"geographicOutlier":false}},{"type":"Feature","id":"355946b212f29149","geometry":{"type":"Point","coordinates":[149.541083,-35.749165]},"properties":{"species":"Petauroides volans","eventDate":"2024-06-03","basisOfRecord":"HUMAN_OBSERVATION","license":"CC-BY 4.0 (Int)","coordinateUncertaintyM":3.0,"uncertaintyUnknown":false,"observationCount":1,"geographicOutlier":false}},{"type":"Feature","id":"6c5e46d0baa8e493","geometry":{"type":"Point","coordinates":[150.039195,-32.984898]},"properties":{"species":"Petauroides volans","eventDate":"2024-06-03","basisOfRecord":"HUMAN_OBSERVATION","license":"CC-BY 4.0 (Int)","coordinateUncertaintyM":20.0,"uncertaintyUnknown":false,"observationCount":1,"geographicOutlier":false}},{"type":"Feature","id":"680ef970cf6aa579","geometry":{"type":"Point","coordinates":[150.03387,-32.986096]},"properties":{"species":"Petauroides volans","eventDate":"2024-06-03","basisOfRecord":"HUMAN_OBSERVATION","license":"CC-BY 4.0 (Int)","coordinateUncertaintyM":20.0,"uncertaintyUnknown":false,"observationCount":1,"geographicOutlier":false}},{"type":"Feature","id":"170c26fc8cd24fd9","geometry":{"type":"Point","coordinates":[149.57567,-35.512838]},"properties":{"species":"Petauroides volans","eventDate":"2024-06-01","basisOfRecord":"HUMAN_OBSERVATION","license":"CC-BY 4.0 (Int)","coordinateUncertaintyM":3.0,"uncertaintyUnknown":false,"observationCount":1,"geographicOutlier":false}},{"type":"Feature","id":"bb60f6947a8c237c","geometry":{"type":"Point","coordinates":[149.572372,-35.519353]},"properties":{"species":"Petauroides volans","eventDate":"2024-05-31","basisOfRecord":"HUMAN_OBSERVATION","license":"CC-BY 4.0 (Int)","coordinateUncertaintyM":3.0,"uncertaintyUnknown":false,"observationCount":1,"geographicOutlier":false}},{"type":"Feature","id":"e561088548f8ae99","geometry":{"type":"Point","coordinates":[151.48509,-31.48059]},"properties":{"species":"Petauroides volans","eventDate":"2024-05-31","basisOfRecord":"HUMAN_OBSERVATION","license":"CC-BY 4.0 (Int)","coordinateUncertaintyM":10.0,"uncertaintyUnknown":false,"observationCount":1,"geographicOutlier":false}},{"type":"Feature","id":"63cd59c6ad0a1a3f","geometry":{"type":"Point","coordinates":[144.40286,-37.50232]},"properties":{"species":"Petauroides volans","eventDate":"2024-05-29","basisOfRecord":"OCCURRENCE","license":"CC-BY 4.0 (Int)","coordinateUncertaintyM":10.0,"uncertaintyUnknown":false,"observationCount":1,"geographicOutlier":false}},{"type":"Feature","id":"0ef90e28108eae9a","geometry":{"type":"Point","coordinates":[151.977881,-31.574601]},"properties":{"species":"Petauroides volans","eventDate":"2024-05-29","basisOfRecord":"HUMAN_OBSERVATION","license":"CC-BY 4.0 (Int)","coordinateUncertaintyM":5.0,"uncertaintyUnknown":false,"observationCount":1,"geographicOutlier":false}},{"type":"Feature","id":"315eb78fb77c4cda","geometry":{"type":"Point","coordinates":[150.13596,-35.98783]},"properties":{"species":"Petauroides volans","eventDate":"2024-05-27","basisOfRecord":"HUMAN_OBSERVATION","license":"CC-BY 4.0 (Int)","coordinateUncertaintyM":7.0,"uncertaintyUnknown":false,"observationCount":1,"geographicOutlier":false}},{"type":"Feature","id":"0374ba6698bc80de","geometry":{"type":"Point","coordinates":[147.17529,-36.29379]},"properties":{"species":"Petauroides volans","eventDate":"2024-05-27","basisOfRecord":"OCCURRENCE","license":"CC-BY 4.0 (Int)","coordinateUncertaintyM":5.0,"uncertaintyUnknown":false,"observationCount":1,"geographicOutlier":false}},{"type":"Feature","id":"4dc238efcb8ee37e","geometry":{"type":"Point","coordinates":[149.562873,-35.514009]},"properties":{"species":"Petauroides volans","eventDate":"2024-05-25","basisOfRecord":"HUMAN_OBSERVATION","license":"CC-BY 4.0 (Int)","coordinateUncertaintyM":10.0,"uncertaintyUnknown":false,"observationCount":1,"geographicOutlier":false}},{"type":"Feature","id":"f93c1891c6e0170f","geometry":{"type":"Point","coordinates":[149.941609,-34.286813]},"properties":{"species":"Petauroides volans","eventDate":"2024-05-23","basisOfRecord":"HUMAN_OBSERVATION","license":"CC-BY 4.0 (Int)","coordinateUncertaintyM":300.0,"uncertaintyUnknown":false,"observationCount":5,"geographicOutlier":false}},{"type":"Feature","id":"0a8d98406878e16a","geometry":{"type":"Point","coordinates":[152.195183,-29.59627]},"properties":{"species":"Petauroides volans","eventDate":"2024-05-23","basisOfRecord":"HUMAN_OBSERVATION","license":"CC-BY 4.0 (Int)","coordinateUncertaintyM":10.0,"uncertaintyUnknown":false,"observationCount":1,"geographicOutlier":false}},{"type":"Feature","id":"50f12499fbec2ddb","geometry":{"type":"Point","coordinates":[149.510077,-36.153246]},"properties":{"species":"Petauroides volans","eventDate":"2024-05-22","basisOfRecord":"HUMAN_OBSERVATION","license":"CC-BY 4.0 (Int)","coordinateUncertaintyM":10.0,"uncertaintyUnknown":false,"observationCount":1,"geographicOutlier":false}},{"type":"Feature","id":"c50c3e4388abf012","geometry":{"type":"Point","coordinates":[149.56572,-35.511453]},"properties":{"species":"Petauroides volans","eventDate":"2024-05-22","basisOfRecord":"HUMAN_OBSERVATION","license":"CC-BY 4.0 (Int)","coordinateUncertaintyM":3.0,"uncertaintyUnknown":false,"observationCount":1,"geographicOutlier":false}},{"type":"Feature","id":"63e119a013b399fb","geometry":{"type":"Point","coordinates":[152.205386,-29.586837]},"properties":{"species":"Petauroides volans","eventDate":"2024-05-22","basisOfRecord":"HUMAN_OBSERVATION","license":"CC-BY 4.0 (Int)","coordinateUncertaintyM":10.0,"uncertaintyUnknown":false,"observationCount":1,"geographicOutlier":false}},{"type":"Feature","id":"8b72f7fe5ade1bfb","geometry":{"type":"Point","coordinates":[149.504781,-36.167741]},"properties":{"species":"Petauroides volans","eventDate":"2024-05-22","basisOfRecord":"HUMAN_OBSERVATION","license":"CC-BY 4.0 (Int)","coordinateUncertaintyM":10.0,"uncertaintyUnknown":false,"observationCount":1,"geographicOutlier":false}},{"type":"Feature","id":"424bade623b93fa8","geometry":{"type":"Point","coordinates":[152.193643,-29.595579]},"properties":{"species":"Petauroides volans","eventDate":"2024-05-22","basisOfRecord":"HUMAN_OBSERVATION","license":"CC-BY 4.0 (Int)","coordinateUncertaintyM":5.0,"uncertaintyUnknown":false,"observationCount":1,"geographicOutlier":false}},{"type":"Feature","id":"326a9b89988ad05e","geometry":{"type":"Point","coordinates":[152.205317,-29.587775]},"properties":{"species":"Petauroides volans","eventDate":"2024-05-22","basisOfRecord":"HUMAN_OBSERVATION","license":"CC-BY 4.0 (Int)","coordinateUncertaintyM":10.0,"uncertaintyUnknown":false,"observationCount":1,"geographicOutlier":false}},{"type":"Feature","id":"2aa714106d4cc097","geometry":{"type":"Point","coordinates":[152.195468,-29.595441]},"properties":{"species":"Petauroides volans","eventDate":"2024-05-22","basisOfRecord":"HUMAN_OBSERVATION","license":"CC-BY 4.0 (Int)","coordinateUncertaintyM":10.0,"uncertaintyUnknown":false,"observationCount":1,"geographicOutlier":false}},{"type":"Feature","id":"a9171d1f924dfc10","geometry":{"type":"Point","coordinates":[149.505997,-36.162993]},"properties":{"species":"Petauroides volans","eventDate":"2024-05-21","basisOfRecord":"HUMAN_OBSERVATION","license":"CC-BY 4.0 (Int)","coordinateUncertaintyM":10.0,"uncertaintyUnknown":false,"observationCount":1,"geographicOutlier":false}},{"type":"Feature","id":"d1b630283f765e7f","geometry":{"type":"Point","coordinates":[145.6676,-37.56754]},"properties":{"species":"Petauroides volans","eventDate":"2024-05-21","basisOfRecord":"OCCURRENCE","license":"CC-BY 4.0 (Int)","coordinateUncertaintyM":5.0,"uncertaintyUnknown":false,"observationCount":1,"geographicOutlier":false}},{"type":"Feature","id":"b16b5b71e0fc19d1","geometry":{"type":"Point","coordinates":[149.505101,-36.166951]},"properties":{"species":"Petauroides volans","eventDate":"2024-05-21","basisOfRecord":"HUMAN_OBSERVATION","license":"CC-BY 4.0 (Int)","coordinateUncertaintyM":10.0,"uncertaintyUnknown":false,"observationCount":1,"geographicOutlier":false}},{"type":"Feature","id":"4f9de30916576830","geometry":{"type":"Point","coordinates":[145.66852,-37.56647]},"properties":{"species":"Petauroides volans","eventDate":"2024-05-21","basisOfRecord":"OCCURRENCE","license":"CC-BY 4.0 (Int)","coordinateUncertaintyM":5.0,"uncertaintyUnknown":false,"observationCount":1,"geographicOutlier":false}},{"type":"Feature","id":"d2ce9ed061a45fcc","geometry":{"type":"Point","coordinates":[145.67048,-37.5655]},"properties":{"species":"Petauroides volans","eventDate":"2024-05-21","basisOfRecord":"OCCURRENCE","license":"CC-BY 4.0 (Int)","coordinateUncertaintyM":5.0,"uncertaintyUnknown":false,"observationCount":1,"geographicOutlier":false}},{"type":"Feature","id":"48574529b4d502c1","geometry":{"type":"Point","coordinates":[149.505119,-36.159848]},"properties":{"species":"Petauroides volans","eventDate":"2024-05-21","basisOfRecord":"HUMAN_OBSERVATION","license":"CC-BY 4.0 (Int)","coordinateUncertaintyM":10.0,"uncertaintyUnknown":false,"observationCount":1,"geographicOutlier":false}},{"type":"Feature","id":"39591c55cede8f57","geometry":{"type":"Point","coordinates":[149.506433,-36.16549]},"properties":{"species":"Petauroides volans","eventDate":"2024-05-21","basisOfRecord":"HUMAN_OBSERVATION","license":"CC-BY 4.0 (Int)","coordinateUncertaintyM":10.0,"uncertaintyUnknown":false,"observationCount":1,"geographicOutlier":false}},{"type":"Feature","id":"c9d6cdd51215e581","geometry":{"type":"Point","coordinates":[152.182528,-29.596932]},"properties":{"species":"Petauroides volans","eventDate":"2024-05-20","basisOfRecord":"HUMAN_OBSERVATION","license":"CC-BY 4.0 (Int)","coordinateUncertaintyM":10.0,"uncertaintyUnknown":false,"observationCount":1,"geographicOutlier":false}},{"type":"Feature","id":"73b558dcf5de8d63","geometry":{"type":"Point","coordinates":[145.66918,-37.56705]},"properties":{"species":"Petauroides volans","eventDate":"2024-05-20","basisOfRecord":"OCCURRENCE","license":"CC-BY 4.0 (Int)","coordinateUncertaintyM":5.0,"uncertaintyUnknown":false,"observationCount":1,"geographicOutlier":false}},{"type":"Feature","id":"4c0729a5d4706da3","geometry":{"type":"Point","coordinates":[152.194877,-29.595762]},"properties":{"species":"Petauroides volans","eventDate":"2024-05-20","basisOfRecord":"HUMAN_OBSERVATION","license":"CC-BY 4.0 (Int)","coordinateUncertaintyM":10.0,"uncertaintyUnknown":false,"observationCount":1,"geographicOutlier":false}},{"type":"Feature","id":"f34e4cc3f0cfc45b","geometry":{"type":"Point","coordinates":[152.185865,-31.57891]},"properties":{"species":"Petauroides volans","eventDate":"2024-05-20","basisOfRecord":"HUMAN_OBSERVATION","license":"CC-BY 4.0 (Int)","coordinateUncertaintyM":10.0,"uncertaintyUnknown":false,"observationCount":1,"geographicOutlier":false}},{"type":"Feature","id":"3079cf5f5ae0f1fc","geometry":{"type":"Point","coordinates":[152.189638,-29.593673]},"properties":{"species":"Petauroides volans","eventDate":"2024-05-20","basisOfRecord":"HUMAN_OBSERVATION","license":"CC-BY 4.0 (Int)","coordinateUncertaintyM":10.0,"uncertaintyUnknown":false,"observationCount":1,"geographicOutlier":false}},{"type":"Feature","id":"b232088cc48fc464","geometry":{"type":"Point","coordinates":[146.15979,-37.87997]},"properties":{"species":"Petauroides volans","eventDate":"2024-05-20","basisOfRecord":"OCCURRENCE","license":"CC-BY 4.0 (Int)","coordinateUncertaintyM":5.0,"uncertaintyUnknown":false,"observationCount":1,"geographicOutlier":false}},{"type":"Feature","id":"337553eeb9cc2ad1","geometry":{"type":"Point","coordinates":[145.66916,-37.5664]},"properties":{"species":"Petauroides volans","eventDate":"2024-05-20","basisOfRecord":"OCCURRENCE","license":"CC-BY 4.0 (Int)","coordinateUncertaintyM":5.0,"uncertaintyUnknown":false,"observationCount":1,"geographicOutlier":false}},{"type":"Feature","id":"103d4a35de1fe8e7","geometry":{"type":"Point","coordinates":[149.564103,-35.514797]},"properties":{"species":"Petauroides volans","eventDate":"2024-05-18","basisOfRecord":"HUMAN_OBSERVATION","license":"CC-BY 4.0 (Int)","coordinateUncertaintyM":3.0,"uncertaintyUnknown":false,"observationCount":1,"geographicOutlier":false}},{"type":"Feature","id":"510a41faa53c7892","geometry":{"type":"Point","coordinates":[146.16194,-36.82526]},"properties":{"species":"Petauroides volans","eventDate":"2024-05-16","basisOfRecord":"OCCURRENCE","license":"CC-BY 4.0 (Int)","coordinateUncertaintyM":5.0,"uncertaintyUnknown":false,"observationCount":1,"geographicOutlier":false}},{"type":"Feature","id":"60c2866dec4d64b7","geometry":{"type":"Point","coordinates":[146.16646,-36.82454]},"properties":{"species":"Petauroides volans","eventDate":"2024-05-16","basisOfRecord":"OCCURRENCE","license":"CC-BY 4.0 (Int)","coordinateUncertaintyM":5.0,"uncertaintyUnknown":false,"observationCount":1,"geographicOutlier":false}},{"type":"Feature","id":"65853c2002e8c8ff","geometry":{"type":"Point","coordinates":[147.18565,-36.32215]},"properties":{"species":"Petauroides volans","eventDate":"2024-05-16","basisOfRecord":"OCCURRENCE","license":"CC-BY 4.0 (Int)","coordinateUncertaintyM":5.0,"uncertaintyUnknown":false,"observationCount":1,"geographicOutlier":false}},{"type":"Feature","id":"8ae08356a2b595cc","geometry":{"type":"Point","coordinates":[146.16303,-36.82433]},"properties":{"species":"Petauroides volans","eventDate":"2024-05-16","basisOfRecord":"OCCURRENCE","license":"CC-BY 4.0 (Int)","coordinateUncertaintyM":5.0,"uncertaintyUnknown":false,"observationCount":1,"geographicOutlier":false}},{"type":"Feature","id":"1177b482370891d8","geometry":{"type":"Point","coordinates":[146.10084,-36.87936]},"properties":{"species":"Petauroides volans","eventDate":"2024-05-15","basisOfRecord":"OCCURRENCE","license":"CC-BY 4.0 (Int)","coordinateUncertaintyM":5.0,"uncertaintyUnknown":false,"observationCount":1,"geographicOutlier":false}},{"type":"Feature","id":"e0d4599444e90ddf","geometry":{"type":"Point","coordinates":[146.16631,-36.8246]},"properties":{"species":"Petauroides volans","eventDate":"2024-05-15","basisOfRecord":"OCCURRENCE","license":"CC-BY 4.0 (Int)","coordinateUncertaintyM":5.0,"uncertaintyUnknown":false,"observationCount":1,"geographicOutlier":false}},{"type":"Feature","id":"d2116b438ebd8a27","geometry":{"type":"Point","coordinates":[146.18366,-36.80224]},"properties":{"species":"Petauroides volans","eventDate":"2024-05-15","basisOfRecord":"OCCURRENCE","license":"CC-BY 4.0 (Int)","coordinateUncertaintyM":5.0,"uncertaintyUnknown":false,"observationCount":1,"geographicOutlier":false}},{"type":"Feature","id":"db55eec0d0b770c5","geometry":{"type":"Point","coordinates":[146.16313,-36.82432]},"properties":{"species":"Petauroides volans","eventDate":"2024-05-15","basisOfRecord":"OCCURRENCE","license":"CC-BY 4.0 (Int)","coordinateUncertaintyM":5.0,"uncertaintyUnknown":false,"observationCount":1,"geographicOutlier":false}},{"type":"Feature","id":"ef0a14716e593b50","geometry":{"type":"Point","coordinates":[149.57114,-35.513119]},"properties":{"species":"Petauroides volans","eventDate":"2024-05-15","basisOfRecord":"HUMAN_OBSERVATION","license":"CC-BY 4.0 (Int)","coordinateUncertaintyM":3.0,"uncertaintyUnknown":false,"observationCount":1,"geographicOutlier":false}},{"type":"Feature","id":"d08f143f65c443f3","geometry":{"type":"Point","coordinates":[149.576112,-35.511945]},"properties":{"species":"Petauroides volans","eventDate":"2024-05-14","basisOfRecord":"HUMAN_OBSERVATION","license":"CC-BY 4.0 (Int)","coordinateUncertaintyM":3.0,"uncertaintyUnknown":false,"observationCount":1,"geographicOutlier":false}},{"type":"Feature","id":"87294ddb84636a1c","geometry":{"type":"Point","coordinates":[149.576187,-35.511372]},"properties":{"species":"Petauroides volans","eventDate":"2024-05-14","basisOfRecord":"HUMAN_OBSERVATION","license":"CC-BY 4.0 (Int)","coordinateUncertaintyM":3.0,"uncertaintyUnknown":false,"observationCount":1,"geographicOutlier":false}},{"type":"Feature","id":"b71ceec8b2c777a8","geometry":{"type":"Point","coordinates":[144.36514,-37.45986]},"properties":{"species":"Petauroides volans","eventDate":"2024-05-14","basisOfRecord":"OCCURRENCE","license":"CC-BY 4.0 (Int)","coordinateUncertaintyM":10.0,"uncertaintyUnknown":false,"observationCount":1,"geographicOutlier":false}},{"type":"Feature","id":"6678a5718191e55e","geometry":{"type":"Point","coordinates":[146.11424,-36.8474]},"properties":{"species":"Petauroides volans","eventDate":"2024-05-14","basisOfRecord":"OCCURRENCE","license":"CC-BY 4.0 (Int)","coordinateUncertaintyM":5.0,"uncertaintyUnknown":false,"observationCount":1,"geographicOutlier":false}},{"type":"Feature","id":"99249ca0e0247284","geometry":{"type":"Point","coordinates":[146.11389,-36.84917]},"properties":{"species":"Petauroides volans","eventDate":"2024-05-14","basisOfRecord":"OCCURRENCE","license":"CC-BY 4.0 (Int)","coordinateUncertaintyM":5.0,"uncertaintyUnknown":false,"observationCount":1,"geographicOutlier":false}},{"type":"Feature","id":"f91697ca6c7a2e31","geometry":{"type":"Point","coordinates":[152.615129,-30.017043]},"properties":{"species":"Petauroides volans","eventDate":"2024-05-13","basisOfRecord":"HUMAN_OBSERVATION","license":"CC-BY 4.0 (Int)","coordinateUncertaintyM":10.0,"uncertaintyUnknown":false,"observationCount":1,"geographicOutlier":false}},{"type":"Feature","id":"171e43feb46459fd","geometry":{"type":"Point","coordinates":[149.573899,-35.511782]},"properties":{"species":"Petauroides volans","eventDate":"2024-05-13","basisOfRecord":"HUMAN_OBSERVATION","license":"CC-BY 4.0 (Int)","coordinateUncertaintyM":3.0,"uncertaintyUnknown":false,"observationCount":1,"geographicOutlier":false}},{"type":"Feature","id":"18e0fa643a3ae435","geometry":{"type":"Point","coordinates":[152.839738,-30.790864]},"properties":{"species":"Petauroides volans","eventDate":"2024-05-12","basisOfRecord":"HUMAN_OBSERVATION","license":"CC-BY 4.0 (Int)","coordinateUncertaintyM":10.0,"uncertaintyUnknown":false,"observationCount":1,"geographicOutlier":false}},{"type":"Feature","id":"8f2805c69f6f1c15","geometry":{"type":"Point","coordinates":[146.82516,-36.4137]},"properties":{"species":"Petauroides volans","eventDate":"2024-05-09","basisOfRecord":"OCCURRENCE","license":"CC-BY 4.0 (Int)","coordinateUncertaintyM":5.0,"uncertaintyUnknown":false,"observationCount":1,"geographicOutlier":false}},{"type":"Feature","id":"b22c3901081923fc","geometry":{"type":"Point","coordinates":[147.27634,-36.41276]},"properties":{"species":"Petauroides volans","eventDate":"2024-05-08","basisOfRecord":"OCCURRENCE","license":"CC-BY 4.0 (Int)","coordinateUncertaintyM":5.0,"uncertaintyUnknown":false,"observationCount":1,"geographicOutlier":false}},{"type":"Feature","id":"0f80eee856eebeb9","geometry":{"type":"Point","coordinates":[144.36828,-37.45692]},"properties":{"species":"Petauroides volans","eventDate":"2024-05-08","basisOfRecord":"OCCURRENCE","license":"CC-BY 4.0 (Int)","coordinateUncertaintyM":10.0,"uncertaintyUnknown":false,"observationCount":1,"geographicOutlier":false}},{"type":"Feature","id":"78a7a7637cb92d15","geometry":{"type":"Point","coordinates":[144.33673,-37.47319]},"properties":{"species":"Petauroides volans","eventDate":"2024-05-07","basisOfRecord":"OCCURRENCE","license":"CC-BY 4.0 (Int)","coordinateUncertaintyM":10.0,"uncertaintyUnknown":false,"observationCount":1,"geographicOutlier":false}},{"type":"Feature","id":"5dbc554db78d2d9e","geometry":{"type":"Point","coordinates":[145.55806,-37.61653]},"properties":{"species":"Petauroides volans","eventDate":"2024-05-07","basisOfRecord":"OCCURRENCE","license":"CC-BY 4.0 (Int)","coordinateUncertaintyM":5.0,"uncertaintyUnknown":false,"observationCount":1,"geographicOutlier":false}},{"type":"Feature","id":"ddd20448a9d74c79","geometry":{"type":"Point","coordinates":[146.81616,-36.43132]},"properties":{"species":"Petauroides volans","eventDate":"2024-05-07","basisOfRecord":"OCCURRENCE","license":"CC-BY 4.0 (Int)","coordinateUncertaintyM":5.0,"uncertaintyUnknown":false,"observationCount":1,"geographicOutlier":false}},{"type":"Feature","id":"1d30377017816fbd","geometry":{"type":"Point","coordinates":[144.31422,-37.45888]},"properties":{"species":"Petauroides volans","eventDate":"2024-05-06","basisOfRecord":"OCCURRENCE","license":"CC-BY 4.0 (Int)","coordinateUncertaintyM":10.0,"uncertaintyUnknown":false,"observationCount":1,"geographicOutlier":false}},{"type":"Feature","id":"3cde0eb59894118d","geometry":{"type":"Point","coordinates":[152.160108,-30.645101]},"properties":{"species":"Petauroides volans","eventDate":"2024-05-03","basisOfRecord":"HUMAN_OBSERVATION","license":"CC-BY 4.0 (Int)","coordinateUncertaintyM":10.0,"uncertaintyUnknown":false,"observationCount":1,"geographicOutlier":false}},{"type":"Feature","id":"3bf10f58f2b67822","geometry":{"type":"Point","coordinates":[150.456466,-34.440824]},"properties":{"species":"Petauroides volans","eventDate":"2024-05-03","basisOfRecord":"HUMAN_OBSERVATION","license":"CC-BY 4.0 (Int)","coordinateUncertaintyM":10.0,"uncertaintyUnknown":false,"observationCount":1,"geographicOutlier":false}},{"type":"Feature","id":"79867cde4e1f5d7a","geometry":{"type":"Point","coordinates":[146.50165,-36.73745]},"properties":{"species":"Petauroides volans","eventDate":"2024-05-02","basisOfRecord":"OCCURRENCE","license":"CC-BY 4.0 (Int)","coordinateUncertaintyM":5.0,"uncertaintyUnknown":false,"observationCount":1,"geographicOutlier":false}},{"type":"Feature","id":"6eaa2f7f6bb9145f","geometry":{"type":"Point","coordinates":[144.26239,-37.52442]},"properties":{"species":"Petauroides volans","eventDate":"2024-05-02","basisOfRecord":"OCCURRENCE","license":"CC-BY 4.0 (Int)","coordinateUncertaintyM":10.0,"uncertaintyUnknown":false,"observationCount":1,"geographicOutlier":false}},{"type":"Feature","id":"f03c254de1d33a82","geometry":{"type":"Point","coordinates":[144.26388,-37.52433]},"properties":{"species":"Petauroides volans","eventDate":"2024-05-01","basisOfRecord":"OCCURRENCE","license":"CC-BY 4.0 (Int)","coordinateUncertaintyM":10.0,"uncertaintyUnknown":false,"observationCount":1,"geographicOutlier":false}},{"type":"Feature","id":"2a1a956d42bc284a","geometry":{"type":"Point","coordinates":[144.26458,-37.52441]},"properties":{"species":"Petauroides volans","eventDate":"2024-05-01","basisOfRecord":"OCCURRENCE","license":"CC-BY 4.0 (Int)","coordinateUncertaintyM":10.0,"uncertaintyUnknown":false,"observationCount":1,"geographicOutlier":false}},{"type":"Feature","id":"d7c87edb134f37b9","geometry":{"type":"Point","coordinates":[152.101911,-30.699272]},"properties":{"species":"Petauroides volans","eventDate":"2024-05-01","basisOfRecord":"HUMAN_OBSERVATION","license":"CC-BY 4.0 (Int)","coordinateUncertaintyM":10.0,"uncertaintyUnknown":false,"observationCount":1,"geographicOutlier":false}},{"type":"Feature","id":"bb5af023abfd0188","geometry":{"type":"Point","coordinates":[152.112864,-30.690144]},"properties":{"species":"Petauroides volans","eventDate":"2024-05-01","basisOfRecord":"HUMAN_OBSERVATION","license":"CC-BY 4.0 (Int)","coordinateUncertaintyM":10.0,"uncertaintyUnknown":false,"observationCount":1,"geographicOutlier":false}},{"type":"Feature","id":"46f51732d789dbab","geometry":{"type":"Point","coordinates":[146.96378,-36.51683]},"properties":{"species":"Petauroides volans","eventDate":"2024-04-30","basisOfRecord":"OCCURRENCE","license":"CC-BY 4.0 (Int)","coordinateUncertaintyM":5.0,"uncertaintyUnknown":false,"observationCount":1,"geographicOutlier":false}},{"type":"Feature","id":"cf82c65823631c8e","geometry":{"type":"Point","coordinates":[144.32697,-37.51771]},"properties":{"species":"Petauroides volans","eventDate":"2024-04-30","basisOfRecord":"OCCURRENCE","license":"CC-BY 4.0 (Int)","coordinateUncertaintyM":10.0,"uncertaintyUnknown":false,"observationCount":1,"geographicOutlier":false}},{"type":"Feature","id":"f797500c1a1b009a","geometry":{"type":"Point","coordinates":[150.457499,-34.441699]},"properties":{"species":"Petauroides volans","eventDate":"2024-04-30","basisOfRecord":"HUMAN_OBSERVATION","license":"CC-BY 4.0 (Int)","coordinateUncertaintyM":50.0,"uncertaintyUnknown":false,"observationCount":1,"geographicOutlier":false}},{"type":"Feature","id":"0aa6748c3dd1cf41","geometry":{"type":"Point","coordinates":[146.94814,-36.50233]},"properties":{"species":"Petauroides volans","eventDate":"2024-04-29","basisOfRecord":"OCCURRENCE","license":"CC-BY 4.0 (Int)","coordinateUncertaintyM":5.0,"uncertaintyUnknown":false,"observationCount":1,"geographicOutlier":false}},{"type":"Feature","id":"d37e274a2a96fbc6","geometry":{"type":"Point","coordinates":[152.431626,-30.227901]},"properties":{"species":"Petauroides volans","eventDate":"2024-04-28","basisOfRecord":"HUMAN_OBSERVATION","license":"CC-BY 4.0 (Int)","coordinateUncertaintyM":40.0,"uncertaintyUnknown":false,"observationCount":1,"geographicOutlier":false}},{"type":"Feature","id":"d7d01b753f7c8470","geometry":{"type":"Point","coordinates":[152.188353,-31.570246]},"properties":{"species":"Petauroides volans","eventDate":"2024-04-26","basisOfRecord":"HUMAN_OBSERVATION","license":"CC-BY 4.0 (Int)","coordinateUncertaintyM":10.0,"uncertaintyUnknown":false,"observationCount":1,"geographicOutlier":false}},{"type":"Feature","id":"680559b0f3130b2e","geometry":{"type":"Point","coordinates":[152.176307,-31.566351]},"properties":{"species":"Petauroides volans","eventDate":"2024-04-25","basisOfRecord":"HUMAN_OBSERVATION","license":"CC-BY 4.0 (Int)","coordinateUncertaintyM":3.0,"uncertaintyUnknown":false,"observationCount":1,"geographicOutlier":false}},{"type":"Feature","id":"50d175f29bcf9a9a","geometry":{"type":"Point","coordinates":[150.278864,-35.549065]},"properties":{"species":"Petauroides volans","eventDate":"2024-04-24","basisOfRecord":"HUMAN_OBSERVATION","license":"CC-BY 4.0 (Int)","coordinateUncertaintyM":5.0,"uncertaintyUnknown":false,"observationCount":1,"geographicOutlier":false}},{"type":"Feature","id":"c1fcfbbde66d77fb","geometry":{"type":"Point","coordinates":[145.4591,-37.4793]},"properties":{"species":"Petauroides volans","eventDate":"2024-04-22","basisOfRecord":"OCCURRENCE","license":"CC-BY 4.0 (Int)","coordinateUncertaintyM":10.0,"uncertaintyUnknown":false,"observationCount":1,"geographicOutlier":false}},{"type":"Feature","id":"ef5ee9db605a312f","geometry":{"type":"Point","coordinates":[150.102715,-35.867604]},"properties":{"species":"Petauroides volans","eventDate":"2024-04-20","basisOfRecord":"HUMAN_OBSERVATION","license":"CC-BY 4.0 (Int)","coordinateUncertaintyM":5.0,"uncertaintyUnknown":false,"observationCount":1,"geographicOutlier":false}},{"type":"Feature","id":"0d0d9ac11a953138","geometry":{"type":"Point","coordinates":[150.06423,-35.869912]},"properties":{"species":"Petauroides volans","eventDate":"2024-04-19","basisOfRecord":"HUMAN_OBSERVATION","license":"CC-BY 4.0 (Int)","coordinateUncertaintyM":5.0,"uncertaintyUnknown":false,"observationCount":1,"geographicOutlier":false}},{"type":"Feature","id":"0abfdb89967e030d","geometry":{"type":"Point","coordinates":[147.16169,-36.53869]},"properties":{"species":"Petauroides volans","eventDate":"2024-04-17","basisOfRecord":"OCCURRENCE","license":"CC-BY 4.0 (Int)","coordinateUncertaintyM":5.0,"uncertaintyUnknown":false,"observationCount":1,"geographicOutlier":false}},{"type":"Feature","id":"05ab1ee5da9adbc0","geometry":{"type":"Point","coordinates":[149.763718,-33.348465]},"properties":{"species":"Petauroides volans","eventDate":"2024-04-17","basisOfRecord":"HUMAN_OBSERVATION","license":"CC-BY 4.0 (Int)","coordinateUncertaintyM":20.0,"uncertaintyUnknown":false,"observationCount":1,"geographicOutlier":false}},{"type":"Feature","id":"c79945d8e167ad29","geometry":{"type":"Point","coordinates":[150.405259,-34.45255]},"properties":{"species":"Petauroides volans","eventDate":"2024-04-16","basisOfRecord":"HUMAN_OBSERVATION","license":"CC-BY 4.0 (Int)","coordinateUncertaintyM":10.0,"uncertaintyUnknown":false,"observationCount":1,"geographicOutlier":false}},{"type":"Feature","id":"d94effed65ec9a8a","geometry":{"type":"Point","coordinates":[144.22527,-37.5133]},"properties":{"species":"Petauroides volans","eventDate":"2024-04-16","basisOfRecord":"OCCURRENCE","license":"CC-BY 4.0 (Int)","coordinateUncertaintyM":10.0,"uncertaintyUnknown":false,"observationCount":1,"geographicOutlier":false}},{"type":"Feature","id":"2b6f04688a3d49ad","geometry":{"type":"Point","coordinates":[150.408621,-34.456176]},"properties":{"species":"Petauroides volans","eventDate":"2024-04-16","basisOfRecord":"HUMAN_OBSERVATION","license":"CC-BY 4.0 (Int)","coordinateUncertaintyM":10.0,"uncertaintyUnknown":false,"observationCount":1,"geographicOutlier":false}},{"type":"Feature","id":"eced8760995569d0","geometry":{"type":"Point","coordinates":[144.22644,-37.51415]},"properties":{"species":"Petauroides volans","eventDate":"2024-04-15","basisOfRecord":"OCCURRENCE","license":"CC-BY 4.0 (Int)","coordinateUncertaintyM":10.0,"uncertaintyUnknown":false,"observationCount":1,"geographicOutlier":false}},{"type":"Feature","id":"ffc1a2b724cdf076","geometry":{"type":"Point","coordinates":[144.22593,-37.51336]},"properties":{"species":"Petauroides volans","eventDate":"2024-04-15","basisOfRecord":"OCCURRENCE","license":"CC-BY 4.0 (Int)","coordinateUncertaintyM":10.0,"uncertaintyUnknown":false,"observationCount":1,"geographicOutlier":false}},{"type":"Feature","id":"ec8e4f9c56010a76","geometry":{"type":"Point","coordinates":[146.21965,-37.18849]},"properties":{"species":"Petauroides volans","eventDate":"2024-04-12","basisOfRecord":"OCCURRENCE","license":"CC-BY 4.0 (Int)","coordinateUncertaintyM":20.0,"uncertaintyUnknown":false,"observationCount":1,"geographicOutlier":false}},{"type":"Feature","id":"a406d6bbc2096059","geometry":{"type":"Point","coordinates":[144.17673,-37.43788]},"properties":{"species":"Petauroides volans","eventDate":"2024-04-11","basisOfRecord":"OCCURRENCE","license":"CC-BY 4.0 (Int)","coordinateUncertaintyM":10.0,"uncertaintyUnknown":false,"observationCount":1,"geographicOutlier":false}},{"type":"Feature","id":"ac25411f1e39fb90","geometry":{"type":"Point","coordinates":[151.494127,-31.464704]},"properties":{"species":"Petauroides volans","eventDate":"2024-04-11","basisOfRecord":"HUMAN_OBSERVATION","license":"CC-BY 4.0 (Int)","coordinateUncertaintyM":10.0,"uncertaintyUnknown":false,"observationCount":1,"geographicOutlier":false}},{"type":"Feature","id":"547b6fd9571ef0ca","geometry":{"type":"Point","coordinates":[151.482424,-31.482319]},"properties":{"species":"Petauroides volans","eventDate":"2024-04-11","basisOfRecord":"HUMAN_OBSERVATION","license":"CC-BY 4.0 (Int)","coordinateUncertaintyM":10.0,"uncertaintyUnknown":false,"observationCount":1,"geographicOutlier":false}},{"type":"Feature","id":"5fc8b81d8d0d7499","geometry":{"type":"Point","coordinates":[151.49191,-31.467745]},"properties":{"species":"Petauroides volans","eventDate":"2024-04-11","basisOfRecord":"HUMAN_OBSERVATION","license":"CC-BY 4.0 (Int)","coordinateUncertaintyM":10.0,"uncertaintyUnknown":false,"observationCount":1,"geographicOutlier":false}},{"type":"Feature","id":"868600e8d77a6326","geometry":{"type":"Point","coordinates":[144.16747,-37.46217]},"properties":{"species":"Petauroides volans","eventDate":"2024-04-11","basisOfRecord":"OCCURRENCE","license":"CC-BY 4.0 (Int)","coordinateUncertaintyM":10.0,"uncertaintyUnknown":false,"observationCount":1,"geographicOutlier":false}},{"type":"Feature","id":"b549cc3f2c19336a","geometry":{"type":"Point","coordinates":[151.484656,-31.476427]},"properties":{"species":"Petauroides volans","eventDate":"2024-04-10","basisOfRecord":"HUMAN_OBSERVATION","license":"CC-BY 4.0 (Int)","coordinateUncertaintyM":10.0,"uncertaintyUnknown":false,"observationCount":1,"geographicOutlier":false}},{"type":"Feature","id":"7aae54a418a8624f","geometry":{"type":"Point","coordinates":[151.484172,-31.482258]},"properties":{"species":"Petauroides volans","eventDate":"2024-04-10","basisOfRecord":"HUMAN_OBSERVATION","license":"CC-BY 4.0 (Int)","coordinateUncertaintyM":10.0,"uncertaintyUnknown":false,"observationCount":1,"geographicOutlier":false}},{"type":"Feature","id":"451fa61b3fcb7c9d","geometry":{"type":"Point","coordinates":[151.485173,-31.471075]},"properties":{"species":"Petauroides volans","eventDate":"2024-04-10","basisOfRecord":"HUMAN_OBSERVATION","license":"CC-BY 4.0 (Int)","coordinateUncertaintyM":10.0,"uncertaintyUnknown":false,"observationCount":1,"geographicOutlier":false}},{"type":"Feature","id":"0c824347cddafcb7","geometry":{"type":"Point","coordinates":[151.483718,-31.470625]},"properties":{"species":"Petauroides volans","eventDate":"2024-04-10","basisOfRecord":"HUMAN_OBSERVATION","license":"CC-BY 4.0 (Int)","coordinateUncertaintyM":10.0,"uncertaintyUnknown":false,"observationCount":1,"geographicOutlier":false}},{"type":"Feature","id":"fc74f97f25313c4d","geometry":{"type":"Point","coordinates":[144.16652,-37.46586]},"properties":{"species":"Petauroides volans","eventDate":"2024-04-10","basisOfRecord":"OCCURRENCE","license":"CC-BY 4.0 (Int)","coordinateUncertaintyM":10.0,"uncertaintyUnknown":false,"observationCount":1,"geographicOutlier":false}},{"type":"Feature","id":"cdafc8ded66e4f02","geometry":{"type":"Point","coordinates":[149.9937,-36.043287]},"properties":{"species":"Petauroides volans","eventDate":"2024-04-07","basisOfRecord":"HUMAN_OBSERVATION","license":"CC-BY 4.0 (Int)","coordinateUncertaintyM":5.0,"uncertaintyUnknown":false,"observationCount":1,"geographicOutlier":false}},{"type":"Feature","id":"b7a2d027828e38f2","geometry":{"type":"Point","coordinates":[152.616755,-30.522484]},"properties":{"species":"Petauroides volans","eventDate":"2024-04-05","basisOfRecord":"HUMAN_OBSERVATION","license":"CC-BY 4.0 (Int)","coordinateUncertaintyM":5.0,"uncertaintyUnknown":false,"observationCount":1,"geographicOutlier":false}},{"type":"Feature","id":"88bd0d9f39b43551","geometry":{"type":"Point","coordinates":[150.183866,-31.812786]},"properties":{"species":"Petauroides volans","eventDate":"2024-04-03","basisOfRecord":"HUMAN_OBSERVATION","license":"CC-BY 4.0 (Int)","coordinateUncertaintyM":10.0,"uncertaintyUnknown":false,"observationCount":1,"geographicOutlier":false}},{"type":"Feature","id":"b685e022dd85e27a","geometry":{"type":"Point","coordinates":[150.17712,-31.810986]},"properties":{"species":"Petauroides volans","eventDate":"2024-04-03","basisOfRecord":"HUMAN_OBSERVATION","license":"CC-BY 4.0 (Int)","coordinateUncertaintyM":10.0,"uncertaintyUnknown":false,"observationCount":1,"geographicOutlier":false}},{"type":"Feature","id":"266c6bb336d2e478","geometry":{"type":"Point","coordinates":[150.172648,-31.814629]},"properties":{"species":"Petauroides volans","eventDate":"2024-04-03","basisOfRecord":"HUMAN_OBSERVATION","license":"CC-BY 4.0 (Int)","coordinateUncertaintyM":10.0,"uncertaintyUnknown":false,"observationCount":1,"geographicOutlier":false}},{"type":"Feature","id":"bee85e3286638038","geometry":{"type":"Point","coordinates":[150.181548,-31.807396]},"properties":{"species":"Petauroides volans","eventDate":"2024-04-03","basisOfRecord":"HUMAN_OBSERVATION","license":"CC-BY 4.0 (Int)","coordinateUncertaintyM":10.0,"uncertaintyUnknown":false,"observationCount":1,"geographicOutlier":false}},{"type":"Feature","id":"8c9c1e5dcb1ed081","geometry":{"type":"Point","coordinates":[149.577447,-35.517917]},"properties":{"species":"Petauroides volans","eventDate":"2024-04-02","basisOfRecord":"HUMAN_OBSERVATION","license":"CC-BY 4.0 (Int)","coordinateUncertaintyM":10.0,"uncertaintyUnknown":false,"observationCount":1,"geographicOutlier":false}},{"type":"Feature","id":"a5de5988e60850ca","geometry":{"type":"Point","coordinates":[149.565619,-35.51277]},"properties":{"species":"Petauroides volans","eventDate":"2024-04-02","basisOfRecord":"HUMAN_OBSERVATION","license":"CC-BY 4.0 (Int)","coordinateUncertaintyM":10.0,"uncertaintyUnknown":false,"observationCount":1,"geographicOutlier":false}},{"type":"Feature","id":"288c22fa0762a89a","geometry":{"type":"Point","coordinates":[145.20441,-37.32498]},"properties":{"species":"Petauroides volans","eventDate":"2024-03-31","basisOfRecord":"OCCURRENCE","license":"CC-BY 4.0 (Int)","coordinateUncertaintyM":15.0,"uncertaintyUnknown":false,"observationCount":1,"geographicOutlier":false}},{"type":"Feature","id":"b366bd4b9913ac21","geometry":{"type":"Point","coordinates":[149.570885,-35.521284]},"properties":{"species":"Petauroides volans","eventDate":"2024-03-27","basisOfRecord":"HUMAN_OBSERVATION","license":"CC-BY 4.0 (Int)","coordinateUncertaintyM":10.0,"uncertaintyUnknown":false,"observationCount":1,"geographicOutlier":false}},{"type":"Feature","id":"745fbdc5d869103c","geometry":{"type":"Point","coordinates":[149.580932,-35.511064]},"properties":{"species":"Petauroides volans","eventDate":"2024-03-26","basisOfRecord":"HUMAN_OBSERVATION","license":"CC-BY 4.0 (Int)","coordinateUncertaintyM":10.0,"uncertaintyUnknown":false,"observationCount":1,"geographicOutlier":false}},{"type":"Feature","id":"a928d62b15524000","geometry":{"type":"Point","coordinates":[149.579225,-35.512832]},"properties":{"species":"Petauroides volans","eventDate":"2024-03-26","basisOfRecord":"HUMAN_OBSERVATION","license":"CC-BY 4.0 (Int)","coordinateUncertaintyM":10.0,"uncertaintyUnknown":false,"observationCount":1,"geographicOutlier":false}},{"type":"Feature","id":"2d2e4b61810c59f4","geometry":{"type":"Point","coordinates":[152.621033,-30.521598]},"properties":{"species":"Petauroides volans","eventDate":"2024-03-23","basisOfRecord":"HUMAN_OBSERVATION","license":"CC-BY 4.0 (Int)","coordinateUncertaintyM":50.0,"uncertaintyUnknown":false,"observationCount":1,"geographicOutlier":false}},{"type":"Feature","id":"25202bafcba5777c","geometry":{"type":"Point","coordinates":[144.23776,-37.45169]},"properties":{"species":"Petauroides volans","eventDate":"2024-03-21","basisOfRecord":"OCCURRENCE","license":"CC-BY 4.0 (Int)","coordinateUncertaintyM":10.0,"uncertaintyUnknown":false,"observationCount":1,"geographicOutlier":false}},{"type":"Feature","id":"ccc45243807f65fa","geometry":{"type":"Point","coordinates":[152.120917,-30.689838]},"properties":{"species":"Petauroides volans","eventDate":"2024-03-20","basisOfRecord":"HUMAN_OBSERVATION","license":"CC-BY 4.0 (Int)","coordinateUncertaintyM":10.0,"uncertaintyUnknown":false,"observationCount":1,"geographicOutlier":false}},{"type":"Feature","id":"4b954794007ee6c0","geometry":{"type":"Point","coordinates":[152.117409,-30.696645]},"properties":{"species":"Petauroides volans","eventDate":"2024-03-20","basisOfRecord":"HUMAN_OBSERVATION","license":"CC-BY 4.0 (Int)","coordinateUncertaintyM":10.0,"uncertaintyUnknown":false,"observationCount":1,"geographicOutlier":false}},{"type":"Feature","id":"21afcfe896169dcb","geometry":{"type":"Point","coordinates":[149.576171,-35.518359]},"properties":{"species":"Petauroides volans","eventDate":"2024-03-19","basisOfRecord":"HUMAN_OBSERVATION","license":"CC-BY 4.0 (Int)","coordinateUncertaintyM":10.0,"uncertaintyUnknown":false,"observationCount":1,"geographicOutlier":false}},{"type":"Feature","id":"a34e7437a685e7ff","geometry":{"type":"Point","coordinates":[152.120316,-30.690493]},"properties":{"species":"Petauroides volans","eventDate":"2024-03-19","basisOfRecord":"HUMAN_OBSERVATION","license":"CC-BY 4.0 (Int)","coordinateUncertaintyM":10.0,"uncertaintyUnknown":false,"observationCount":1,"geographicOutlier":false}},{"type":"Feature","id":"5afe18e6ff1003df","geometry":{"type":"Point","coordinates":[152.116945,-30.697147]},"properties":{"species":"Petauroides volans","eventDate":"2024-03-19","basisOfRecord":"HUMAN_OBSERVATION","license":"CC-BY 4.0 (Int)","coordinateUncertaintyM":10.0,"uncertaintyUnknown":false,"observationCount":1,"geographicOutlier":false}},{"type":"Feature","id":"bce8e93e0f6d7d06","geometry":{"type":"Point","coordinates":[152.104177,-30.703772]},"properties":{"species":"Petauroides volans","eventDate":"2024-03-19","basisOfRecord":"HUMAN_OBSERVATION","license":"CC-BY 4.0 (Int)","coordinateUncertaintyM":10.0,"uncertaintyUnknown":false,"observationCount":1,"geographicOutlier":false}},{"type":"Feature","id":"0128b566bb874d68","geometry":{"type":"Point","coordinates":[145.31893,-37.44021]},"properties":{"species":"Petauroides volans","eventDate":"2024-03-18","basisOfRecord":"OCCURRENCE","license":"CC-BY 4.0 (Int)","coordinateUncertaintyM":5.0,"uncertaintyUnknown":false,"observationCount":1,"geographicOutlier":false}},{"type":"Feature","id":"8a09bfb058759b17","geometry":{"type":"Point","coordinates":[150.415601,-34.43124]},"properties":{"species":"Petauroides volans","eventDate":"2024-03-16","basisOfRecord":"HUMAN_OBSERVATION","license":"CC-BY 4.0 (Int)","coordinateUncertaintyM":10.0,"uncertaintyUnknown":false,"observationCount":1,"geographicOutlier":false}},{"type":"Feature","id":"1c4a01f79cf84dc0","geometry":{"type":"Point","coordinates":[144.24806,-37.32982]},"properties":{"species":"Petauroides volans","eventDate":"2024-03-15","basisOfRecord":"OCCURRENCE","license":"CC-BY 4.0 (Int)","coordinateUncertaintyM":10.0,"uncertaintyUnknown":false,"observationCount":1,"geographicOutlier":false}},{"type":"Feature","id":"4f0599fde6ded514","geometry":{"type":"Point","coordinates":[145.32908,-37.40462]},"properties":{"species":"Petauroides volans","eventDate":"2024-03-14","basisOfRecord":"OCCURRENCE","license":"CC-BY 4.0 (Int)","coordinateUncertaintyM":5.0,"uncertaintyUnknown":false,"observationCount":1,"geographicOutlier":false}},{"type":"Feature","id":"45f9691ce541f116","geometry":{"type":"Point","coordinates":[144.30417,-37.31056]},"properties":{"species":"Petauroides volans","eventDate":"2024-03-14","basisOfRecord":"OCCURRENCE","license":"CC-BY 4.0 (Int)","coordinateUncertaintyM":10.0,"uncertaintyUnknown":false,"observationCount":1,"geographicOutlier":false}},{"type":"Feature","id":"5c7aaa0ecfdb9ab2","geometry":{"type":"Point","coordinates":[144.27056,-37.34902]},"properties":{"species":"Petauroides volans","eventDate":"2024-03-14","basisOfRecord":"OCCURRENCE","license":"CC-BY 4.0 (Int)","coordinateUncertaintyM":10.0,"uncertaintyUnknown":false,"observationCount":1,"geographicOutlier":false}},{"type":"Feature","id":"d20feb3633b9a3d3","geometry":{"type":"Point","coordinates":[146.19771,-36.92478]},"properties":{"species":"Petauroides volans","eventDate":"2024-03-13","basisOfRecord":"OCCURRENCE","license":"CC-BY 4.0 (Int)","coordinateUncertaintyM":5.0,"uncertaintyUnknown":false,"observationCount":1,"geographicOutlier":false}},{"type":"Feature","id":"318aee8a341ff94e","geometry":{"type":"Point","coordinates":[146.17892,-36.92404]},"properties":{"species":"Petauroides volans","eventDate":"2024-03-12","basisOfRecord":"OCCURRENCE","license":"CC-BY 4.0 (Int)","coordinateUncertaintyM":5.0,"uncertaintyUnknown":false,"observationCount":1,"geographicOutlier":false}},{"type":"Feature","id":"cba03917e2452c93","geometry":{"type":"Point","coordinates":[144.26565,-37.36819]},"properties":{"species":"Petauroides volans","eventDate":"2024-03-12","basisOfRecord":"OCCURRENCE","license":"CC-BY 4.0 (Int)","coordinateUncertaintyM":10.0,"uncertaintyUnknown":false,"observationCount":1,"geographicOutlier":false}},{"type":"Feature","id":"21689b65a0f10c3e","geometry":{"type":"Point","coordinates":[144.22785,-37.35276]},"properties":{"species":"Petauroides volans","eventDate":"2024-03-08","basisOfRecord":"OCCURRENCE","license":"CC-BY 4.0 (Int)","coordinateUncertaintyM":10.0,"uncertaintyUnknown":false,"observationCount":1,"geographicOutlier":false}},{"type":"Feature","id":"ba968e06e231369b","geometry":{"type":"Point","coordinates":[145.66681,-37.56572]},"properties":{"species":"Petauroides volans","eventDate":"2024-03-07","basisOfRecord":"OCCURRENCE","license":"CC-BY 4.0 (Int)","coordinateUncertaintyM":5.0,"uncertaintyUnknown":false,"observationCount":1,"geographicOutlier":false}},{"type":"Feature","id":"317e95fbf1e2a39e","geometry":{"type":"Point","coordinates":[146.18216,-36.9209]},"properties":{"species":"Petauroides volans","eventDate":"2024-03-07","basisOfRecord":"OCCURRENCE","license":"CC-BY 4.0 (Int)","coordinateUncertaintyM":5.0,"uncertaintyUnknown":false,"observationCount":1,"geographicOutlier":false}},{"type":"Feature","id":"00deafab776d2b3e","geometry":{"type":"Point","coordinates":[144.26498,-37.36481]},"properties":{"species":"Petauroides volans","eventDate":"2024-03-07","basisOfRecord":"OCCURRENCE","license":"CC-BY 4.0 (Int)","coordinateUncertaintyM":10.0,"uncertaintyUnknown":false,"observationCount":1,"geographicOutlier":false}},{"type":"Feature","id":"e9445b3afe847d88","geometry":{"type":"Point","coordinates":[145.6837,-37.55272]},"properties":{"species":"Petauroides volans","eventDate":"2024-03-07","basisOfRecord":"OCCURRENCE","license":"CC-BY 4.0 (Int)","coordinateUncertaintyM":5.0,"uncertaintyUnknown":false,"observationCount":1,"geographicOutlier":false}},{"type":"Feature","id":"d1740ceb6a010f35","geometry":{"type":"Point","coordinates":[144.29878,-37.32505]},"properties":{"species":"Petauroides volans","eventDate":"2024-03-06","basisOfRecord":"OCCURRENCE","license":"CC-BY 4.0 (Int)","coordinateUncertaintyM":10.0,"uncertaintyUnknown":false,"observationCount":1,"geographicOutlier":false}},{"type":"Feature","id":"6d5291904e89722f","geometry":{"type":"Point","coordinates":[146.19757,-36.92301]},"properties":{"species":"Petauroides volans","eventDate":"2024-03-06","basisOfRecord":"OCCURRENCE","license":"CC-BY 4.0 (Int)","coordinateUncertaintyM":5.0,"uncertaintyUnknown":false,"observationCount":1,"geographicOutlier":false}},{"type":"Feature","id":"7893565cefe5e9da","geometry":{"type":"Point","coordinates":[146.19943,-36.92092]},"properties":{"species":"Petauroides volans","eventDate":"2024-03-06","basisOfRecord":"OCCURRENCE","license":"CC-BY 4.0 (Int)","coordinateUncertaintyM":5.0,"uncertaintyUnknown":false,"observationCount":1,"geographicOutlier":false}},{"type":"Feature","id":"753207119a1098a7","geometry":{"type":"Point","coordinates":[150.278566,-35.396609]},"properties":{"species":"Petauroides volans","eventDate":"2024-03-06","basisOfRecord":"HUMAN_OBSERVATION","license":"CC-BY 4.0 (Int)","coordinateUncertaintyM":10.0,"uncertaintyUnknown":false,"observationCount":1,"geographicOutlier":false}},{"type":"Feature","id":"bd721925309c2a43","geometry":{"type":"Point","coordinates":[151.600566,-32.096291]},"properties":{"species":"Petauroides volans","eventDate":"2024-03-05","basisOfRecord":"HUMAN_OBSERVATION","license":"CC-BY 4.0 (Int)","coordinateUncertaintyM":32.0,"uncertaintyUnknown":false,"observationCount":1,"geographicOutlier":false}},{"type":"Feature","id":"186ec63253368be9","geometry":{"type":"Point","coordinates":[144.30296,-37.31087]},"properties":{"species":"Petauroides volans","eventDate":"2024-03-05","basisOfRecord":"OCCURRENCE","license":"CC-BY 4.0 (Int)","coordinateUncertaintyM":10.0,"uncertaintyUnknown":false,"observationCount":1,"geographicOutlier":false}},{"type":"Feature","id":"b10d4c75cf44c018","geometry":{"type":"Point","coordinates":[145.32306,-37.40811]},"properties":{"species":"Petauroides volans","eventDate":"2024-03-05","basisOfRecord":"OCCURRENCE","license":"CC-BY 4.0 (Int)","coordinateUncertaintyM":5.0,"uncertaintyUnknown":false,"observationCount":1,"geographicOutlier":false}},{"type":"Feature","id":"7ce7ae4130d7069d","geometry":{"type":"Point","coordinates":[152.38848,-30.500537]},"properties":{"species":"Petauroides volans","eventDate":"2024-03-02","basisOfRecord":"HUMAN_OBSERVATION","license":"CC-BY 4.0 (Int)","coordinateUncertaintyM":5.0,"uncertaintyUnknown":false,"observationCount":1,"geographicOutlier":false}},{"type":"Feature","id":"c46fc32301608069","geometry":{"type":"Point","coordinates":[145.47344,-37.48123]},"properties":{"species":"Petauroides volans","eventDate":"2024-03-01","basisOfRecord":"OCCURRENCE","license":"CC-BY 4.0 (Int)","coordinateUncertaintyM":5.0,"uncertaintyUnknown":false,"observationCount":1,"geographicOutlier":false}},{"type":"Feature","id":"1e8aeddd1d49d032","geometry":{"type":"Point","coordinates":[152.172585,-30.627692]},"properties":{"species":"Petauroides volans","eventDate":"2024-02-29","basisOfRecord":"HUMAN_OBSERVATION","license":"CC-BY 4.0 (Int)","coordinateUncertaintyM":10.0,"uncertaintyUnknown":false,"observationCount":1,"geographicOutlier":false}},{"type":"Feature","id":"c7b99e388a842cdc","geometry":{"type":"Point","coordinates":[152.163484,-30.644904]},"properties":{"species":"Petauroides volans","eventDate":"2024-02-29","basisOfRecord":"HUMAN_OBSERVATION","license":"CC-BY 4.0 (Int)","coordinateUncertaintyM":10.0,"uncertaintyUnknown":false,"observationCount":1,"geographicOutlier":false}},{"type":"Feature","id":"44cbaf9b97a8159a","geometry":{"type":"Point","coordinates":[151.649274,-31.358899]},"properties":{"species":"Petauroides volans","eventDate":"2024-02-29","basisOfRecord":"HUMAN_OBSERVATION","license":"CC-BY 4.0 (Int)","coordinateUncertaintyM":10.0,"uncertaintyUnknown":false,"observationCount":1,"geographicOutlier":false}},{"type":"Feature","id":"4a1e2ac7e2baa6d5","geometry":{"type":"Point","coordinates":[145.45659,-37.46248]},"properties":{"species":"Petauroides volans","eventDate":"2024-02-29","basisOfRecord":"OCCURRENCE","license":"CC-BY 4.0 (Int)","coordinateUncertaintyM":5.0,"uncertaintyUnknown":false,"observationCount":1,"geographicOutlier":false}},{"type":"Feature","id":"1de6f2468acf0433","geometry":{"type":"Point","coordinates":[145.45711,-37.46038]},"properties":{"species":"Petauroides volans","eventDate":"2024-02-29","basisOfRecord":"OCCURRENCE","license":"CC-BY 4.0 (Int)","coordinateUncertaintyM":5.0,"uncertaintyUnknown":false,"observationCount":1,"geographicOutlier":false}},{"type":"Feature","id":"b861e5feafe354dc","geometry":{"type":"Point","coordinates":[151.646778,-31.3695]},"properties":{"species":"Petauroides volans","eventDate":"2024-02-28","basisOfRecord":"HUMAN_OBSERVATION","license":"CC-BY 4.0 (Int)","coordinateUncertaintyM":10.0,"uncertaintyUnknown":false,"observationCount":1,"geographicOutlier":false}},{"type":"Feature","id":"f6f5ae38daadae1d","geometry":{"type":"Point","coordinates":[151.651435,-31.36217]},"properties":{"species":"Petauroides volans","eventDate":"2024-02-28","basisOfRecord":"HUMAN_OBSERVATION","license":"CC-BY 4.0 (Int)","coordinateUncertaintyM":10.0,"uncertaintyUnknown":false,"observationCount":1,"geographicOutlier":false}},{"type":"Feature","id":"92df4b501e9d854c","geometry":{"type":"Point","coordinates":[148.60021,-35.402364]},"properties":{"species":"Petauroides volans","eventDate":"2024-02-28","basisOfRecord":"HUMAN_OBSERVATION","license":"CC-BY 4.0 (Int)","coordinateUncertaintyM":10.0,"uncertaintyUnknown":false,"observationCount":1,"geographicOutlier":false}},{"type":"Feature","id":"23b5495732178073","geometry":{"type":"Point","coordinates":[151.650601,-31.360925]},"properties":{"species":"Petauroides volans","eventDate":"2024-02-28","basisOfRecord":"HUMAN_OBSERVATION","license":"CC-BY 4.0 (Int)","coordinateUncertaintyM":10.0,"uncertaintyUnknown":false,"observationCount":1,"geographicOutlier":false}},{"type":"Feature","id":"4881fa5df8359bc9","geometry":{"type":"Point","coordinates":[146.18388,-36.80128]},"properties":{"species":"Petauroides volans","eventDate":"2024-02-28","basisOfRecord":"OCCURRENCE","license":"CC-BY 4.0 (Int)","coordinateUncertaintyM":5.0,"uncertaintyUnknown":false,"observationCount":1,"geographicOutlier":false}},{"type":"Feature","id":"6ef1897ba77db82f","geometry":{"type":"Point","coordinates":[151.647504,-31.365764]},"properties":{"species":"Petauroides volans","eventDate":"2024-02-27","basisOfRecord":"HUMAN_OBSERVATION","license":"CC-BY 4.0 (Int)","coordinateUncertaintyM":10.0,"uncertaintyUnknown":false,"observationCount":1,"geographicOutlier":false}},{"type":"Feature","id":"7a61bcf475c1ed12","geometry":{"type":"Point","coordinates":[144.24824,-37.33056]},"properties":{"species":"Petauroides volans","eventDate":"2024-02-27","basisOfRecord":"OCCURRENCE","license":"CC-BY 4.0 (Int)","coordinateUncertaintyM":10.0,"uncertaintyUnknown":false,"observationCount":1,"geographicOutlier":false}},{"type":"Feature","id":"9ed4bfe1aae7264a","geometry":{"type":"Point","coordinates":[151.648195,-31.364508]},"properties":{"species":"Petauroides volans","eventDate":"2024-02-27","basisOfRecord":"HUMAN_OBSERVATION","license":"CC-BY 4.0 (Int)","coordinateUncertaintyM":10.0,"uncertaintyUnknown":false,"observationCount":1,"geographicOutlier":false}},{"type":"Feature","id":"3553004998969d39","geometry":{"type":"Point","coordinates":[151.650228,-31.369356]},"properties":{"species":"Petauroides volans","eventDate":"2024-02-27","basisOfRecord":"HUMAN_OBSERVATION","license":"CC-BY 4.0 (Int)","coordinateUncertaintyM":10.0,"uncertaintyUnknown":false,"observationCount":1,"geographicOutlier":false}},{"type":"Feature","id":"ae8bf832092d7434","geometry":{"type":"Point","coordinates":[151.650638,-31.371589]},"properties":{"species":"Petauroides volans","eventDate":"2024-02-27","basisOfRecord":"HUMAN_OBSERVATION","license":"CC-BY 4.0 (Int)","coordinateUncertaintyM":10.0,"uncertaintyUnknown":false,"observationCount":1,"geographicOutlier":false}},{"type":"Feature","id":"3229bab257b0830a","geometry":{"type":"Point","coordinates":[144.27145,-37.34658]},"properties":{"species":"Petauroides volans","eventDate":"2024-02-27","basisOfRecord":"OCCURRENCE","license":"CC-BY 4.0 (Int)","coordinateUncertaintyM":10.0,"uncertaintyUnknown":false,"observationCount":1,"geographicOutlier":false}},{"type":"Feature","id":"fa823b561888f412","geometry":{"type":"Point","coordinates":[151.648114,-31.3643]},"properties":{"species":"Petauroides volans","eventDate":"2024-02-27","basisOfRecord":"HUMAN_OBSERVATION","license":"CC-BY 4.0 (Int)","coordinateUncertaintyM":10.0,"uncertaintyUnknown":false,"observationCount":1,"geographicOutlier":false}},{"type":"Feature","id":"23da4308a0c23558","geometry":{"type":"Point","coordinates":[145.92019,-36.9038]},"properties":{"species":"Petauroides volans","eventDate":"2024-02-26","basisOfRecord":"OCCURRENCE","license":"CC-BY 4.0 (Int)","coordinateUncertaintyM":5.0,"uncertaintyUnknown":false,"observationCount":1,"geographicOutlier":false}},{"type":"Feature","id":"19c4dfd8db38eed9","geometry":{"type":"Point","coordinates":[145.92068,-36.90541]},"properties":{"species":"Petauroides volans","eventDate":"2024-02-26","basisOfRecord":"OCCURRENCE","license":"CC-BY 4.0 (Int)","coordinateUncertaintyM":5.0,"uncertaintyUnknown":false,"observationCount":1,"geographicOutlier":false}},{"type":"Feature","id":"3df17c0853d88593","geometry":{"type":"Point","coordinates":[145.67301,-37.84437]},"properties":{"species":"Petauroides volans","eventDate":"2024-02-22","basisOfRecord":"OCCURRENCE","license":"CC-BY 4.0 (Int)","coordinateUncertaintyM":5.0,"uncertaintyUnknown":false,"observationCount":1,"geographicOutlier":false}},{"type":"Feature","id":"b01a77de6e735e7b","geometry":{"type":"Point","coordinates":[145.47345,-37.47795]},"properties":{"species":"Petauroides volans","eventDate":"2024-02-20","basisOfRecord":"OCCURRENCE","license":"CC-BY 4.0 (Int)","coordinateUncertaintyM":5.0,"uncertaintyUnknown":false,"observationCount":1,"geographicOutlier":false}},{"type":"Feature","id":"eb0ff5710f4043b6","geometry":{"type":"Point","coordinates":[145.50312,-37.57879]},"properties":{"species":"Petauroides volans","eventDate":"2024-02-20","basisOfRecord":"OCCURRENCE","license":"CC-BY 4.0 (Int)","coordinateUncertaintyM":5.0,"uncertaintyUnknown":false,"observationCount":1,"geographicOutlier":false}},{"type":"Feature","id":"c4a4fafece826109","geometry":{"type":"Point","coordinates":[151.226529,-32.959434]},"properties":{"species":"Petauroides volans","eventDate":"2024-02-20","basisOfRecord":"HUMAN_OBSERVATION","license":"CC-BY 4.0 (Int)","coordinateUncertaintyM":5.0,"uncertaintyUnknown":false,"observationCount":1,"geographicOutlier":false}},{"type":"Feature","id":"eb861401f642b4ed","geometry":{"type":"Point","coordinates":[145.45617,-37.46258]},"properties":{"species":"Petauroides volans","eventDate":"2024-02-19","basisOfRecord":"OCCURRENCE","license":"CC-BY 4.0 (Int)","coordinateUncertaintyM":5.0,"uncertaintyUnknown":false,"observationCount":1,"geographicOutlier":false}},{"type":"Feature","id":"e99d6d4c52f6d4c6","geometry":{"type":"Point","coordinates":[151.264097,-33.001158]},"properties":{"species":"Petauroides volans","eventDate":"2024-02-18","basisOfRecord":"HUMAN_OBSERVATION","license":"CC-BY 4.0 (Int)","coordinateUncertaintyM":5.0,"uncertaintyUnknown":false,"observationCount":1,"geographicOutlier":false}},{"type":"Feature","id":"469b6ec64633be9c","geometry":{"type":"Point","coordinates":[145.95441,-36.9147]},"properties":{"species":"Petauroides volans","eventDate":"2024-02-16","basisOfRecord":"OCCURRENCE","license":"CC-BY 4.0 (Int)","coordinateUncertaintyM":5.0,"uncertaintyUnknown":false,"observationCount":1,"geographicOutlier":false}},{"type":"Feature","id":"402ba171ec23fd8d","geometry":{"type":"Point","coordinates":[145.91967,-36.90345]},"properties":{"species":"Petauroides volans","eventDate":"2024-02-15","basisOfRecord":"OCCURRENCE","license":"CC-BY 4.0 (Int)","coordinateUncertaintyM":5.0,"uncertaintyUnknown":false,"observationCount":1,"geographicOutlier":false}},{"type":"Feature","id":"5666b587eb2e2639","geometry":{"type":"Point","coordinates":[145.92097,-36.90244]},"properties":{"species":"Petauroides volans","eventDate":"2024-02-15","basisOfRecord":"OCCURRENCE","license":"CC-BY 4.0 (Int)","coordinateUncertaintyM":5.0,"uncertaintyUnknown":false,"observationCount":1,"geographicOutlier":false}},{"type":"Feature","id":"edcb3dd07e112e7f","geometry":{"type":"Point","coordinates":[152.27635,-31.007281]},"properties":{"species":"Petauroides volans","eventDate":"2024-02-14","basisOfRecord":"HUMAN_OBSERVATION","license":"CC-BY 4.0 (Int)","coordinateUncertaintyM":10.0,"uncertaintyUnknown":false,"observationCount":1,"geographicOutlier":false}},{"type":"Feature","id":"bbe4adfdde89fa7e","geometry":{"type":"Point","coordinates":[152.280198,-31.008196]},"properties":{"species":"Petauroides volans","eventDate":"2024-02-14","basisOfRecord":"HUMAN_OBSERVATION","license":"CC-BY 4.0 (Int)","coordinateUncertaintyM":10.0,"uncertaintyUnknown":false,"observationCount":1,"geographicOutlier":false}},{"type":"Feature","id":"1988ff997c72e906","geometry":{"type":"Point","coordinates":[152.288281,-31.011624]},"properties":{"species":"Petauroides volans","eventDate":"2024-02-14","basisOfRecord":"HUMAN_OBSERVATION","license":"CC-BY 4.0 (Int)","coordinateUncertaintyM":10.0,"uncertaintyUnknown":false,"observationCount":1,"geographicOutlier":false}},{"type":"Feature","id":"d0425b4d198c64c3","geometry":{"type":"Point","coordinates":[152.293906,-31.015905]},"properties":{"species":"Petauroides volans","eventDate":"2024-02-14","basisOfRecord":"HUMAN_OBSERVATION","license":"CC-BY 4.0 (Int)","coordinateUncertaintyM":10.0,"uncertaintyUnknown":false,"observationCount":1,"geographicOutlier":false}},{"type":"Feature","id":"a308a9df7a3c8767","geometry":{"type":"Point","coordinates":[152.283763,-31.010616]},"properties":{"species":"Petauroides volans","eventDate":"2024-02-14","basisOfRecord":"HUMAN_OBSERVATION","license":"CC-BY 4.0 (Int)","coordinateUncertaintyM":10.0,"uncertaintyUnknown":false,"observationCount":1,"geographicOutlier":false}},{"type":"Feature","id":"4c6bdd47cea1a8b8","geometry":{"type":"Point","coordinates":[152.28652,-31.010351]},"properties":{"species":"Petauroides volans","eventDate":"2024-02-14","basisOfRecord":"HUMAN_OBSERVATION","license":"CC-BY 4.0 (Int)","coordinateUncertaintyM":10.0,"uncertaintyUnknown":false,"observationCount":1,"geographicOutlier":false}},{"type":"Feature","id":"8f9bdd270df40a14","geometry":{"type":"Point","coordinates":[152.282697,-31.010267]},"properties":{"species":"Petauroides volans","eventDate":"2024-02-14","basisOfRecord":"HUMAN_OBSERVATION","license":"CC-BY 4.0 (Int)","coordinateUncertaintyM":10.0,"uncertaintyUnknown":false,"observationCount":1,"geographicOutlier":false}},{"type":"Feature","id":"6f2a30d4533542d0","geometry":{"type":"Point","coordinates":[147.50498,-36.2029]},"properties":{"species":"Petauroides volans","eventDate":"2024-02-14","basisOfRecord":"OCCURRENCE","license":"CC-BY 4.0 (Int)","coordinateUncertaintyM":5.0,"uncertaintyUnknown":false,"observationCount":1,"geographicOutlier":false}},{"type":"Feature","id":"39af0088234952eb","geometry":{"type":"Point","coordinates":[152.292845,-31.014816]},"properties":{"species":"Petauroides volans","eventDate":"2024-02-13","basisOfRecord":"HUMAN_OBSERVATION","license":"CC-BY 4.0 (Int)","coordinateUncertaintyM":10.0,"uncertaintyUnknown":false,"observationCount":1,"geographicOutlier":false}},{"type":"Feature","id":"e1311c1c94e19ec9","geometry":{"type":"Point","coordinates":[152.282398,-31.009597]},"properties":{"species":"Petauroides volans","eventDate":"2024-02-13","basisOfRecord":"HUMAN_OBSERVATION","license":"CC-BY 4.0 (Int)","coordinateUncertaintyM":10.0,"uncertaintyUnknown":false,"observationCount":1,"geographicOutlier":false}},{"type":"Feature","id":"66fcdb4ca2fbc424","geometry":{"type":"Point","coordinates":[152.27604,-31.005285]},"properties":{"species":"Petauroides volans","eventDate":"2024-02-13","basisOfRecord":"HUMAN_OBSERVATION","license":"CC-BY 4.0 (Int)","coordinateUncertaintyM":10.0,"uncertaintyUnknown":false,"observationCount":1,"geographicOutlier":false}},{"type":"Feature","id":"be676f68f8a64de0","geometry":{"type":"Point","coordinates":[152.278164,-31.008473]},"properties":{"species":"Petauroides volans","eventDate":"2024-02-13","basisOfRecord":"HUMAN_OBSERVATION","license":"CC-BY 4.0 (Int)","coordinateUncertaintyM":10.0,"uncertaintyUnknown":false,"observationCount":1,"geographicOutlier":false}},{"type":"Feature","id":"0e65f774e49fbc86","geometry":{"type":"Point","coordinates":[146.11343,-36.84743]},"properties":{"species":"Petauroides volans","eventDate":"2024-02-12","basisOfRecord":"OCCURRENCE","license":"CC-BY 4.0 (Int)","coordinateUncertaintyM":5.0,"uncertaintyUnknown":false,"observationCount":1,"geographicOutlier":false}},{"type":"Feature","id":"eff7c413f942d122","geometry":{"type":"Point","coordinates":[146.11445,-36.84654]},"properties":{"species":"Petauroides volans","eventDate":"2024-02-12","basisOfRecord":"OCCURRENCE","license":"CC-BY 4.0 (Int)","coordinateUncertaintyM":5.0,"uncertaintyUnknown":false,"observationCount":1,"geographicOutlier":false}},{"type":"Feature","id":"d8b7ad5d076b804e","geometry":{"type":"Point","coordinates":[146.7237,-36.40091]},"properties":{"species":"Petauroides volans","eventDate":"2024-02-07","basisOfRecord":"OCCURRENCE","license":"CC-BY 4.0 (Int)","coordinateUncertaintyM":5.0,"uncertaintyUnknown":false,"observationCount":1,"geographicOutlier":false}},{"type":"Feature","id":"4dfaab9c6f1ff80b","geometry":{"type":"Point","coordinates":[146.18192,-36.80178]},"properties":{"species":"Petauroides volans","eventDate":"2024-02-06","basisOfRecord":"OCCURRENCE","license":"CC-BY 4.0 (Int)","coordinateUncertaintyM":5.0,"uncertaintyUnknown":false,"observationCount":1,"geographicOutlier":false}},{"type":"Feature","id":"d9c7d7088dd786f8","geometry":{"type":"Point","coordinates":[150.031409,-33.279595]},"properties":{"species":"Petauroides volans","eventDate":"2024-02-01","basisOfRecord":"HUMAN_OBSERVATION","license":"CC-BY 4.0 (Int)","coordinateUncertaintyM":20.0,"uncertaintyUnknown":false,"observationCount":1,"geographicOutlier":false}},{"type":"Feature","id":"5f575b5b10802d84","geometry":{"type":"Point","coordinates":[152.641571,-30.031846]},"properties":{"species":"Petauroides volans","eventDate":"2024-01-23","basisOfRecord":"HUMAN_OBSERVATION","license":"CC-BY 4.0 (Int)","coordinateUncertaintyM":10.0,"uncertaintyUnknown":false,"observationCount":1,"geographicOutlier":false}},{"type":"Feature","id":"29f57b28f7eca35e","geometry":{"type":"Point","coordinates":[145.5333,-37.5152]},"properties":{"species":"Petauroides volans","eventDate":"2024-01-19","basisOfRecord":"OCCURRENCE","license":"CC-BY 4.0 (Int)","coordinateUncertaintyM":10.0,"uncertaintyUnknown":false,"observationCount":1,"geographicOutlier":false}},{"type":"Feature","id":"15f07d58e3136654","geometry":{"type":"Point","coordinates":[152.677671,-28.386965]},"properties":{"species":"Petauroides volans","eventDate":"2024-01-17","basisOfRecord":"HUMAN_OBSERVATION","license":"CC-BY 4.0 (Int)","coordinateUncertaintyM":50.0,"uncertaintyUnknown":false,"observationCount":1,"geographicOutlier":false}},{"type":"Feature","id":"5f3d40975b7fdf25","geometry":{"type":"Point","coordinates":[150.407655,-34.453417]},"properties":{"species":"Petauroides volans","eventDate":"2024-01-12","basisOfRecord":"HUMAN_OBSERVATION","license":"CC-BY 4.0 (Int)","coordinateUncertaintyM":10.0,"uncertaintyUnknown":false,"observationCount":1,"geographicOutlier":false}},{"type":"Feature","id":"633c4aa3e67a49a9","geometry":{"type":"Point","coordinates":[144.33523,-37.43534]},"properties":{"species":"Petauroides volans","eventDate":"2024-01-09","basisOfRecord":"OCCURRENCE","license":"CC-BY 4.0 (Int)","coordinateUncertaintyM":5.0,"uncertaintyUnknown":false,"observationCount":1,"geographicOutlier":false}},{"type":"Feature","id":"70e4c92f8735d705","geometry":{"type":"Point","coordinates":[152.177392,-31.576447]},"properties":{"species":"Petauroides volans","eventDate":"2024-01-01","basisOfRecord":"HUMAN_OBSERVATION","license":"CC-BY 4.0 (Int)","coordinateUncertaintyM":10.0,"uncertaintyUnknown":false,"observationCount":1,"geographicOutlier":false}},{"type":"Feature","id":"1dbe098c2586de50","geometry":{"type":"Point","coordinates":[152.140971,-30.645338]},"properties":{"species":"Petauroides volans","eventDate":"2023-12-22","basisOfRecord":"HUMAN_OBSERVATION","license":"CC-BY 4.0 (Int)","coordinateUncertaintyM":2.0,"uncertaintyUnknown":false,"observationCount":1,"geographicOutlier":false}},{"type":"Feature","id":"e7d98c9ce4918b09","geometry":{"type":"Point","coordinates":[152.175153,-30.63739]},"properties":{"species":"Petauroides volans","eventDate":"2023-12-19","basisOfRecord":"HUMAN_OBSERVATION","license":"CC-BY 4.0 (Int)","coordinateUncertaintyM":10.0,"uncertaintyUnknown":false,"observationCount":1,"geographicOutlier":false}},{"type":"Feature","id":"838dfbc0283d9523","geometry":{"type":"Point","coordinates":[152.180417,-30.618285]},"properties":{"species":"Petauroides volans","eventDate":"2023-12-18","basisOfRecord":"HUMAN_OBSERVATION","license":"CC-BY 4.0 (Int)","coordinateUncertaintyM":10.0,"uncertaintyUnknown":false,"observationCount":1,"geographicOutlier":false}},{"type":"Feature","id":"b1834ce049454956","geometry":{"type":"Point","coordinates":[150.22484,-33.440823]},"properties":{"species":"Petauroides volans","eventDate":"2023-12-18","basisOfRecord":"HUMAN_OBSERVATION","license":"CC-BY 4.0 (Int)","coordinateUncertaintyM":1.0,"uncertaintyUnknown":false,"observationCount":1,"geographicOutlier":false}},{"type":"Feature","id":"687cadbe569d5c9b","geometry":{"type":"Point","coordinates":[150.213131,-33.387287]},"properties":{"species":"Petauroides volans","eventDate":"2023-12-14","basisOfRecord":"HUMAN_OBSERVATION","license":"CC-BY 4.0 (Int)","coordinateUncertaintyM":1.0,"uncertaintyUnknown":false,"observationCount":1,"geographicOutlier":false}},{"type":"Feature","id":"a8fe2353be719eeb","geometry":{"type":"Point","coordinates":[153.067589,-27.733701]},"properties":{"species":"Petauroides volans","eventDate":"2023-12-11","basisOfRecord":"HUMAN_OBSERVATION","license":"CC-BY 4.0 (Int)","coordinateUncertaintyM":null,"uncertaintyUnknown":true,"observationCount":1,"geographicOutlier":false}},{"type":"Feature","id":"24c5ab2fbf3bc16d","geometry":{"type":"Point","coordinates":[150.134195,-33.372253]},"properties":{"species":"Petauroides volans","eventDate":"2023-12-11","basisOfRecord":"HUMAN_OBSERVATION","license":"CC-BY 4.0 (Int)","coordinateUncertaintyM":1.0,"uncertaintyUnknown":false,"observationCount":5,"geographicOutlier":false}},{"type":"Feature","id":"c51b7c81c814ab7d","geometry":{"type":"Point","coordinates":[150.217186,-33.421529]},"properties":{"species":"Petauroides volans","eventDate":"2023-12-07","basisOfRecord":"HUMAN_OBSERVATION","license":"CC-BY 4.0 (Int)","coordinateUncertaintyM":1.0,"uncertaintyUnknown":false,"observationCount":1,"geographicOutlier":false}},{"type":"Feature","id":"9a79f0e1ca069ccb","geometry":{"type":"Point","coordinates":[144.25192,-37.38803]},"properties":{"species":"Petauroides volans","eventDate":"2023-12-06","basisOfRecord":"OCCURRENCE","license":"CC-BY 4.0 (Int)","coordinateUncertaintyM":5.0,"uncertaintyUnknown":false,"observationCount":1,"geographicOutlier":false}},{"type":"Feature","id":"f7058f9b3d7d7227","geometry":{"type":"Point","coordinates":[144.27899,-37.33785]},"properties":{"species":"Petauroides volans","eventDate":"2023-12-05","basisOfRecord":"OCCURRENCE","license":"CC-BY 4.0 (Int)","coordinateUncertaintyM":5.0,"uncertaintyUnknown":false,"observationCount":1,"geographicOutlier":false}},{"type":"Feature","id":"93770ee7d18a86e1","geometry":{"type":"Point","coordinates":[152.17277,-30.636105]},"properties":{"species":"Petauroides volans","eventDate":"2023-12-04","basisOfRecord":"HUMAN_OBSERVATION","license":"CC-BY 4.0 (Int)","coordinateUncertaintyM":10.0,"uncertaintyUnknown":false,"observationCount":1,"geographicOutlier":false}},{"type":"Feature","id":"46924eb20649d1e1","geometry":{"type":"Point","coordinates":[152.028555,-31.417288]},"properties":{"species":"Petauroides volans","eventDate":"2023-12-01","basisOfRecord":"HUMAN_OBSERVATION","license":"CC-BY 4.0 (Int)","coordinateUncertaintyM":5.0,"uncertaintyUnknown":false,"observationCount":1,"geographicOutlier":false}},{"type":"Feature","id":"89107e414f872dc5","geometry":{"type":"Point","coordinates":[152.159244,-30.656847]},"properties":{"species":"Petauroides volans","eventDate":"2023-11-25","basisOfRecord":"HUMAN_OBSERVATION","license":"CC-BY 4.0 (Int)","coordinateUncertaintyM":2.0,"uncertaintyUnknown":false,"observationCount":1,"geographicOutlier":false}},{"type":"Feature","id":"66f1f53908ea448e","geometry":{"type":"Point","coordinates":[145.57012,-37.07271]},"properties":{"species":"Petauroides volans","eventDate":"2023-11-22","basisOfRecord":"OCCURRENCE","license":"CC-BY 4.0 (Int)","coordinateUncertaintyM":20.0,"uncertaintyUnknown":false,"observationCount":1,"geographicOutlier":false}},{"type":"Feature","id":"d52e22dd0bf63aa5","geometry":{"type":"Point","coordinates":[152.754674,-30.870193]},"properties":{"species":"Petauroides volans","eventDate":"2023-11-15","basisOfRecord":"HUMAN_OBSERVATION","license":"CC-BY 4.0 (Int)","coordinateUncertaintyM":200.0,"uncertaintyUnknown":false,"observationCount":1,"geographicOutlier":false}},{"type":"Feature","id":"01d8bec1e04c77d8","geometry":{"type":"Point","coordinates":[149.53778,-35.688992]},"properties":{"species":"Petauroides volans","eventDate":"2023-11-07","basisOfRecord":"HUMAN_OBSERVATION","license":"CC-BY 4.0 (Int)","coordinateUncertaintyM":3.0,"uncertaintyUnknown":false,"observationCount":1,"geographicOutlier":false}},{"type":"Feature","id":"8e2ca2cdb6cbe772","geometry":{"type":"Point","coordinates":[149.538895,-35.689172]},"properties":{"species":"Petauroides volans","eventDate":"2023-11-07","basisOfRecord":"HUMAN_OBSERVATION","license":"CC-BY 4.0 (Int)","coordinateUncertaintyM":3.0,"uncertaintyUnknown":false,"observationCount":1,"geographicOutlier":false}},{"type":"Feature","id":"653b64ddf204ee21","geometry":{"type":"Point","coordinates":[144.25136,-37.34231]},"properties":{"species":"Petauroides volans","eventDate":"2023-11-04","basisOfRecord":"OCCURRENCE","license":"CC-BY 4.0 (Int)","coordinateUncertaintyM":5.0,"uncertaintyUnknown":false,"observationCount":1,"geographicOutlier":false}},{"type":"Feature","id":"156fade592d36399","geometry":{"type":"Point","coordinates":[144.31287,-37.46007]},"properties":{"species":"Petauroides volans","eventDate":"2023-11-02","basisOfRecord":"OCCURRENCE","license":"CC-BY 4.0 (Int)","coordinateUncertaintyM":5.0,"uncertaintyUnknown":false,"observationCount":1,"geographicOutlier":false}},{"type":"Feature","id":"d3130ea2b9ba1acc","geometry":{"type":"Point","coordinates":[146.60789,-37.53029]},"properties":{"species":"Petauroides volans","eventDate":"2023-10-31","basisOfRecord":"OCCURRENCE","license":"CC-BY 4.0 (Int)","coordinateUncertaintyM":10.0,"uncertaintyUnknown":false,"observationCount":1,"geographicOutlier":false}},{"type":"Feature","id":"b164f598290e9790","geometry":{"type":"Point","coordinates":[145.3858,-37.49436]},"properties":{"species":"Petauroides volans","eventDate":"2023-10-28","basisOfRecord":"OCCURRENCE","license":"CC-BY 4.0 (Int)","coordinateUncertaintyM":15.0,"uncertaintyUnknown":false,"observationCount":1,"geographicOutlier":false}},{"type":"Feature","id":"3052cfe67e25e0bc","geometry":{"type":"Point","coordinates":[145.38526,-37.48901]},"properties":{"species":"Petauroides volans","eventDate":"2023-10-28","basisOfRecord":"OCCURRENCE","license":"CC-BY 4.0 (Int)","coordinateUncertaintyM":15.0,"uncertaintyUnknown":false,"observationCount":1,"geographicOutlier":false}},{"type":"Feature","id":"6915004589a77c19","geometry":{"type":"Point","coordinates":[144.32648,-37.41764]},"properties":{"species":"Petauroides volans","eventDate":"2023-10-19","basisOfRecord":"OCCURRENCE","license":"CC-BY 4.0 (Int)","coordinateUncertaintyM":5.0,"uncertaintyUnknown":false,"observationCount":1,"geographicOutlier":false}},{"type":"Feature","id":"efe40b14c9a66bc5","geometry":{"type":"Point","coordinates":[149.392964,-36.273662]},"properties":{"species":"Petauroides volans","eventDate":"2023-10-19","basisOfRecord":"HUMAN_OBSERVATION","license":"CC-BY 4.0 (Int)","coordinateUncertaintyM":20.0,"uncertaintyUnknown":false,"observationCount":1,"geographicOutlier":false}},{"type":"Feature","id":"380abfa3dbb35497","geometry":{"type":"Point","coordinates":[144.32083,-37.43432]},"properties":{"species":"Petauroides volans","eventDate":"2023-10-19","basisOfRecord":"OCCURRENCE","license":"CC-BY 4.0 (Int)","coordinateUncertaintyM":5.0,"uncertaintyUnknown":false,"observationCount":1,"geographicOutlier":false}},{"type":"Feature","id":"829d7e3b61bb9168","geometry":{"type":"Point","coordinates":[150.544983,-35.097552]},"properties":{"species":"Petauroides volans","eventDate":"2023-10-18","basisOfRecord":"HUMAN_OBSERVATION","license":"CC-BY 4.0 (Int)","coordinateUncertaintyM":5.0,"uncertaintyUnknown":false,"observationCount":1,"geographicOutlier":false}},{"type":"Feature","id":"99884ae4d99c4873","geometry":{"type":"Point","coordinates":[150.454858,-35.355524]},"properties":{"species":"Petauroides volans","eventDate":"2023-10-16","basisOfRecord":"HUMAN_OBSERVATION","license":"CC-BY 4.0 (Int)","coordinateUncertaintyM":5.0,"uncertaintyUnknown":false,"observationCount":1,"geographicOutlier":false}},{"type":"Feature","id":"ff29fd82d660ee37","geometry":{"type":"Point","coordinates":[149.636824,-35.37364]},"properties":{"species":"Petauroides volans","eventDate":"2023-10-16","basisOfRecord":"HUMAN_OBSERVATION","license":"CC-BY 4.0 (Int)","coordinateUncertaintyM":10.0,"uncertaintyUnknown":false,"observationCount":1,"geographicOutlier":false}},{"type":"Feature","id":"08eea8b7cbe96c5e","geometry":{"type":"Point","coordinates":[150.213507,-34.520944]},"properties":{"species":"Petauroides volans","eventDate":"2023-10-12","basisOfRecord":"HUMAN_OBSERVATION","license":"CC-BY 4.0 (Int)","coordinateUncertaintyM":20.0,"uncertaintyUnknown":false,"observationCount":1,"geographicOutlier":false}},{"type":"Feature","id":"62d80c38e2149f19","geometry":{"type":"Point","coordinates":[150.199507,-34.503933]},"properties":{"species":"Petauroides volans","eventDate":"2023-10-12","basisOfRecord":"HUMAN_OBSERVATION","license":"CC-BY 4.0 (Int)","coordinateUncertaintyM":15.0,"uncertaintyUnknown":false,"observationCount":1,"geographicOutlier":false}},{"type":"Feature","id":"57c6d1c412182236","geometry":{"type":"Point","coordinates":[152.739394,-30.884447]},"properties":{"species":"Petauroides volans","eventDate":"2023-10-11","basisOfRecord":"HUMAN_OBSERVATION","license":"CC-BY 4.0 (Int)","coordinateUncertaintyM":200.0,"uncertaintyUnknown":false,"observationCount":1,"geographicOutlier":false}},{"type":"Feature","id":"76f98e7529208b29","geometry":{"type":"Point","coordinates":[145.55301,-37.08805]},"properties":{"species":"Petauroides volans","eventDate":"2023-10-08","basisOfRecord":"OBSERVATION","license":"CC-BY 4.0 (Int)","coordinateUncertaintyM":4.0,"uncertaintyUnknown":false,"observationCount":1,"geographicOutlier":false}},{"type":"Feature","id":"161f8c500e0ccefc","geometry":{"type":"Point","coordinates":[149.978076,-35.272287]},"properties":{"species":"Petauroides volans","eventDate":"2023-09-30","basisOfRecord":"HUMAN_OBSERVATION","license":"CC-BY 4.0 (Int)","coordinateUncertaintyM":20.0,"uncertaintyUnknown":false,"observationCount":1,"geographicOutlier":false}},{"type":"Feature","id":"073955a3a13f3f7d","geometry":{"type":"Point","coordinates":[148.614094,-35.4139]},"properties":{"species":"Petauroides volans","eventDate":"2023-09-26","basisOfRecord":"HUMAN_OBSERVATION","license":"CC-BY 4.0 (Int)","coordinateUncertaintyM":10.0,"uncertaintyUnknown":false,"observationCount":1,"geographicOutlier":false}},{"type":"Feature","id":"4f0d3e495e9b7072","geometry":{"type":"Point","coordinates":[150.45576,-35.375765]},"properties":{"species":"Petauroides volans","eventDate":"2023-09-25","basisOfRecord":"HUMAN_OBSERVATION","license":"CC-BY 4.0 (Int)","coordinateUncertaintyM":5.0,"uncertaintyUnknown":false,"observationCount":1,"geographicOutlier":false}},{"type":"Feature","id":"60ec99c2770177bb","geometry":{"type":"Point","coordinates":[145.31866,-37.39057]},"properties":{"species":"Petauroides volans","eventDate":"2023-09-23","basisOfRecord":"OCCURRENCE","license":"CC-BY 4.0 (Int)","coordinateUncertaintyM":15.0,"uncertaintyUnknown":false,"observationCount":1,"geographicOutlier":false}},{"type":"Feature","id":"8f0ece650845a846","geometry":{"type":"Point","coordinates":[145.69367,-37.94981]},"properties":{"species":"Petauroides volans","eventDate":"2023-09-22","basisOfRecord":"OCCURRENCE","license":"CC-BY 4.0 (Int)","coordinateUncertaintyM":100.0,"uncertaintyUnknown":false,"observationCount":1,"geographicOutlier":false}},{"type":"Feature","id":"263760ccfa37fe57","geometry":{"type":"Point","coordinates":[150.02856,-33.102202]},"properties":{"species":"Petauroides volans","eventDate":"2023-09-21","basisOfRecord":"HUMAN_OBSERVATION","license":"CC-BY 4.0 (Int)","coordinateUncertaintyM":4.0,"uncertaintyUnknown":false,"observationCount":1,"geographicOutlier":false}},{"type":"Feature","id":"25faaff0d550c352","geometry":{"type":"Point","coordinates":[145.3257,-37.4494]},"properties":{"species":"Petauroides volans","eventDate":"2023-09-18","basisOfRecord":"OBSERVATION","license":"CC-BY 4.0 (Int)","coordinateUncertaintyM":10.0,"uncertaintyUnknown":false,"observationCount":1,"geographicOutlier":false}},{"type":"Feature","id":"16428270cbf1cc9d","geometry":{"type":"Point","coordinates":[150.172037,-33.382237]},"properties":{"species":"Petauroides volans","eventDate":"2023-09-13","basisOfRecord":"HUMAN_OBSERVATION","license":"CC-BY 4.0 (Int)","coordinateUncertaintyM":1.0,"uncertaintyUnknown":false,"observationCount":1,"geographicOutlier":false}},{"type":"Feature","id":"afd7df87c9211e08","geometry":{"type":"Point","coordinates":[152.173831,-31.567925]},"properties":{"species":"Petauroides volans","eventDate":"2023-09-09","basisOfRecord":"HUMAN_OBSERVATION","license":"CC-BY 4.0 (Int)","coordinateUncertaintyM":10.0,"uncertaintyUnknown":false,"observationCount":1,"geographicOutlier":false}},{"type":"Feature","id":"be0c2f8a0228ab35","geometry":{"type":"Point","coordinates":[150.160569,-33.3833]},"properties":{"species":"Petauroides volans","eventDate":"2023-09-06","basisOfRecord":"HUMAN_OBSERVATION","license":"CC-BY 4.0 (Int)","coordinateUncertaintyM":1.0,"uncertaintyUnknown":false,"observationCount":1,"geographicOutlier":false}},{"type":"Feature","id":"dcafc3e19d2a29d9","geometry":{"type":"Point","coordinates":[150.128554,-33.371916]},"properties":{"species":"Petauroides volans","eventDate":"2023-09-05","basisOfRecord":"HUMAN_OBSERVATION","license":"CC-BY 4.0 (Int)","coordinateUncertaintyM":1.0,"uncertaintyUnknown":false,"observationCount":1,"geographicOutlier":false}},{"type":"Feature","id":"da8c669aef526868","geometry":{"type":"Point","coordinates":[149.153623,-33.132677]},"properties":{"species":"Petauroides volans","eventDate":"2023-09-04","basisOfRecord":"HUMAN_OBSERVATION","license":"CC-BY 4.0 (Int)","coordinateUncertaintyM":500.0,"uncertaintyUnknown":false,"observationCount":1,"geographicOutlier":false}},{"type":"Feature","id":"4d4210f3d4b5551a","geometry":{"type":"Point","coordinates":[144.2588,-37.3406]},"properties":{"species":"Petauroides volans","eventDate":"2023-09-01","basisOfRecord":"OBSERVATION","license":"CC-BY 4.0 (Int)","coordinateUncertaintyM":20.0,"uncertaintyUnknown":false,"observationCount":1,"geographicOutlier":false}},{"type":"Feature","id":"39df09a319391bd0","geometry":{"type":"Point","coordinates":[145.32427,-37.44966]},"properties":{"species":"Petauroides volans","eventDate":"2023-08-29","basisOfRecord":"OCCURRENCE","license":"CC-BY 4.0 (Int)","coordinateUncertaintyM":15.0,"uncertaintyUnknown":false,"observationCount":1,"geographicOutlier":false}},{"type":"Feature","id":"fe077f99a419b0ed","geometry":{"type":"Point","coordinates":[145.4479,-37.4917]},"properties":{"species":"Petauroides volans","eventDate":"2023-08-29","basisOfRecord":"OBSERVATION","license":"CC-BY 4.0 (Int)","coordinateUncertaintyM":10.0,"uncertaintyUnknown":false,"observationCount":1,"geographicOutlier":false}},{"type":"Feature","id":"83f45ecf1f80be26","geometry":{"type":"Point","coordinates":[145.4337,-37.4991]},"properties":{"species":"Petauroides volans","eventDate":"2023-08-28","basisOfRecord":"OBSERVATION","license":"CC-BY 4.0 (Int)","coordinateUncertaintyM":10.0,"uncertaintyUnknown":false,"observationCount":1,"geographicOutlier":false}},{"type":"Feature","id":"03c647ce6d7e3d8f","geometry":{"type":"Point","coordinates":[145.4343,-37.5016]},"properties":{"species":"Petauroides volans","eventDate":"2023-08-28","basisOfRecord":"OBSERVATION","license":"CC-BY 4.0 (Int)","coordinateUncertaintyM":10.0,"uncertaintyUnknown":false,"observationCount":1,"geographicOutlier":false}},{"type":"Feature","id":"8f5658121f7e84e3","geometry":{"type":"Point","coordinates":[145.4346,-37.502]},"properties":{"species":"Petauroides volans","eventDate":"2023-08-28","basisOfRecord":"OBSERVATION","license":"CC-BY 4.0 (Int)","coordinateUncertaintyM":10.0,"uncertaintyUnknown":false,"observationCount":1,"geographicOutlier":false}},{"type":"Feature","id":"4651abe1024e08ef","geometry":{"type":"Point","coordinates":[145.4373,-37.5005]},"properties":{"species":"Petauroides volans","eventDate":"2023-08-28","basisOfRecord":"OBSERVATION","license":"CC-BY 4.0 (Int)","coordinateUncertaintyM":10.0,"uncertaintyUnknown":false,"observationCount":1,"geographicOutlier":false}},{"type":"Feature","id":"8dd767f56086f397","geometry":{"type":"Point","coordinates":[152.155013,-30.648993]},"properties":{"species":"Petauroides volans","eventDate":"2023-08-27","basisOfRecord":"HUMAN_OBSERVATION","license":"CC-BY 4.0 (Int)","coordinateUncertaintyM":10.0,"uncertaintyUnknown":false,"observationCount":1,"geographicOutlier":false}},{"type":"Feature","id":"cf7dbecf22802237","geometry":{"type":"Point","coordinates":[145.573,-37.6551]},"properties":{"species":"Petauroides volans","eventDate":"2023-08-25","basisOfRecord":"OCCURRENCE","license":"CC-BY 4.0 (Int)","coordinateUncertaintyM":10.0,"uncertaintyUnknown":false,"observationCount":1,"geographicOutlier":false}},{"type":"Feature","id":"cbeaa54b1da38c74","geometry":{"type":"Point","coordinates":[152.767994,-30.851503]},"properties":{"species":"Petauroides volans","eventDate":"2023-08-23","basisOfRecord":"HUMAN_OBSERVATION","license":"CC-BY 4.0 (Int)","coordinateUncertaintyM":200.0,"uncertaintyUnknown":false,"observationCount":1,"geographicOutlier":false}},{"type":"Feature","id":"3e9632053fa053e2","geometry":{"type":"Point","coordinates":[151.514616,-30.230995]},"properties":{"species":"Petauroides volans","eventDate":"2023-08-21","basisOfRecord":"HUMAN_OBSERVATION","license":"CC-BY 4.0 (Int)","coordinateUncertaintyM":20.0,"uncertaintyUnknown":false,"observationCount":1,"geographicOutlier":false}},{"type":"Feature","id":"0e38a135693c3d43","geometry":{"type":"Point","coordinates":[152.186493,-30.807686]},"properties":{"species":"Petauroides volans","eventDate":"2023-08-16","basisOfRecord":"HUMAN_OBSERVATION","license":"CC-BY 4.0 (Int)","coordinateUncertaintyM":4.0,"uncertaintyUnknown":false,"observationCount":1,"geographicOutlier":false}},{"type":"Feature","id":"a994b3f6830a129c","geometry":{"type":"Point","coordinates":[151.293226,-33.033687]},"properties":{"species":"Petauroides volans","eventDate":"2023-08-16","basisOfRecord":"HUMAN_OBSERVATION","license":"CC-BY 4.0 (Int)","coordinateUncertaintyM":5.0,"uncertaintyUnknown":false,"observationCount":1,"geographicOutlier":false}},{"type":"Feature","id":"0ac38fd52cee2a1f","geometry":{"type":"Point","coordinates":[145.53524,-37.08355]},"properties":{"species":"Petauroides volans","eventDate":"2023-08-13","basisOfRecord":"OCCURRENCE","license":"CC-BY 4.0 (Int)","coordinateUncertaintyM":30.0,"uncertaintyUnknown":false,"observationCount":1,"geographicOutlier":false}},{"type":"Feature","id":"5383a573960e9708","geometry":{"type":"Point","coordinates":[147.44964,-36.0679]},"properties":{"species":"Petauroides volans","eventDate":"2023-08-09","basisOfRecord":"OCCURRENCE","license":"CC-BY 4.0 (Int)","coordinateUncertaintyM":10.0,"uncertaintyUnknown":false,"observationCount":1,"geographicOutlier":false}},{"type":"Feature","id":"e38676b3511eef67","geometry":{"type":"Point","coordinates":[145.5988,-37.5162]},"properties":{"species":"Petauroides volans","eventDate":"2023-08-07","basisOfRecord":"OBSERVATION","license":"CC-BY 4.0 (Int)","coordinateUncertaintyM":10.0,"uncertaintyUnknown":false,"observationCount":1,"geographicOutlier":false}},{"type":"Feature","id":"2eb85218a1269896","geometry":{"type":"Point","coordinates":[152.172883,-31.572692]},"properties":{"species":"Petauroides volans","eventDate":"2023-08-04","basisOfRecord":"HUMAN_OBSERVATION","license":"CC-BY 4.0 (Int)","coordinateUncertaintyM":20.0,"uncertaintyUnknown":false,"observationCount":1,"geographicOutlier":false}},{"type":"Feature","id":"f116153bd6b48290","geometry":{"type":"Point","coordinates":[152.198028,-31.577435]},"properties":{"species":"Petauroides volans","eventDate":"2023-08-04","basisOfRecord":"HUMAN_OBSERVATION","license":"CC-BY 4.0 (Int)","coordinateUncertaintyM":20.0,"uncertaintyUnknown":false,"observationCount":1,"geographicOutlier":false}},{"type":"Feature","id":"912e750e1daf49e4","geometry":{"type":"Point","coordinates":[152.164465,-31.602084]},"properties":{"species":"Petauroides volans","eventDate":"2023-08-04","basisOfRecord":"HUMAN_OBSERVATION","license":"CC-BY 4.0 (Int)","coordinateUncertaintyM":20.0,"uncertaintyUnknown":false,"observationCount":1,"geographicOutlier":false}},{"type":"Feature","id":"6a87b09d486dcf55","geometry":{"type":"Point","coordinates":[152.16461,-31.598756]},"properties":{"species":"Petauroides volans","eventDate":"2023-08-04","basisOfRecord":"HUMAN_OBSERVATION","license":"CC-BY 4.0 (Int)","coordinateUncertaintyM":20.0,"uncertaintyUnknown":false,"observationCount":1,"geographicOutlier":false}},{"type":"Feature","id":"e89e5f583050410a","geometry":{"type":"Point","coordinates":[152.19135,-31.580677]},"properties":{"species":"Petauroides volans","eventDate":"2023-08-04","basisOfRecord":"HUMAN_OBSERVATION","license":"CC-BY 4.0 (Int)","coordinateUncertaintyM":20.0,"uncertaintyUnknown":false,"observationCount":1,"geographicOutlier":false}},{"type":"Feature","id":"71a6042ca4e4b12b","geometry":{"type":"Point","coordinates":[152.163298,-31.607625]},"properties":{"species":"Petauroides volans","eventDate":"2023-08-04","basisOfRecord":"HUMAN_OBSERVATION","license":"CC-BY 4.0 (Int)","coordinateUncertaintyM":20.0,"uncertaintyUnknown":false,"observationCount":1,"geographicOutlier":false}},{"type":"Feature","id":"fe3c73b985ec206a","geometry":{"type":"Point","coordinates":[152.180167,-31.578449]},"properties":{"species":"Petauroides volans","eventDate":"2023-08-03","basisOfRecord":"HUMAN_OBSERVATION","license":"CC-BY 4.0 (Int)","coordinateUncertaintyM":20.0,"uncertaintyUnknown":false,"observationCount":1,"geographicOutlier":false}},{"type":"Feature","id":"c15ea8aa7fded1ec","geometry":{"type":"Point","coordinates":[152.178076,-31.582577]},"properties":{"species":"Petauroides volans","eventDate":"2023-08-03","basisOfRecord":"HUMAN_OBSERVATION","license":"CC-BY 4.0 (Int)","coordinateUncertaintyM":20.0,"uncertaintyUnknown":false,"observationCount":1,"geographicOutlier":false}},{"type":"Feature","id":"96a8c9a19f4a6400","geometry":{"type":"Point","coordinates":[152.17028,-31.585838]},"properties":{"species":"Petauroides volans","eventDate":"2023-08-03","basisOfRecord":"HUMAN_OBSERVATION","license":"CC-BY 4.0 (Int)","coordinateUncertaintyM":20.0,"uncertaintyUnknown":false,"observationCount":1,"geographicOutlier":false}},{"type":"Feature","id":"30988a3fe3bd8e45","geometry":{"type":"Point","coordinates":[152.201132,-31.580486]},"properties":{"species":"Petauroides volans","eventDate":"2023-08-03","basisOfRecord":"HUMAN_OBSERVATION","license":"CC-BY 4.0 (Int)","coordinateUncertaintyM":20.0,"uncertaintyUnknown":false,"observationCount":1,"geographicOutlier":false}},{"type":"Feature","id":"8e7858d5cdd8aea3","geometry":{"type":"Point","coordinates":[152.198961,-31.591596]},"properties":{"species":"Petauroides volans","eventDate":"2023-08-03","basisOfRecord":"HUMAN_OBSERVATION","license":"CC-BY 4.0 (Int)","coordinateUncertaintyM":20.0,"uncertaintyUnknown":false,"observationCount":1,"geographicOutlier":false}},{"type":"Feature","id":"09016159ec02cac2","geometry":{"type":"Point","coordinates":[145.33444,-37.43333]},"properties":{"species":"Petauroides volans","eventDate":"2023-07-29","basisOfRecord":"OCCURRENCE","license":"CC-BY 4.0 (Int)","coordinateUncertaintyM":100.0,"uncertaintyUnknown":false,"observationCount":1,"geographicOutlier":false}},{"type":"Feature","id":"5e2de1819b1afa8c","geometry":{"type":"Point","coordinates":[149.581038,-35.515389]},"properties":{"species":"Petauroides volans","eventDate":"2023-07-27","basisOfRecord":"HUMAN_OBSERVATION","license":"CC-BY 4.0 (Int)","coordinateUncertaintyM":10.0,"uncertaintyUnknown":false,"observationCount":1,"geographicOutlier":false}},{"type":"Feature","id":"b222ced3f4e246ce","geometry":{"type":"Point","coordinates":[146.2804,-37.9426]},"properties":{"species":"Petauroides volans","eventDate":"2023-07-27","basisOfRecord":"OBSERVATION","license":"CC-BY 4.0 (Int)","coordinateUncertaintyM":10.0,"uncertaintyUnknown":false,"observationCount":1,"geographicOutlier":false}},{"type":"Feature","id":"e734e1336feec42e","geometry":{"type":"Point","coordinates":[149.575172,-35.51226]},"properties":{"species":"Petauroides volans","eventDate":"2023-07-26","basisOfRecord":"HUMAN_OBSERVATION","license":"CC-BY 4.0 (Int)","coordinateUncertaintyM":10.0,"uncertaintyUnknown":false,"observationCount":1,"geographicOutlier":false}},{"type":"Feature","id":"7b5874aa90231c6a","geometry":{"type":"Point","coordinates":[149.57905,-35.512186]},"properties":{"species":"Petauroides volans","eventDate":"2023-07-26","basisOfRecord":"HUMAN_OBSERVATION","license":"CC-BY 4.0 (Int)","coordinateUncertaintyM":10.0,"uncertaintyUnknown":false,"observationCount":1,"geographicOutlier":false}},{"type":"Feature","id":"9ba325d557e868a3","geometry":{"type":"Point","coordinates":[145.91668,-37.89072]},"properties":{"species":"Petauroides volans","eventDate":"2023-07-25","basisOfRecord":"OBSERVATION","license":"CC-BY 4.0 (Int)","coordinateUncertaintyM":10.0,"uncertaintyUnknown":false,"observationCount":1,"geographicOutlier":false}},{"type":"Feature","id":"c311d0178c1ff185","geometry":{"type":"Point","coordinates":[145.38303,-37.48267]},"properties":{"species":"Petauroides volans","eventDate":"2023-07-22","basisOfRecord":"OBSERVATION","license":"CC-BY 4.0 (Int)","coordinateUncertaintyM":10.0,"uncertaintyUnknown":false,"observationCount":1,"geographicOutlier":false}},{"type":"Feature","id":"48fbeb9909446668","geometry":{"type":"Point","coordinates":[145.92197,-37.87086]},"properties":{"species":"Petauroides volans","eventDate":"2023-07-19","basisOfRecord":"OCCURRENCE","license":"CC-BY 4.0 (Int)","coordinateUncertaintyM":10.0,"uncertaintyUnknown":false,"observationCount":1,"geographicOutlier":false}},{"type":"Feature","id":"00b8bf70b680a0fb","geometry":{"type":"Point","coordinates":[145.91912,-37.87127]},"properties":{"species":"Petauroides volans","eventDate":"2023-07-19","basisOfRecord":"OCCURRENCE","license":"CC-BY 4.0 (Int)","coordinateUncertaintyM":10.0,"uncertaintyUnknown":false,"observationCount":1,"geographicOutlier":false}},{"type":"Feature","id":"49a49719ee90eb37","geometry":{"type":"Point","coordinates":[145.6148,-37.4084]},"properties":{"species":"Petauroides volans","eventDate":"2023-07-18","basisOfRecord":"OBSERVATION","license":"CC-BY 4.0 (Int)","coordinateUncertaintyM":10.0,"uncertaintyUnknown":false,"observationCount":1,"geographicOutlier":false}},{"type":"Feature","id":"cf39aac35faced1f","geometry":{"type":"Point","coordinates":[146.07874,-37.63861]},"properties":{"species":"Petauroides volans","eventDate":"2023-07-17","basisOfRecord":"OCCURRENCE","license":"CC-BY 4.0 (Int)","coordinateUncertaintyM":10.0,"uncertaintyUnknown":false,"observationCount":1,"geographicOutlier":false}},{"type":"Feature","id":"e8a488f5c68f24f8","geometry":{"type":"Point","coordinates":[145.93052,-37.5712]},"properties":{"species":"Petauroides volans","eventDate":"2023-07-17","basisOfRecord":"OCCURRENCE","license":"CC-BY 4.0 (Int)","coordinateUncertaintyM":10.0,"uncertaintyUnknown":false,"observationCount":1,"geographicOutlier":false}},{"type":"Feature","id":"bc3805ed38d37a0a","geometry":{"type":"Point","coordinates":[150.241816,-33.363109]},"properties":{"species":"Petauroides volans","eventDate":"2023-07-16","basisOfRecord":"HUMAN_OBSERVATION","license":"CC-BY 4.0 (Int)","coordinateUncertaintyM":20.0,"uncertaintyUnknown":false,"observationCount":1,"geographicOutlier":false}},{"type":"Feature","id":"acc62ddecb8965c1","geometry":{"type":"Point","coordinates":[149.571044,-35.518342]},"properties":{"species":"Petauroides volans","eventDate":"2023-07-12","basisOfRecord":"HUMAN_OBSERVATION","license":"CC-BY 4.0 (Int)","coordinateUncertaintyM":10.0,"uncertaintyUnknown":false,"observationCount":1,"geographicOutlier":false}},{"type":"Feature","id":"64670cc85d243519","geometry":{"type":"Point","coordinates":[144.30723,-37.2955]},"properties":{"species":"Petauroides volans","eventDate":"2023-07-11","basisOfRecord":"OCCURRENCE","license":"CC-BY 4.0 (Int)","coordinateUncertaintyM":5.0,"uncertaintyUnknown":false,"observationCount":1,"geographicOutlier":false}},{"type":"Feature","id":"1476b457a0e625ca","geometry":{"type":"Point","coordinates":[144.30962,-37.29259]},"properties":{"species":"Petauroides volans","eventDate":"2023-07-11","basisOfRecord":"OCCURRENCE","license":"CC-BY 4.0 (Int)","coordinateUncertaintyM":5.0,"uncertaintyUnknown":false,"observationCount":1,"geographicOutlier":false}},{"type":"Feature","id":"6c86e319e9b19e51","geometry":{"type":"Point","coordinates":[144.30873,-37.29554]},"properties":{"species":"Petauroides volans","eventDate":"2023-07-11","basisOfRecord":"OCCURRENCE","license":"CC-BY 4.0 (Int)","coordinateUncertaintyM":5.0,"uncertaintyUnknown":false,"observationCount":1,"geographicOutlier":false}},{"type":"Feature","id":"128364f9d6d4eda4","geometry":{"type":"Point","coordinates":[150.577516,-34.799985]},"properties":{"species":"Petauroides volans","eventDate":"2023-07-09","basisOfRecord":"HUMAN_OBSERVATION","license":"CC-BY 4.0 (Int)","coordinateUncertaintyM":30.0,"uncertaintyUnknown":false,"observationCount":1,"geographicOutlier":false}},{"type":"Feature","id":"c570ed1ec247e217","geometry":{"type":"Point","coordinates":[144.29333,-37.31517]},"properties":{"species":"Petauroides volans","eventDate":"2023-07-05","basisOfRecord":"OCCURRENCE","license":"CC-BY 4.0 (Int)","coordinateUncertaintyM":5.0,"uncertaintyUnknown":false,"observationCount":1,"geographicOutlier":false}},{"type":"Feature","id":"f2f38bb6a4642832","geometry":{"type":"Point","coordinates":[144.23839,-37.46201]},"properties":{"species":"Petauroides volans","eventDate":"2023-07-05","basisOfRecord":"OCCURRENCE","license":"CC-BY 4.0 (Int)","coordinateUncertaintyM":5.0,"uncertaintyUnknown":false,"observationCount":1,"geographicOutlier":false}},{"type":"Feature","id":"0875f0375db07b93","geometry":{"type":"Point","coordinates":[144.23673,-37.46607]},"properties":{"species":"Petauroides volans","eventDate":"2023-07-05","basisOfRecord":"OCCURRENCE","license":"CC-BY 4.0 (Int)","coordinateUncertaintyM":5.0,"uncertaintyUnknown":false,"observationCount":1,"geographicOutlier":false}},{"type":"Feature","id":"49abc57c5419d373","geometry":{"type":"Point","coordinates":[144.30024,-37.32769]},"properties":{"species":"Petauroides volans","eventDate":"2023-07-03","basisOfRecord":"OCCURRENCE","license":"CC-BY 4.0 (Int)","coordinateUncertaintyM":5.0,"uncertaintyUnknown":false,"observationCount":1,"geographicOutlier":false}},{"type":"Feature","id":"12e79fb134aecadd","geometry":{"type":"Point","coordinates":[144.30038,-37.32774]},"properties":{"species":"Petauroides volans","eventDate":"2023-07-03","basisOfRecord":"OCCURRENCE","license":"CC-BY 4.0 (Int)","coordinateUncertaintyM":5.0,"uncertaintyUnknown":false,"observationCount":1,"geographicOutlier":false}},{"type":"Feature","id":"995d574c4e59f019","geometry":{"type":"Point","coordinates":[144.29919,-37.32493]},"properties":{"species":"Petauroides volans","eventDate":"2023-07-03","basisOfRecord":"OCCURRENCE","license":"CC-BY 4.0 (Int)","coordinateUncertaintyM":5.0,"uncertaintyUnknown":false,"observationCount":1,"geographicOutlier":false}},{"type":"Feature","id":"af6429f3bde94995","geometry":{"type":"Point","coordinates":[144.29983,-37.32714]},"properties":{"species":"Petauroides volans","eventDate":"2023-07-03","basisOfRecord":"OCCURRENCE","license":"CC-BY 4.0 (Int)","coordinateUncertaintyM":5.0,"uncertaintyUnknown":false,"observationCount":1,"geographicOutlier":false}},{"type":"Feature","id":"9bb9ca95a6e9ab8c","geometry":{"type":"Point","coordinates":[144.26103,-37.34457]},"properties":{"species":"Petauroides volans","eventDate":"2023-06-29","basisOfRecord":"OCCURRENCE","license":"CC-BY 4.0 (Int)","coordinateUncertaintyM":5.0,"uncertaintyUnknown":false,"observationCount":1,"geographicOutlier":false}},{"type":"Feature","id":"ff313b3be4789ee1","geometry":{"type":"Point","coordinates":[144.26014,-37.3412]},"properties":{"species":"Petauroides volans","eventDate":"2023-06-29","basisOfRecord":"OCCURRENCE","license":"CC-BY 4.0 (Int)","coordinateUncertaintyM":5.0,"uncertaintyUnknown":false,"observationCount":1,"geographicOutlier":false}},{"type":"Feature","id":"99a6444d731c8102","geometry":{"type":"Point","coordinates":[145.95658,-37.47071]},"properties":{"species":"Petauroides volans","eventDate":"2023-06-28","basisOfRecord":"OCCURRENCE","license":"CC-BY 4.0 (Int)","coordinateUncertaintyM":10.0,"uncertaintyUnknown":false,"observationCount":1,"geographicOutlier":false}},{"type":"Feature","id":"c5af83ee363321e4","geometry":{"type":"Point","coordinates":[145.95418,-37.47001]},"properties":{"species":"Petauroides volans","eventDate":"2023-06-28","basisOfRecord":"OCCURRENCE","license":"CC-BY 4.0 (Int)","coordinateUncertaintyM":10.0,"uncertaintyUnknown":false,"observationCount":1,"geographicOutlier":false}},{"type":"Feature","id":"c3a59dbc62f2c020","geometry":{"type":"Point","coordinates":[152.89053,-27.734921]},"properties":{"species":"Petauroides volans","eventDate":"2023-06-25","basisOfRecord":"HUMAN_OBSERVATION","license":"CC-BY 4.0 (Int)","coordinateUncertaintyM":null,"uncertaintyUnknown":true,"observationCount":1,"geographicOutlier":false}},{"type":"Feature","id":"57ae8d5e9bb7bbb8","geometry":{"type":"Point","coordinates":[146.4577,-38.0835]},"properties":{"species":"Petauroides volans","eventDate":"2023-06-22","basisOfRecord":"OBSERVATION","license":"CC-BY 4.0 (Int)","coordinateUncertaintyM":10.0,"uncertaintyUnknown":false,"observationCount":1,"geographicOutlier":false}},{"type":"Feature","id":"2e5166748951bd04","geometry":{"type":"Point","coordinates":[144.36886,-37.47703]},"properties":{"species":"Petauroides volans","eventDate":"2023-06-21","basisOfRecord":"OCCURRENCE","license":"CC-BY 4.0 (Int)","coordinateUncertaintyM":5.0,"uncertaintyUnknown":false,"observationCount":1,"geographicOutlier":false}},{"type":"Feature","id":"efd1f4a4fb126661","geometry":{"type":"Point","coordinates":[144.35544,-37.45471]},"properties":{"species":"Petauroides volans","eventDate":"2023-06-20","basisOfRecord":"OCCURRENCE","license":"CC-BY 4.0 (Int)","coordinateUncertaintyM":5.0,"uncertaintyUnknown":false,"observationCount":1,"geographicOutlier":false}},{"type":"Feature","id":"b54faa203fcc9f69","geometry":{"type":"Point","coordinates":[144.35513,-37.45396]},"properties":{"species":"Petauroides volans","eventDate":"2023-06-20","basisOfRecord":"OCCURRENCE","license":"CC-BY 4.0 (Int)","coordinateUncertaintyM":5.0,"uncertaintyUnknown":false,"observationCount":1,"geographicOutlier":false}},{"type":"Feature","id":"af5416f66db4432c","geometry":{"type":"Point","coordinates":[146.00015,-37.76559]},"properties":{"species":"Petauroides volans","eventDate":"2023-06-20","basisOfRecord":"OCCURRENCE","license":"CC-BY 4.0 (Int)","coordinateUncertaintyM":10.0,"uncertaintyUnknown":false,"observationCount":1,"geographicOutlier":false}},{"type":"Feature","id":"9dc36a71e985f017","geometry":{"type":"Point","coordinates":[145.91979,-37.86088]},"properties":{"species":"Petauroides volans","eventDate":"2023-06-20","basisOfRecord":"OCCURRENCE","license":"CC-BY 4.0 (Int)","coordinateUncertaintyM":10.0,"uncertaintyUnknown":false,"observationCount":1,"geographicOutlier":false}},{"type":"Feature","id":"10a40badfb7023d6","geometry":{"type":"Point","coordinates":[146.00301,-37.76859]},"properties":{"species":"Petauroides volans","eventDate":"2023-06-20","basisOfRecord":"OCCURRENCE","license":"CC-BY 4.0 (Int)","coordinateUncertaintyM":10.0,"uncertaintyUnknown":false,"observationCount":1,"geographicOutlier":false}},{"type":"Feature","id":"4b97647bff47c49e","geometry":{"type":"Point","coordinates":[145.38429,-37.48165]},"properties":{"species":"Petauroides volans","eventDate":"2023-06-17","basisOfRecord":"OBSERVATION","license":"CC-BY 4.0 (Int)","coordinateUncertaintyM":10.0,"uncertaintyUnknown":false,"observationCount":1,"geographicOutlier":false}},{"type":"Feature","id":"f341739c8a1361e5","geometry":{"type":"Point","coordinates":[144.16983,-37.45163]},"properties":{"species":"Petauroides volans","eventDate":"2023-06-15","basisOfRecord":"OCCURRENCE","license":"CC-BY 4.0 (Int)","coordinateUncertaintyM":5.0,"uncertaintyUnknown":false,"observationCount":1,"geographicOutlier":false}},{"type":"Feature","id":"cbab695fd97ee0ef","geometry":{"type":"Point","coordinates":[144.17505,-37.46987]},"properties":{"species":"Petauroides volans","eventDate":"2023-06-15","basisOfRecord":"OCCURRENCE","license":"CC-BY 4.0 (Int)","coordinateUncertaintyM":5.0,"uncertaintyUnknown":false,"observationCount":1,"geographicOutlier":false}},{"type":"Feature","id":"5f053a65d1a14950","geometry":{"type":"Point","coordinates":[148.269505,-35.393243]},"properties":{"species":"Petauroides volans","eventDate":"2023-06-15","basisOfRecord":"HUMAN_OBSERVATION","license":"CC-BY 4.0 (Int)","coordinateUncertaintyM":5.0,"uncertaintyUnknown":false,"observationCount":1,"geographicOutlier":false}},{"type":"Feature","id":"0e0f49df566b2800","geometry":{"type":"Point","coordinates":[152.65788,-30.210236]},"properties":{"species":"Petauroides volans","eventDate":"2023-06-12","basisOfRecord":"HUMAN_OBSERVATION","license":"CC-BY 4.0 (Int)","coordinateUncertaintyM":5.0,"uncertaintyUnknown":false,"observationCount":1,"geographicOutlier":false}},{"type":"Feature","id":"7eace76d84b6f881","geometry":{"type":"Point","coordinates":[145.48179,-37.48804]},"properties":{"species":"Petauroides volans","eventDate":"2023-06-09","basisOfRecord":"OCCURRENCE","license":"CC-BY 4.0 (Int)","coordinateUncertaintyM":10.0,"uncertaintyUnknown":false,"observationCount":1,"geographicOutlier":false}},{"type":"Feature","id":"70a2d45d033cb21f","geometry":{"type":"Point","coordinates":[145.48053,-37.48317]},"properties":{"species":"Petauroides volans","eventDate":"2023-06-09","basisOfRecord":"OCCURRENCE","license":"CC-BY 4.0 (Int)","coordinateUncertaintyM":10.0,"uncertaintyUnknown":false,"observationCount":1,"geographicOutlier":false}},{"type":"Feature","id":"dee20ef6c2422539","geometry":{"type":"Point","coordinates":[147.4522,-37.65318]},"properties":{"species":"Petauroides volans","eventDate":"2023-06-06","basisOfRecord":"OBSERVATION","license":"CC-BY 4.0 (Int)","coordinateUncertaintyM":10.0,"uncertaintyUnknown":false,"observationCount":1,"geographicOutlier":false}},{"type":"Feature","id":"9331ef8b41f6434d","geometry":{"type":"Point","coordinates":[147.4597,-37.66069]},"properties":{"species":"Petauroides volans","eventDate":"2023-06-06","basisOfRecord":"OBSERVATION","license":"CC-BY 4.0 (Int)","coordinateUncertaintyM":10.0,"uncertaintyUnknown":false,"observationCount":1,"geographicOutlier":false}},{"type":"Feature","id":"f43e8d894f728589","geometry":{"type":"Point","coordinates":[145.94163,-37.80925]},"properties":{"species":"Petauroides volans","eventDate":"2023-06-05","basisOfRecord":"OCCURRENCE","license":"CC-BY 4.0 (Int)","coordinateUncertaintyM":10.0,"uncertaintyUnknown":false,"observationCount":1,"geographicOutlier":false}},{"type":"Feature","id":"90187036b9b264b6","geometry":{"type":"Point","coordinates":[145.94579,-37.81018]},"properties":{"species":"Petauroides volans","eventDate":"2023-06-05","basisOfRecord":"OCCURRENCE","license":"CC-BY 4.0 (Int)","coordinateUncertaintyM":10.0,"uncertaintyUnknown":false,"observationCount":1,"geographicOutlier":false}},{"type":"Feature","id":"effa4f91a0ef80d8","geometry":{"type":"Point","coordinates":[145.94366,-37.80915]},"properties":{"species":"Petauroides volans","eventDate":"2023-06-05","basisOfRecord":"OCCURRENCE","license":"CC-BY 4.0 (Int)","coordinateUncertaintyM":10.0,"uncertaintyUnknown":false,"observationCount":1,"geographicOutlier":false}},{"type":"Feature","id":"cddc50988e565581","geometry":{"type":"Point","coordinates":[144.34149,-37.46134]},"properties":{"species":"Petauroides volans","eventDate":"2023-06-02","basisOfRecord":"OCCURRENCE","license":"CC-BY 4.0 (Int)","coordinateUncertaintyM":5.0,"uncertaintyUnknown":false,"observationCount":1,"geographicOutlier":false}},{"type":"Feature","id":"4256591c56c14f63","geometry":{"type":"Point","coordinates":[144.26352,-37.37621]},"properties":{"species":"Petauroides volans","eventDate":"2023-06-02","basisOfRecord":"OCCURRENCE","license":"CC-BY 4.0 (Int)","coordinateUncertaintyM":5.0,"uncertaintyUnknown":false,"observationCount":1,"geographicOutlier":false}},{"type":"Feature","id":"3dbb104b603f24fb","geometry":{"type":"Point","coordinates":[144.34204,-37.46243]},"properties":{"species":"Petauroides volans","eventDate":"2023-06-02","basisOfRecord":"OCCURRENCE","license":"CC-BY 4.0 (Int)","coordinateUncertaintyM":5.0,"uncertaintyUnknown":false,"observationCount":1,"geographicOutlier":false}},{"type":"Feature","id":"d76ff0bb63d7a9e0","geometry":{"type":"Point","coordinates":[144.26427,-37.3723]},"properties":{"species":"Petauroides volans","eventDate":"2023-06-02","basisOfRecord":"OCCURRENCE","license":"CC-BY 4.0 (Int)","coordinateUncertaintyM":5.0,"uncertaintyUnknown":false,"observationCount":1,"geographicOutlier":false}},{"type":"Feature","id":"f8a7eeb24acfe3f5","geometry":{"type":"Point","coordinates":[145.9351,-37.5038]},"properties":{"species":"Petauroides volans","eventDate":"2023-06-01","basisOfRecord":"OCCURRENCE","license":"CC-BY 4.0 (Int)","coordinateUncertaintyM":10.0,"uncertaintyUnknown":false,"observationCount":1,"geographicOutlier":false}},{"type":"Feature","id":"7eb07e8f7dc14d86","geometry":{"type":"Point","coordinates":[150.352536,-34.387139]},"properties":{"species":"Petauroides volans","eventDate":"2023-06-01","basisOfRecord":"HUMAN_OBSERVATION","license":"CC-BY 4.0 (Int)","coordinateUncertaintyM":10.0,"uncertaintyUnknown":false,"observationCount":1,"geographicOutlier":false}},{"type":"Feature","id":"8579c9b3633b940e","geometry":{"type":"Point","coordinates":[152.172576,-31.572888]},"properties":{"species":"Petauroides volans","eventDate":"2023-05-30","basisOfRecord":"HUMAN_OBSERVATION","license":"CC-BY 4.0 (Int)","coordinateUncertaintyM":20.0,"uncertaintyUnknown":false,"observationCount":1,"geographicOutlier":false}},{"type":"Feature","id":"05c0c43fb7537a21","geometry":{"type":"Point","coordinates":[152.172837,-31.617305]},"properties":{"species":"Petauroides volans","eventDate":"2023-05-30","basisOfRecord":"HUMAN_OBSERVATION","license":"CC-BY 4.0 (Int)","coordinateUncertaintyM":20.0,"uncertaintyUnknown":false,"observationCount":1,"geographicOutlier":false}},{"type":"Feature","id":"f4c2f9982d9b7bef","geometry":{"type":"Point","coordinates":[146.84472,-38.43389]},"properties":{"species":"Petauroides volans","eventDate":"2023-05-30","basisOfRecord":"OCCURRENCE","license":"CC-BY 4.0 (Int)","coordinateUncertaintyM":20.0,"uncertaintyUnknown":false,"observationCount":1,"geographicOutlier":false}},{"type":"Feature","id":"fc96441362a84a2d","geometry":{"type":"Point","coordinates":[146.89472,-38.45917]},"properties":{"species":"Petauroides volans","eventDate":"2023-05-30","basisOfRecord":"OCCURRENCE","license":"CC-BY 4.0 (Int)","coordinateUncertaintyM":20.0,"uncertaintyUnknown":false,"observationCount":1,"geographicOutlier":false}},{"type":"Feature","id":"acb8fd67e1dfac80","geometry":{"type":"Point","coordinates":[152.188914,-31.580869]},"properties":{"species":"Petauroides volans","eventDate":"2023-05-30","basisOfRecord":"HUMAN_OBSERVATION","license":"CC-BY 4.0 (Int)","coordinateUncertaintyM":20.0,"uncertaintyUnknown":false,"observationCount":1,"geographicOutlier":false}},{"type":"Feature","id":"b12a8e6ead7fdc2c","geometry":{"type":"Point","coordinates":[145.50639,-37.43159]},"properties":{"species":"Petauroides volans","eventDate":"2023-05-29","basisOfRecord":"OCCURRENCE","license":"CC-BY 4.0 (Int)","coordinateUncertaintyM":10.0,"uncertaintyUnknown":false,"observationCount":1,"geographicOutlier":false}},{"type":"Feature","id":"b401d31e022f062a","geometry":{"type":"Point","coordinates":[152.173456,-31.584144]},"properties":{"species":"Petauroides volans","eventDate":"2023-05-29","basisOfRecord":"HUMAN_OBSERVATION","license":"CC-BY 4.0 (Int)","coordinateUncertaintyM":20.0,"uncertaintyUnknown":false,"observationCount":1,"geographicOutlier":false}},{"type":"Feature","id":"c456cd31c1f3ed9a","geometry":{"type":"Point","coordinates":[145.47642,-37.47021]},"properties":{"species":"Petauroides volans","eventDate":"2023-05-29","basisOfRecord":"OCCURRENCE","license":"CC-BY 4.0 (Int)","coordinateUncertaintyM":10.0,"uncertaintyUnknown":false,"observationCount":1,"geographicOutlier":false}},{"type":"Feature","id":"6eba8de14e9817ac","geometry":{"type":"Point","coordinates":[145.51119,-37.43448]},"properties":{"species":"Petauroides volans","eventDate":"2023-05-29","basisOfRecord":"OCCURRENCE","license":"CC-BY 4.0 (Int)","coordinateUncertaintyM":10.0,"uncertaintyUnknown":false,"observationCount":1,"geographicOutlier":false}},{"type":"Feature","id":"5c067af5b75f6a00","geometry":{"type":"Point","coordinates":[145.6428,-37.37655]},"properties":{"species":"Petauroides volans","eventDate":"2023-05-24","basisOfRecord":"OBSERVATION","license":"CC-BY 4.0 (Int)","coordinateUncertaintyM":10.0,"uncertaintyUnknown":false,"observationCount":1,"geographicOutlier":false}},{"type":"Feature","id":"9e226b9bbea54209","geometry":{"type":"Point","coordinates":[146.17202,-37.66461]},"properties":{"species":"Petauroides volans","eventDate":"2023-05-23","basisOfRecord":"OCCURRENCE","license":"CC-BY 4.0 (Int)","coordinateUncertaintyM":10.0,"uncertaintyUnknown":false,"observationCount":1,"geographicOutlier":false}},{"type":"Feature","id":"68270c78682dfea5","geometry":{"type":"Point","coordinates":[146.09451,-37.89853]},"properties":{"species":"Petauroides volans","eventDate":"2023-05-23","basisOfRecord":"OCCURRENCE","license":"CC-BY 4.0 (Int)","coordinateUncertaintyM":10.0,"uncertaintyUnknown":false,"observationCount":1,"geographicOutlier":false}},{"type":"Feature","id":"ce32c151274362eb","geometry":{"type":"Point","coordinates":[146.17084,-37.67017]},"properties":{"species":"Petauroides volans","eventDate":"2023-05-23","basisOfRecord":"OCCURRENCE","license":"CC-BY 4.0 (Int)","coordinateUncertaintyM":10.0,"uncertaintyUnknown":false,"observationCount":1,"geographicOutlier":false}},{"type":"Feature","id":"5e433e8e5e077f69","geometry":{"type":"Point","coordinates":[145.63833,-37.37775]},"properties":{"species":"Petauroides volans","eventDate":"2023-05-23","basisOfRecord":"OBSERVATION","license":"CC-BY 4.0 (Int)","coordinateUncertaintyM":10.0,"uncertaintyUnknown":false,"observationCount":1,"geographicOutlier":false}},{"type":"Feature","id":"bfb73321ea8b5e7d","geometry":{"type":"Point","coordinates":[145.64219,-37.37639]},"properties":{"species":"Petauroides volans","eventDate":"2023-05-23","basisOfRecord":"OBSERVATION","license":"CC-BY 4.0 (Int)","coordinateUncertaintyM":10.0,"uncertaintyUnknown":false,"observationCount":1,"geographicOutlier":false}},{"type":"Feature","id":"936dce17457800f6","geometry":{"type":"Point","coordinates":[145.96695,-37.8105]},"properties":{"species":"Petauroides volans","eventDate":"2023-05-22","basisOfRecord":"OCCURRENCE","license":"CC-BY 4.0 (Int)","coordinateUncertaintyM":10.0,"uncertaintyUnknown":false,"observationCount":1,"geographicOutlier":false}},{"type":"Feature","id":"c3292520dac58a94","geometry":{"type":"Point","coordinates":[146.01451,-37.63303]},"properties":{"species":"Petauroides volans","eventDate":"2023-05-22","basisOfRecord":"OCCURRENCE","license":"CC-BY 4.0 (Int)","coordinateUncertaintyM":10.0,"uncertaintyUnknown":false,"observationCount":1,"geographicOutlier":false}},{"type":"Feature","id":"b7c414d55f70b055","geometry":{"type":"Point","coordinates":[145.58876,-37.2592]},"properties":{"species":"Petauroides volans","eventDate":"2023-05-22","basisOfRecord":"OBSERVATION","license":"CC-BY 4.0 (Int)","coordinateUncertaintyM":10.0,"uncertaintyUnknown":false,"observationCount":1,"geographicOutlier":false}},{"type":"Feature","id":"d58a9762a057f73b","geometry":{"type":"Point","coordinates":[146.01445,-37.63303]},"properties":{"species":"Petauroides volans","eventDate":"2023-05-22","basisOfRecord":"OCCURRENCE","license":"CC-BY 4.0 (Int)","coordinateUncertaintyM":10.0,"uncertaintyUnknown":false,"observationCount":1,"geographicOutlier":false}},{"type":"Feature","id":"c943afa0a53f4ebb","geometry":{"type":"Point","coordinates":[150.036996,-31.763445]},"properties":{"species":"Petauroides volans","eventDate":"2023-05-19","basisOfRecord":"HUMAN_OBSERVATION","license":"CC-BY 4.0 (Int)","coordinateUncertaintyM":20.0,"uncertaintyUnknown":false,"observationCount":1,"geographicOutlier":false}},{"type":"Feature","id":"1145555af76601b7","geometry":{"type":"Point","coordinates":[150.038044,-31.76264]},"properties":{"species":"Petauroides volans","eventDate":"2023-05-19","basisOfRecord":"HUMAN_OBSERVATION","license":"CC-BY 4.0 (Int)","coordinateUncertaintyM":20.0,"uncertaintyUnknown":false,"observationCount":1,"geographicOutlier":false}},{"type":"Feature","id":"f05eacf524d6ea8b","geometry":{"type":"Point","coordinates":[150.025746,-31.773459]},"properties":{"species":"Petauroides volans","eventDate":"2023-05-18","basisOfRecord":"HUMAN_OBSERVATION","license":"CC-BY 4.0 (Int)","coordinateUncertaintyM":20.0,"uncertaintyUnknown":false,"observationCount":1,"geographicOutlier":false}},{"type":"Feature","id":"8ecfefcc5fd41326","geometry":{"type":"Point","coordinates":[145.46847,-37.48712]},"properties":{"species":"Petauroides volans","eventDate":"2023-05-18","basisOfRecord":"OCCURRENCE","license":"CC-BY 4.0 (Int)","coordinateUncertaintyM":15.0,"uncertaintyUnknown":false,"observationCount":1,"geographicOutlier":false}},{"type":"Feature","id":"332ed6e26e28f2c0","geometry":{"type":"Point","coordinates":[150.01821,-31.732046]},"properties":{"species":"Petauroides volans","eventDate":"2023-05-18","basisOfRecord":"HUMAN_OBSERVATION","license":"CC-BY 4.0 (Int)","coordinateUncertaintyM":20.0,"uncertaintyUnknown":false,"observationCount":1,"geographicOutlier":false}},{"type":"Feature","id":"32764a4911eddeba","geometry":{"type":"Point","coordinates":[146.35678,-37.94376]},"properties":{"species":"Petauroides volans","eventDate":"2023-05-18","basisOfRecord":"OCCURRENCE","license":"CC-BY 4.0 (Int)","coordinateUncertaintyM":10.0,"uncertaintyUnknown":false,"observationCount":1,"geographicOutlier":false}},{"type":"Feature","id":"c1fd1058377cca4c","geometry":{"type":"Point","coordinates":[150.017107,-31.731857]},"properties":{"species":"Petauroides volans","eventDate":"2023-05-18","basisOfRecord":"HUMAN_OBSERVATION","license":"CC-BY 4.0 (Int)","coordinateUncertaintyM":20.0,"uncertaintyUnknown":false,"observationCount":1,"geographicOutlier":false}},{"type":"Feature","id":"08f1101e5a8e3fb1","geometry":{"type":"Point","coordinates":[150.026211,-31.771772]},"properties":{"species":"Petauroides volans","eventDate":"2023-05-18","basisOfRecord":"HUMAN_OBSERVATION","license":"CC-BY 4.0 (Int)","coordinateUncertaintyM":20.0,"uncertaintyUnknown":false,"observationCount":1,"geographicOutlier":false}},{"type":"Feature","id":"66bcadf2cf513260","geometry":{"type":"Point","coordinates":[150.029542,-31.776095]},"properties":{"species":"Petauroides volans","eventDate":"2023-05-18","basisOfRecord":"HUMAN_OBSERVATION","license":"CC-BY 4.0 (Int)","coordinateUncertaintyM":20.0,"uncertaintyUnknown":false,"observationCount":1,"geographicOutlier":false}},{"type":"Feature","id":"dca7f0f25b03c54e","geometry":{"type":"Point","coordinates":[150.024653,-31.773046]},"properties":{"species":"Petauroides volans","eventDate":"2023-05-18","basisOfRecord":"HUMAN_OBSERVATION","license":"CC-BY 4.0 (Int)","coordinateUncertaintyM":20.0,"uncertaintyUnknown":false,"observationCount":1,"geographicOutlier":false}},{"type":"Feature","id":"a756a8be0897d1be","geometry":{"type":"Point","coordinates":[150.018423,-31.727141]},"properties":{"species":"Petauroides volans","eventDate":"2023-05-18","basisOfRecord":"HUMAN_OBSERVATION","license":"CC-BY 4.0 (Int)","coordinateUncertaintyM":20.0,"uncertaintyUnknown":false,"observationCount":1,"geographicOutlier":false}},{"type":"Feature","id":"7669855fd9d11ab5","geometry":{"type":"Point","coordinates":[150.029287,-31.773605]},"properties":{"species":"Petauroides volans","eventDate":"2023-05-18","basisOfRecord":"HUMAN_OBSERVATION","license":"CC-BY 4.0 (Int)","coordinateUncertaintyM":20.0,"uncertaintyUnknown":false,"observationCount":1,"geographicOutlier":false}},{"type":"Feature","id":"236fe6cb9a671981","geometry":{"type":"Point","coordinates":[150.024271,-31.77737]},"properties":{"species":"Petauroides volans","eventDate":"2023-05-18","basisOfRecord":"HUMAN_OBSERVATION","license":"CC-BY 4.0 (Int)","coordinateUncertaintyM":20.0,"uncertaintyUnknown":false,"observationCount":1,"geographicOutlier":false}},{"type":"Feature","id":"e393e2143353fb20","geometry":{"type":"Point","coordinates":[145.46843,-37.48718]},"properties":{"species":"Petauroides volans","eventDate":"2023-05-18","basisOfRecord":"OCCURRENCE","license":"CC-BY 4.0 (Int)","coordinateUncertaintyM":15.0,"uncertaintyUnknown":false,"observationCount":2,"geographicOutlier":false}},{"type":"Feature","id":"53dbc47e57acffc8","geometry":{"type":"Point","coordinates":[150.017425,-31.730663]},"properties":{"species":"Petauroides volans","eventDate":"2023-05-18","basisOfRecord":"HUMAN_OBSERVATION","license":"CC-BY 4.0 (Int)","coordinateUncertaintyM":20.0,"uncertaintyUnknown":false,"observationCount":1,"geographicOutlier":false}},{"type":"Feature","id":"dac59870ac888a4e","geometry":{"type":"Point","coordinates":[150.016352,-31.72754]},"properties":{"species":"Petauroides volans","eventDate":"2023-05-18","basisOfRecord":"HUMAN_OBSERVATION","license":"CC-BY 4.0 (Int)","coordinateUncertaintyM":20.0,"uncertaintyUnknown":false,"observationCount":1,"geographicOutlier":false}},{"type":"Feature","id":"5fb4d40af4e29a00","geometry":{"type":"Point","coordinates":[150.027312,-31.776407]},"properties":{"species":"Petauroides volans","eventDate":"2023-05-18","basisOfRecord":"HUMAN_OBSERVATION","license":"CC-BY 4.0 (Int)","coordinateUncertaintyM":20.0,"uncertaintyUnknown":false,"observationCount":1,"geographicOutlier":false}},{"type":"Feature","id":"f24dd719dc1f7558","geometry":{"type":"Point","coordinates":[150.025771,-31.773544]},"properties":{"species":"Petauroides volans","eventDate":"2023-05-18","basisOfRecord":"HUMAN_OBSERVATION","license":"CC-BY 4.0 (Int)","coordinateUncertaintyM":20.0,"uncertaintyUnknown":false,"observationCount":1,"geographicOutlier":false}},{"type":"Feature","id":"3056969401899259","geometry":{"type":"Point","coordinates":[150.006071,-31.76521]},"properties":{"species":"Petauroides volans","eventDate":"2023-05-18","basisOfRecord":"HUMAN_OBSERVATION","license":"CC-BY 4.0 (Int)","coordinateUncertaintyM":20.0,"uncertaintyUnknown":false,"observationCount":1,"geographicOutlier":false}},{"type":"Feature","id":"01cc0b9978018131","geometry":{"type":"Point","coordinates":[150.011351,-31.761736]},"properties":{"species":"Petauroides volans","eventDate":"2023-05-18","basisOfRecord":"HUMAN_OBSERVATION","license":"CC-BY 4.0 (Int)","coordinateUncertaintyM":20.0,"uncertaintyUnknown":false,"observationCount":1,"geographicOutlier":false}},{"type":"Feature","id":"e36039c2828d9762","geometry":{"type":"Point","coordinates":[150.007538,-31.713482]},"properties":{"species":"Petauroides volans","eventDate":"2023-05-17","basisOfRecord":"HUMAN_OBSERVATION","license":"CC-BY 4.0 (Int)","coordinateUncertaintyM":20.0,"uncertaintyUnknown":false,"observationCount":1,"geographicOutlier":false}},{"type":"Feature","id":"b5db2b94ece1a94c","geometry":{"type":"Point","coordinates":[150.009535,-31.744328]},"properties":{"species":"Petauroides volans","eventDate":"2023-05-17","basisOfRecord":"HUMAN_OBSERVATION","license":"CC-BY 4.0 (Int)","coordinateUncertaintyM":20.0,"uncertaintyUnknown":false,"observationCount":1,"geographicOutlier":false}},{"type":"Feature","id":"84b094f48c5b7da7","geometry":{"type":"Point","coordinates":[149.98989,-31.74266]},"properties":{"species":"Petauroides volans","eventDate":"2023-05-17","basisOfRecord":"HUMAN_OBSERVATION","license":"CC-BY 4.0 (Int)","coordinateUncertaintyM":20.0,"uncertaintyUnknown":false,"observationCount":1,"geographicOutlier":false}},{"type":"Feature","id":"d77b519a6b76cdfc","geometry":{"type":"Point","coordinates":[150.009108,-31.74438]},"properties":{"species":"Petauroides volans","eventDate":"2023-05-17","basisOfRecord":"HUMAN_OBSERVATION","license":"CC-BY 4.0 (Int)","coordinateUncertaintyM":20.0,"uncertaintyUnknown":false,"observationCount":1,"geographicOutlier":false}},{"type":"Feature","id":"9bb9fd8700b2ca96","geometry":{"type":"Point","coordinates":[150.004667,-31.709368]},"properties":{"species":"Petauroides volans","eventDate":"2023-05-17","basisOfRecord":"HUMAN_OBSERVATION","license":"CC-BY 4.0 (Int)","coordinateUncertaintyM":20.0,"uncertaintyUnknown":false,"observationCount":1,"geographicOutlier":false}},{"type":"Feature","id":"51f7f151696bb676","geometry":{"type":"Point","coordinates":[150.014287,-31.741534]},"properties":{"species":"Petauroides volans","eventDate":"2023-05-17","basisOfRecord":"HUMAN_OBSERVATION","license":"CC-BY 4.0 (Int)","coordinateUncertaintyM":20.0,"uncertaintyUnknown":false,"observationCount":1,"geographicOutlier":false}},{"type":"Feature","id":"92fbc206686d4cb0","geometry":{"type":"Point","coordinates":[150.014844,-31.744319]},"properties":{"species":"Petauroides volans","eventDate":"2023-05-17","basisOfRecord":"HUMAN_OBSERVATION","license":"CC-BY 4.0 (Int)","coordinateUncertaintyM":20.0,"uncertaintyUnknown":false,"observationCount":1,"geographicOutlier":false}},{"type":"Feature","id":"eb213ebee53b22f6","geometry":{"type":"Point","coordinates":[144.24428,-37.37737]},"properties":{"species":"Petauroides volans","eventDate":"2023-05-17","basisOfRecord":"OCCURRENCE","license":"CC-BY 4.0 (Int)","coordinateUncertaintyM":10.0,"uncertaintyUnknown":false,"observationCount":1,"geographicOutlier":false}},{"type":"Feature","id":"d4195654685c3aad","geometry":{"type":"Point","coordinates":[150.010529,-31.712297]},"properties":{"species":"Petauroides volans","eventDate":"2023-05-17","basisOfRecord":"HUMAN_OBSERVATION","license":"CC-BY 4.0 (Int)","coordinateUncertaintyM":20.0,"uncertaintyUnknown":false,"observationCount":1,"geographicOutlier":false}},{"type":"Feature","id":"b99dbec48b931f89","geometry":{"type":"Point","coordinates":[150.005572,-31.709993]},"properties":{"species":"Petauroides volans","eventDate":"2023-05-17","basisOfRecord":"HUMAN_OBSERVATION","license":"CC-BY 4.0 (Int)","coordinateUncertaintyM":20.0,"uncertaintyUnknown":false,"observationCount":1,"geographicOutlier":false}},{"type":"Feature","id":"372e61b9d4a6dfe9","geometry":{"type":"Point","coordinates":[150.007331,-31.712308]},"properties":{"species":"Petauroides volans","eventDate":"2023-05-17","basisOfRecord":"HUMAN_OBSERVATION","license":"CC-BY 4.0 (Int)","coordinateUncertaintyM":20.0,"uncertaintyUnknown":false,"observationCount":1,"geographicOutlier":false}},{"type":"Feature","id":"0589bce024d384bd","geometry":{"type":"Point","coordinates":[149.99089,-31.74876]},"properties":{"species":"Petauroides volans","eventDate":"2023-05-17","basisOfRecord":"HUMAN_OBSERVATION","license":"CC-BY 4.0 (Int)","coordinateUncertaintyM":20.0,"uncertaintyUnknown":false,"observationCount":1,"geographicOutlier":false}},{"type":"Feature","id":"9f032eb1d8674897","geometry":{"type":"Point","coordinates":[150.057301,-31.753432]},"properties":{"species":"Petauroides volans","eventDate":"2023-05-17","basisOfRecord":"HUMAN_OBSERVATION","license":"CC-BY 4.0 (Int)","coordinateUncertaintyM":20.0,"uncertaintyUnknown":false,"observationCount":1,"geographicOutlier":false}},{"type":"Feature","id":"2bb9c5677269ef71","geometry":{"type":"Point","coordinates":[150.01222,-31.744401]},"properties":{"species":"Petauroides volans","eventDate":"2023-05-17","basisOfRecord":"HUMAN_OBSERVATION","license":"CC-BY 4.0 (Int)","coordinateUncertaintyM":20.0,"uncertaintyUnknown":false,"observationCount":1,"geographicOutlier":false}},{"type":"Feature","id":"454237c3d071fa64","geometry":{"type":"Point","coordinates":[150.006007,-31.710825]},"properties":{"species":"Petauroides volans","eventDate":"2023-05-17","basisOfRecord":"HUMAN_OBSERVATION","license":"CC-BY 4.0 (Int)","coordinateUncertaintyM":20.0,"uncertaintyUnknown":false,"observationCount":1,"geographicOutlier":false}},{"type":"Feature","id":"e49f77d4e6cd1ba7","geometry":{"type":"Point","coordinates":[150.008554,-31.740418]},"properties":{"species":"Petauroides volans","eventDate":"2023-05-17","basisOfRecord":"HUMAN_OBSERVATION","license":"CC-BY 4.0 (Int)","coordinateUncertaintyM":20.0,"uncertaintyUnknown":false,"observationCount":1,"geographicOutlier":false}},{"type":"Feature","id":"f8c5bb8c4f3cb239","geometry":{"type":"Point","coordinates":[150.010468,-31.711944]},"properties":{"species":"Petauroides volans","eventDate":"2023-05-17","basisOfRecord":"HUMAN_OBSERVATION","license":"CC-BY 4.0 (Int)","coordinateUncertaintyM":20.0,"uncertaintyUnknown":false,"observationCount":1,"geographicOutlier":false}},{"type":"Feature","id":"8b9fe2d3b8968ece","geometry":{"type":"Point","coordinates":[150.054433,-31.748915]},"properties":{"species":"Petauroides volans","eventDate":"2023-05-17","basisOfRecord":"HUMAN_OBSERVATION","license":"CC-BY 4.0 (Int)","coordinateUncertaintyM":20.0,"uncertaintyUnknown":false,"observationCount":1,"geographicOutlier":false}},{"type":"Feature","id":"7bb33834c24cbc9e","geometry":{"type":"Point","coordinates":[150.006998,-31.710412]},"properties":{"species":"Petauroides volans","eventDate":"2023-05-17","basisOfRecord":"HUMAN_OBSERVATION","license":"CC-BY 4.0 (Int)","coordinateUncertaintyM":20.0,"uncertaintyUnknown":false,"observationCount":1,"geographicOutlier":false}},{"type":"Feature","id":"0dc144a088347315","geometry":{"type":"Point","coordinates":[149.98809,-31.74288]},"properties":{"species":"Petauroides volans","eventDate":"2023-05-17","basisOfRecord":"HUMAN_OBSERVATION","license":"CC-BY 4.0 (Int)","coordinateUncertaintyM":20.0,"uncertaintyUnknown":false,"observationCount":1,"geographicOutlier":false}},{"type":"Feature","id":"c23ff932309de757","geometry":{"type":"Point","coordinates":[149.98507,-31.74905]},"properties":{"species":"Petauroides volans","eventDate":"2023-05-17","basisOfRecord":"HUMAN_OBSERVATION","license":"CC-BY 4.0 (Int)","coordinateUncertaintyM":20.0,"uncertaintyUnknown":false,"observationCount":1,"geographicOutlier":false}},{"type":"Feature","id":"e829b782ecbba5b5","geometry":{"type":"Point","coordinates":[150.053961,-31.752647]},"properties":{"species":"Petauroides volans","eventDate":"2023-05-17","basisOfRecord":"HUMAN_OBSERVATION","license":"CC-BY 4.0 (Int)","coordinateUncertaintyM":20.0,"uncertaintyUnknown":false,"observationCount":1,"geographicOutlier":false}},{"type":"Feature","id":"761e3d824b462725","geometry":{"type":"Point","coordinates":[150.054321,-31.751652]},"properties":{"species":"Petauroides volans","eventDate":"2023-05-17","basisOfRecord":"HUMAN_OBSERVATION","license":"CC-BY 4.0 (Int)","coordinateUncertaintyM":20.0,"uncertaintyUnknown":false,"observationCount":1,"geographicOutlier":false}},{"type":"Feature","id":"30462d1757fd9f5b","geometry":{"type":"Point","coordinates":[150.051749,-31.752613]},"properties":{"species":"Petauroides volans","eventDate":"2023-05-17","basisOfRecord":"HUMAN_OBSERVATION","license":"CC-BY 4.0 (Int)","coordinateUncertaintyM":20.0,"uncertaintyUnknown":false,"observationCount":1,"geographicOutlier":false}},{"type":"Feature","id":"9bcd653a939b3156","geometry":{"type":"Point","coordinates":[149.98884,-31.74921]},"properties":{"species":"Petauroides volans","eventDate":"2023-05-17","basisOfRecord":"HUMAN_OBSERVATION","license":"CC-BY 4.0 (Int)","coordinateUncertaintyM":20.0,"uncertaintyUnknown":false,"observationCount":1,"geographicOutlier":false}},{"type":"Feature","id":"7899aec66d4efc56","geometry":{"type":"Point","coordinates":[150.010225,-31.74521]},"properties":{"species":"Petauroides volans","eventDate":"2023-05-17","basisOfRecord":"HUMAN_OBSERVATION","license":"CC-BY 4.0 (Int)","coordinateUncertaintyM":20.0,"uncertaintyUnknown":false,"observationCount":1,"geographicOutlier":false}},{"type":"Feature","id":"8f6b68e04aa94596","geometry":{"type":"Point","coordinates":[149.99253,-31.74892]},"properties":{"species":"Petauroides volans","eventDate":"2023-05-17","basisOfRecord":"HUMAN_OBSERVATION","license":"CC-BY 4.0 (Int)","coordinateUncertaintyM":20.0,"uncertaintyUnknown":false,"observationCount":1,"geographicOutlier":false}},{"type":"Feature","id":"a36083dace737df5","geometry":{"type":"Point","coordinates":[145.56752,-37.49923]},"properties":{"species":"Petauroides volans","eventDate":"2023-05-16","basisOfRecord":"OBSERVATION","license":"CC-BY 4.0 (Int)","coordinateUncertaintyM":10.0,"uncertaintyUnknown":false,"observationCount":1,"geographicOutlier":false}},{"type":"Feature","id":"00f8889c876bdb2a","geometry":{"type":"Point","coordinates":[146.04849,-37.99864]},"properties":{"species":"Petauroides volans","eventDate":"2023-05-16","basisOfRecord":"OCCURRENCE","license":"CC-BY 4.0 (Int)","coordinateUncertaintyM":10.0,"uncertaintyUnknown":false,"observationCount":1,"geographicOutlier":false}},{"type":"Feature","id":"1267f0377b091be1","geometry":{"type":"Point","coordinates":[150.044904,-31.70815]},"properties":{"species":"Petauroides volans","eventDate":"2023-05-16","basisOfRecord":"HUMAN_OBSERVATION","license":"CC-BY 4.0 (Int)","coordinateUncertaintyM":20.0,"uncertaintyUnknown":false,"observationCount":1,"geographicOutlier":false}},{"type":"Feature","id":"a0d39a00e16375e2","geometry":{"type":"Point","coordinates":[150.045616,-31.706547]},"properties":{"species":"Petauroides volans","eventDate":"2023-05-16","basisOfRecord":"HUMAN_OBSERVATION","license":"CC-BY 4.0 (Int)","coordinateUncertaintyM":20.0,"uncertaintyUnknown":false,"observationCount":1,"geographicOutlier":false}},{"type":"Feature","id":"51266663e02b7c97","geometry":{"type":"Point","coordinates":[150.046584,-31.70492]},"properties":{"species":"Petauroides volans","eventDate":"2023-05-16","basisOfRecord":"HUMAN_OBSERVATION","license":"CC-BY 4.0 (Int)","coordinateUncertaintyM":20.0,"uncertaintyUnknown":false,"observationCount":1,"geographicOutlier":false}},{"type":"Feature","id":"259d59634a9b21dc","geometry":{"type":"Point","coordinates":[150.060232,-31.726254]},"properties":{"species":"Petauroides volans","eventDate":"2023-05-16","basisOfRecord":"HUMAN_OBSERVATION","license":"CC-BY 4.0 (Int)","coordinateUncertaintyM":20.0,"uncertaintyUnknown":false,"observationCount":1,"geographicOutlier":false}},{"type":"Feature","id":"add9e507989f6949","geometry":{"type":"Point","coordinates":[150.076754,-31.749176]},"properties":{"species":"Petauroides volans","eventDate":"2023-05-16","basisOfRecord":"HUMAN_OBSERVATION","license":"CC-BY 4.0 (Int)","coordinateUncertaintyM":20.0,"uncertaintyUnknown":false,"observationCount":1,"geographicOutlier":false}},{"type":"Feature","id":"6377168535af786f","geometry":{"type":"Point","coordinates":[150.079671,-31.751366]},"properties":{"species":"Petauroides volans","eventDate":"2023-05-16","basisOfRecord":"HUMAN_OBSERVATION","license":"CC-BY 4.0 (Int)","coordinateUncertaintyM":20.0,"uncertaintyUnknown":false,"observationCount":1,"geographicOutlier":false}},{"type":"Feature","id":"474a11c9232a983e","geometry":{"type":"Point","coordinates":[150.045977,-31.708605]},"properties":{"species":"Petauroides volans","eventDate":"2023-05-16","basisOfRecord":"HUMAN_OBSERVATION","license":"CC-BY 4.0 (Int)","coordinateUncertaintyM":20.0,"uncertaintyUnknown":false,"observationCount":1,"geographicOutlier":false}},{"type":"Feature","id":"37d79746b99cb88c","geometry":{"type":"Point","coordinates":[150.050137,-31.704935]},"properties":{"species":"Petauroides volans","eventDate":"2023-05-16","basisOfRecord":"HUMAN_OBSERVATION","license":"CC-BY 4.0 (Int)","coordinateUncertaintyM":20.0,"uncertaintyUnknown":false,"observationCount":1,"geographicOutlier":false}},{"type":"Feature","id":"86eedc356f9416fa","geometry":{"type":"Point","coordinates":[150.074282,-31.75179]},"properties":{"species":"Petauroides volans","eventDate":"2023-05-16","basisOfRecord":"HUMAN_OBSERVATION","license":"CC-BY 4.0 (Int)","coordinateUncertaintyM":20.0,"uncertaintyUnknown":false,"observationCount":1,"geographicOutlier":false}},{"type":"Feature","id":"85bcfc8643069e15","geometry":{"type":"Point","coordinates":[150.079177,-31.749144]},"properties":{"species":"Petauroides volans","eventDate":"2023-05-16","basisOfRecord":"HUMAN_OBSERVATION","license":"CC-BY 4.0 (Int)","coordinateUncertaintyM":20.0,"uncertaintyUnknown":false,"observationCount":1,"geographicOutlier":false}},{"type":"Feature","id":"a1022e1905f10b45","geometry":{"type":"Point","coordinates":[150.058173,-31.721106]},"properties":{"species":"Petauroides volans","eventDate":"2023-05-16","basisOfRecord":"HUMAN_OBSERVATION","license":"CC-BY 4.0 (Int)","coordinateUncertaintyM":20.0,"uncertaintyUnknown":false,"observationCount":1,"geographicOutlier":false}},{"type":"Feature","id":"6533f1b4185436e6","geometry":{"type":"Point","coordinates":[150.08064,-31.77046]},"properties":{"species":"Petauroides volans","eventDate":"2023-05-16","basisOfRecord":"HUMAN_OBSERVATION","license":"CC-BY 4.0 (Int)","coordinateUncertaintyM":20.0,"uncertaintyUnknown":false,"observationCount":1,"geographicOutlier":false}},{"type":"Feature","id":"c649802d6dede91c","geometry":{"type":"Point","coordinates":[150.045934,-31.705085]},"properties":{"species":"Petauroides volans","eventDate":"2023-05-16","basisOfRecord":"HUMAN_OBSERVATION","license":"CC-BY 4.0 (Int)","coordinateUncertaintyM":20.0,"uncertaintyUnknown":false,"observationCount":1,"geographicOutlier":false}},{"type":"Feature","id":"4fb2ff4affc1573a","geometry":{"type":"Point","coordinates":[150.047627,-31.706212]},"properties":{"species":"Petauroides volans","eventDate":"2023-05-16","basisOfRecord":"HUMAN_OBSERVATION","license":"CC-BY 4.0 (Int)","coordinateUncertaintyM":20.0,"uncertaintyUnknown":false,"observationCount":1,"geographicOutlier":false}},{"type":"Feature","id":"dc22f4a9cdd86c07","geometry":{"type":"Point","coordinates":[150.074062,-31.747389]},"properties":{"species":"Petauroides volans","eventDate":"2023-05-16","basisOfRecord":"HUMAN_OBSERVATION","license":"CC-BY 4.0 (Int)","coordinateUncertaintyM":20.0,"uncertaintyUnknown":false,"observationCount":1,"geographicOutlier":false}},{"type":"Feature","id":"e68e7d250fa8a821","geometry":{"type":"Point","coordinates":[150.081128,-31.751126]},"properties":{"species":"Petauroides volans","eventDate":"2023-05-16","basisOfRecord":"HUMAN_OBSERVATION","license":"CC-BY 4.0 (Int)","coordinateUncertaintyM":20.0,"uncertaintyUnknown":false,"observationCount":1,"geographicOutlier":false}},{"type":"Feature","id":"397d042063d198fe","geometry":{"type":"Point","coordinates":[150.036538,-31.700902]},"properties":{"species":"Petauroides volans","eventDate":"2023-05-15","basisOfRecord":"HUMAN_OBSERVATION","license":"CC-BY 4.0 (Int)","coordinateUncertaintyM":20.0,"uncertaintyUnknown":false,"observationCount":1,"geographicOutlier":false}},{"type":"Feature","id":"5c8dbb5f03007217","geometry":{"type":"Point","coordinates":[150.022658,-31.704361]},"properties":{"species":"Petauroides volans","eventDate":"2023-05-15","basisOfRecord":"HUMAN_OBSERVATION","license":"CC-BY 4.0 (Int)","coordinateUncertaintyM":20.0,"uncertaintyUnknown":false,"observationCount":1,"geographicOutlier":false}},{"type":"Feature","id":"1da609e3a9c5bf1f","geometry":{"type":"Point","coordinates":[147.9388,-37.25075]},"properties":{"species":"Petauroides volans","eventDate":"2023-05-15","basisOfRecord":"OCCURRENCE","license":"CC-BY 4.0 (Int)","coordinateUncertaintyM":10.0,"uncertaintyUnknown":false,"observationCount":1,"geographicOutlier":false}},{"type":"Feature","id":"b2aa1114a64750fc","geometry":{"type":"Point","coordinates":[150.032181,-31.716147]},"properties":{"species":"Petauroides volans","eventDate":"2023-05-15","basisOfRecord":"HUMAN_OBSERVATION","license":"CC-BY 4.0 (Int)","coordinateUncertaintyM":20.0,"uncertaintyUnknown":false,"observationCount":1,"geographicOutlier":false}},{"type":"Feature","id":"04b5f6145e60126d","geometry":{"type":"Point","coordinates":[150.022146,-31.69841]},"properties":{"species":"Petauroides volans","eventDate":"2023-05-15","basisOfRecord":"HUMAN_OBSERVATION","license":"CC-BY 4.0 (Int)","coordinateUncertaintyM":20.0,"uncertaintyUnknown":false,"observationCount":1,"geographicOutlier":false}},{"type":"Feature","id":"aada344fbaa99780","geometry":{"type":"Point","coordinates":[150.028042,-31.711056]},"properties":{"species":"Petauroides volans","eventDate":"2023-05-15","basisOfRecord":"HUMAN_OBSERVATION","license":"CC-BY 4.0 (Int)","coordinateUncertaintyM":20.0,"uncertaintyUnknown":false,"observationCount":1,"geographicOutlier":false}},{"type":"Feature","id":"04b457240e87d8f3","geometry":{"type":"Point","coordinates":[150.021672,-31.698752]},"properties":{"species":"Petauroides volans","eventDate":"2023-05-15","basisOfRecord":"HUMAN_OBSERVATION","license":"CC-BY 4.0 (Int)","coordinateUncertaintyM":20.0,"uncertaintyUnknown":false,"observationCount":1,"geographicOutlier":false}},{"type":"Feature","id":"158f4f46ab95b3cd","geometry":{"type":"Point","coordinates":[150.02909,-31.75202]},"properties":{"species":"Petauroides volans","eventDate":"2023-05-15","basisOfRecord":"HUMAN_OBSERVATION","license":"CC-BY 4.0 (Int)","coordinateUncertaintyM":20.0,"uncertaintyUnknown":false,"observationCount":1,"geographicOutlier":false}},{"type":"Feature","id":"6dae03956c4449ae","geometry":{"type":"Point","coordinates":[150.02187,-31.699879]},"properties":{"species":"Petauroides volans","eventDate":"2023-05-15","basisOfRecord":"HUMAN_OBSERVATION","license":"CC-BY 4.0 (Int)","coordinateUncertaintyM":20.0,"uncertaintyUnknown":false,"observationCount":1,"geographicOutlier":false}},{"type":"Feature","id":"13b01040cf4dbc59","geometry":{"type":"Point","coordinates":[147.52207,-37.31422]},"properties":{"species":"Petauroides volans","eventDate":"2023-05-15","basisOfRecord":"OCCURRENCE","license":"CC-BY 4.0 (Int)","coordinateUncertaintyM":10.0,"uncertaintyUnknown":false,"observationCount":1,"geographicOutlier":false}},{"type":"Feature","id":"12cd23780ae213be","geometry":{"type":"Point","coordinates":[150.03024,-31.75247]},"properties":{"species":"Petauroides volans","eventDate":"2023-05-15","basisOfRecord":"HUMAN_OBSERVATION","license":"CC-BY 4.0 (Int)","coordinateUncertaintyM":20.0,"uncertaintyUnknown":false,"observationCount":1,"geographicOutlier":false}},{"type":"Feature","id":"21bfa3927fbc1b2b","geometry":{"type":"Point","coordinates":[150.023543,-31.700288]},"properties":{"species":"Petauroides volans","eventDate":"2023-05-15","basisOfRecord":"HUMAN_OBSERVATION","license":"CC-BY 4.0 (Int)","coordinateUncertaintyM":20.0,"uncertaintyUnknown":false,"observationCount":1,"geographicOutlier":false}},{"type":"Feature","id":"e05d0a07a3ebea4d","geometry":{"type":"Point","coordinates":[150.033869,-31.710665]},"properties":{"species":"Petauroides volans","eventDate":"2023-05-15","basisOfRecord":"HUMAN_OBSERVATION","license":"CC-BY 4.0 (Int)","coordinateUncertaintyM":20.0,"uncertaintyUnknown":false,"observationCount":1,"geographicOutlier":false}},{"type":"Feature","id":"d18cbeb2fb793900","geometry":{"type":"Point","coordinates":[147.51964,-37.31539]},"properties":{"species":"Petauroides volans","eventDate":"2023-05-15","basisOfRecord":"OCCURRENCE","license":"CC-BY 4.0 (Int)","coordinateUncertaintyM":10.0,"uncertaintyUnknown":false,"observationCount":1,"geographicOutlier":false}},{"type":"Feature","id":"842dc37ad4cf361d","geometry":{"type":"Point","coordinates":[150.027993,-31.7166]},"properties":{"species":"Petauroides volans","eventDate":"2023-05-15","basisOfRecord":"HUMAN_OBSERVATION","license":"CC-BY 4.0 (Int)","coordinateUncertaintyM":20.0,"uncertaintyUnknown":false,"observationCount":1,"geographicOutlier":false}},{"type":"Feature","id":"4d4951ee34f2b78e","geometry":{"type":"Point","coordinates":[150.025146,-31.700164]},"properties":{"species":"Petauroides volans","eventDate":"2023-05-15","basisOfRecord":"HUMAN_OBSERVATION","license":"CC-BY 4.0 (Int)","coordinateUncertaintyM":20.0,"uncertaintyUnknown":false,"observationCount":1,"geographicOutlier":false}},{"type":"Feature","id":"ca536abcd27ea209","geometry":{"type":"Point","coordinates":[150.03301,-31.711743]},"properties":{"species":"Petauroides volans","eventDate":"2023-05-15","basisOfRecord":"HUMAN_OBSERVATION","license":"CC-BY 4.0 (Int)","coordinateUncertaintyM":20.0,"uncertaintyUnknown":false,"observationCount":1,"geographicOutlier":false}},{"type":"Feature","id":"f4c2eac8a81524d0","geometry":{"type":"Point","coordinates":[145.53036,-37.40535]},"properties":{"species":"Petauroides volans","eventDate":"2023-05-15","basisOfRecord":"OBSERVATION","license":"CC-BY 4.0 (Int)","coordinateUncertaintyM":10.0,"uncertaintyUnknown":false,"observationCount":1,"geographicOutlier":false}},{"type":"Feature","id":"4d0f23eccf49fa40","geometry":{"type":"Point","coordinates":[150.03535,-31.716165]},"properties":{"species":"Petauroides volans","eventDate":"2023-05-15","basisOfRecord":"HUMAN_OBSERVATION","license":"CC-BY 4.0 (Int)","coordinateUncertaintyM":20.0,"uncertaintyUnknown":false,"observationCount":1,"geographicOutlier":false}},{"type":"Feature","id":"42f29d801804347b","geometry":{"type":"Point","coordinates":[150.023807,-31.698679]},"properties":{"species":"Petauroides volans","eventDate":"2023-05-15","basisOfRecord":"HUMAN_OBSERVATION","license":"CC-BY 4.0 (Int)","coordinateUncertaintyM":20.0,"uncertaintyUnknown":false,"observationCount":1,"geographicOutlier":false}},{"type":"Feature","id":"9342d3bcf1854102","geometry":{"type":"Point","coordinates":[150.025892,-31.70454]},"properties":{"species":"Petauroides volans","eventDate":"2023-05-15","basisOfRecord":"HUMAN_OBSERVATION","license":"CC-BY 4.0 (Int)","coordinateUncertaintyM":20.0,"uncertaintyUnknown":false,"observationCount":1,"geographicOutlier":false}},{"type":"Feature","id":"d1d8a6bfc9e10803","geometry":{"type":"Point","coordinates":[150.03122,-31.755]},"properties":{"species":"Petauroides volans","eventDate":"2023-05-15","basisOfRecord":"HUMAN_OBSERVATION","license":"CC-BY 4.0 (Int)","coordinateUncertaintyM":20.0,"uncertaintyUnknown":false,"observationCount":1,"geographicOutlier":false}},{"type":"Feature","id":"3dec09ad7a744c72","geometry":{"type":"Point","coordinates":[150.040413,-31.698748]},"properties":{"species":"Petauroides volans","eventDate":"2023-05-15","basisOfRecord":"HUMAN_OBSERVATION","license":"CC-BY 4.0 (Int)","coordinateUncertaintyM":20.0,"uncertaintyUnknown":false,"observationCount":1,"geographicOutlier":false}},{"type":"Feature","id":"57695928f2b28177","geometry":{"type":"Point","coordinates":[150.028873,-31.712506]},"properties":{"species":"Petauroides volans","eventDate":"2023-05-15","basisOfRecord":"HUMAN_OBSERVATION","license":"CC-BY 4.0 (Int)","coordinateUncertaintyM":20.0,"uncertaintyUnknown":false,"observationCount":1,"geographicOutlier":false}},{"type":"Feature","id":"a59ba61676b8368b","geometry":{"type":"Point","coordinates":[147.67566,-37.37672]},"properties":{"species":"Petauroides volans","eventDate":"2023-05-14","basisOfRecord":"OCCURRENCE","license":"CC-BY 4.0 (Int)","coordinateUncertaintyM":10.0,"uncertaintyUnknown":false,"observationCount":1,"geographicOutlier":false}},{"type":"Feature","id":"5ee1ca95dccf18a1","geometry":{"type":"Point","coordinates":[145.33042,-37.45539]},"properties":{"species":"Petauroides volans","eventDate":"2023-05-13","basisOfRecord":"OCCURRENCE","license":"CC-BY 4.0 (Int)","coordinateUncertaintyM":15.0,"uncertaintyUnknown":false,"observationCount":1,"geographicOutlier":false}},{"type":"Feature","id":"b9e61cdd06bbd5bf","geometry":{"type":"Point","coordinates":[150.07201,-31.748418]},"properties":{"species":"Petauroides volans","eventDate":"2023-05-12","basisOfRecord":"HUMAN_OBSERVATION","license":"CC-BY 4.0 (Int)","coordinateUncertaintyM":20.0,"uncertaintyUnknown":false,"observationCount":1,"geographicOutlier":false}},{"type":"Feature","id":"c203a42e4fee4573","geometry":{"type":"Point","coordinates":[150.07443,-31.752891]},"properties":{"species":"Petauroides volans","eventDate":"2023-05-12","basisOfRecord":"HUMAN_OBSERVATION","license":"CC-BY 4.0 (Int)","coordinateUncertaintyM":20.0,"uncertaintyUnknown":false,"observationCount":1,"geographicOutlier":false}},{"type":"Feature","id":"1f57c9a592c4e2a7","geometry":{"type":"Point","coordinates":[150.1046,-31.730839]},"properties":{"species":"Petauroides volans","eventDate":"2023-05-12","basisOfRecord":"HUMAN_OBSERVATION","license":"CC-BY 4.0 (Int)","coordinateUncertaintyM":20.0,"uncertaintyUnknown":false,"observationCount":1,"geographicOutlier":false}},{"type":"Feature","id":"bc7b2f5d25a370af","geometry":{"type":"Point","coordinates":[150.07295,-31.750551]},"properties":{"species":"Petauroides volans","eventDate":"2023-05-12","basisOfRecord":"HUMAN_OBSERVATION","license":"CC-BY 4.0 (Int)","coordinateUncertaintyM":20.0,"uncertaintyUnknown":false,"observationCount":1,"geographicOutlier":false}},{"type":"Feature","id":"7af21ef46f4dc8a1","geometry":{"type":"Point","coordinates":[150.108138,-31.732522]},"properties":{"species":"Petauroides volans","eventDate":"2023-05-12","basisOfRecord":"HUMAN_OBSERVATION","license":"CC-BY 4.0 (Int)","coordinateUncertaintyM":20.0,"uncertaintyUnknown":false,"observationCount":1,"geographicOutlier":false}},{"type":"Feature","id":"6aacaf846fa30b2d","geometry":{"type":"Point","coordinates":[150.106538,-31.73276]},"properties":{"species":"Petauroides volans","eventDate":"2023-05-12","basisOfRecord":"HUMAN_OBSERVATION","license":"CC-BY 4.0 (Int)","coordinateUncertaintyM":20.0,"uncertaintyUnknown":false,"observationCount":1,"geographicOutlier":false}},{"type":"Feature","id":"fe614d523e720caf","geometry":{"type":"Point","coordinates":[150.110378,-31.733313]},"properties":{"species":"Petauroides volans","eventDate":"2023-05-12","basisOfRecord":"HUMAN_OBSERVATION","license":"CC-BY 4.0 (Int)","coordinateUncertaintyM":20.0,"uncertaintyUnknown":false,"observationCount":1,"geographicOutlier":false}},{"type":"Feature","id":"7b27bb39efaadbda","geometry":{"type":"Point","coordinates":[150.107938,-31.734648]},"properties":{"species":"Petauroides volans","eventDate":"2023-05-12","basisOfRecord":"HUMAN_OBSERVATION","license":"CC-BY 4.0 (Int)","coordinateUncertaintyM":20.0,"uncertaintyUnknown":false,"observationCount":1,"geographicOutlier":false}},{"type":"Feature","id":"63cce8f988b8be32","geometry":{"type":"Point","coordinates":[145.56077,-37.4799]},"properties":{"species":"Petauroides volans","eventDate":"2023-05-11","basisOfRecord":"OBSERVATION","license":"CC-BY 4.0 (Int)","coordinateUncertaintyM":10.0,"uncertaintyUnknown":false,"observationCount":1,"geographicOutlier":false}},{"type":"Feature","id":"09d3e152eaacf8da","geometry":{"type":"Point","coordinates":[150.102289,-31.749568]},"properties":{"species":"Petauroides volans","eventDate":"2023-05-11","basisOfRecord":"HUMAN_OBSERVATION","license":"CC-BY 4.0 (Int)","coordinateUncertaintyM":20.0,"uncertaintyUnknown":false,"observationCount":1,"geographicOutlier":false}},{"type":"Feature","id":"4b82a11d57305381","geometry":{"type":"Point","coordinates":[145.55822,-37.48584]},"properties":{"species":"Petauroides volans","eventDate":"2023-05-11","basisOfRecord":"OBSERVATION","license":"CC-BY 4.0 (Int)","coordinateUncertaintyM":10.0,"uncertaintyUnknown":false,"observationCount":1,"geographicOutlier":false}},{"type":"Feature","id":"9abe915051371cf9","geometry":{"type":"Point","coordinates":[150.108787,-31.76826]},"properties":{"species":"Petauroides volans","eventDate":"2023-05-11","basisOfRecord":"HUMAN_OBSERVATION","license":"CC-BY 4.0 (Int)","coordinateUncertaintyM":20.0,"uncertaintyUnknown":false,"observationCount":1,"geographicOutlier":false}},{"type":"Feature","id":"eecd43c6448b0387","geometry":{"type":"Point","coordinates":[150.118183,-31.756856]},"properties":{"species":"Petauroides volans","eventDate":"2023-05-11","basisOfRecord":"HUMAN_OBSERVATION","license":"CC-BY 4.0 (Int)","coordinateUncertaintyM":20.0,"uncertaintyUnknown":false,"observationCount":1,"geographicOutlier":false}},{"type":"Feature","id":"d47459a430a86d13","geometry":{"type":"Point","coordinates":[150.106131,-31.74968]},"properties":{"species":"Petauroides volans","eventDate":"2023-05-11","basisOfRecord":"HUMAN_OBSERVATION","license":"CC-BY 4.0 (Int)","coordinateUncertaintyM":20.0,"uncertaintyUnknown":false,"observationCount":1,"geographicOutlier":false}},{"type":"Feature","id":"b5619f61ce1f9f3e","geometry":{"type":"Point","coordinates":[150.118361,-31.761002]},"properties":{"species":"Petauroides volans","eventDate":"2023-05-11","basisOfRecord":"HUMAN_OBSERVATION","license":"CC-BY 4.0 (Int)","coordinateUncertaintyM":20.0,"uncertaintyUnknown":false,"observationCount":1,"geographicOutlier":false}},{"type":"Feature","id":"ac0a44c92cbe8fad","geometry":{"type":"Point","coordinates":[150.102928,-31.755767]},"properties":{"species":"Petauroides volans","eventDate":"2023-05-11","basisOfRecord":"HUMAN_OBSERVATION","license":"CC-BY 4.0 (Int)","coordinateUncertaintyM":20.0,"uncertaintyUnknown":false,"observationCount":1,"geographicOutlier":false}},{"type":"Feature","id":"038f138cc4ef9350","geometry":{"type":"Point","coordinates":[150.106078,-31.764999]},"properties":{"species":"Petauroides volans","eventDate":"2023-05-11","basisOfRecord":"HUMAN_OBSERVATION","license":"CC-BY 4.0 (Int)","coordinateUncertaintyM":20.0,"uncertaintyUnknown":false,"observationCount":1,"geographicOutlier":false}},{"type":"Feature","id":"b148bf49e7cd526f","geometry":{"type":"Point","coordinates":[150.12007,-31.75857]},"properties":{"species":"Petauroides volans","eventDate":"2023-05-11","basisOfRecord":"HUMAN_OBSERVATION","license":"CC-BY 4.0 (Int)","coordinateUncertaintyM":20.0,"uncertaintyUnknown":false,"observationCount":1,"geographicOutlier":false}},{"type":"Feature","id":"bd98bf1f54ebcd4b","geometry":{"type":"Point","coordinates":[150.103214,-31.763971]},"properties":{"species":"Petauroides volans","eventDate":"2023-05-11","basisOfRecord":"HUMAN_OBSERVATION","license":"CC-BY 4.0 (Int)","coordinateUncertaintyM":20.0,"uncertaintyUnknown":false,"observationCount":1,"geographicOutlier":false}},{"type":"Feature","id":"35369590bdb96e4d","geometry":{"type":"Point","coordinates":[145.55875,-37.47944]},"properties":{"species":"Petauroides volans","eventDate":"2023-05-11","basisOfRecord":"OBSERVATION","license":"CC-BY 4.0 (Int)","coordinateUncertaintyM":10.0,"uncertaintyUnknown":false,"observationCount":1,"geographicOutlier":false}},{"type":"Feature","id":"dc62985e93350911","geometry":{"type":"Point","coordinates":[150.102145,-31.763897]},"properties":{"species":"Petauroides volans","eventDate":"2023-05-11","basisOfRecord":"HUMAN_OBSERVATION","license":"CC-BY 4.0 (Int)","coordinateUncertaintyM":20.0,"uncertaintyUnknown":false,"observationCount":1,"geographicOutlier":false}},{"type":"Feature","id":"fd0c691c98493a87","geometry":{"type":"Point","coordinates":[150.087286,-31.761268]},"properties":{"species":"Petauroides volans","eventDate":"2023-05-11","basisOfRecord":"HUMAN_OBSERVATION","license":"CC-BY 4.0 (Int)","coordinateUncertaintyM":20.0,"uncertaintyUnknown":false,"observationCount":1,"geographicOutlier":false}},{"type":"Feature","id":"f11df7643b9eee74","geometry":{"type":"Point","coordinates":[150.119699,-31.759501]},"properties":{"species":"Petauroides volans","eventDate":"2023-05-11","basisOfRecord":"HUMAN_OBSERVATION","license":"CC-BY 4.0 (Int)","coordinateUncertaintyM":20.0,"uncertaintyUnknown":false,"observationCount":1,"geographicOutlier":false}},{"type":"Feature","id":"e8c3b84f66e7b9c4","geometry":{"type":"Point","coordinates":[150.119299,-31.757615]},"properties":{"species":"Petauroides volans","eventDate":"2023-05-11","basisOfRecord":"HUMAN_OBSERVATION","license":"CC-BY 4.0 (Int)","coordinateUncertaintyM":398.11,"uncertaintyUnknown":false,"observationCount":1,"geographicOutlier":false}},{"type":"Feature","id":"f46ead3190ac8283","geometry":{"type":"Point","coordinates":[147.66368,-37.3372]},"properties":{"species":"Petauroides volans","eventDate":"2023-05-11","basisOfRecord":"OCCURRENCE","license":"CC-BY 4.0 (Int)","coordinateUncertaintyM":10.0,"uncertaintyUnknown":false,"observationCount":1,"geographicOutlier":false}},{"type":"Feature","id":"81d9ab8adbfb5951","geometry":{"type":"Point","coordinates":[150.10696,-31.763931]},"properties":{"species":"Petauroides volans","eventDate":"2023-05-11","basisOfRecord":"HUMAN_OBSERVATION","license":"CC-BY 4.0 (Int)","coordinateUncertaintyM":20.0,"uncertaintyUnknown":false,"observationCount":1,"geographicOutlier":false}},{"type":"Feature","id":"3acfdaee5383b474","geometry":{"type":"Point","coordinates":[149.511018,-36.155569]},"properties":{"species":"Petauroides volans","eventDate":"2023-05-11","basisOfRecord":"HUMAN_OBSERVATION","license":"CC-BY 4.0 (Int)","coordinateUncertaintyM":10.0,"uncertaintyUnknown":false,"observationCount":1,"geographicOutlier":false}},{"type":"Feature","id":"175a0ca195decf0c","geometry":{"type":"Point","coordinates":[150.125767,-31.770102]},"properties":{"species":"Petauroides volans","eventDate":"2023-05-10","basisOfRecord":"HUMAN_OBSERVATION","license":"CC-BY 4.0 (Int)","coordinateUncertaintyM":20.0,"uncertaintyUnknown":false,"observationCount":1,"geographicOutlier":false}},{"type":"Feature","id":"3e9e33f9cf485219","geometry":{"type":"Point","coordinates":[150.125508,-31.780627]},"properties":{"species":"Petauroides volans","eventDate":"2023-05-10","basisOfRecord":"HUMAN_OBSERVATION","license":"CC-BY 4.0 (Int)","coordinateUncertaintyM":20.0,"uncertaintyUnknown":false,"observationCount":1,"geographicOutlier":false}},{"type":"Feature","id":"e31d5f9cc91ba439","geometry":{"type":"Point","coordinates":[150.122216,-31.767874]},"properties":{"species":"Petauroides volans","eventDate":"2023-05-10","basisOfRecord":"HUMAN_OBSERVATION","license":"CC-BY 4.0 (Int)","coordinateUncertaintyM":20.0,"uncertaintyUnknown":false,"observationCount":1,"geographicOutlier":false}},{"type":"Feature","id":"d11e19b39d071171","geometry":{"type":"Point","coordinates":[150.119862,-31.769934]},"properties":{"species":"Petauroides volans","eventDate":"2023-05-10","basisOfRecord":"HUMAN_OBSERVATION","license":"CC-BY 4.0 (Int)","coordinateUncertaintyM":20.0,"uncertaintyUnknown":false,"observationCount":1,"geographicOutlier":false}},{"type":"Feature","id":"bb87efc39f386a59","geometry":{"type":"Point","coordinates":[150.14399,-31.788565]},"properties":{"species":"Petauroides volans","eventDate":"2023-05-10","basisOfRecord":"HUMAN_OBSERVATION","license":"CC-BY 4.0 (Int)","coordinateUncertaintyM":20.0,"uncertaintyUnknown":false,"observationCount":1,"geographicOutlier":false}},{"type":"Feature","id":"1e896c1c5aa054ab","geometry":{"type":"Point","coordinates":[150.123946,-31.771897]},"properties":{"species":"Petauroides volans","eventDate":"2023-05-10","basisOfRecord":"HUMAN_OBSERVATION","license":"CC-BY 4.0 (Int)","coordinateUncertaintyM":20.0,"uncertaintyUnknown":false,"observationCount":1,"geographicOutlier":false}},{"type":"Feature","id":"acf99bf7ffdf578e","geometry":{"type":"Point","coordinates":[150.123078,-31.785919]},"properties":{"species":"Petauroides volans","eventDate":"2023-05-10","basisOfRecord":"HUMAN_OBSERVATION","license":"CC-BY 4.0 (Int)","coordinateUncertaintyM":20.0,"uncertaintyUnknown":false,"observationCount":1,"geographicOutlier":false}},{"type":"Feature","id":"a83f8fed2cfed166","geometry":{"type":"Point","coordinates":[150.126815,-31.785577]},"properties":{"species":"Petauroides volans","eventDate":"2023-05-10","basisOfRecord":"HUMAN_OBSERVATION","license":"CC-BY 4.0 (Int)","coordinateUncertaintyM":20.0,"uncertaintyUnknown":false,"observationCount":1,"geographicOutlier":false}},{"type":"Feature","id":"b4910347dd1bfc5c","geometry":{"type":"Point","coordinates":[150.139736,-31.773774]},"properties":{"species":"Petauroides volans","eventDate":"2023-05-09","basisOfRecord":"HUMAN_OBSERVATION","license":"CC-BY 4.0 (Int)","coordinateUncertaintyM":20.0,"uncertaintyUnknown":false,"observationCount":1,"geographicOutlier":false}},{"type":"Feature","id":"3f120ba9a7fc9939","geometry":{"type":"Point","coordinates":[150.140934,-31.773819]},"properties":{"species":"Petauroides volans","eventDate":"2023-05-09","basisOfRecord":"HUMAN_OBSERVATION","license":"CC-BY 4.0 (Int)","coordinateUncertaintyM":20.0,"uncertaintyUnknown":false,"observationCount":1,"geographicOutlier":false}},{"type":"Feature","id":"5dc7f4c2e9e7ac18","geometry":{"type":"Point","coordinates":[150.137979,-31.776042]},"properties":{"species":"Petauroides volans","eventDate":"2023-05-09","basisOfRecord":"HUMAN_OBSERVATION","license":"CC-BY 4.0 (Int)","coordinateUncertaintyM":20.0,"uncertaintyUnknown":false,"observationCount":1,"geographicOutlier":false}},{"type":"Feature","id":"2ff259de41496c90","geometry":{"type":"Point","coordinates":[150.443002,-34.441801]},"properties":{"species":"Petauroides volans","eventDate":"2023-05-09","basisOfRecord":"HUMAN_OBSERVATION","license":"CC-BY 4.0 (Int)","coordinateUncertaintyM":100.0,"uncertaintyUnknown":false,"observationCount":1,"geographicOutlier":false}},{"type":"Feature","id":"23a121a8726155d1","geometry":{"type":"Point","coordinates":[150.136576,-31.773612]},"properties":{"species":"Petauroides volans","eventDate":"2023-05-09","basisOfRecord":"HUMAN_OBSERVATION","license":"CC-BY 4.0 (Int)","coordinateUncertaintyM":20.0,"uncertaintyUnknown":false,"observationCount":1,"geographicOutlier":false}},{"type":"Feature","id":"e07d86c730e908cb","geometry":{"type":"Point","coordinates":[150.141079,-31.774643]},"properties":{"species":"Petauroides volans","eventDate":"2023-05-09","basisOfRecord":"HUMAN_OBSERVATION","license":"CC-BY 4.0 (Int)","coordinateUncertaintyM":20.0,"uncertaintyUnknown":false,"observationCount":1,"geographicOutlier":false}},{"type":"Feature","id":"32aebde5437146d8","geometry":{"type":"Point","coordinates":[150.170927,-31.798233]},"properties":{"species":"Petauroides volans","eventDate":"2023-05-09","basisOfRecord":"HUMAN_OBSERVATION","license":"CC-BY 4.0 (Int)","coordinateUncertaintyM":20.0,"uncertaintyUnknown":false,"observationCount":1,"geographicOutlier":false}},{"type":"Feature","id":"60b88d109449d229","geometry":{"type":"Point","coordinates":[150.138653,-31.773169]},"properties":{"species":"Petauroides volans","eventDate":"2023-05-09","basisOfRecord":"HUMAN_OBSERVATION","license":"CC-BY 4.0 (Int)","coordinateUncertaintyM":20.0,"uncertaintyUnknown":false,"observationCount":1,"geographicOutlier":false}},{"type":"Feature","id":"1dd414f032ea1929","geometry":{"type":"Point","coordinates":[150.044156,-31.729961]},"properties":{"species":"Petauroides volans","eventDate":"2023-05-08","basisOfRecord":"HUMAN_OBSERVATION","license":"CC-BY 4.0 (Int)","coordinateUncertaintyM":20.0,"uncertaintyUnknown":false,"observationCount":1,"geographicOutlier":false}},{"type":"Feature","id":"2d6871797931f293","geometry":{"type":"Point","coordinates":[150.071222,-31.734169]},"properties":{"species":"Petauroides volans","eventDate":"2023-05-08","basisOfRecord":"HUMAN_OBSERVATION","license":"CC-BY 4.0 (Int)","coordinateUncertaintyM":20.0,"uncertaintyUnknown":false,"observationCount":1,"geographicOutlier":false}},{"type":"Feature","id":"591982672dca0956","geometry":{"type":"Point","coordinates":[150.027122,-31.738275]},"properties":{"species":"Petauroides volans","eventDate":"2023-05-08","basisOfRecord":"HUMAN_OBSERVATION","license":"CC-BY 4.0 (Int)","coordinateUncertaintyM":20.0,"uncertaintyUnknown":false,"observationCount":1,"geographicOutlier":false}},{"type":"Feature","id":"002e4143ccb3f901","geometry":{"type":"Point","coordinates":[150.088233,-31.741996]},"properties":{"species":"Petauroides volans","eventDate":"2023-05-08","basisOfRecord":"HUMAN_OBSERVATION","license":"CC-BY 4.0 (Int)","coordinateUncertaintyM":20.0,"uncertaintyUnknown":false,"observationCount":1,"geographicOutlier":false}},{"type":"Feature","id":"35bbc61c45a7584f","geometry":{"type":"Point","coordinates":[150.024441,-31.743309]},"properties":{"species":"Petauroides volans","eventDate":"2023-05-08","basisOfRecord":"HUMAN_OBSERVATION","license":"CC-BY 4.0 (Int)","coordinateUncertaintyM":20.0,"uncertaintyUnknown":false,"observationCount":1,"geographicOutlier":false}},{"type":"Feature","id":"199a7985e50796af","geometry":{"type":"Point","coordinates":[150.069707,-31.734028]},"properties":{"species":"Petauroides volans","eventDate":"2023-05-08","basisOfRecord":"HUMAN_OBSERVATION","license":"CC-BY 4.0 (Int)","coordinateUncertaintyM":20.0,"uncertaintyUnknown":false,"observationCount":1,"geographicOutlier":false}},{"type":"Feature","id":"f5c21469f2a8c5ab","geometry":{"type":"Point","coordinates":[150.02652,-31.742995]},"properties":{"species":"Petauroides volans","eventDate":"2023-05-08","basisOfRecord":"HUMAN_OBSERVATION","license":"CC-BY 4.0 (Int)","coordinateUncertaintyM":20.0,"uncertaintyUnknown":false,"observationCount":1,"geographicOutlier":false}},{"type":"Feature","id":"188591f828abc25c","geometry":{"type":"Point","coordinates":[150.070269,-31.737876]},"properties":{"species":"Petauroides volans","eventDate":"2023-05-08","basisOfRecord":"HUMAN_OBSERVATION","license":"CC-BY 4.0 (Int)","coordinateUncertaintyM":20.0,"uncertaintyUnknown":false,"observationCount":1,"geographicOutlier":false}},{"type":"Feature","id":"6c90c0f6f582cdfd","geometry":{"type":"Point","coordinates":[150.02437,-31.739872]},"properties":{"species":"Petauroides volans","eventDate":"2023-05-08","basisOfRecord":"HUMAN_OBSERVATION","license":"CC-BY 4.0 (Int)","coordinateUncertaintyM":20.0,"uncertaintyUnknown":false,"observationCount":1,"geographicOutlier":false}},{"type":"Feature","id":"c93747a7bd4a08ee","geometry":{"type":"Point","coordinates":[150.043764,-31.733817]},"properties":{"species":"Petauroides volans","eventDate":"2023-05-08","basisOfRecord":"HUMAN_OBSERVATION","license":"CC-BY 4.0 (Int)","coordinateUncertaintyM":20.0,"uncertaintyUnknown":false,"observationCount":1,"geographicOutlier":false}},{"type":"Feature","id":"49008e248dd4b8fc","geometry":{"type":"Point","coordinates":[150.026206,-31.744253]},"properties":{"species":"Petauroides volans","eventDate":"2023-05-08","basisOfRecord":"HUMAN_OBSERVATION","license":"CC-BY 4.0 (Int)","coordinateUncertaintyM":20.0,"uncertaintyUnknown":false,"observationCount":1,"geographicOutlier":false}},{"type":"Feature","id":"51ae6d28439fae16","geometry":{"type":"Point","coordinates":[150.024145,-31.738591]},"properties":{"species":"Petauroides volans","eventDate":"2023-05-08","basisOfRecord":"HUMAN_OBSERVATION","license":"CC-BY 4.0 (Int)","coordinateUncertaintyM":20.0,"uncertaintyUnknown":false,"observationCount":1,"geographicOutlier":false}},{"type":"Feature","id":"e398bca3f37ff614","geometry":{"type":"Point","coordinates":[150.157074,-31.786222]},"properties":{"species":"Petauroides volans","eventDate":"2023-05-07","basisOfRecord":"HUMAN_OBSERVATION","license":"CC-BY 4.0 (Int)","coordinateUncertaintyM":20.0,"uncertaintyUnknown":false,"observationCount":1,"geographicOutlier":false}},{"type":"Feature","id":"9985d316a05a3272","geometry":{"type":"Point","coordinates":[150.157341,-31.787784]},"properties":{"species":"Petauroides volans","eventDate":"2023-05-07","basisOfRecord":"HUMAN_OBSERVATION","license":"CC-BY 4.0 (Int)","coordinateUncertaintyM":20.0,"uncertaintyUnknown":false,"observationCount":1,"geographicOutlier":false}},{"type":"Feature","id":"4b585c234c1f689a","geometry":{"type":"Point","coordinates":[150.157271,-31.787384]},"properties":{"species":"Petauroides volans","eventDate":"2023-05-07","basisOfRecord":"HUMAN_OBSERVATION","license":"CC-BY 4.0 (Int)","coordinateUncertaintyM":20.0,"uncertaintyUnknown":false,"observationCount":1,"geographicOutlier":false}},{"type":"Feature","id":"b91c445523697a52","geometry":{"type":"Point","coordinates":[150.159946,-31.823905]},"properties":{"species":"Petauroides volans","eventDate":"2023-05-06","basisOfRecord":"HUMAN_OBSERVATION","license":"CC-BY 4.0 (Int)","coordinateUncertaintyM":20.0,"uncertaintyUnknown":false,"observationCount":1,"geographicOutlier":false}},{"type":"Feature","id":"7e54a3d1decffa33","geometry":{"type":"Point","coordinates":[150.141061,-31.812375]},"properties":{"species":"Petauroides volans","eventDate":"2023-05-06","basisOfRecord":"HUMAN_OBSERVATION","license":"CC-BY 4.0 (Int)","coordinateUncertaintyM":20.0,"uncertaintyUnknown":false,"observationCount":1,"geographicOutlier":false}},{"type":"Feature","id":"4e7c44259003cf68","geometry":{"type":"Point","coordinates":[150.161604,-31.825358]},"properties":{"species":"Petauroides volans","eventDate":"2023-05-06","basisOfRecord":"HUMAN_OBSERVATION","license":"CC-BY 4.0 (Int)","coordinateUncertaintyM":20.0,"uncertaintyUnknown":false,"observationCount":1,"geographicOutlier":false}},{"type":"Feature","id":"fd31764ae5e567d0","geometry":{"type":"Point","coordinates":[150.139936,-31.81206]},"properties":{"species":"Petauroides volans","eventDate":"2023-05-06","basisOfRecord":"HUMAN_OBSERVATION","license":"CC-BY 4.0 (Int)","coordinateUncertaintyM":20.0,"uncertaintyUnknown":false,"observationCount":1,"geographicOutlier":false}},{"type":"Feature","id":"bc93d296bcd09257","geometry":{"type":"Point","coordinates":[150.165909,-31.825525]},"properties":{"species":"Petauroides volans","eventDate":"2023-05-06","basisOfRecord":"HUMAN_OBSERVATION","license":"CC-BY 4.0 (Int)","coordinateUncertaintyM":20.0,"uncertaintyUnknown":false,"observationCount":1,"geographicOutlier":false}},{"type":"Feature","id":"bd1bfe06a235f50a","geometry":{"type":"Point","coordinates":[150.163462,-31.82985]},"properties":{"species":"Petauroides volans","eventDate":"2023-05-06","basisOfRecord":"HUMAN_OBSERVATION","license":"CC-BY 4.0 (Int)","coordinateUncertaintyM":20.0,"uncertaintyUnknown":false,"observationCount":1,"geographicOutlier":false}},{"type":"Feature","id":"b6f82c4978f6aefb","geometry":{"type":"Point","coordinates":[150.135742,-31.813259]},"properties":{"species":"Petauroides volans","eventDate":"2023-05-06","basisOfRecord":"HUMAN_OBSERVATION","license":"CC-BY 4.0 (Int)","coordinateUncertaintyM":20.0,"uncertaintyUnknown":false,"observationCount":1,"geographicOutlier":false}},{"type":"Feature","id":"6aa0579564026246","geometry":{"type":"Point","coordinates":[150.162847,-31.826354]},"properties":{"species":"Petauroides volans","eventDate":"2023-05-06","basisOfRecord":"HUMAN_OBSERVATION","license":"CC-BY 4.0 (Int)","coordinateUncertaintyM":20.0,"uncertaintyUnknown":false,"observationCount":1,"geographicOutlier":false}},{"type":"Feature","id":"804090d759a4bc86","geometry":{"type":"Point","coordinates":[150.140472,-31.809031]},"properties":{"species":"Petauroides volans","eventDate":"2023-05-06","basisOfRecord":"HUMAN_OBSERVATION","license":"CC-BY 4.0 (Int)","coordinateUncertaintyM":20.0,"uncertaintyUnknown":false,"observationCount":1,"geographicOutlier":false}},{"type":"Feature","id":"18bd1bd8e48710af","geometry":{"type":"Point","coordinates":[150.162411,-31.829823]},"properties":{"species":"Petauroides volans","eventDate":"2023-05-06","basisOfRecord":"HUMAN_OBSERVATION","license":"CC-BY 4.0 (Int)","coordinateUncertaintyM":20.0,"uncertaintyUnknown":false,"observationCount":1,"geographicOutlier":false}},{"type":"Feature","id":"858e741c5e8adde4","geometry":{"type":"Point","coordinates":[150.14573,-31.836326]},"properties":{"species":"Petauroides volans","eventDate":"2023-05-05","basisOfRecord":"HUMAN_OBSERVATION","license":"CC-BY 4.0 (Int)","coordinateUncertaintyM":20.0,"uncertaintyUnknown":false,"observationCount":1,"geographicOutlier":false}},{"type":"Feature","id":"b0302f9813e6c580","geometry":{"type":"Point","coordinates":[150.15272,-31.815202]},"properties":{"species":"Petauroides volans","eventDate":"2023-05-05","basisOfRecord":"HUMAN_OBSERVATION","license":"CC-BY 4.0 (Int)","coordinateUncertaintyM":20.0,"uncertaintyUnknown":false,"observationCount":1,"geographicOutlier":false}},{"type":"Feature","id":"3245d9843e0f2db4","geometry":{"type":"Point","coordinates":[150.155115,-31.816071]},"properties":{"species":"Petauroides volans","eventDate":"2023-05-05","basisOfRecord":"HUMAN_OBSERVATION","license":"CC-BY 4.0 (Int)","coordinateUncertaintyM":20.0,"uncertaintyUnknown":false,"observationCount":1,"geographicOutlier":false}},{"type":"Feature","id":"4edef3b72b382cc7","geometry":{"type":"Point","coordinates":[150.171483,-31.810887]},"properties":{"species":"Petauroides volans","eventDate":"2023-05-05","basisOfRecord":"HUMAN_OBSERVATION","license":"CC-BY 4.0 (Int)","coordinateUncertaintyM":20.0,"uncertaintyUnknown":false,"observationCount":1,"geographicOutlier":false}},{"type":"Feature","id":"f81640efad5da8d1","geometry":{"type":"Point","coordinates":[150.148557,-31.834164]},"properties":{"species":"Petauroides volans","eventDate":"2023-05-05","basisOfRecord":"HUMAN_OBSERVATION","license":"CC-BY 4.0 (Int)","coordinateUncertaintyM":20.0,"uncertaintyUnknown":false,"observationCount":1,"geographicOutlier":false}},{"type":"Feature","id":"68c088b222995a4b","geometry":{"type":"Point","coordinates":[150.172421,-31.815631]},"properties":{"species":"Petauroides volans","eventDate":"2023-05-05","basisOfRecord":"HUMAN_OBSERVATION","license":"CC-BY 4.0 (Int)","coordinateUncertaintyM":20.0,"uncertaintyUnknown":false,"observationCount":1,"geographicOutlier":false}},{"type":"Feature","id":"c144396f0665a559","geometry":{"type":"Point","coordinates":[150.16806,-31.815785]},"properties":{"species":"Petauroides volans","eventDate":"2023-05-05","basisOfRecord":"HUMAN_OBSERVATION","license":"CC-BY 4.0 (Int)","coordinateUncertaintyM":20.0,"uncertaintyUnknown":false,"observationCount":1,"geographicOutlier":false}},{"type":"Feature","id":"02be5ba043202ad5","geometry":{"type":"Point","coordinates":[150.165649,-31.811145]},"properties":{"species":"Petauroides volans","eventDate":"2023-05-05","basisOfRecord":"HUMAN_OBSERVATION","license":"CC-BY 4.0 (Int)","coordinateUncertaintyM":20.0,"uncertaintyUnknown":false,"observationCount":1,"geographicOutlier":false}},{"type":"Feature","id":"8747841659cd0294","geometry":{"type":"Point","coordinates":[150.154821,-31.817161]},"properties":{"species":"Petauroides volans","eventDate":"2023-05-05","basisOfRecord":"HUMAN_OBSERVATION","license":"CC-BY 4.0 (Int)","coordinateUncertaintyM":20.0,"uncertaintyUnknown":false,"observationCount":1,"geographicOutlier":false}},{"type":"Feature","id":"e03554d97f84001c","geometry":{"type":"Point","coordinates":[150.168323,-31.81106]},"properties":{"species":"Petauroides volans","eventDate":"2023-05-05","basisOfRecord":"HUMAN_OBSERVATION","license":"CC-BY 4.0 (Int)","coordinateUncertaintyM":20.0,"uncertaintyUnknown":false,"observationCount":1,"geographicOutlier":false}},{"type":"Feature","id":"29c121a2c1c63e38","geometry":{"type":"Point","coordinates":[147.94482,-37.2109]},"properties":{"species":"Petauroides volans","eventDate":"2023-05-04","basisOfRecord":"OCCURRENCE","license":"CC-BY 4.0 (Int)","coordinateUncertaintyM":10.0,"uncertaintyUnknown":false,"observationCount":1,"geographicOutlier":false}},{"type":"Feature","id":"d8099f5c5f28a968","geometry":{"type":"Point","coordinates":[147.94459,-37.20875]},"properties":{"species":"Petauroides volans","eventDate":"2023-05-04","basisOfRecord":"OCCURRENCE","license":"CC-BY 4.0 (Int)","coordinateUncertaintyM":10.0,"uncertaintyUnknown":false,"observationCount":1,"geographicOutlier":false}},{"type":"Feature","id":"82382d67f3f6fb87","geometry":{"type":"Point","coordinates":[147.93706,-37.31411]},"properties":{"species":"Petauroides volans","eventDate":"2023-05-04","basisOfRecord":"OCCURRENCE","license":"CC-BY 4.0 (Int)","coordinateUncertaintyM":10.0,"uncertaintyUnknown":false,"observationCount":1,"geographicOutlier":false}},{"type":"Feature","id":"0bbcf58a8b32bc9d","geometry":{"type":"Point","coordinates":[149.986785,-31.730989]},"properties":{"species":"Petauroides volans","eventDate":"2023-05-02","basisOfRecord":"HUMAN_OBSERVATION","license":"CC-BY 4.0 (Int)","coordinateUncertaintyM":20.0,"uncertaintyUnknown":false,"observationCount":1,"geographicOutlier":false}},{"type":"Feature","id":"c6bd95bbf7f8ac2e","geometry":{"type":"Point","coordinates":[149.986805,-31.734085]},"properties":{"species":"Petauroides volans","eventDate":"2023-05-02","basisOfRecord":"HUMAN_OBSERVATION","license":"CC-BY 4.0 (Int)","coordinateUncertaintyM":20.0,"uncertaintyUnknown":false,"observationCount":1,"geographicOutlier":false}},{"type":"Feature","id":"7b0b75f8cdef0be7","geometry":{"type":"Point","coordinates":[149.989241,-31.732752]},"properties":{"species":"Petauroides volans","eventDate":"2023-05-02","basisOfRecord":"HUMAN_OBSERVATION","license":"CC-BY 4.0 (Int)","coordinateUncertaintyM":20.0,"uncertaintyUnknown":false,"observationCount":1,"geographicOutlier":false}},{"type":"Feature","id":"5fd9be5347a976c4","geometry":{"type":"Point","coordinates":[147.46852,-37.29023]},"properties":{"species":"Petauroides volans","eventDate":"2023-05-02","basisOfRecord":"OCCURRENCE","license":"CC-BY 4.0 (Int)","coordinateUncertaintyM":10.0,"uncertaintyUnknown":false,"observationCount":1,"geographicOutlier":false}},{"type":"Feature","id":"cd67668cabf71b12","geometry":{"type":"Point","coordinates":[149.990822,-31.735667]},"properties":{"species":"Petauroides volans","eventDate":"2023-05-02","basisOfRecord":"HUMAN_OBSERVATION","license":"CC-BY 4.0 (Int)","coordinateUncertaintyM":20.0,"uncertaintyUnknown":false,"observationCount":1,"geographicOutlier":false}},{"type":"Feature","id":"8edcdde272aa1761","geometry":{"type":"Point","coordinates":[147.46718,-37.29536]},"properties":{"species":"Petauroides volans","eventDate":"2023-05-02","basisOfRecord":"OCCURRENCE","license":"CC-BY 4.0 (Int)","coordinateUncertaintyM":10.0,"uncertaintyUnknown":false,"observationCount":1,"geographicOutlier":false}},{"type":"Feature","id":"11700b6aa0bba926","geometry":{"type":"Point","coordinates":[147.47096,-37.29077]},"properties":{"species":"Petauroides volans","eventDate":"2023-05-02","basisOfRecord":"OCCURRENCE","license":"CC-BY 4.0 (Int)","coordinateUncertaintyM":10.0,"uncertaintyUnknown":false,"observationCount":1,"geographicOutlier":false}},{"type":"Feature","id":"d23eb8cf9724b5db","geometry":{"type":"Point","coordinates":[147.46674,-37.29562]},"properties":{"species":"Petauroides volans","eventDate":"2023-05-02","basisOfRecord":"OCCURRENCE","license":"CC-BY 4.0 (Int)","coordinateUncertaintyM":10.0,"uncertaintyUnknown":false,"observationCount":1,"geographicOutlier":false}},{"type":"Feature","id":"51c93ba11830cc4e","geometry":{"type":"Point","coordinates":[145.59588,-37.34464]},"properties":{"species":"Petauroides volans","eventDate":"2023-04-30","basisOfRecord":"OCCURRENCE","license":"CC-BY 4.0 (Int)","coordinateUncertaintyM":15.0,"uncertaintyUnknown":false,"observationCount":1,"geographicOutlier":false}},{"type":"Feature","id":"03edeb6f7701867c","geometry":{"type":"Point","coordinates":[145.5935,-37.3476]},"properties":{"species":"Petauroides volans","eventDate":"2023-04-30","basisOfRecord":"OCCURRENCE","license":"CC-BY 4.0 (Int)","coordinateUncertaintyM":15.0,"uncertaintyUnknown":false,"observationCount":1,"geographicOutlier":false}},{"type":"Feature","id":"7ed6e8f2cc727bf7","geometry":{"type":"Point","coordinates":[145.59102,-37.34566]},"properties":{"species":"Petauroides volans","eventDate":"2023-04-30","basisOfRecord":"OCCURRENCE","license":"CC-BY 4.0 (Int)","coordinateUncertaintyM":15.0,"uncertaintyUnknown":false,"observationCount":1,"geographicOutlier":false}},{"type":"Feature","id":"0fd75a710881b2eb","geometry":{"type":"Point","coordinates":[145.95931,-37.43814]},"properties":{"species":"Petauroides volans","eventDate":"2023-04-26","basisOfRecord":"OCCURRENCE","license":"CC-BY 4.0 (Int)","coordinateUncertaintyM":10.0,"uncertaintyUnknown":false,"observationCount":1,"geographicOutlier":false}},{"type":"Feature","id":"a0aefd38e5458289","geometry":{"type":"Point","coordinates":[152.357413,-29.515588]},"properties":{"species":"Petauroides volans","eventDate":"2023-04-26","basisOfRecord":"HUMAN_OBSERVATION","license":"CC-BY 4.0 (Int)","coordinateUncertaintyM":100.0,"uncertaintyUnknown":false,"observationCount":2,"geographicOutlier":false}},{"type":"Feature","id":"7088b1a9f4f03867","geometry":{"type":"Point","coordinates":[145.95175,-37.51674]},"properties":{"species":"Petauroides volans","eventDate":"2023-04-25","basisOfRecord":"OCCURRENCE","license":"CC-BY 4.0 (Int)","coordinateUncertaintyM":10.0,"uncertaintyUnknown":false,"observationCount":1,"geographicOutlier":false}},{"type":"Feature","id":"01fdc0f0540e4c3c","geometry":{"type":"Point","coordinates":[145.95491,-37.51796]},"properties":{"species":"Petauroides volans","eventDate":"2023-04-25","basisOfRecord":"OCCURRENCE","license":"CC-BY 4.0 (Int)","coordinateUncertaintyM":10.0,"uncertaintyUnknown":false,"observationCount":1,"geographicOutlier":false}},{"type":"Feature","id":"0c286d21397f3e53","geometry":{"type":"Point","coordinates":[145.9164,-37.5576]},"properties":{"species":"Petauroides volans","eventDate":"2023-04-24","basisOfRecord":"OCCURRENCE","license":"CC-BY 4.0 (Int)","coordinateUncertaintyM":10.0,"uncertaintyUnknown":false,"observationCount":1,"geographicOutlier":false}},{"type":"Feature","id":"8d83da91bf4274bc","geometry":{"type":"Point","coordinates":[145.92187,-37.55297]},"properties":{"species":"Petauroides volans","eventDate":"2023-04-24","basisOfRecord":"OCCURRENCE","license":"CC-BY 4.0 (Int)","coordinateUncertaintyM":10.0,"uncertaintyUnknown":false,"observationCount":1,"geographicOutlier":false}},{"type":"Feature","id":"86959b18aef6d344","geometry":{"type":"Point","coordinates":[146.14389,-38.22972]},"properties":{"species":"Petauroides volans","eventDate":"2023-04-21","basisOfRecord":"OCCURRENCE","license":"CC-BY 4.0 (Int)","coordinateUncertaintyM":100.0,"uncertaintyUnknown":false,"observationCount":1,"geographicOutlier":false}},{"type":"Feature","id":"cad2235e2cecadb7","geometry":{"type":"Point","coordinates":[145.46125,-37.48023]},"properties":{"species":"Petauroides volans","eventDate":"2023-04-20","basisOfRecord":"OCCURRENCE","license":"CC-BY 4.0 (Int)","coordinateUncertaintyM":10.0,"uncertaintyUnknown":false,"observationCount":1,"geographicOutlier":false}},{"type":"Feature","id":"bdd3ec2a81d43ab7","geometry":{"type":"Point","coordinates":[147.47871,-37.69013]},"properties":{"species":"Petauroides volans","eventDate":"2023-04-20","basisOfRecord":"OCCURRENCE","license":"CC-BY 4.0 (Int)","coordinateUncertaintyM":10.0,"uncertaintyUnknown":false,"observationCount":1,"geographicOutlier":false}},{"type":"Feature","id":"f196b7f9f5f222a2","geometry":{"type":"Point","coordinates":[147.47714,-37.68951]},"properties":{"species":"Petauroides volans","eventDate":"2023-04-20","basisOfRecord":"OCCURRENCE","license":"CC-BY 4.0 (Int)","coordinateUncertaintyM":10.0,"uncertaintyUnknown":false,"observationCount":1,"geographicOutlier":false}},{"type":"Feature","id":"7bbdf04bfe47f16c","geometry":{"type":"Point","coordinates":[147.47343,-37.71943]},"properties":{"species":"Petauroides volans","eventDate":"2023-04-19","basisOfRecord":"OCCURRENCE","license":"CC-BY 4.0 (Int)","coordinateUncertaintyM":10.0,"uncertaintyUnknown":false,"observationCount":1,"geographicOutlier":false}},{"type":"Feature","id":"6ee5eb68fdda5f1f","geometry":{"type":"Point","coordinates":[146.09552,-37.92421]},"properties":{"species":"Petauroides volans","eventDate":"2023-04-19","basisOfRecord":"OCCURRENCE","license":"CC-BY 4.0 (Int)","coordinateUncertaintyM":10.0,"uncertaintyUnknown":false,"observationCount":1,"geographicOutlier":false}},{"type":"Feature","id":"30bbffd011230673","geometry":{"type":"Point","coordinates":[150.249282,-33.389383]},"properties":{"species":"Petauroides volans","eventDate":"2023-04-19","basisOfRecord":"HUMAN_OBSERVATION","license":"CC-BY 4.0 (Int)","coordinateUncertaintyM":1.0,"uncertaintyUnknown":false,"observationCount":1,"geographicOutlier":false}},{"type":"Feature","id":"079aea137eea853e","geometry":{"type":"Point","coordinates":[145.89765,-37.92693]},"properties":{"species":"Petauroides volans","eventDate":"2023-04-18","basisOfRecord":"OCCURRENCE","license":"CC-BY 4.0 (Int)","coordinateUncertaintyM":10.0,"uncertaintyUnknown":false,"observationCount":1,"geographicOutlier":false}},{"type":"Feature","id":"3cb69c7fa02c19d4","geometry":{"type":"Point","coordinates":[145.89899,-37.9318]},"properties":{"species":"Petauroides volans","eventDate":"2023-04-18","basisOfRecord":"OCCURRENCE","license":"CC-BY 4.0 (Int)","coordinateUncertaintyM":10.0,"uncertaintyUnknown":false,"observationCount":1,"geographicOutlier":false}},{"type":"Feature","id":"0337993f3404cf93","geometry":{"type":"Point","coordinates":[148.82041,-37.14615]},"properties":{"species":"Petauroides volans","eventDate":"2023-04-18","basisOfRecord":"OCCURRENCE","license":"CC-BY 4.0 (Int)","coordinateUncertaintyM":10.0,"uncertaintyUnknown":false,"observationCount":1,"geographicOutlier":false}},{"type":"Feature","id":"baf953134efc3117","geometry":{"type":"Point","coordinates":[145.69319,-37.58929]},"properties":{"species":"Petauroides volans","eventDate":"2023-04-18","basisOfRecord":"OCCURRENCE","license":"CC-BY 4.0 (Int)","coordinateUncertaintyM":10.0,"uncertaintyUnknown":false,"observationCount":1,"geographicOutlier":false}},{"type":"Feature","id":"ffeb0986415de49b","geometry":{"type":"Point","coordinates":[145.69279,-37.5866]},"properties":{"species":"Petauroides volans","eventDate":"2023-04-18","basisOfRecord":"OCCURRENCE","license":"CC-BY 4.0 (Int)","coordinateUncertaintyM":10.0,"uncertaintyUnknown":false,"observationCount":1,"geographicOutlier":false}},{"type":"Feature","id":"899218b18fc6a44b","geometry":{"type":"Point","coordinates":[145.68419,-37.58022]},"properties":{"species":"Petauroides volans","eventDate":"2023-04-17","basisOfRecord":"OCCURRENCE","license":"CC-BY 4.0 (Int)","coordinateUncertaintyM":10.0,"uncertaintyUnknown":false,"observationCount":1,"geographicOutlier":false}},{"type":"Feature","id":"752ab0f414b3ff81","geometry":{"type":"Point","coordinates":[145.68953,-37.5799]},"properties":{"species":"Petauroides volans","eventDate":"2023-04-17","basisOfRecord":"OCCURRENCE","license":"CC-BY 4.0 (Int)","coordinateUncertaintyM":10.0,"uncertaintyUnknown":false,"observationCount":1,"geographicOutlier":false}},{"type":"Feature","id":"ec353e570678768b","geometry":{"type":"Point","coordinates":[145.68444,-37.58127]},"properties":{"species":"Petauroides volans","eventDate":"2023-04-17","basisOfRecord":"OCCURRENCE","license":"CC-BY 4.0 (Int)","coordinateUncertaintyM":10.0,"uncertaintyUnknown":false,"observationCount":1,"geographicOutlier":false}},{"type":"Feature","id":"99d766995c4be6a8","geometry":{"type":"Point","coordinates":[145.87351,-37.90333]},"properties":{"species":"Petauroides volans","eventDate":"2023-04-17","basisOfRecord":"OCCURRENCE","license":"CC-BY 4.0 (Int)","coordinateUncertaintyM":10.0,"uncertaintyUnknown":false,"observationCount":1,"geographicOutlier":false}},{"type":"Feature","id":"ad1a969b719db5ef","geometry":{"type":"Point","coordinates":[145.68518,-37.57864]},"properties":{"species":"Petauroides volans","eventDate":"2023-04-17","basisOfRecord":"OCCURRENCE","license":"CC-BY 4.0 (Int)","coordinateUncertaintyM":10.0,"uncertaintyUnknown":false,"observationCount":1,"geographicOutlier":false}},{"type":"Feature","id":"1b3b38fdb82f6bec","geometry":{"type":"Point","coordinates":[145.48441,-37.46377]},"properties":{"species":"Petauroides volans","eventDate":"2023-04-17","basisOfRecord":"OCCURRENCE","license":"CC-BY 4.0 (Int)","coordinateUncertaintyM":15.0,"uncertaintyUnknown":false,"observationCount":1,"geographicOutlier":false}},{"type":"Feature","id":"cb0fd2b1fa490ad4","geometry":{"type":"Point","coordinates":[150.189213,-33.334033]},"properties":{"species":"Petauroides volans","eventDate":"2023-04-13","basisOfRecord":"HUMAN_OBSERVATION","license":"CC-BY 4.0 (Int)","coordinateUncertaintyM":1.0,"uncertaintyUnknown":false,"observationCount":1,"geographicOutlier":false}},{"type":"Feature","id":"98987df3d450dbe1","geometry":{"type":"Point","coordinates":[145.94469,-37.88518]},"properties":{"species":"Petauroides volans","eventDate":"2023-04-12","basisOfRecord":"OCCURRENCE","license":"CC-BY 4.0 (Int)","coordinateUncertaintyM":10.0,"uncertaintyUnknown":false,"observationCount":1,"geographicOutlier":false}},{"type":"Feature","id":"829d7cda0a6a99ed","geometry":{"type":"Point","coordinates":[147.61278,-37.36137]},"properties":{"species":"Petauroides volans","eventDate":"2023-04-11","basisOfRecord":"OCCURRENCE","license":"CC-BY 4.0 (Int)","coordinateUncertaintyM":10.0,"uncertaintyUnknown":false,"observationCount":1,"geographicOutlier":false}},{"type":"Feature","id":"814b5c0cb569dda8","geometry":{"type":"Point","coordinates":[145.9503,-37.85684]},"properties":{"species":"Petauroides volans","eventDate":"2023-04-11","basisOfRecord":"OCCURRENCE","license":"CC-BY 4.0 (Int)","coordinateUncertaintyM":10.0,"uncertaintyUnknown":false,"observationCount":1,"geographicOutlier":false}},{"type":"Feature","id":"0050a216a171c093","geometry":{"type":"Point","coordinates":[149.5053,-36.161007]},"properties":{"species":"Petauroides volans","eventDate":"2023-04-04","basisOfRecord":"HUMAN_OBSERVATION","license":"CC-BY 4.0 (Int)","coordinateUncertaintyM":10.0,"uncertaintyUnknown":false,"observationCount":1,"geographicOutlier":false}},{"type":"Feature","id":"1701c57b2539b470","geometry":{"type":"Point","coordinates":[150.556985,-34.792991]},"properties":{"species":"Petauroides volans","eventDate":"2023-04-04","basisOfRecord":"HUMAN_OBSERVATION","license":"CC-BY 4.0 (Int)","coordinateUncertaintyM":10.0,"uncertaintyUnknown":false,"observationCount":1,"geographicOutlier":false}},{"type":"Feature","id":"ad89ee5ccf79f917","geometry":{"type":"Point","coordinates":[149.506166,-36.16271]},"properties":{"species":"Petauroides volans","eventDate":"2023-04-04","basisOfRecord":"HUMAN_OBSERVATION","license":"CC-BY 4.0 (Int)","coordinateUncertaintyM":10.0,"uncertaintyUnknown":false,"observationCount":1,"geographicOutlier":false}},{"type":"Feature","id":"628a48e891ac4d1f","geometry":{"type":"Point","coordinates":[149.505495,-36.167123]},"properties":{"species":"Petauroides volans","eventDate":"2023-04-04","basisOfRecord":"HUMAN_OBSERVATION","license":"CC-BY 4.0 (Int)","coordinateUncertaintyM":10.0,"uncertaintyUnknown":false,"observationCount":1,"geographicOutlier":false}},{"type":"Feature","id":"494a4586cf418a05","geometry":{"type":"Point","coordinates":[150.71244,-34.974097]},"properties":{"species":"Petauroides volans","eventDate":"2023-04-03","basisOfRecord":"HUMAN_OBSERVATION","license":"CC-BY 4.0 (Int)","coordinateUncertaintyM":5.0,"uncertaintyUnknown":false,"observationCount":1,"geographicOutlier":false}},{"type":"Feature","id":"92b7755a26600b87","geometry":{"type":"Point","coordinates":[145.55985,-37.48013]},"properties":{"species":"Petauroides volans","eventDate":"2023-03-30","basisOfRecord":"OCCURRENCE","license":"CC-BY 4.0 (Int)","coordinateUncertaintyM":5.0,"uncertaintyUnknown":false,"observationCount":1,"geographicOutlier":false}},{"type":"Feature","id":"97db2ccb5b00330b","geometry":{"type":"Point","coordinates":[145.59017,-37.25444]},"properties":{"species":"Petauroides volans","eventDate":"2023-03-25","basisOfRecord":"OCCURRENCE","license":"CC-BY 4.0 (Int)","coordinateUncertaintyM":15.0,"uncertaintyUnknown":false,"observationCount":1,"geographicOutlier":false}},{"type":"Feature","id":"b3ba623e1fe505ba","geometry":{"type":"Point","coordinates":[152.084217,-31.362247]},"properties":{"species":"Petauroides volans","eventDate":"2023-03-19","basisOfRecord":"HUMAN_OBSERVATION","license":"CC-BY 4.0 (Int)","coordinateUncertaintyM":1000.0,"uncertaintyUnknown":false,"observationCount":1,"geographicOutlier":false}},{"type":"Feature","id":"352733e116e54b4f","geometry":{"type":"Point","coordinates":[151.85814,-31.281582]},"properties":{"species":"Petauroides volans","eventDate":"2023-03-16","basisOfRecord":"HUMAN_OBSERVATION","license":"CC-BY 4.0 (Int)","coordinateUncertaintyM":100.0,"uncertaintyUnknown":false,"observationCount":1,"geographicOutlier":false}},{"type":"Feature","id":"4ebe26324ac135f7","geometry":{"type":"Point","coordinates":[145.69507,-37.5757]},"properties":{"species":"Petauroides volans","eventDate":"2023-03-15","basisOfRecord":"OBSERVATION","license":"CC-BY 4.0 (Int)","coordinateUncertaintyM":10.0,"uncertaintyUnknown":false,"observationCount":1,"geographicOutlier":false}},{"type":"Feature","id":"9047e5d37b52cdc8","geometry":{"type":"Point","coordinates":[145.67736,-37.86067]},"properties":{"species":"Petauroides volans","eventDate":"2023-03-15","basisOfRecord":"OCCURRENCE","license":"CC-BY 4.0 (Int)","coordinateUncertaintyM":5.0,"uncertaintyUnknown":false,"observationCount":1,"geographicOutlier":false}},{"type":"Feature","id":"9225d22fdfa82ed6","geometry":{"type":"Point","coordinates":[145.6763,-37.86116]},"properties":{"species":"Petauroides volans","eventDate":"2023-03-15","basisOfRecord":"OCCURRENCE","license":"CC-BY 4.0 (Int)","coordinateUncertaintyM":5.0,"uncertaintyUnknown":false,"observationCount":1,"geographicOutlier":false}},{"type":"Feature","id":"489b00b9bef7adc5","geometry":{"type":"Point","coordinates":[145.69707,-37.57757]},"properties":{"species":"Petauroides volans","eventDate":"2023-03-15","basisOfRecord":"OBSERVATION","license":"CC-BY 4.0 (Int)","coordinateUncertaintyM":10.0,"uncertaintyUnknown":false,"observationCount":1,"geographicOutlier":false}},{"type":"Feature","id":"b855432d68ce5f41","geometry":{"type":"Point","coordinates":[145.67502,-37.86199]},"properties":{"species":"Petauroides volans","eventDate":"2023-03-15","basisOfRecord":"OCCURRENCE","license":"CC-BY 4.0 (Int)","coordinateUncertaintyM":5.0,"uncertaintyUnknown":false,"observationCount":1,"geographicOutlier":false}},{"type":"Feature","id":"5a13c0f27a302ce6","geometry":{"type":"Point","coordinates":[145.67308,-37.85789]},"properties":{"species":"Petauroides volans","eventDate":"2023-03-14","basisOfRecord":"OCCURRENCE","license":"CC-BY 4.0 (Int)","coordinateUncertaintyM":5.0,"uncertaintyUnknown":false,"observationCount":1,"geographicOutlier":false}},{"type":"Feature","id":"c4900de6f5491e16","geometry":{"type":"Point","coordinates":[145.67653,-37.8587]},"properties":{"species":"Petauroides volans","eventDate":"2023-03-14","basisOfRecord":"OCCURRENCE","license":"CC-BY 4.0 (Int)","coordinateUncertaintyM":5.0,"uncertaintyUnknown":false,"observationCount":1,"geographicOutlier":false}},{"type":"Feature","id":"99aea6d67cc15745","geometry":{"type":"Point","coordinates":[145.67784,-37.85794]},"properties":{"species":"Petauroides volans","eventDate":"2023-03-14","basisOfRecord":"OCCURRENCE","license":"CC-BY 4.0 (Int)","coordinateUncertaintyM":5.0,"uncertaintyUnknown":false,"observationCount":1,"geographicOutlier":false}},{"type":"Feature","id":"eca924aeef5e1de5","geometry":{"type":"Point","coordinates":[145.67409,-37.85795]},"properties":{"species":"Petauroides volans","eventDate":"2023-03-14","basisOfRecord":"OCCURRENCE","license":"CC-BY 4.0 (Int)","coordinateUncertaintyM":5.0,"uncertaintyUnknown":false,"observationCount":1,"geographicOutlier":false}},{"type":"Feature","id":"7b1ae7c434c2ec6a","geometry":{"type":"Point","coordinates":[153.102,-29.064278]},"properties":{"species":"Petauroides volans","eventDate":"2023-03-09","basisOfRecord":"HUMAN_OBSERVATION","license":"CC-BY 4.0 (Int)","coordinateUncertaintyM":5.0,"uncertaintyUnknown":false,"observationCount":1,"geographicOutlier":false}},{"type":"Feature","id":"73e86c7d2a02984f","geometry":{"type":"Point","coordinates":[150.172466,-33.384933]},"properties":{"species":"Petauroides volans","eventDate":"2023-03-07","basisOfRecord":"HUMAN_OBSERVATION","license":"CC-BY 4.0 (Int)","coordinateUncertaintyM":1.0,"uncertaintyUnknown":false,"observationCount":1,"geographicOutlier":false}},{"type":"Feature","id":"d162540e82563d2d","geometry":{"type":"Point","coordinates":[145.45748,-37.46099]},"properties":{"species":"Petauroides volans","eventDate":"2023-03-07","basisOfRecord":"OCCURRENCE","license":"CC-BY 4.0 (Int)","coordinateUncertaintyM":10.0,"uncertaintyUnknown":false,"observationCount":1,"geographicOutlier":false}},{"type":"Feature","id":"d07a644d5923aa2c","geometry":{"type":"Point","coordinates":[145.97456,-37.63036]},"properties":{"species":"Petauroides volans","eventDate":"2023-03-06","basisOfRecord":"OCCURRENCE","license":"CC-BY 4.0 (Int)","coordinateUncertaintyM":5.0,"uncertaintyUnknown":false,"observationCount":1,"geographicOutlier":false}},{"type":"Feature","id":"37b80852ce94a3de","geometry":{"type":"Point","coordinates":[145.91206,-36.80165]},"properties":{"species":"Petauroides volans","eventDate":"2023-03-06","basisOfRecord":"OCCURRENCE","license":"CC-BY 4.0 (Int)","coordinateUncertaintyM":10.0,"uncertaintyUnknown":false,"observationCount":1,"geographicOutlier":false}},{"type":"Feature","id":"05f5d9e63aec57cc","geometry":{"type":"Point","coordinates":[145.45635,-37.46213]},"properties":{"species":"Petauroides volans","eventDate":"2023-03-02","basisOfRecord":"OCCURRENCE","license":"CC-BY 4.0 (Int)","coordinateUncertaintyM":10.0,"uncertaintyUnknown":false,"observationCount":1,"geographicOutlier":false}},{"type":"Feature","id":"cba092dc9822890f","geometry":{"type":"Point","coordinates":[144.26298,-37.34623]},"properties":{"species":"Petauroides volans","eventDate":"2023-03-01","basisOfRecord":"OBSERVATION","license":"CC-BY 4.0 (Int)","coordinateUncertaintyM":10.0,"uncertaintyUnknown":false,"observationCount":1,"geographicOutlier":false}},{"type":"Feature","id":"775d022e1392be9e","geometry":{"type":"Point","coordinates":[145.58839,-37.52969]},"properties":{"species":"Petauroides volans","eventDate":"2023-02-28","basisOfRecord":"OCCURRENCE","license":"CC-BY 4.0 (Int)","coordinateUncertaintyM":5.0,"uncertaintyUnknown":false,"observationCount":1,"geographicOutlier":false}},{"type":"Feature","id":"58bf1fb90bfcff1e","geometry":{"type":"Point","coordinates":[145.90875,-36.80484]},"properties":{"species":"Petauroides volans","eventDate":"2023-02-27","basisOfRecord":"OCCURRENCE","license":"CC-BY 4.0 (Int)","coordinateUncertaintyM":25.0,"uncertaintyUnknown":false,"observationCount":1,"geographicOutlier":false}},{"type":"Feature","id":"b0b9d65e2a516c25","geometry":{"type":"Point","coordinates":[145.9381,-36.9106]},"properties":{"species":"Petauroides volans","eventDate":"2023-02-25","basisOfRecord":"OCCURRENCE","license":"CC-BY 4.0 (Int)","coordinateUncertaintyM":20.0,"uncertaintyUnknown":false,"observationCount":1,"geographicOutlier":false}},{"type":"Feature","id":"46dff96b4ceb8a1b","geometry":{"type":"Point","coordinates":[150.149396,-33.373316]},"properties":{"species":"Petauroides volans","eventDate":"2023-02-24","basisOfRecord":"HUMAN_OBSERVATION","license":"CC-BY 4.0 (Int)","coordinateUncertaintyM":1.0,"uncertaintyUnknown":false,"observationCount":1,"geographicOutlier":false}},{"type":"Feature","id":"5f96c23121888a5e","geometry":{"type":"Point","coordinates":[150.652223,-34.530727]},"properties":{"species":"Petauroides volans","eventDate":"2023-02-22","basisOfRecord":"HUMAN_OBSERVATION","license":"CC-BY 4.0 (Int)","coordinateUncertaintyM":10.0,"uncertaintyUnknown":false,"observationCount":1,"geographicOutlier":false}},{"type":"Feature","id":"9a12ea797325e651","geometry":{"type":"Point","coordinates":[146.16483,-37.88956]},"properties":{"species":"Petauroides volans","eventDate":"2023-02-22","basisOfRecord":"OCCURRENCE","license":"CC-BY 4.0 (Int)","coordinateUncertaintyM":5.0,"uncertaintyUnknown":false,"observationCount":1,"geographicOutlier":false}},{"type":"Feature","id":"a691578b5b96cb17","geometry":{"type":"Point","coordinates":[152.756661,-31.178723]},"properties":{"species":"Petauroides volans","eventDate":"2023-02-15","basisOfRecord":"HUMAN_OBSERVATION","license":"CC-BY 4.0 (Int)","coordinateUncertaintyM":10.0,"uncertaintyUnknown":false,"observationCount":1,"geographicOutlier":false}},{"type":"Feature","id":"ef8e1eb56716fd56","geometry":{"type":"Point","coordinates":[152.56473,-30.185543]},"properties":{"species":"Petauroides volans","eventDate":"2023-02-14","basisOfRecord":"HUMAN_OBSERVATION","license":"CC-BY 4.0 (Int)","coordinateUncertaintyM":20.0,"uncertaintyUnknown":false,"observationCount":1,"geographicOutlier":false}},{"type":"Feature","id":"6ecec94f78fd0439","geometry":{"type":"Point","coordinates":[145.9847,-37.8848]},"properties":{"species":"Petauroides volans","eventDate":"2023-02-13","basisOfRecord":"OBSERVATION","license":"CC-BY 4.0 (Int)","coordinateUncertaintyM":10.0,"uncertaintyUnknown":false,"observationCount":1,"geographicOutlier":false}},{"type":"Feature","id":"cc3ec27dd8f528cb","geometry":{"type":"Point","coordinates":[145.8232,-36.92113]},"properties":{"species":"Petauroides volans","eventDate":"2023-02-08","basisOfRecord":"OCCURRENCE","license":"CC-BY 4.0 (Int)","coordinateUncertaintyM":25.0,"uncertaintyUnknown":false,"observationCount":1,"geographicOutlier":false}},{"type":"Feature","id":"afac03cbe7e05304","geometry":{"type":"Point","coordinates":[150.484536,-34.101471]},"properties":{"species":"Petauroides volans","eventDate":"2023-02-04","basisOfRecord":"HUMAN_OBSERVATION","license":"CC-BY 4.0 (Int)","coordinateUncertaintyM":3.0,"uncertaintyUnknown":false,"observationCount":1,"geographicOutlier":false}},{"type":"Feature","id":"82c6a93a5898a03f","geometry":{"type":"Point","coordinates":[152.061173,-28.83831]},"properties":{"species":"Petauroides volans","eventDate":"2023-02-02","basisOfRecord":"HUMAN_OBSERVATION","license":"CC-BY 4.0 (Int)","coordinateUncertaintyM":100.0,"uncertaintyUnknown":false,"observationCount":1,"geographicOutlier":false}},{"type":"Feature","id":"08128165a0da1d79","geometry":{"type":"Point","coordinates":[145.95444,-36.91223]},"properties":{"species":"Petauroides volans","eventDate":"2023-02-01","basisOfRecord":"OCCURRENCE","license":"CC-BY 4.0 (Int)","coordinateUncertaintyM":25.0,"uncertaintyUnknown":false,"observationCount":1,"geographicOutlier":false}},{"type":"Feature","id":"804ba55d09381c62","geometry":{"type":"Point","coordinates":[148.69463,-37.2493]},"properties":{"species":"Petauroides volans","eventDate":"2023-01-31","basisOfRecord":"OCCURRENCE","license":"CC-BY 4.0 (Int)","coordinateUncertaintyM":10.0,"uncertaintyUnknown":false,"observationCount":1,"geographicOutlier":false}},{"type":"Feature","id":"a8cc862e18fd49ef","geometry":{"type":"Point","coordinates":[145.3506,-37.4808]},"properties":{"species":"Petauroides volans","eventDate":"2023-01-26","basisOfRecord":"OCCURRENCE","license":"CC-BY 4.0 (Int)","coordinateUncertaintyM":10.0,"uncertaintyUnknown":false,"observationCount":1,"geographicOutlier":false}},{"type":"Feature","id":"ca1cadb3fe50d65f","geometry":{"type":"Point","coordinates":[151.350399,-32.075644]},"properties":{"species":"Petauroides volans","eventDate":"2023-01-23","basisOfRecord":"HUMAN_OBSERVATION","license":"CC-BY 4.0 (Int)","coordinateUncertaintyM":1000.0,"uncertaintyUnknown":false,"observationCount":2,"geographicOutlier":false}},{"type":"Feature","id":"21c12f27408c6e8e","geometry":{"type":"Point","coordinates":[145.63999,-37.31507]},"properties":{"species":"Petauroides volans","eventDate":"2023-01-20","basisOfRecord":"OCCURRENCE","license":"CC-BY 4.0 (Int)","coordinateUncertaintyM":15.0,"uncertaintyUnknown":false,"observationCount":1,"geographicOutlier":false}},{"type":"Feature","id":"fa6710195a073979","geometry":{"type":"Point","coordinates":[151.19623,-31.615327]},"properties":{"species":"Petauroides volans","eventDate":"2023-01-19","basisOfRecord":"HUMAN_OBSERVATION","license":"CC-BY 4.0 (Int)","coordinateUncertaintyM":10.0,"uncertaintyUnknown":false,"observationCount":2,"geographicOutlier":false}},{"type":"Feature","id":"349d18a29e0fad22","geometry":{"type":"Point","coordinates":[150.230503,-34.342618]},"properties":{"species":"Petauroides volans","eventDate":"2023-01-13","basisOfRecord":"HUMAN_OBSERVATION","license":"CC-BY 4.0 (Int)","coordinateUncertaintyM":5.0,"uncertaintyUnknown":false,"observationCount":1,"geographicOutlier":false}},{"type":"Feature","id":"21c02836e99142b8","geometry":{"type":"Point","coordinates":[150.151164,-30.281774]},"properties":{"species":"Petauroides volans","eventDate":"2023-01-11","basisOfRecord":"HUMAN_OBSERVATION","license":"CC-BY 4.0 (Int)","coordinateUncertaintyM":5.0,"uncertaintyUnknown":false,"observationCount":1,"geographicOutlier":false}},{"type":"Feature","id":"fb790232ee80b1f2","geometry":{"type":"Point","coordinates":[144.26771,-37.45815]},"properties":{"species":"Petauroides volans","eventDate":"2023-01-10","basisOfRecord":"OCCURRENCE","license":"CC-BY 4.0 (Int)","coordinateUncertaintyM":5.0,"uncertaintyUnknown":false,"observationCount":1,"geographicOutlier":false}},{"type":"Feature","id":"d1e55e81b7e2d072","geometry":{"type":"Point","coordinates":[144.2664,-37.45844]},"properties":{"species":"Petauroides volans","eventDate":"2023-01-10","basisOfRecord":"OCCURRENCE","license":"CC-BY 4.0 (Int)","coordinateUncertaintyM":5.0,"uncertaintyUnknown":false,"observationCount":1,"geographicOutlier":false}},{"type":"Feature","id":"9daa6d3796bef47b","geometry":{"type":"Point","coordinates":[150.18292,-30.282876]},"properties":{"species":"Petauroides volans","eventDate":"2023-01-10","basisOfRecord":"HUMAN_OBSERVATION","license":"CC-BY 4.0 (Int)","coordinateUncertaintyM":5.0,"uncertaintyUnknown":false,"observationCount":1,"geographicOutlier":false}},{"type":"Feature","id":"e0d87152091fca95","geometry":{"type":"Point","coordinates":[144.1867,-37.46372]},"properties":{"species":"Petauroides volans","eventDate":"2023-01-07","basisOfRecord":"OCCURRENCE","license":"CC-BY 4.0 (Int)","coordinateUncertaintyM":10.0,"uncertaintyUnknown":false,"observationCount":1,"geographicOutlier":false}},{"type":"Feature","id":"d446e7de3f8ce03a","geometry":{"type":"Point","coordinates":[144.19878,-37.43002]},"properties":{"species":"Petauroides volans","eventDate":"2023-01-04","basisOfRecord":"OCCURRENCE","license":"CC-BY 4.0 (Int)","coordinateUncertaintyM":5.0,"uncertaintyUnknown":false,"observationCount":1,"geographicOutlier":false}},{"type":"Feature","id":"feab4694d0474e40","geometry":{"type":"Point","coordinates":[144.30658,-37.43314]},"properties":{"species":"Petauroides volans","eventDate":"2022-12-21","basisOfRecord":"OCCURRENCE","license":"CC-BY 4.0 (Int)","coordinateUncertaintyM":10.0,"uncertaintyUnknown":false,"observationCount":1,"geographicOutlier":false}},{"type":"Feature","id":"831398f0673bcdcc","geometry":{"type":"Point","coordinates":[144.30286,-37.44411]},"properties":{"species":"Petauroides volans","eventDate":"2022-12-20","basisOfRecord":"OCCURRENCE","license":"CC-BY 4.0 (Int)","coordinateUncertaintyM":10.0,"uncertaintyUnknown":false,"observationCount":1,"geographicOutlier":false}},{"type":"Feature","id":"c372e2226c4ed1c9","geometry":{"type":"Point","coordinates":[150.00545,-36.36908]},"properties":{"species":"Petauroides volans","eventDate":"2022-12-20","basisOfRecord":"HUMAN_OBSERVATION","license":"CC-BY 4.0 (Int)","coordinateUncertaintyM":50.0,"uncertaintyUnknown":false,"observationCount":1,"geographicOutlier":false}},{"type":"Feature","id":"8231de800beb2a9e","geometry":{"type":"Point","coordinates":[144.30129,-37.44187]},"properties":{"species":"Petauroides volans","eventDate":"2022-12-20","basisOfRecord":"OCCURRENCE","license":"CC-BY 4.0 (Int)","coordinateUncertaintyM":10.0,"uncertaintyUnknown":false,"observationCount":1,"geographicOutlier":false}},{"type":"Feature","id":"927e9b01a1c3bbb7","geometry":{"type":"Point","coordinates":[150.382196,-34.394774]},"properties":{"species":"Petauroides volans","eventDate":"2022-12-16","basisOfRecord":"HUMAN_OBSERVATION","license":"CC-BY 4.0 (Int)","coordinateUncertaintyM":9.0,"uncertaintyUnknown":false,"observationCount":1,"geographicOutlier":false}},{"type":"Feature","id":"6031d5fd9172311d","geometry":{"type":"Point","coordinates":[145.69864,-37.57765]},"properties":{"species":"Petauroides volans","eventDate":"2022-12-15","basisOfRecord":"OBSERVATION","license":"CC-BY 4.0 (Int)","coordinateUncertaintyM":10.0,"uncertaintyUnknown":false,"observationCount":1,"geographicOutlier":false}},{"type":"Feature","id":"61759ee0fea4fca8","geometry":{"type":"Point","coordinates":[145.7022,-37.57874]},"properties":{"species":"Petauroides volans","eventDate":"2022-12-15","basisOfRecord":"OBSERVATION","license":"CC-BY 4.0 (Int)","coordinateUncertaintyM":10.0,"uncertaintyUnknown":false,"observationCount":1,"geographicOutlier":false}},{"type":"Feature","id":"96570bf324166b4f","geometry":{"type":"Point","coordinates":[145.70254,-37.57785]},"properties":{"species":"Petauroides volans","eventDate":"2022-12-15","basisOfRecord":"OBSERVATION","license":"CC-BY 4.0 (Int)","coordinateUncertaintyM":10.0,"uncertaintyUnknown":false,"observationCount":1,"geographicOutlier":false}},{"type":"Feature","id":"592c2cd0dc65512a","geometry":{"type":"Point","coordinates":[144.23263,-37.36686]},"properties":{"species":"Petauroides volans","eventDate":"2022-12-14","basisOfRecord":"OCCURRENCE","license":"CC-BY 4.0 (Int)","coordinateUncertaintyM":10.0,"uncertaintyUnknown":false,"observationCount":1,"geographicOutlier":false}},{"type":"Feature","id":"34e8fa7b8b3ba11b","geometry":{"type":"Point","coordinates":[149.908414,-34.33624]},"properties":{"species":"Petauroides volans","eventDate":"2022-12-13","basisOfRecord":"HUMAN_OBSERVATION","license":"CC-BY 4.0 (Int)","coordinateUncertaintyM":10.0,"uncertaintyUnknown":false,"observationCount":2,"geographicOutlier":false}},{"type":"Feature","id":"6ef3b4f46c01ca6b","geometry":{"type":"Point","coordinates":[144.25891,-37.45858]},"properties":{"species":"Petauroides volans","eventDate":"2022-12-08","basisOfRecord":"OCCURRENCE","license":"CC-BY 4.0 (Int)","coordinateUncertaintyM":5.0,"uncertaintyUnknown":false,"observationCount":1,"geographicOutlier":false}},{"type":"Feature","id":"3b1694d8078ce7ac","geometry":{"type":"Point","coordinates":[149.8777,-34.058]},"properties":{"species":"Petauroides volans","eventDate":"2022-12-07","basisOfRecord":"HUMAN_OBSERVATION","license":"CC-BY 4.0 (Int)","coordinateUncertaintyM":10.0,"uncertaintyUnknown":false,"observationCount":3,"geographicOutlier":false}},{"type":"Feature","id":"2f8c5a53d86cec48","geometry":{"type":"Point","coordinates":[151.205536,-31.611266]},"properties":{"species":"Petauroides volans","eventDate":"2022-12-06","basisOfRecord":"HUMAN_OBSERVATION","license":"CC-BY 4.0 (Int)","coordinateUncertaintyM":50.0,"uncertaintyUnknown":false,"observationCount":1,"geographicOutlier":false}},{"type":"Feature","id":"ae231cc393666a90","geometry":{"type":"Point","coordinates":[152.222738,-30.709782]},"properties":{"species":"Petauroides volans","eventDate":"2022-12-06","basisOfRecord":"HUMAN_OBSERVATION","license":"CC-BY 4.0 (Int)","coordinateUncertaintyM":3.79,"uncertaintyUnknown":false,"observationCount":1,"geographicOutlier":false}},{"type":"Feature","id":"0f22954c1d5dfe1c","geometry":{"type":"Point","coordinates":[151.170576,-31.621723]},"properties":{"species":"Petauroides volans","eventDate":"2022-12-06","basisOfRecord":"HUMAN_OBSERVATION","license":"CC-BY 4.0 (Int)","coordinateUncertaintyM":50.0,"uncertaintyUnknown":false,"observationCount":1,"geographicOutlier":false}},{"type":"Feature","id":"aeacdee21ac8fac0","geometry":{"type":"Point","coordinates":[151.32355,-33.226056]},"properties":{"species":"Petauroides volans","eventDate":"2022-12-06","basisOfRecord":"HUMAN_OBSERVATION","license":"CC-BY 4.0 (Int)","coordinateUncertaintyM":10.0,"uncertaintyUnknown":false,"observationCount":1,"geographicOutlier":false}},{"type":"Feature","id":"d33171b4680d394c","geometry":{"type":"Point","coordinates":[151.20084,-31.612735]},"properties":{"species":"Petauroides volans","eventDate":"2022-12-06","basisOfRecord":"HUMAN_OBSERVATION","license":"CC-BY 4.0 (Int)","coordinateUncertaintyM":50.0,"uncertaintyUnknown":false,"observationCount":1,"geographicOutlier":false}},{"type":"Feature","id":"44fbb0464ee73a8c","geometry":{"type":"Point","coordinates":[150.22068,-33.386131]},"properties":{"species":"Petauroides volans","eventDate":"2022-12-06","basisOfRecord":"HUMAN_OBSERVATION","license":"CC-BY 4.0 (Int)","coordinateUncertaintyM":250.0,"uncertaintyUnknown":false,"observationCount":1,"geographicOutlier":false}},{"type":"Feature","id":"c6fe5d346af25226","geometry":{"type":"Point","coordinates":[151.174541,-31.611493]},"properties":{"species":"Petauroides volans","eventDate":"2022-12-06","basisOfRecord":"HUMAN_OBSERVATION","license":"CC-BY 4.0 (Int)","coordinateUncertaintyM":50.0,"uncertaintyUnknown":false,"observationCount":1,"geographicOutlier":false}},{"type":"Feature","id":"043a250862fe3607","geometry":{"type":"Point","coordinates":[151.168938,-31.620049]},"properties":{"species":"Petauroides volans","eventDate":"2022-12-06","basisOfRecord":"HUMAN_OBSERVATION","license":"CC-BY 4.0 (Int)","coordinateUncertaintyM":50.0,"uncertaintyUnknown":false,"observationCount":1,"geographicOutlier":false}},{"type":"Feature","id":"381ee600afbdfab3","geometry":{"type":"Point","coordinates":[151.189421,-31.618692]},"properties":{"species":"Petauroides volans","eventDate":"2022-12-06","basisOfRecord":"HUMAN_OBSERVATION","license":"CC-BY 4.0 (Int)","coordinateUncertaintyM":50.0,"uncertaintyUnknown":false,"observationCount":1,"geographicOutlier":false}},{"type":"Feature","id":"01e5232b20085679","geometry":{"type":"Point","coordinates":[151.224585,-31.607218]},"properties":{"species":"Petauroides volans","eventDate":"2022-12-06","basisOfRecord":"HUMAN_OBSERVATION","license":"CC-BY 4.0 (Int)","coordinateUncertaintyM":50.0,"uncertaintyUnknown":false,"observationCount":1,"geographicOutlier":false}},{"type":"Feature","id":"580254807853da2d","geometry":{"type":"Point","coordinates":[151.226645,-31.607243]},"properties":{"species":"Petauroides volans","eventDate":"2022-12-06","basisOfRecord":"HUMAN_OBSERVATION","license":"CC-BY 4.0 (Int)","coordinateUncertaintyM":50.0,"uncertaintyUnknown":false,"observationCount":1,"geographicOutlier":false}},{"type":"Feature","id":"51fb919607490dd3","geometry":{"type":"Point","coordinates":[151.1716,-31.615594]},"properties":{"species":"Petauroides volans","eventDate":"2022-12-06","basisOfRecord":"HUMAN_OBSERVATION","license":"CC-BY 4.0 (Int)","coordinateUncertaintyM":50.0,"uncertaintyUnknown":false,"observationCount":1,"geographicOutlier":false}},{"type":"Feature","id":"8c6d03def0a18d02","geometry":{"type":"Point","coordinates":[150.182401,-33.437999]},"properties":{"species":"Petauroides volans","eventDate":"2022-12-05","basisOfRecord":"HUMAN_OBSERVATION","license":"CC-BY 4.0 (Int)","coordinateUncertaintyM":250.0,"uncertaintyUnknown":false,"observationCount":1,"geographicOutlier":false}},{"type":"Feature","id":"92ed42a2bdf80abb","geometry":{"type":"Point","coordinates":[144.28358,-37.3425]},"properties":{"species":"Petauroides volans","eventDate":"2022-12-02","basisOfRecord":"OCCURRENCE","license":"CC-BY 4.0 (Int)","coordinateUncertaintyM":10.0,"uncertaintyUnknown":false,"observationCount":1,"geographicOutlier":false}},{"type":"Feature","id":"118eda74a90dd329","geometry":{"type":"Point","coordinates":[144.28279,-37.33883]},"properties":{"species":"Petauroides volans","eventDate":"2022-12-01","basisOfRecord":"OCCURRENCE","license":"CC-BY 4.0 (Int)","coordinateUncertaintyM":10.0,"uncertaintyUnknown":false,"observationCount":1,"geographicOutlier":false}},{"type":"Feature","id":"58eda658d1e5a7b7","geometry":{"type":"Point","coordinates":[148.06688,-37.14449]},"properties":{"species":"Petauroides volans","eventDate":"2022-11-29","basisOfRecord":"OCCURRENCE","license":"CC-BY 4.0 (Int)","coordinateUncertaintyM":5.0,"uncertaintyUnknown":false,"observationCount":1,"geographicOutlier":false}},{"type":"Feature","id":"9337435d7c5c54f0","geometry":{"type":"Point","coordinates":[146.18849,-36.80716]},"properties":{"species":"Petauroides volans","eventDate":"2022-11-29","basisOfRecord":"OCCURRENCE","license":"CC-BY 4.0 (Int)","coordinateUncertaintyM":5.0,"uncertaintyUnknown":false,"observationCount":1,"geographicOutlier":false}},{"type":"Feature","id":"6a3ea76fa1e91633","geometry":{"type":"Point","coordinates":[144.26747,-37.47392]},"properties":{"species":"Petauroides volans","eventDate":"2022-11-28","basisOfRecord":"OCCURRENCE","license":"CC-BY 4.0 (Int)","coordinateUncertaintyM":5.0,"uncertaintyUnknown":false,"observationCount":1,"geographicOutlier":false}},{"type":"Feature","id":"37e1129b325834c1","geometry":{"type":"Point","coordinates":[144.27396,-37.46384]},"properties":{"species":"Petauroides volans","eventDate":"2022-11-28","basisOfRecord":"OCCURRENCE","license":"CC-BY 4.0 (Int)","coordinateUncertaintyM":5.0,"uncertaintyUnknown":false,"observationCount":1,"geographicOutlier":false}},{"type":"Feature","id":"ce51d74e82b811e1","geometry":{"type":"Point","coordinates":[145.33103,-37.4469]},"properties":{"species":"Petauroides volans","eventDate":"2022-11-24","basisOfRecord":"OBSERVATION","license":"CC-BY 4.0 (Int)","coordinateUncertaintyM":10.0,"uncertaintyUnknown":false,"observationCount":1,"geographicOutlier":false}},{"type":"Feature","id":"8f376c83ccadab1a","geometry":{"type":"Point","coordinates":[150.44602,-34.630638]},"properties":{"species":"Petauroides volans","eventDate":"2022-11-24","basisOfRecord":"HUMAN_OBSERVATION","license":"CC-BY 4.0 (Int)","coordinateUncertaintyM":10.0,"uncertaintyUnknown":false,"observationCount":1,"geographicOutlier":false}},{"type":"Feature","id":"d828dd65c7d38c98","geometry":{"type":"Point","coordinates":[150.381833,-34.670698]},"properties":{"species":"Petauroides volans","eventDate":"2022-11-23","basisOfRecord":"HUMAN_OBSERVATION","license":"CC-BY 4.0 (Int)","coordinateUncertaintyM":10.0,"uncertaintyUnknown":false,"observationCount":1,"geographicOutlier":false}},{"type":"Feature","id":"5d9722bcbf57b120","geometry":{"type":"Point","coordinates":[144.25077,-37.45769]},"properties":{"species":"Petauroides volans","eventDate":"2022-11-22","basisOfRecord":"OCCURRENCE","license":"CC-BY 4.0 (Int)","coordinateUncertaintyM":5.0,"uncertaintyUnknown":false,"observationCount":1,"geographicOutlier":false}},{"type":"Feature","id":"c30ecdfc2a4e18fd","geometry":{"type":"Point","coordinates":[150.396724,-34.652294]},"properties":{"species":"Petauroides volans","eventDate":"2022-11-22","basisOfRecord":"HUMAN_OBSERVATION","license":"CC-BY 4.0 (Int)","coordinateUncertaintyM":10.0,"uncertaintyUnknown":false,"observationCount":1,"geographicOutlier":false}},{"type":"Feature","id":"6c177d6a8dd783ce","geometry":{"type":"Point","coordinates":[147.91602,-37.22687]},"properties":{"species":"Petauroides volans","eventDate":"2022-11-17","basisOfRecord":"OCCURRENCE","license":"CC-BY 4.0 (Int)","coordinateUncertaintyM":5.0,"uncertaintyUnknown":false,"observationCount":1,"geographicOutlier":false}},{"type":"Feature","id":"ecaab4d82b78b7d8","geometry":{"type":"Point","coordinates":[145.23293,-37.33174]},"properties":{"species":"Petauroides volans","eventDate":"2022-11-17","basisOfRecord":"OCCURRENCE","license":"CC-BY 4.0 (Int)","coordinateUncertaintyM":10.0,"uncertaintyUnknown":false,"observationCount":1,"geographicOutlier":false}},{"type":"Feature","id":"bcb7878b8ea2c855","geometry":{"type":"Point","coordinates":[144.21276,-37.43918]},"properties":{"species":"Petauroides volans","eventDate":"2022-11-16","basisOfRecord":"OCCURRENCE","license":"CC-BY 4.0 (Int)","coordinateUncertaintyM":5.0,"uncertaintyUnknown":false,"observationCount":1,"geographicOutlier":false}},{"type":"Feature","id":"bf9e707385f5ffd9","geometry":{"type":"Point","coordinates":[145.89113,-36.89648]},"properties":{"species":"Petauroides volans","eventDate":"2022-11-15","basisOfRecord":"OBSERVATION","license":"CC-BY 4.0 (Int)","coordinateUncertaintyM":10.0,"uncertaintyUnknown":false,"observationCount":1,"geographicOutlier":false}},{"type":"Feature","id":"c7e41a99077aa5dd","geometry":{"type":"Point","coordinates":[152.18313,-29.867011]},"properties":{"species":"Petauroides volans","eventDate":"2022-11-11","basisOfRecord":"HUMAN_OBSERVATION","license":"CC-BY 4.0 (Int)","coordinateUncertaintyM":100.0,"uncertaintyUnknown":false,"observationCount":1,"geographicOutlier":false}},{"type":"Feature","id":"7331240d995a1e28","geometry":{"type":"Point","coordinates":[151.429056,-31.959401]},"properties":{"species":"Petauroides volans","eventDate":"2022-11-11","basisOfRecord":"HUMAN_OBSERVATION","license":"CC-BY 4.0 (Int)","coordinateUncertaintyM":50.0,"uncertaintyUnknown":false,"observationCount":1,"geographicOutlier":false}},{"type":"Feature","id":"41f9feb17e7ba4be","geometry":{"type":"Point","coordinates":[146.16447,-37.73928]},"properties":{"species":"Petauroides volans","eventDate":"2022-11-10","basisOfRecord":"OBSERVATION","license":"CC-BY 4.0 (Int)","coordinateUncertaintyM":10.0,"uncertaintyUnknown":false,"observationCount":1,"geographicOutlier":false}},{"type":"Feature","id":"a0d016543ec53147","geometry":{"type":"Point","coordinates":[151.297803,-33.014761]},"properties":{"species":"Petauroides volans","eventDate":"2022-11-09","basisOfRecord":"HUMAN_OBSERVATION","license":"CC-BY 4.0 (Int)","coordinateUncertaintyM":1000.0,"uncertaintyUnknown":false,"observationCount":1,"geographicOutlier":false}},{"type":"Feature","id":"3de89a54c687ecab","geometry":{"type":"Point","coordinates":[145.63561,-37.56291]},"properties":{"species":"Petauroides volans","eventDate":"2022-11-09","basisOfRecord":"OCCURRENCE","license":"CC-BY 4.0 (Int)","coordinateUncertaintyM":5.0,"uncertaintyUnknown":false,"observationCount":1,"geographicOutlier":false}},{"type":"Feature","id":"921cf43f84053557","geometry":{"type":"Point","coordinates":[145.63399,-37.56442]},"properties":{"species":"Petauroides volans","eventDate":"2022-11-09","basisOfRecord":"OCCURRENCE","license":"CC-BY 4.0 (Int)","coordinateUncertaintyM":5.0,"uncertaintyUnknown":false,"observationCount":1,"geographicOutlier":false}},{"type":"Feature","id":"de42660788562010","geometry":{"type":"Point","coordinates":[145.89632,-36.89615]},"properties":{"species":"Petauroides volans","eventDate":"2022-11-07","basisOfRecord":"OBSERVATION","license":"CC-BY 4.0 (Int)","coordinateUncertaintyM":10.0,"uncertaintyUnknown":false,"observationCount":1,"geographicOutlier":false}},{"type":"Feature","id":"79d95607fcf93c93","geometry":{"type":"Point","coordinates":[145.60917,-37.40334]},"properties":{"species":"Petauroides volans","eventDate":"2022-11-02","basisOfRecord":"OBSERVATION","license":"CC-BY 4.0 (Int)","coordinateUncertaintyM":10.0,"uncertaintyUnknown":false,"observationCount":1,"geographicOutlier":false}},{"type":"Feature","id":"0180a54bd288e80a","geometry":{"type":"Point","coordinates":[151.403005,-32.969254]},"properties":{"species":"Petauroides volans","eventDate":"2022-10-26","basisOfRecord":"HUMAN_OBSERVATION","license":"CC-BY 4.0 (Int)","coordinateUncertaintyM":10.0,"uncertaintyUnknown":false,"observationCount":1,"geographicOutlier":false}},{"type":"Feature","id":"b32b9669358b9e14","geometry":{"type":"Point","coordinates":[146.1518,-37.545]},"properties":{"species":"Petauroides volans","eventDate":"2022-10-18","basisOfRecord":"OCCURRENCE","license":"CC-BY 4.0 (Int)","coordinateUncertaintyM":5.0,"uncertaintyUnknown":false,"observationCount":1,"geographicOutlier":false}},{"type":"Feature","id":"af0db63bc086f70b","geometry":{"type":"Point","coordinates":[146.16333,-37.73727]},"properties":{"species":"Petauroides volans","eventDate":"2022-10-11","basisOfRecord":"OBSERVATION","license":"CC-BY 4.0 (Int)","coordinateUncertaintyM":10.0,"uncertaintyUnknown":false,"observationCount":1,"geographicOutlier":false}},{"type":"Feature","id":"7e1435b0693331da","geometry":{"type":"Point","coordinates":[146.16118,-37.73723]},"properties":{"species":"Petauroides volans","eventDate":"2022-10-11","basisOfRecord":"OBSERVATION","license":"CC-BY 4.0 (Int)","coordinateUncertaintyM":10.0,"uncertaintyUnknown":false,"observationCount":1,"geographicOutlier":false}},{"type":"Feature","id":"c4ecf8e9335b1e40","geometry":{"type":"Point","coordinates":[145.89111,-36.89375]},"properties":{"species":"Petauroides volans","eventDate":"2022-10-11","basisOfRecord":"OBSERVATION","license":"CC-BY 4.0 (Int)","coordinateUncertaintyM":10.0,"uncertaintyUnknown":false,"observationCount":1,"geographicOutlier":false}},{"type":"Feature","id":"2d960301c49128cb","geometry":{"type":"Point","coordinates":[145.89429,-36.8826]},"properties":{"species":"Petauroides volans","eventDate":"2022-10-10","basisOfRecord":"OBSERVATION","license":"CC-BY 4.0 (Int)","coordinateUncertaintyM":10.0,"uncertaintyUnknown":false,"observationCount":1,"geographicOutlier":false}},{"type":"Feature","id":"42b98f88d9bfed90","geometry":{"type":"Point","coordinates":[145.52348,-37.58504]},"properties":{"species":"Petauroides volans","eventDate":"2022-10-03","basisOfRecord":"OCCURRENCE","license":"CC-BY 4.0 (Int)","coordinateUncertaintyM":10.0,"uncertaintyUnknown":false,"observationCount":1,"geographicOutlier":false}},{"type":"Feature","id":"cb3655a30a40f73f","geometry":{"type":"Point","coordinates":[147.60286,-37.35884]},"properties":{"species":"Petauroides volans","eventDate":"2022-10-03","basisOfRecord":"OCCURRENCE","license":"CC-BY 4.0 (Int)","coordinateUncertaintyM":5.0,"uncertaintyUnknown":false,"observationCount":1,"geographicOutlier":false}},{"type":"Feature","id":"3a83f96fd527a38b","geometry":{"type":"Point","coordinates":[145.62337,-37.31574]},"properties":{"species":"Petauroides volans","eventDate":"2022-10-02","basisOfRecord":"OCCURRENCE","license":"CC-BY 4.0 (Int)","coordinateUncertaintyM":15.0,"uncertaintyUnknown":false,"observationCount":1,"geographicOutlier":false}},{"type":"Feature","id":"3c54d208d2e66b6a","geometry":{"type":"Point","coordinates":[145.48014,-37.47953]},"properties":{"species":"Petauroides volans","eventDate":"2022-09-30","basisOfRecord":"OBSERVATION","license":"CC-BY 4.0 (Int)","coordinateUncertaintyM":10.0,"uncertaintyUnknown":false,"observationCount":1,"geographicOutlier":false}},{"type":"Feature","id":"0873554020aa15a8","geometry":{"type":"Point","coordinates":[145.45754,-37.48262]},"properties":{"species":"Petauroides volans","eventDate":"2022-09-29","basisOfRecord":"OBSERVATION","license":"CC-BY 4.0 (Int)","coordinateUncertaintyM":10.0,"uncertaintyUnknown":false,"observationCount":1,"geographicOutlier":false}},{"type":"Feature","id":"17df28940ef5c4eb","geometry":{"type":"Point","coordinates":[145.52366,-37.6038]},"properties":{"species":"Petauroides volans","eventDate":"2022-09-29","basisOfRecord":"OCCURRENCE","license":"CC-BY 4.0 (Int)","coordinateUncertaintyM":10.0,"uncertaintyUnknown":false,"observationCount":1,"geographicOutlier":false}},{"type":"Feature","id":"1e856a28b3b6a2e3","geometry":{"type":"Point","coordinates":[145.45551,-37.48219]},"properties":{"species":"Petauroides volans","eventDate":"2022-09-29","basisOfRecord":"OBSERVATION","license":"CC-BY 4.0 (Int)","coordinateUncertaintyM":10.0,"uncertaintyUnknown":false,"observationCount":1,"geographicOutlier":false}},{"type":"Feature","id":"b38a2124e7cb02c4","geometry":{"type":"Point","coordinates":[152.081033,-31.334365]},"properties":{"species":"Petauroides volans","eventDate":"2022-09-28","basisOfRecord":"HUMAN_OBSERVATION","license":"CC-BY 4.0 (Int)","coordinateUncertaintyM":20.0,"uncertaintyUnknown":false,"observationCount":1,"geographicOutlier":false}},{"type":"Feature","id":"540a49c46199f019","geometry":{"type":"Point","coordinates":[152.079052,-31.334049]},"properties":{"species":"Petauroides volans","eventDate":"2022-09-28","basisOfRecord":"HUMAN_OBSERVATION","license":"CC-BY 4.0 (Int)","coordinateUncertaintyM":20.0,"uncertaintyUnknown":false,"observationCount":1,"geographicOutlier":false}},{"type":"Feature","id":"4321e6aff7973b2b","geometry":{"type":"Point","coordinates":[152.024558,-31.311909]},"properties":{"species":"Petauroides volans","eventDate":"2022-09-27","basisOfRecord":"HUMAN_OBSERVATION","license":"CC-BY 4.0 (Int)","coordinateUncertaintyM":20.0,"uncertaintyUnknown":false,"observationCount":1,"geographicOutlier":false}},{"type":"Feature","id":"f9dce4b15328e471","geometry":{"type":"Point","coordinates":[152.020999,-31.308366]},"properties":{"species":"Petauroides volans","eventDate":"2022-09-27","basisOfRecord":"HUMAN_OBSERVATION","license":"CC-BY 4.0 (Int)","coordinateUncertaintyM":20.0,"uncertaintyUnknown":false,"observationCount":1,"geographicOutlier":false}},{"type":"Feature","id":"773ea95b9c01ef20","geometry":{"type":"Point","coordinates":[145.79491,-37.82339]},"properties":{"species":"Petauroides volans","eventDate":"2022-09-21","basisOfRecord":"OBSERVATION","license":"CC-BY 4.0 (Int)","coordinateUncertaintyM":10.0,"uncertaintyUnknown":false,"observationCount":1,"geographicOutlier":false}},{"type":"Feature","id":"902b4d79ea2c921e","geometry":{"type":"Point","coordinates":[147.48562,-37.67645]},"properties":{"species":"Petauroides volans","eventDate":"2022-09-19","basisOfRecord":"OBSERVATION","license":"CC-BY 4.0 (Int)","coordinateUncertaintyM":10.0,"uncertaintyUnknown":false,"observationCount":1,"geographicOutlier":false}},{"type":"Feature","id":"ddb0802813f07870","geometry":{"type":"Point","coordinates":[146.11409,-36.85166]},"properties":{"species":"Petauroides volans","eventDate":"2022-09-14","basisOfRecord":"OCCURRENCE","license":"CC-BY 4.0 (Int)","coordinateUncertaintyM":10.0,"uncertaintyUnknown":false,"observationCount":1,"geographicOutlier":false}},{"type":"Feature","id":"4cb6c562e45109bf","geometry":{"type":"Point","coordinates":[152.742222,-28.803611]},"properties":{"species":"Petauroides volans","eventDate":"2022-09-12","basisOfRecord":"HUMAN_OBSERVATION","license":"CC-BY 4.0 (Int)","coordinateUncertaintyM":100.0,"uncertaintyUnknown":false,"observationCount":1,"geographicOutlier":false}},{"type":"Feature","id":"d0feab4956c39566","geometry":{"type":"Point","coordinates":[145.89942,-37.56097]},"properties":{"species":"Petauroides volans","eventDate":"2022-09-07","basisOfRecord":"OBSERVATION","license":"CC-BY 4.0 (Int)","coordinateUncertaintyM":10.0,"uncertaintyUnknown":false,"observationCount":1,"geographicOutlier":false}},{"type":"Feature","id":"597aa94a639d9768","geometry":{"type":"Point","coordinates":[146.18783,-36.80666]},"properties":{"species":"Petauroides volans","eventDate":"2022-09-06","basisOfRecord":"OCCURRENCE","license":"CC-BY 4.0 (Int)","coordinateUncertaintyM":5.0,"uncertaintyUnknown":false,"observationCount":1,"geographicOutlier":false}},{"type":"Feature","id":"db498d8a14387947","geometry":{"type":"Point","coordinates":[150.143821,-33.360782]},"properties":{"species":"Petauroides volans","eventDate":"2022-09-05","basisOfRecord":"HUMAN_OBSERVATION","license":"CC-BY 4.0 (Int)","coordinateUncertaintyM":250.0,"uncertaintyUnknown":false,"observationCount":1,"geographicOutlier":false}},{"type":"Feature","id":"9e4c30a9a62a6116","geometry":{"type":"Point","coordinates":[150.171118,-33.385714]},"properties":{"species":"Petauroides volans","eventDate":"2022-09-05","basisOfRecord":"HUMAN_OBSERVATION","license":"CC-BY 4.0 (Int)","coordinateUncertaintyM":250.0,"uncertaintyUnknown":false,"observationCount":1,"geographicOutlier":false}},{"type":"Feature","id":"32b7bca915b5bbc1","geometry":{"type":"Point","coordinates":[145.68102,-37.80982]},"properties":{"species":"Petauroides volans","eventDate":"2022-08-31","basisOfRecord":"OBSERVATION","license":"CC-BY 4.0 (Int)","coordinateUncertaintyM":10.0,"uncertaintyUnknown":false,"observationCount":1,"geographicOutlier":false}},{"type":"Feature","id":"a8941522dd1500db","geometry":{"type":"Point","coordinates":[145.73144,-37.86935]},"properties":{"species":"Petauroides volans","eventDate":"2022-08-26","basisOfRecord":"OCCURRENCE","license":"CC-BY 4.0 (Int)","coordinateUncertaintyM":5.0,"uncertaintyUnknown":false,"observationCount":1,"geographicOutlier":false}},{"type":"Feature","id":"1e88cd50c16ea0f0","geometry":{"type":"Point","coordinates":[152.649368,-30.170598]},"properties":{"species":"Petauroides volans","eventDate":"2022-08-25","basisOfRecord":"HUMAN_OBSERVATION","license":"CC-BY 4.0 (Int)","coordinateUncertaintyM":10.0,"uncertaintyUnknown":false,"observationCount":1,"geographicOutlier":false}},{"type":"Feature","id":"33ebc8be4127f473","geometry":{"type":"Point","coordinates":[146.02302,-37.84406]},"properties":{"species":"Petauroides volans","eventDate":"2022-08-23","basisOfRecord":"OCCURRENCE","license":"CC-BY 4.0 (Int)","coordinateUncertaintyM":10.0,"uncertaintyUnknown":false,"observationCount":1,"geographicOutlier":false}},{"type":"Feature","id":"bf21dd07d9c5f557","geometry":{"type":"Point","coordinates":[148.96244,-37.20749]},"properties":{"species":"Petauroides volans","eventDate":"2022-08-22","basisOfRecord":"OCCURRENCE","license":"CC-BY 4.0 (Int)","coordinateUncertaintyM":10.0,"uncertaintyUnknown":false,"observationCount":1,"geographicOutlier":false}},{"type":"Feature","id":"1e90aec792ca63c1","geometry":{"type":"Point","coordinates":[148.83167,-37.13552]},"properties":{"species":"Petauroides volans","eventDate":"2022-08-20","basisOfRecord":"OCCURRENCE","license":"CC-BY 4.0 (Int)","coordinateUncertaintyM":10.0,"uncertaintyUnknown":false,"observationCount":1,"geographicOutlier":false}},{"type":"Feature","id":"0537709c87051e54","geometry":{"type":"Point","coordinates":[148.80945,-37.13493]},"properties":{"species":"Petauroides volans","eventDate":"2022-08-19","basisOfRecord":"OCCURRENCE","license":"CC-BY 4.0 (Int)","coordinateUncertaintyM":10.0,"uncertaintyUnknown":false,"observationCount":1,"geographicOutlier":false}},{"type":"Feature","id":"1baba4ab6f75d03b","geometry":{"type":"Point","coordinates":[146.84832,-38.46501]},"properties":{"species":"Petauroides volans","eventDate":"2022-08-17","basisOfRecord":"OCCURRENCE","license":"CC-BY 4.0 (Int)","coordinateUncertaintyM":5.0,"uncertaintyUnknown":false,"observationCount":1,"geographicOutlier":false}},{"type":"Feature","id":"0f1d740983041adb","geometry":{"type":"Point","coordinates":[146.12676,-37.88854]},"properties":{"species":"Petauroides volans","eventDate":"2022-08-15","basisOfRecord":"OBSERVATION","license":"CC-BY 4.0 (Int)","coordinateUncertaintyM":10.0,"uncertaintyUnknown":false,"observationCount":1,"geographicOutlier":false}},{"type":"Feature","id":"2a8d73a69b34c996","geometry":{"type":"Point","coordinates":[146.23699,-36.87104]},"properties":{"species":"Petauroides volans","eventDate":"2022-08-10","basisOfRecord":"OCCURRENCE","license":"CC-BY 4.0 (Int)","coordinateUncertaintyM":10.0,"uncertaintyUnknown":false,"observationCount":1,"geographicOutlier":false}},{"type":"Feature","id":"421bdaa11eecb097","geometry":{"type":"Point","coordinates":[146.23696,-36.87103]},"properties":{"species":"Petauroides volans","eventDate":"2022-08-09","basisOfRecord":"OCCURRENCE","license":"CC-BY 4.0 (Int)","coordinateUncertaintyM":10.0,"uncertaintyUnknown":false,"observationCount":1,"geographicOutlier":false}},{"type":"Feature","id":"5ad74fd1ad875205","geometry":{"type":"Point","coordinates":[145.76233,-37.88844]},"properties":{"species":"Petauroides volans","eventDate":"2022-08-08","basisOfRecord":"OBSERVATION","license":"CC-BY 4.0 (Int)","coordinateUncertaintyM":10.0,"uncertaintyUnknown":false,"observationCount":1,"geographicOutlier":false}},{"type":"Feature","id":"134b00ca97e4aeec","geometry":{"type":"Point","coordinates":[145.62659,-37.30478]},"properties":{"species":"Petauroides volans","eventDate":"2022-08-08","basisOfRecord":"OBSERVATION","license":"CC-BY 4.0 (Int)","coordinateUncertaintyM":10.0,"uncertaintyUnknown":false,"observationCount":1,"geographicOutlier":false}},{"type":"Feature","id":"31c28d728e494635","geometry":{"type":"Point","coordinates":[148.64262,-37.73122]},"properties":{"species":"Petauroides volans","eventDate":"2022-08-03","basisOfRecord":"OCCURRENCE","license":"CC-BY 4.0 (Int)","coordinateUncertaintyM":5.0,"uncertaintyUnknown":false,"observationCount":1,"geographicOutlier":false}},{"type":"Feature","id":"56805d5c68617b49","geometry":{"type":"Point","coordinates":[145.34921,-37.18455]},"properties":{"species":"Petauroides volans","eventDate":"2022-07-31","basisOfRecord":"OCCURRENCE","license":"CC-BY 4.0 (Int)","coordinateUncertaintyM":15.0,"uncertaintyUnknown":false,"observationCount":1,"geographicOutlier":false}},{"type":"Feature","id":"cf28d499222d4195","geometry":{"type":"Point","coordinates":[145.71717,-37.8705]},"properties":{"species":"Petauroides volans","eventDate":"2022-07-29","basisOfRecord":"OCCURRENCE","license":"CC-BY 4.0 (Int)","coordinateUncertaintyM":15.0,"uncertaintyUnknown":false,"observationCount":1,"geographicOutlier":false}},{"type":"Feature","id":"ea49fa06f7150ba8","geometry":{"type":"Point","coordinates":[145.62591,-37.30462]},"properties":{"species":"Petauroides volans","eventDate":"2022-07-28","basisOfRecord":"OBSERVATION","license":"CC-BY 4.0 (Int)","coordinateUncertaintyM":10.0,"uncertaintyUnknown":false,"observationCount":1,"geographicOutlier":false}},{"type":"Feature","id":"d90992439a8c249e","geometry":{"type":"Point","coordinates":[145.62297,-37.29743]},"properties":{"species":"Petauroides volans","eventDate":"2022-07-26","basisOfRecord":"OBSERVATION","license":"CC-BY 4.0 (Int)","coordinateUncertaintyM":10.0,"uncertaintyUnknown":false,"observationCount":1,"geographicOutlier":false}},{"type":"Feature","id":"339386cf6cbc4bd2","geometry":{"type":"Point","coordinates":[147.41397,-37.70022]},"properties":{"species":"Petauroides volans","eventDate":"2022-07-22","basisOfRecord":"OCCURRENCE","license":"CC-BY 4.0 (Int)","coordinateUncertaintyM":5.0,"uncertaintyUnknown":false,"observationCount":1,"geographicOutlier":false}},{"type":"Feature","id":"eacb744dff08b78c","geometry":{"type":"Point","coordinates":[146.91536,-38.42875]},"properties":{"species":"Petauroides volans","eventDate":"2022-07-21","basisOfRecord":"OCCURRENCE","license":"CC-BY 4.0 (Int)","coordinateUncertaintyM":10.0,"uncertaintyUnknown":false,"observationCount":1,"geographicOutlier":false}},{"type":"Feature","id":"1c0145d3858c685b","geometry":{"type":"Point","coordinates":[145.94265,-37.49488]},"properties":{"species":"Petauroides volans","eventDate":"2022-07-20","basisOfRecord":"OCCURRENCE","license":"CC-BY 4.0 (Int)","coordinateUncertaintyM":43.0,"uncertaintyUnknown":false,"observationCount":1,"geographicOutlier":false}},{"type":"Feature","id":"3da8bce79e450c8b","geometry":{"type":"Point","coordinates":[145.93651,-37.49762]},"properties":{"species":"Petauroides volans","eventDate":"2022-07-20","basisOfRecord":"OCCURRENCE","license":"CC-BY 4.0 (Int)","coordinateUncertaintyM":75.0,"uncertaintyUnknown":false,"observationCount":1,"geographicOutlier":false}},{"type":"Feature","id":"3936a5c8337bddd3","geometry":{"type":"Point","coordinates":[145.92483,-37.34396]},"properties":{"species":"Petauroides volans","eventDate":"2022-07-19","basisOfRecord":"OCCURRENCE","license":"CC-BY 4.0 (Int)","coordinateUncertaintyM":74.0,"uncertaintyUnknown":false,"observationCount":1,"geographicOutlier":false}},{"type":"Feature","id":"39e8f2193db61bed","geometry":{"type":"Point","coordinates":[147.53067,-37.67947]},"properties":{"species":"Petauroides volans","eventDate":"2022-07-16","basisOfRecord":"OCCURRENCE","license":"CC-BY 4.0 (Int)","coordinateUncertaintyM":5.0,"uncertaintyUnknown":false,"observationCount":1,"geographicOutlier":false}},{"type":"Feature","id":"36c1693fbbe42819","geometry":{"type":"Point","coordinates":[145.96502,-37.83396]},"properties":{"species":"Petauroides volans","eventDate":"2022-07-14","basisOfRecord":"OBSERVATION","license":"CC-BY 4.0 (Int)","coordinateUncertaintyM":10.0,"uncertaintyUnknown":false,"observationCount":1,"geographicOutlier":false}},{"type":"Feature","id":"5beb17ff3821d244","geometry":{"type":"Point","coordinates":[145.96694,-37.83259]},"properties":{"species":"Petauroides volans","eventDate":"2022-07-14","basisOfRecord":"OBSERVATION","license":"CC-BY 4.0 (Int)","coordinateUncertaintyM":10.0,"uncertaintyUnknown":false,"observationCount":1,"geographicOutlier":false}},{"type":"Feature","id":"e5509e2ab6e6c6f2","geometry":{"type":"Point","coordinates":[145.52979,-37.40979]},"properties":{"species":"Petauroides volans","eventDate":"2022-07-14","basisOfRecord":"OBSERVATION","license":"CC-BY 4.0 (Int)","coordinateUncertaintyM":10.0,"uncertaintyUnknown":false,"observationCount":1,"geographicOutlier":false}},{"type":"Feature","id":"04e53a3bdcf69c00","geometry":{"type":"Point","coordinates":[151.525323,-32.909677]},"properties":{"species":"Petauroides volans","eventDate":"2022-07-12","basisOfRecord":"HUMAN_OBSERVATION","license":"CC-BY 4.0 (Int)","coordinateUncertaintyM":20.0,"uncertaintyUnknown":false,"observationCount":1,"geographicOutlier":false}},{"type":"Feature","id":"d400c933357c9c79","geometry":{"type":"Point","coordinates":[147.47849,-37.68797]},"properties":{"species":"Petauroides volans","eventDate":"2022-07-11","basisOfRecord":"OCCURRENCE","license":"CC-BY 4.0 (Int)","coordinateUncertaintyM":5.0,"uncertaintyUnknown":false,"observationCount":1,"geographicOutlier":false}},{"type":"Feature","id":"253a96ce22dba2af","geometry":{"type":"Point","coordinates":[145.71343,-37.86879]},"properties":{"species":"Petauroides volans","eventDate":"2022-07-10","basisOfRecord":"OBSERVATION","license":"CC-BY 4.0 (Int)","coordinateUncertaintyM":10.0,"uncertaintyUnknown":false,"observationCount":1,"geographicOutlier":false}},{"type":"Feature","id":"c40a5fe43c926c1c","geometry":{"type":"Point","coordinates":[146.23784,-36.81893]},"properties":{"species":"Petauroides volans","eventDate":"2022-07-06","basisOfRecord":"OCCURRENCE","license":"CC-BY 4.0 (Int)","coordinateUncertaintyM":10.0,"uncertaintyUnknown":false,"observationCount":1,"geographicOutlier":false}},{"type":"Feature","id":"0996563222e93109","geometry":{"type":"Point","coordinates":[145.71784,-37.87136]},"properties":{"species":"Petauroides volans","eventDate":"2022-07-05","basisOfRecord":"OBSERVATION","license":"CC-BY 4.0 (Int)","coordinateUncertaintyM":10.0,"uncertaintyUnknown":false,"observationCount":1,"geographicOutlier":false}},{"type":"Feature","id":"7dd35f93abcd722d","geometry":{"type":"Point","coordinates":[147.6703,-37.34912]},"properties":{"species":"Petauroides volans","eventDate":"2022-07-01","basisOfRecord":"OBSERVATION","license":"CC-BY 4.0 (Int)","coordinateUncertaintyM":10.0,"uncertaintyUnknown":false,"observationCount":1,"geographicOutlier":false}},{"type":"Feature","id":"5d27fa4b49a3d72a","geometry":{"type":"Point","coordinates":[147.66965,-37.34909]},"properties":{"species":"Petauroides volans","eventDate":"2022-06-30","basisOfRecord":"OBSERVATION","license":"CC-BY 4.0 (Int)","coordinateUncertaintyM":10.0,"uncertaintyUnknown":false,"observationCount":1,"geographicOutlier":false}},{"type":"Feature","id":"b6e16201bbcac563","geometry":{"type":"Point","coordinates":[145.93486,-37.50128]},"properties":{"species":"Petauroides volans","eventDate":"2022-06-29","basisOfRecord":"OCCURRENCE","license":"CC-BY 4.0 (Int)","coordinateUncertaintyM":5.0,"uncertaintyUnknown":false,"observationCount":1,"geographicOutlier":false}},{"type":"Feature","id":"96c7758a0aa98342","geometry":{"type":"Point","coordinates":[145.93788,-37.49672]},"properties":{"species":"Petauroides volans","eventDate":"2022-06-29","basisOfRecord":"OCCURRENCE","license":"CC-BY 4.0 (Int)","coordinateUncertaintyM":5.0,"uncertaintyUnknown":false,"observationCount":1,"geographicOutlier":false}},{"type":"Feature","id":"c98c90c412b05698","geometry":{"type":"Point","coordinates":[145.93435,-37.50187]},"properties":{"species":"Petauroides volans","eventDate":"2022-06-29","basisOfRecord":"OCCURRENCE","license":"CC-BY 4.0 (Int)","coordinateUncertaintyM":5.0,"uncertaintyUnknown":false,"observationCount":1,"geographicOutlier":false}},{"type":"Feature","id":"d67d7a98bf0126dc","geometry":{"type":"Point","coordinates":[145.93934,-37.4947]},"properties":{"species":"Petauroides volans","eventDate":"2022-06-29","basisOfRecord":"OCCURRENCE","license":"CC-BY 4.0 (Int)","coordinateUncertaintyM":5.0,"uncertaintyUnknown":false,"observationCount":1,"geographicOutlier":false}},{"type":"Feature","id":"3b3efd10bac61f13","geometry":{"type":"Point","coordinates":[146.07725,-37.60744]},"properties":{"species":"Petauroides volans","eventDate":"2022-06-28","basisOfRecord":"OCCURRENCE","license":"CC-BY 4.0 (Int)","coordinateUncertaintyM":5.0,"uncertaintyUnknown":false,"observationCount":1,"geographicOutlier":false}},{"type":"Feature","id":"8c51a3a8074bedad","geometry":{"type":"Point","coordinates":[146.24999,-36.86811]},"properties":{"species":"Petauroides volans","eventDate":"2022-06-27","basisOfRecord":"OCCURRENCE","license":"CC-BY 4.0 (Int)","coordinateUncertaintyM":5.0,"uncertaintyUnknown":false,"observationCount":1,"geographicOutlier":false}},{"type":"Feature","id":"3d70aff707a57ba2","geometry":{"type":"Point","coordinates":[146.25027,-36.86854]},"properties":{"species":"Petauroides volans","eventDate":"2022-06-27","basisOfRecord":"OCCURRENCE","license":"CC-BY 4.0 (Int)","coordinateUncertaintyM":5.0,"uncertaintyUnknown":false,"observationCount":1,"geographicOutlier":false}},{"type":"Feature","id":"41bfc47ed2b8b119","geometry":{"type":"Point","coordinates":[146.25359,-36.8611]},"properties":{"species":"Petauroides volans","eventDate":"2022-06-27","basisOfRecord":"OCCURRENCE","license":"CC-BY 4.0 (Int)","coordinateUncertaintyM":5.0,"uncertaintyUnknown":false,"observationCount":1,"geographicOutlier":false}},{"type":"Feature","id":"b03e788e71a5fefb","geometry":{"type":"Point","coordinates":[145.91194,-37.31201]},"properties":{"species":"Petauroides volans","eventDate":"2022-06-20","basisOfRecord":"OCCURRENCE","license":"CC-BY 4.0 (Int)","coordinateUncertaintyM":86.0,"uncertaintyUnknown":false,"observationCount":1,"geographicOutlier":false}},{"type":"Feature","id":"8635450384bd07d6","geometry":{"type":"Point","coordinates":[146.42314,-38.04302]},"properties":{"species":"Petauroides volans","eventDate":"2022-06-20","basisOfRecord":"OBSERVATION","license":"CC-BY 4.0 (Int)","coordinateUncertaintyM":10.0,"uncertaintyUnknown":false,"observationCount":1,"geographicOutlier":false}},{"type":"Feature","id":"dff2296d8f9ac9da","geometry":{"type":"Point","coordinates":[150.292625,-34.407448]},"properties":{"species":"Petauroides volans","eventDate":"2022-06-16","basisOfRecord":"HUMAN_OBSERVATION","license":"CC-BY 4.0 (Int)","coordinateUncertaintyM":5.0,"uncertaintyUnknown":false,"observationCount":1,"geographicOutlier":false}},{"type":"Feature","id":"88ecd7aef863bd42","geometry":{"type":"Point","coordinates":[150.296955,-34.414997]},"properties":{"species":"Petauroides volans","eventDate":"2022-06-16","basisOfRecord":"HUMAN_OBSERVATION","license":"CC-BY 4.0 (Int)","coordinateUncertaintyM":5.0,"uncertaintyUnknown":false,"observationCount":1,"geographicOutlier":false}},{"type":"Feature","id":"19f5c03ccd44e451","geometry":{"type":"Point","coordinates":[150.30281,-34.412144]},"properties":{"species":"Petauroides volans","eventDate":"2022-06-16","basisOfRecord":"HUMAN_OBSERVATION","license":"CC-BY 4.0 (Int)","coordinateUncertaintyM":5.0,"uncertaintyUnknown":false,"observationCount":1,"geographicOutlier":false}},{"type":"Feature","id":"8b982a7606ab1831","geometry":{"type":"Point","coordinates":[152.201484,-29.844219]},"properties":{"species":"Petauroides volans","eventDate":"2022-06-14","basisOfRecord":"HUMAN_OBSERVATION","license":"CC-BY 4.0 (Int)","coordinateUncertaintyM":10.0,"uncertaintyUnknown":false,"observationCount":1,"geographicOutlier":false}},{"type":"Feature","id":"641977e53630cd1b","geometry":{"type":"Point","coordinates":[146.20694,-37.67181]},"properties":{"species":"Petauroides volans","eventDate":"2022-06-14","basisOfRecord":"OBSERVATION","license":"CC-BY 4.0 (Int)","coordinateUncertaintyM":10.0,"uncertaintyUnknown":false,"observationCount":1,"geographicOutlier":false}},{"type":"Feature","id":"5b4ae84bbab25d15","geometry":{"type":"Point","coordinates":[147.55385,-37.3695]},"properties":{"species":"Petauroides volans","eventDate":"2022-06-07","basisOfRecord":"OCCURRENCE","license":"CC-BY 4.0 (Int)","coordinateUncertaintyM":10.0,"uncertaintyUnknown":false,"observationCount":1,"geographicOutlier":false}},{"type":"Feature","id":"f560b8ab54676075","geometry":{"type":"Point","coordinates":[145.55431,-37.62272]},"properties":{"species":"Petauroides volans","eventDate":"2022-06-02","basisOfRecord":"OCCURRENCE","license":"CC-BY 4.0 (Int)","coordinateUncertaintyM":10.0,"uncertaintyUnknown":false,"observationCount":1,"geographicOutlier":false}},{"type":"Feature","id":"cc9a35a3068846f1","geometry":{"type":"Point","coordinates":[152.207534,-30.096104]},"properties":{"species":"Petauroides volans","eventDate":"2022-05-29","basisOfRecord":"HUMAN_OBSERVATION","license":"CC-BY 4.0 (Int)","coordinateUncertaintyM":10.0,"uncertaintyUnknown":false,"observationCount":1,"geographicOutlier":false}},{"type":"Feature","id":"9e84b594bcbd290a","geometry":{"type":"Point","coordinates":[148.65425,-37.32222]},"properties":{"species":"Petauroides volans","eventDate":"2022-05-26","basisOfRecord":"OCCURRENCE","license":"CC-BY 4.0 (Int)","coordinateUncertaintyM":10.0,"uncertaintyUnknown":false,"observationCount":1,"geographicOutlier":false}},{"type":"Feature","id":"9d6af963f6a681fe","geometry":{"type":"Point","coordinates":[146.02937,-37.85504]},"properties":{"species":"Petauroides volans","eventDate":"2022-05-24","basisOfRecord":"OBSERVATION","license":"CC-BY 4.0 (Int)","coordinateUncertaintyM":10.0,"uncertaintyUnknown":false,"observationCount":1,"geographicOutlier":false}},{"type":"Feature","id":"efdf0f1518053dd3","geometry":{"type":"Point","coordinates":[145.5129,-37.54553]},"properties":{"species":"Petauroides volans","eventDate":"2022-05-24","basisOfRecord":"OCCURRENCE","license":"CC-BY 4.0 (Int)","coordinateUncertaintyM":73.0,"uncertaintyUnknown":false,"observationCount":1,"geographicOutlier":false}},{"type":"Feature","id":"4843b47c70ab5eb1","geometry":{"type":"Point","coordinates":[146.11025,-36.8524]},"properties":{"species":"Petauroides volans","eventDate":"2022-05-24","basisOfRecord":"OCCURRENCE","license":"CC-BY 4.0 (Int)","coordinateUncertaintyM":53.0,"uncertaintyUnknown":false,"observationCount":1,"geographicOutlier":false}},{"type":"Feature","id":"982848878646f942","geometry":{"type":"Point","coordinates":[146.11385,-36.84941]},"properties":{"species":"Petauroides volans","eventDate":"2022-05-24","basisOfRecord":"OCCURRENCE","license":"CC-BY 4.0 (Int)","coordinateUncertaintyM":42.0,"uncertaintyUnknown":false,"observationCount":1,"geographicOutlier":false}},{"type":"Feature","id":"70903e18a40d6485","geometry":{"type":"Point","coordinates":[145.72998,-37.8647]},"properties":{"species":"Petauroides volans","eventDate":"2022-05-20","basisOfRecord":"OCCURRENCE","license":"CC-BY 4.0 (Int)","coordinateUncertaintyM":10.0,"uncertaintyUnknown":false,"observationCount":1,"geographicOutlier":false}},{"type":"Feature","id":"ca57730eaf0621bf","geometry":{"type":"Point","coordinates":[146.10085,-36.84075]},"properties":{"species":"Petauroides volans","eventDate":"2022-05-19","basisOfRecord":"OCCURRENCE","license":"CC-BY 4.0 (Int)","coordinateUncertaintyM":17.0,"uncertaintyUnknown":false,"observationCount":1,"geographicOutlier":false}},{"type":"Feature","id":"6efad5609a05f17a","geometry":{"type":"Point","coordinates":[145.88322,-37.74786]},"properties":{"species":"Petauroides volans","eventDate":"2022-05-19","basisOfRecord":"OCCURRENCE","license":"CC-BY 4.0 (Int)","coordinateUncertaintyM":10.0,"uncertaintyUnknown":false,"observationCount":1,"geographicOutlier":false}},{"type":"Feature","id":"87f450c1f51c0f09","geometry":{"type":"Point","coordinates":[146.09963,-36.84885]},"properties":{"species":"Petauroides volans","eventDate":"2022-05-19","basisOfRecord":"OCCURRENCE","license":"CC-BY 4.0 (Int)","coordinateUncertaintyM":24.0,"uncertaintyUnknown":false,"observationCount":1,"geographicOutlier":false}},{"type":"Feature","id":"d13e268cd98a4143","geometry":{"type":"Point","coordinates":[146.10098,-36.84367]},"properties":{"species":"Petauroides volans","eventDate":"2022-05-19","basisOfRecord":"OCCURRENCE","license":"CC-BY 4.0 (Int)","coordinateUncertaintyM":15.0,"uncertaintyUnknown":false,"observationCount":1,"geographicOutlier":false}},{"type":"Feature","id":"7fcd7e2a48484560","geometry":{"type":"Point","coordinates":[146.41813,-38.05348]},"properties":{"species":"Petauroides volans","eventDate":"2022-05-18","basisOfRecord":"OBSERVATION","license":"CC-BY 4.0 (Int)","coordinateUncertaintyM":10.0,"uncertaintyUnknown":false,"observationCount":1,"geographicOutlier":false}},{"type":"Feature","id":"d759b12c959e1941","geometry":{"type":"Point","coordinates":[146.51182,-38.60495]},"properties":{"species":"Petauroides volans","eventDate":"2022-05-17","basisOfRecord":"OCCURRENCE","license":"CC-BY 4.0 (Int)","coordinateUncertaintyM":10.0,"uncertaintyUnknown":false,"observationCount":1,"geographicOutlier":false}},{"type":"Feature","id":"7dde76c7816be15f","geometry":{"type":"Point","coordinates":[146.91816,-38.43543]},"properties":{"species":"Petauroides volans","eventDate":"2022-05-16","basisOfRecord":"OBSERVATION","license":"CC-BY 4.0 (Int)","coordinateUncertaintyM":10.0,"uncertaintyUnknown":false,"observationCount":1,"geographicOutlier":false}},{"type":"Feature","id":"0a432607bd61868d","geometry":{"type":"Point","coordinates":[148.073381,-35.544863]},"properties":{"species":"Petauroides volans","eventDate":"2022-05-14","basisOfRecord":"HUMAN_OBSERVATION","license":"CC-BY 4.0 (Int)","coordinateUncertaintyM":10.0,"uncertaintyUnknown":false,"observationCount":1,"geographicOutlier":false}},{"type":"Feature","id":"4551bc079ff86cd2","geometry":{"type":"Point","coordinates":[145.67133,-37.87385]},"properties":{"species":"Petauroides volans","eventDate":"2022-05-12","basisOfRecord":"OCCURRENCE","license":"CC-BY 4.0 (Int)","coordinateUncertaintyM":10.0,"uncertaintyUnknown":false,"observationCount":1,"geographicOutlier":false}},{"type":"Feature","id":"d4dbdcc2df965cc7","geometry":{"type":"Point","coordinates":[145.61629,-37.55711]},"properties":{"species":"Petauroides volans","eventDate":"2022-05-11","basisOfRecord":"OCCURRENCE","license":"CC-BY 4.0 (Int)","coordinateUncertaintyM":32.0,"uncertaintyUnknown":false,"observationCount":1,"geographicOutlier":false}},{"type":"Feature","id":"fabe70dd565b841d","geometry":{"type":"Point","coordinates":[146.00905,-37.63126]},"properties":{"species":"Petauroides volans","eventDate":"2022-05-11","basisOfRecord":"OCCURRENCE","license":"CC-BY 4.0 (Int)","coordinateUncertaintyM":5.0,"uncertaintyUnknown":false,"observationCount":1,"geographicOutlier":false}},{"type":"Feature","id":"48bb885789b67fb6","geometry":{"type":"Point","coordinates":[145.65635,-37.90721]},"properties":{"species":"Petauroides volans","eventDate":"2022-05-11","basisOfRecord":"OCCURRENCE","license":"CC-BY 4.0 (Int)","coordinateUncertaintyM":10.0,"uncertaintyUnknown":false,"observationCount":1,"geographicOutlier":false}},{"type":"Feature","id":"3219348a9ff7bfba","geometry":{"type":"Point","coordinates":[145.61794,-37.55301]},"properties":{"species":"Petauroides volans","eventDate":"2022-05-11","basisOfRecord":"OCCURRENCE","license":"CC-BY 4.0 (Int)","coordinateUncertaintyM":27.0,"uncertaintyUnknown":false,"observationCount":1,"geographicOutlier":false}},{"type":"Feature","id":"7a83025c8052514f","geometry":{"type":"Point","coordinates":[145.99078,-37.58504]},"properties":{"species":"Petauroides volans","eventDate":"2022-05-11","basisOfRecord":"OCCURRENCE","license":"CC-BY 4.0 (Int)","coordinateUncertaintyM":5.0,"uncertaintyUnknown":false,"observationCount":1,"geographicOutlier":false}},{"type":"Feature","id":"e66ce31d5282f079","geometry":{"type":"Point","coordinates":[145.66779,-37.87277]},"properties":{"species":"Petauroides volans","eventDate":"2022-05-10","basisOfRecord":"OCCURRENCE","license":"CC-BY 4.0 (Int)","coordinateUncertaintyM":10.0,"uncertaintyUnknown":false,"observationCount":1,"geographicOutlier":false}},{"type":"Feature","id":"30824e6e3271865b","geometry":{"type":"Point","coordinates":[145.73109,-37.54696]},"properties":{"species":"Petauroides volans","eventDate":"2022-05-10","basisOfRecord":"OCCURRENCE","license":"CC-BY 4.0 (Int)","coordinateUncertaintyM":10.0,"uncertaintyUnknown":false,"observationCount":1,"geographicOutlier":false}},{"type":"Feature","id":"13f7e2340af4754c","geometry":{"type":"Point","coordinates":[145.66669,-37.87145]},"properties":{"species":"Petauroides volans","eventDate":"2022-05-10","basisOfRecord":"OCCURRENCE","license":"CC-BY 4.0 (Int)","coordinateUncertaintyM":10.0,"uncertaintyUnknown":false,"observationCount":1,"geographicOutlier":false}},{"type":"Feature","id":"38df14832b82af14","geometry":{"type":"Point","coordinates":[150.269738,-35.497611]},"properties":{"species":"Petauroides volans","eventDate":"2022-05-06","basisOfRecord":"HUMAN_OBSERVATION","license":"CC-BY 4.0 (Int)","coordinateUncertaintyM":10.0,"uncertaintyUnknown":false,"observationCount":1,"geographicOutlier":false}},{"type":"Feature","id":"af6c77ecbd84334c","geometry":{"type":"Point","coordinates":[148.55278,-37.68116]},"properties":{"species":"Petauroides volans","eventDate":"2022-05-05","basisOfRecord":"OCCURRENCE","license":"CC-BY 4.0 (Int)","coordinateUncertaintyM":5.0,"uncertaintyUnknown":false,"observationCount":1,"geographicOutlier":false}},{"type":"Feature","id":"215a6f5a3b94b8cb","geometry":{"type":"Point","coordinates":[146.06016,-37.61618]},"properties":{"species":"Petauroides volans","eventDate":"2022-05-05","basisOfRecord":"OBSERVATION","license":"CC-BY 4.0 (Int)","coordinateUncertaintyM":10.0,"uncertaintyUnknown":false,"observationCount":1,"geographicOutlier":false}},{"type":"Feature","id":"01bd2fea55975619","geometry":{"type":"Point","coordinates":[146.06002,-37.6167]},"properties":{"species":"Petauroides volans","eventDate":"2022-05-05","basisOfRecord":"OBSERVATION","license":"CC-BY 4.0 (Int)","coordinateUncertaintyM":10.0,"uncertaintyUnknown":false,"observationCount":1,"geographicOutlier":false}},{"type":"Feature","id":"ac9a1f4a13f29631","geometry":{"type":"Point","coordinates":[148.54887,-37.6862]},"properties":{"species":"Petauroides volans","eventDate":"2022-05-03","basisOfRecord":"OCCURRENCE","license":"CC-BY 4.0 (Int)","coordinateUncertaintyM":5.0,"uncertaintyUnknown":false,"observationCount":1,"geographicOutlier":false}},{"type":"Feature","id":"16295d2f35c8d90a","geometry":{"type":"Point","coordinates":[146.91443,-38.43429]},"properties":{"species":"Petauroides volans","eventDate":"2022-05-03","basisOfRecord":"OBSERVATION","license":"CC-BY 4.0 (Int)","coordinateUncertaintyM":10.0,"uncertaintyUnknown":false,"observationCount":1,"geographicOutlier":false}},{"type":"Feature","id":"9289255ccbe57426","geometry":{"type":"Point","coordinates":[145.54578,-37.46303]},"properties":{"species":"Petauroides volans","eventDate":"2022-05-03","basisOfRecord":"OCCURRENCE","license":"CC-BY 4.0 (Int)","coordinateUncertaintyM":10.0,"uncertaintyUnknown":false,"observationCount":1,"geographicOutlier":false}},{"type":"Feature","id":"38256ac6d6b6b90b","geometry":{"type":"Point","coordinates":[146.42923,-38.04411]},"properties":{"species":"Petauroides volans","eventDate":"2022-05-01","basisOfRecord":"OCCURRENCE","license":"CC-BY 4.0 (Int)","coordinateUncertaintyM":5.0,"uncertaintyUnknown":false,"observationCount":1,"geographicOutlier":false}},{"type":"Feature","id":"011fa3d1cddaab88","geometry":{"type":"Point","coordinates":[151.243289,-33.187625]},"properties":{"species":"Petauroides volans","eventDate":"2022-04-28","basisOfRecord":"HUMAN_OBSERVATION","license":"CC-BY 4.0 (Int)","coordinateUncertaintyM":10.0,"uncertaintyUnknown":false,"observationCount":1,"geographicOutlier":false}},{"type":"Feature","id":"43ff88918d997cb6","geometry":{"type":"Point","coordinates":[145.66883,-37.89312]},"properties":{"species":"Petauroides volans","eventDate":"2022-04-28","basisOfRecord":"OCCURRENCE","license":"CC-BY 4.0 (Int)","coordinateUncertaintyM":10.0,"uncertaintyUnknown":false,"observationCount":1,"geographicOutlier":false}},{"type":"Feature","id":"e46fca20b61568b8","geometry":{"type":"Point","coordinates":[150.149162,-33.388384]},"properties":{"species":"Petauroides volans","eventDate":"2022-04-28","basisOfRecord":"HUMAN_OBSERVATION","license":"CC-BY 4.0 (Int)","coordinateUncertaintyM":250.0,"uncertaintyUnknown":false,"observationCount":1,"geographicOutlier":false}},{"type":"Feature","id":"b977ad99b4b7bef2","geometry":{"type":"Point","coordinates":[146.16968,-37.89462]},"properties":{"species":"Petauroides volans","eventDate":"2022-04-27","basisOfRecord":"OBSERVATION","license":"CC-BY 4.0 (Int)","coordinateUncertaintyM":10.0,"uncertaintyUnknown":false,"observationCount":1,"geographicOutlier":false}},{"type":"Feature","id":"c699ce77a7274146","geometry":{"type":"Point","coordinates":[147.9343,-37.32141]},"properties":{"species":"Petauroides volans","eventDate":"2022-04-21","basisOfRecord":"OCCURRENCE","license":"CC-BY 4.0 (Int)","coordinateUncertaintyM":5.0,"uncertaintyUnknown":false,"observationCount":1,"geographicOutlier":false}},{"type":"Feature","id":"b01be969c8f76c45","geometry":{"type":"Point","coordinates":[145.8555,-37.88796]},"properties":{"species":"Petauroides volans","eventDate":"2022-04-20","basisOfRecord":"OBSERVATION","license":"CC-BY 4.0 (Int)","coordinateUncertaintyM":10.0,"uncertaintyUnknown":false,"observationCount":1,"geographicOutlier":false}},{"type":"Feature","id":"6fb85d5fdd188be5","geometry":{"type":"Point","coordinates":[145.62283,-37.55483]},"properties":{"species":"Petauroides volans","eventDate":"2022-04-20","basisOfRecord":"OCCURRENCE","license":"CC-BY 4.0 (Int)","coordinateUncertaintyM":10.0,"uncertaintyUnknown":false,"observationCount":1,"geographicOutlier":false}},{"type":"Feature","id":"7d162a9ada68e067","geometry":{"type":"Point","coordinates":[151.4756,-32.052913]},"properties":{"species":"Petauroides volans","eventDate":"2022-04-16","basisOfRecord":"HUMAN_OBSERVATION","license":"CC-BY 4.0 (Int)","coordinateUncertaintyM":4.0,"uncertaintyUnknown":false,"observationCount":1,"geographicOutlier":false}},{"type":"Feature","id":"59bb72a87de0153e","geometry":{"type":"Point","coordinates":[145.45998,-37.48078]},"properties":{"species":"Petauroides volans","eventDate":"2022-04-13","basisOfRecord":"OCCURRENCE","license":"CC-BY 4.0 (Int)","coordinateUncertaintyM":15.0,"uncertaintyUnknown":false,"observationCount":1,"geographicOutlier":false}},{"type":"Feature","id":"be925b5748bf5d32","geometry":{"type":"Point","coordinates":[145.46049,-37.48574]},"properties":{"species":"Petauroides volans","eventDate":"2022-04-13","basisOfRecord":"OCCURRENCE","license":"CC-BY 4.0 (Int)","coordinateUncertaintyM":15.0,"uncertaintyUnknown":false,"observationCount":1,"geographicOutlier":false}},{"type":"Feature","id":"461641774f5e966b","geometry":{"type":"Point","coordinates":[147.47994,-37.72597]},"properties":{"species":"Petauroides volans","eventDate":"2022-04-13","basisOfRecord":"OCCURRENCE","license":"CC-BY 4.0 (Int)","coordinateUncertaintyM":5.0,"uncertaintyUnknown":false,"observationCount":1,"geographicOutlier":false}},{"type":"Feature","id":"19c3a376fbca6f41","geometry":{"type":"Point","coordinates":[145.68703,-37.83405]},"properties":{"species":"Petauroides volans","eventDate":"2022-04-13","basisOfRecord":"OCCURRENCE","license":"CC-BY 4.0 (Int)","coordinateUncertaintyM":10.0,"uncertaintyUnknown":false,"observationCount":1,"geographicOutlier":false}},{"type":"Feature","id":"cad6560091d0950c","geometry":{"type":"Point","coordinates":[145.6521,-37.91501]},"properties":{"species":"Petauroides volans","eventDate":"2022-04-13","basisOfRecord":"OCCURRENCE","license":"CC-BY 4.0 (Int)","coordinateUncertaintyM":25.0,"uncertaintyUnknown":false,"observationCount":1,"geographicOutlier":false}},{"type":"Feature","id":"1ef1908f733d260e","geometry":{"type":"Point","coordinates":[145.65339,-37.90591]},"properties":{"species":"Petauroides volans","eventDate":"2022-04-12","basisOfRecord":"OCCURRENCE","license":"CC-BY 4.0 (Int)","coordinateUncertaintyM":10.0,"uncertaintyUnknown":false,"observationCount":1,"geographicOutlier":false}},{"type":"Feature","id":"e21d89cb21415bec","geometry":{"type":"Point","coordinates":[145.49288,-37.56496]},"properties":{"species":"Petauroides volans","eventDate":"2022-04-12","basisOfRecord":"OCCURRENCE","license":"CC-BY 4.0 (Int)","coordinateUncertaintyM":10.0,"uncertaintyUnknown":false,"observationCount":1,"geographicOutlier":false}},{"type":"Feature","id":"9075bfb0462b7aaa","geometry":{"type":"Point","coordinates":[145.73703,-37.54455]},"properties":{"species":"Petauroides volans","eventDate":"2022-04-06","basisOfRecord":"OCCURRENCE","license":"CC-BY 4.0 (Int)","coordinateUncertaintyM":45.0,"uncertaintyUnknown":false,"observationCount":1,"geographicOutlier":false}},{"type":"Feature","id":"ee96201ff0f8c517","geometry":{"type":"Point","coordinates":[146.42225,-38.04149]},"properties":{"species":"Petauroides volans","eventDate":"2022-04-06","basisOfRecord":"OBSERVATION","license":"CC-BY 4.0 (Int)","coordinateUncertaintyM":10.0,"uncertaintyUnknown":false,"observationCount":1,"geographicOutlier":false}},{"type":"Feature","id":"e06abcd3139c2eff","geometry":{"type":"Point","coordinates":[145.62846,-37.55057]},"properties":{"species":"Petauroides volans","eventDate":"2022-04-05","basisOfRecord":"OCCURRENCE","license":"CC-BY 4.0 (Int)","coordinateUncertaintyM":38.0,"uncertaintyUnknown":false,"observationCount":1,"geographicOutlier":false}},{"type":"Feature","id":"57fd70d48e80c4c6","geometry":{"type":"Point","coordinates":[145.62373,-37.55397]},"properties":{"species":"Petauroides volans","eventDate":"2022-04-05","basisOfRecord":"OCCURRENCE","license":"CC-BY 4.0 (Int)","coordinateUncertaintyM":37.0,"uncertaintyUnknown":false,"observationCount":1,"geographicOutlier":false}},{"type":"Feature","id":"81a266c082d71037","geometry":{"type":"Point","coordinates":[145.62247,-37.55361]},"properties":{"species":"Petauroides volans","eventDate":"2022-04-05","basisOfRecord":"OCCURRENCE","license":"CC-BY 4.0 (Int)","coordinateUncertaintyM":32.0,"uncertaintyUnknown":false,"observationCount":1,"geographicOutlier":false}},{"type":"Feature","id":"92186687b10b8aa3","geometry":{"type":"Point","coordinates":[146.43403,-38.05911]},"properties":{"species":"Petauroides volans","eventDate":"2022-04-05","basisOfRecord":"OCCURRENCE","license":"CC-BY 4.0 (Int)","coordinateUncertaintyM":5.0,"uncertaintyUnknown":false,"observationCount":1,"geographicOutlier":false}},{"type":"Feature","id":"69137fdb140fa0ca","geometry":{"type":"Point","coordinates":[146.43039,-38.05793]},"properties":{"species":"Petauroides volans","eventDate":"2022-04-04","basisOfRecord":"OCCURRENCE","license":"CC-BY 4.0 (Int)","coordinateUncertaintyM":5.0,"uncertaintyUnknown":false,"observationCount":1,"geographicOutlier":false}},{"type":"Feature","id":"cf0774d7ec93c948","geometry":{"type":"Point","coordinates":[150.748592,-34.83159]},"properties":{"species":"Petauroides volans","eventDate":"2022-04-01","basisOfRecord":"HUMAN_OBSERVATION","license":"CC-BY 4.0 (Int)","coordinateUncertaintyM":10.0,"uncertaintyUnknown":false,"observationCount":1,"geographicOutlier":false}},{"type":"Feature","id":"bcce3d635af23e2f","geometry":{"type":"Point","coordinates":[150.748705,-34.831419]},"properties":{"species":"Petauroides volans","eventDate":"2022-04-01","basisOfRecord":"HUMAN_OBSERVATION","license":"CC-BY 4.0 (Int)","coordinateUncertaintyM":10.0,"uncertaintyUnknown":false,"observationCount":1,"geographicOutlier":false}},{"type":"Feature","id":"8a85ff9e96c77735","geometry":{"type":"Point","coordinates":[150.76722,-34.797032]},"properties":{"species":"Petauroides volans","eventDate":"2022-04-01","basisOfRecord":"HUMAN_OBSERVATION","license":"CC-BY 4.0 (Int)","coordinateUncertaintyM":10.0,"uncertaintyUnknown":false,"observationCount":1,"geographicOutlier":false}},{"type":"Feature","id":"bee0bbc74d44eabe","geometry":{"type":"Point","coordinates":[150.787457,-34.781833]},"properties":{"species":"Petauroides volans","eventDate":"2022-04-01","basisOfRecord":"HUMAN_OBSERVATION","license":"CC-BY 4.0 (Int)","coordinateUncertaintyM":10.0,"uncertaintyUnknown":false,"observationCount":1,"geographicOutlier":false}},{"type":"Feature","id":"f74d3990ce2217b2","geometry":{"type":"Point","coordinates":[150.753399,-34.812643]},"properties":{"species":"Petauroides volans","eventDate":"2022-04-01","basisOfRecord":"HUMAN_OBSERVATION","license":"CC-BY 4.0 (Int)","coordinateUncertaintyM":10.0,"uncertaintyUnknown":false,"observationCount":1,"geographicOutlier":false}},{"type":"Feature","id":"2b9cb0ed40e402d5","geometry":{"type":"Point","coordinates":[150.760643,-34.804692]},"properties":{"species":"Petauroides volans","eventDate":"2022-04-01","basisOfRecord":"HUMAN_OBSERVATION","license":"CC-BY 4.0 (Int)","coordinateUncertaintyM":10.0,"uncertaintyUnknown":false,"observationCount":1,"geographicOutlier":false}},{"type":"Feature","id":"29994e2f0fcb3c8b","geometry":{"type":"Point","coordinates":[150.774854,-34.790963]},"properties":{"species":"Petauroides volans","eventDate":"2022-04-01","basisOfRecord":"HUMAN_OBSERVATION","license":"CC-BY 4.0 (Int)","coordinateUncertaintyM":10.0,"uncertaintyUnknown":false,"observationCount":1,"geographicOutlier":false}},{"type":"Feature","id":"e2dc5d16fae32c70","geometry":{"type":"Point","coordinates":[150.74833,-34.82119]},"properties":{"species":"Petauroides volans","eventDate":"2022-04-01","basisOfRecord":"HUMAN_OBSERVATION","license":"CC-BY 4.0 (Int)","coordinateUncertaintyM":10.0,"uncertaintyUnknown":false,"observationCount":1,"geographicOutlier":false}},{"type":"Feature","id":"864d94050ece0eaa","geometry":{"type":"Point","coordinates":[150.747715,-34.820959]},"properties":{"species":"Petauroides volans","eventDate":"2022-04-01","basisOfRecord":"HUMAN_OBSERVATION","license":"CC-BY 4.0 (Int)","coordinateUncertaintyM":10.0,"uncertaintyUnknown":false,"observationCount":1,"geographicOutlier":false}},{"type":"Feature","id":"8da9788b0f2d82a2","geometry":{"type":"Point","coordinates":[150.759794,-34.804292]},"properties":{"species":"Petauroides volans","eventDate":"2022-04-01","basisOfRecord":"HUMAN_OBSERVATION","license":"CC-BY 4.0 (Int)","coordinateUncertaintyM":10.0,"uncertaintyUnknown":false,"observationCount":1,"geographicOutlier":false}},{"type":"Feature","id":"b9231fe3973cc42f","geometry":{"type":"Point","coordinates":[150.756708,-34.808285]},"properties":{"species":"Petauroides volans","eventDate":"2022-04-01","basisOfRecord":"HUMAN_OBSERVATION","license":"CC-BY 4.0 (Int)","coordinateUncertaintyM":10.0,"uncertaintyUnknown":false,"observationCount":1,"geographicOutlier":false}},{"type":"Feature","id":"ed7efc9e634c4529","geometry":{"type":"Point","coordinates":[150.754256,-34.81269]},"properties":{"species":"Petauroides volans","eventDate":"2022-04-01","basisOfRecord":"HUMAN_OBSERVATION","license":"CC-BY 4.0 (Int)","coordinateUncertaintyM":10.0,"uncertaintyUnknown":false,"observationCount":1,"geographicOutlier":false}},{"type":"Feature","id":"cef9fc77367d0c13","geometry":{"type":"Point","coordinates":[150.747283,-34.815802]},"properties":{"species":"Petauroides volans","eventDate":"2022-04-01","basisOfRecord":"HUMAN_OBSERVATION","license":"CC-BY 4.0 (Int)","coordinateUncertaintyM":10.0,"uncertaintyUnknown":false,"observationCount":1,"geographicOutlier":false}},{"type":"Feature","id":"d1de285c58ec5b72","geometry":{"type":"Point","coordinates":[150.763465,-34.794269]},"properties":{"species":"Petauroides volans","eventDate":"2022-04-01","basisOfRecord":"HUMAN_OBSERVATION","license":"CC-BY 4.0 (Int)","coordinateUncertaintyM":10.0,"uncertaintyUnknown":false,"observationCount":1,"geographicOutlier":false}},{"type":"Feature","id":"fc9da1e1e69a11c0","geometry":{"type":"Point","coordinates":[150.754672,-34.812975]},"properties":{"species":"Petauroides volans","eventDate":"2022-04-01","basisOfRecord":"HUMAN_OBSERVATION","license":"CC-BY 4.0 (Int)","coordinateUncertaintyM":10.0,"uncertaintyUnknown":false,"observationCount":1,"geographicOutlier":false}},{"type":"Feature","id":"d0d5606b1bed0052","geometry":{"type":"Point","coordinates":[150.764816,-34.801469]},"properties":{"species":"Petauroides volans","eventDate":"2022-04-01","basisOfRecord":"HUMAN_OBSERVATION","license":"CC-BY 4.0 (Int)","coordinateUncertaintyM":10.0,"uncertaintyUnknown":false,"observationCount":1,"geographicOutlier":false}},{"type":"Feature","id":"26e17ddbcd78f504","geometry":{"type":"Point","coordinates":[150.761498,-34.805383]},"properties":{"species":"Petauroides volans","eventDate":"2022-04-01","basisOfRecord":"HUMAN_OBSERVATION","license":"CC-BY 4.0 (Int)","coordinateUncertaintyM":10.0,"uncertaintyUnknown":false,"observationCount":1,"geographicOutlier":false}},{"type":"Feature","id":"8d176349cdce3bb8","geometry":{"type":"Point","coordinates":[150.775609,-34.791319]},"properties":{"species":"Petauroides volans","eventDate":"2022-04-01","basisOfRecord":"HUMAN_OBSERVATION","license":"CC-BY 4.0 (Int)","coordinateUncertaintyM":10.0,"uncertaintyUnknown":false,"observationCount":1,"geographicOutlier":false}},{"type":"Feature","id":"c0cd68f6dad3cf68","geometry":{"type":"Point","coordinates":[150.759164,-34.80385]},"properties":{"species":"Petauroides volans","eventDate":"2022-04-01","basisOfRecord":"HUMAN_OBSERVATION","license":"CC-BY 4.0 (Int)","coordinateUncertaintyM":10.0,"uncertaintyUnknown":false,"observationCount":1,"geographicOutlier":false}},{"type":"Feature","id":"22024772c780696e","geometry":{"type":"Point","coordinates":[145.50279,-37.57853]},"properties":{"species":"Petauroides volans","eventDate":"2022-03-31","basisOfRecord":"OCCURRENCE","license":"CC-BY 4.0 (Int)","coordinateUncertaintyM":10.0,"uncertaintyUnknown":false,"observationCount":1,"geographicOutlier":false}},{"type":"Feature","id":"ed355ceeb582f4a1","geometry":{"type":"Point","coordinates":[145.5038,-37.57832]},"properties":{"species":"Petauroides volans","eventDate":"2022-03-30","basisOfRecord":"OCCURRENCE","license":"CC-BY 4.0 (Int)","coordinateUncertaintyM":10.0,"uncertaintyUnknown":false,"observationCount":1,"geographicOutlier":false}},{"type":"Feature","id":"0ff89a77b1a0d6f7","geometry":{"type":"Point","coordinates":[145.49023,-37.56724]},"properties":{"species":"Petauroides volans","eventDate":"2022-03-30","basisOfRecord":"OCCURRENCE","license":"CC-BY 4.0 (Int)","coordinateUncertaintyM":10.0,"uncertaintyUnknown":false,"observationCount":1,"geographicOutlier":false}},{"type":"Feature","id":"8db2158658d51e75","geometry":{"type":"Point","coordinates":[145.49259,-37.56561]},"properties":{"species":"Petauroides volans","eventDate":"2022-03-30","basisOfRecord":"OCCURRENCE","license":"CC-BY 4.0 (Int)","coordinateUncertaintyM":10.0,"uncertaintyUnknown":false,"observationCount":1,"geographicOutlier":false}},{"type":"Feature","id":"cdeccf06eb8f43f3","geometry":{"type":"Point","coordinates":[147.61265,-37.36274]},"properties":{"species":"Petauroides volans","eventDate":"2022-03-29","basisOfRecord":"OCCURRENCE","license":"CC-BY 4.0 (Int)","coordinateUncertaintyM":10.0,"uncertaintyUnknown":false,"observationCount":1,"geographicOutlier":false}},{"type":"Feature","id":"6fc4750b17490b16","geometry":{"type":"Point","coordinates":[145.6806,-37.81013]},"properties":{"species":"Petauroides volans","eventDate":"2022-03-29","basisOfRecord":"OBSERVATION","license":"CC-BY 4.0 (Int)","coordinateUncertaintyM":10.0,"uncertaintyUnknown":false,"observationCount":1,"geographicOutlier":false}},{"type":"Feature","id":"07233a95ce18ee30","geometry":{"type":"Point","coordinates":[149.478634,-36.062038]},"properties":{"species":"Petauroides volans","eventDate":"2022-03-28","basisOfRecord":"HUMAN_OBSERVATION","license":"CC-BY 4.0 (Int)","coordinateUncertaintyM":10.0,"uncertaintyUnknown":false,"observationCount":1,"geographicOutlier":false}},{"type":"Feature","id":"e01b57e4358822cb","geometry":{"type":"Point","coordinates":[145.50452,-37.58576]},"properties":{"species":"Petauroides volans","eventDate":"2022-03-25","basisOfRecord":"OCCURRENCE","license":"CC-BY 4.0 (Int)","coordinateUncertaintyM":10.0,"uncertaintyUnknown":false,"observationCount":1,"geographicOutlier":false}},{"type":"Feature","id":"0839ee8cc3a3e153","geometry":{"type":"Point","coordinates":[145.50369,-37.58717]},"properties":{"species":"Petauroides volans","eventDate":"2022-03-24","basisOfRecord":"OCCURRENCE","license":"CC-BY 4.0 (Int)","coordinateUncertaintyM":10.0,"uncertaintyUnknown":false,"observationCount":1,"geographicOutlier":false}},{"type":"Feature","id":"7f9db4b226797c7e","geometry":{"type":"Point","coordinates":[145.68106,-37.874]},"properties":{"species":"Petauroides volans","eventDate":"2022-03-23","basisOfRecord":"OCCURRENCE","license":"CC-BY 4.0 (Int)","coordinateUncertaintyM":10.0,"uncertaintyUnknown":false,"observationCount":1,"geographicOutlier":false}},{"type":"Feature","id":"e54866abe3f1217f","geometry":{"type":"Point","coordinates":[145.66841,-37.89188]},"properties":{"species":"Petauroides volans","eventDate":"2022-03-23","basisOfRecord":"OCCURRENCE","license":"CC-BY 4.0 (Int)","coordinateUncertaintyM":10.0,"uncertaintyUnknown":false,"observationCount":1,"geographicOutlier":false}},{"type":"Feature","id":"ef0630afe52dd18d","geometry":{"type":"Point","coordinates":[145.50418,-37.57883]},"properties":{"species":"Petauroides volans","eventDate":"2022-03-21","basisOfRecord":"OCCURRENCE","license":"CC-BY 4.0 (Int)","coordinateUncertaintyM":10.0,"uncertaintyUnknown":false,"observationCount":1,"geographicOutlier":false}},{"type":"Feature","id":"979e0675b940eb8d","geometry":{"type":"Point","coordinates":[145.68082,-37.872]},"properties":{"species":"Petauroides volans","eventDate":"2022-03-21","basisOfRecord":"OCCURRENCE","license":"CC-BY 4.0 (Int)","coordinateUncertaintyM":10.0,"uncertaintyUnknown":false,"observationCount":1,"geographicOutlier":false}},{"type":"Feature","id":"91b47c67a17b65f6","geometry":{"type":"Point","coordinates":[144.24506,-37.37225]},"properties":{"species":"Petauroides volans","eventDate":"2022-03-16","basisOfRecord":"OBSERVATION","license":"CC-BY 4.0 (Int)","coordinateUncertaintyM":10.0,"uncertaintyUnknown":false,"observationCount":1,"geographicOutlier":false}},{"type":"Feature","id":"cb5a08785e3aa644","geometry":{"type":"Point","coordinates":[147.431627,-35.853027]},"properties":{"species":"Petauroides volans","eventDate":"2022-03-09","basisOfRecord":"HUMAN_OBSERVATION","license":"CC-BY 4.0 (Int)","coordinateUncertaintyM":150.0,"uncertaintyUnknown":false,"observationCount":2,"geographicOutlier":false}},{"type":"Feature","id":"ae849c927ecc28b4","geometry":{"type":"Point","coordinates":[151.398295,-33.391282]},"properties":{"species":"Petauroides volans","eventDate":"2022-03-09","basisOfRecord":"HUMAN_OBSERVATION","license":"CC-BY 4.0 (Int)","coordinateUncertaintyM":30.0,"uncertaintyUnknown":false,"observationCount":1,"geographicOutlier":false}},{"type":"Feature","id":"fc5b7416c243a0c1","geometry":{"type":"Point","coordinates":[145.93055,-37.4622]},"properties":{"species":"Petauroides volans","eventDate":"2022-03-08","basisOfRecord":"OBSERVATION","license":"CC-BY 4.0 (Int)","coordinateUncertaintyM":10.0,"uncertaintyUnknown":false,"observationCount":1,"geographicOutlier":false}},{"type":"Feature","id":"481f89af8b59b5f8","geometry":{"type":"Point","coordinates":[146.386,-36.962]},"properties":{"species":"Petauroides volans","eventDate":"2022-03-03","basisOfRecord":"OCCURRENCE","license":"CC-BY 4.0 (Int)","coordinateUncertaintyM":50.0,"uncertaintyUnknown":false,"observationCount":1,"geographicOutlier":false}},{"type":"Feature","id":"1a84e04ddad51d4e","geometry":{"type":"Point","coordinates":[150.025275,-33.278223]},"properties":{"species":"Petauroides volans","eventDate":"2022-03-02","basisOfRecord":"HUMAN_OBSERVATION","license":"CC-BY 4.0 (Int)","coordinateUncertaintyM":10.0,"uncertaintyUnknown":false,"observationCount":1,"geographicOutlier":false}},{"type":"Feature","id":"0a5521e45883839e","geometry":{"type":"Point","coordinates":[145.46355,-37.48533]},"properties":{"species":"Petauroides volans","eventDate":"2022-02-28","basisOfRecord":"OCCURRENCE","license":"CC-BY 4.0 (Int)","coordinateUncertaintyM":10.0,"uncertaintyUnknown":false,"observationCount":1,"geographicOutlier":false}},{"type":"Feature","id":"d92bfd3fcae78ad8","geometry":{"type":"Point","coordinates":[149.10751,-37.16938]},"properties":{"species":"Petauroides volans","eventDate":"2022-02-25","basisOfRecord":"OCCURRENCE","license":"CC-BY 4.0 (Int)","coordinateUncertaintyM":10.0,"uncertaintyUnknown":false,"observationCount":1,"geographicOutlier":false}},{"type":"Feature","id":"a47849798e90fa60","geometry":{"type":"Point","coordinates":[149.01729,-37.2652]},"properties":{"species":"Petauroides volans","eventDate":"2022-02-23","basisOfRecord":"OCCURRENCE","license":"CC-BY 4.0 (Int)","coordinateUncertaintyM":10.0,"uncertaintyUnknown":false,"observationCount":1,"geographicOutlier":false}},{"type":"Feature","id":"a6c9a9b35196b917","geometry":{"type":"Point","coordinates":[149.01677,-37.26574]},"properties":{"species":"Petauroides volans","eventDate":"2022-02-23","basisOfRecord":"OCCURRENCE","license":"CC-BY 4.0 (Int)","coordinateUncertaintyM":10.0,"uncertaintyUnknown":false,"observationCount":1,"geographicOutlier":false}},{"type":"Feature","id":"9d2d9b83985348b8","geometry":{"type":"Point","coordinates":[149.00576,-37.28417]},"properties":{"species":"Petauroides volans","eventDate":"2022-02-23","basisOfRecord":"OCCURRENCE","license":"CC-BY 4.0 (Int)","coordinateUncertaintyM":10.0,"uncertaintyUnknown":false,"observationCount":1,"geographicOutlier":false}},{"type":"Feature","id":"ea0a708e69c39019","geometry":{"type":"Point","coordinates":[148.95275,-37.23684]},"properties":{"species":"Petauroides volans","eventDate":"2022-02-22","basisOfRecord":"OCCURRENCE","license":"CC-BY 4.0 (Int)","coordinateUncertaintyM":10.0,"uncertaintyUnknown":false,"observationCount":1,"geographicOutlier":false}},{"type":"Feature","id":"0f9449e8c5d65e06","geometry":{"type":"Point","coordinates":[146.83667,-38.39944]},"properties":{"species":"Petauroides volans","eventDate":"2022-02-20","basisOfRecord":"OCCURRENCE","license":"CC-BY 4.0 (Int)","coordinateUncertaintyM":20.0,"uncertaintyUnknown":false,"observationCount":1,"geographicOutlier":false}},{"type":"Feature","id":"9f3cf10a6a964b65","geometry":{"type":"Point","coordinates":[146.88389,-38.40778]},"properties":{"species":"Petauroides volans","eventDate":"2022-02-19","basisOfRecord":"OCCURRENCE","license":"CC-BY 4.0 (Int)","coordinateUncertaintyM":20.0,"uncertaintyUnknown":false,"observationCount":1,"geographicOutlier":false}},{"type":"Feature","id":"4a7e8d23ae12722e","geometry":{"type":"Point","coordinates":[151.493409,-31.504316]},"properties":{"species":"Petauroides volans","eventDate":"2022-02-15","basisOfRecord":"HUMAN_OBSERVATION","license":"CC-BY 4.0 (Int)","coordinateUncertaintyM":10.0,"uncertaintyUnknown":false,"observationCount":1,"geographicOutlier":false}},{"type":"Feature","id":"913152b60db7f214","geometry":{"type":"Point","coordinates":[147.93965,-37.20955]},"properties":{"species":"Petauroides volans","eventDate":"2022-02-11","basisOfRecord":"OCCURRENCE","license":"CC-BY 4.0 (Int)","coordinateUncertaintyM":10.0,"uncertaintyUnknown":false,"observationCount":1,"geographicOutlier":false}},{"type":"Feature","id":"72d0eb99dcb129c9","geometry":{"type":"Point","coordinates":[148.95738,-37.17519]},"properties":{"species":"Petauroides volans","eventDate":"2022-02-10","basisOfRecord":"OCCURRENCE","license":"CC-BY 4.0 (Int)","coordinateUncertaintyM":10.0,"uncertaintyUnknown":false,"observationCount":1,"geographicOutlier":false}},{"type":"Feature","id":"66fb8e3116ba4704","geometry":{"type":"Point","coordinates":[147.74055,-37.37132]},"properties":{"species":"Petauroides volans","eventDate":"2022-02-09","basisOfRecord":"OCCURRENCE","license":"CC-BY 4.0 (Int)","coordinateUncertaintyM":10.0,"uncertaintyUnknown":false,"observationCount":1,"geographicOutlier":false}},{"type":"Feature","id":"2fec6a57e464d59e","geometry":{"type":"Point","coordinates":[145.9145,-37.5648]},"properties":{"species":"Petauroides volans","eventDate":"2022-02-09","basisOfRecord":"OCCURRENCE","license":"CC-BY 4.0 (Int)","coordinateUncertaintyM":10.0,"uncertaintyUnknown":false,"observationCount":1,"geographicOutlier":false}},{"type":"Feature","id":"959c4d08a3c6d4c6","geometry":{"type":"Point","coordinates":[148.70704,-37.21616]},"properties":{"species":"Petauroides volans","eventDate":"2022-02-08","basisOfRecord":"OCCURRENCE","license":"CC-BY 4.0 (Int)","coordinateUncertaintyM":10.0,"uncertaintyUnknown":false,"observationCount":1,"geographicOutlier":false}},{"type":"Feature","id":"3b24796ffdf9e973","geometry":{"type":"Point","coordinates":[145.91773,-37.55886]},"properties":{"species":"Petauroides volans","eventDate":"2022-02-07","basisOfRecord":"OCCURRENCE","license":"CC-BY 4.0 (Int)","coordinateUncertaintyM":10.0,"uncertaintyUnknown":false,"observationCount":1,"geographicOutlier":false}},{"type":"Feature","id":"daeae3f609366f06","geometry":{"type":"Point","coordinates":[145.91527,-37.56453]},"properties":{"species":"Petauroides volans","eventDate":"2022-02-07","basisOfRecord":"OCCURRENCE","license":"CC-BY 4.0 (Int)","coordinateUncertaintyM":10.0,"uncertaintyUnknown":false,"observationCount":1,"geographicOutlier":false}},{"type":"Feature","id":"a2d9be9f2c1a737b","geometry":{"type":"Point","coordinates":[146.14845,-37.9307]},"properties":{"species":"Petauroides volans","eventDate":"2022-02-02","basisOfRecord":"OBSERVATION","license":"CC-BY 4.0 (Int)","coordinateUncertaintyM":10.0,"uncertaintyUnknown":false,"observationCount":1,"geographicOutlier":false}},{"type":"Feature","id":"ca2b69810f75b1c9","geometry":{"type":"Point","coordinates":[148.79907,-37.14337]},"properties":{"species":"Petauroides volans","eventDate":"2022-02-02","basisOfRecord":"OCCURRENCE","license":"CC-BY 4.0 (Int)","coordinateUncertaintyM":5.0,"uncertaintyUnknown":false,"observationCount":1,"geographicOutlier":false}},{"type":"Feature","id":"a607b41c1ec33e10","geometry":{"type":"Point","coordinates":[146.27083,-37.95728]},"properties":{"species":"Petauroides volans","eventDate":"2022-01-31","basisOfRecord":"OBSERVATION","license":"CC-BY 4.0 (Int)","coordinateUncertaintyM":10.0,"uncertaintyUnknown":false,"observationCount":1,"geographicOutlier":false}},{"type":"Feature","id":"7c450f0315c2e92f","geometry":{"type":"Point","coordinates":[145.92034,-37.88995]},"properties":{"species":"Petauroides volans","eventDate":"2022-01-27","basisOfRecord":"OBSERVATION","license":"CC-BY 4.0 (Int)","coordinateUncertaintyM":10.0,"uncertaintyUnknown":false,"observationCount":1,"geographicOutlier":false}},{"type":"Feature","id":"f1e04e5f766073b7","geometry":{"type":"Point","coordinates":[145.58076,-37.48936]},"properties":{"species":"Petauroides volans","eventDate":"2022-01-25","basisOfRecord":"OCCURRENCE","license":"CC-BY 4.0 (Int)","coordinateUncertaintyM":10.0,"uncertaintyUnknown":false,"observationCount":1,"geographicOutlier":false}},{"type":"Feature","id":"f43c14afd19bcfd6","geometry":{"type":"Point","coordinates":[149.523046,-36.223193]},"properties":{"species":"Petauroides volans","eventDate":"2022-01-24","basisOfRecord":"HUMAN_OBSERVATION","license":"CC-BY 4.0 (Int)","coordinateUncertaintyM":20.0,"uncertaintyUnknown":false,"observationCount":1,"geographicOutlier":false}},{"type":"Feature","id":"ae46221c6a714865","geometry":{"type":"Point","coordinates":[145.35082,-37.47961]},"properties":{"species":"Petauroides volans","eventDate":"2022-01-23","basisOfRecord":"OBSERVATION","license":"CC-BY 4.0 (Int)","coordinateUncertaintyM":30.0,"uncertaintyUnknown":false,"observationCount":1,"geographicOutlier":false}},{"type":"Feature","id":"54950a2c35783a0c","geometry":{"type":"Point","coordinates":[148.831,-37.16933]},"properties":{"species":"Petauroides volans","eventDate":"2022-01-22","basisOfRecord":"OCCURRENCE","license":"CC-BY 4.0 (Int)","coordinateUncertaintyM":33.0,"uncertaintyUnknown":false,"observationCount":1,"geographicOutlier":false}},{"type":"Feature","id":"860f420c7f14de47","geometry":{"type":"Point","coordinates":[148.76856,-37.17237]},"properties":{"species":"Petauroides volans","eventDate":"2022-01-21","basisOfRecord":"OCCURRENCE","license":"CC-BY 4.0 (Int)","coordinateUncertaintyM":3.0,"uncertaintyUnknown":false,"observationCount":1,"geographicOutlier":false}},{"type":"Feature","id":"e2cfa32586500ff5","geometry":{"type":"Point","coordinates":[145.52481,-37.58439]},"properties":{"species":"Petauroides volans","eventDate":"2022-01-19","basisOfRecord":"OCCURRENCE","license":"CC-BY 4.0 (Int)","coordinateUncertaintyM":10.0,"uncertaintyUnknown":false,"observationCount":1,"geographicOutlier":false}},{"type":"Feature","id":"7d200b262eb2a90b","geometry":{"type":"Point","coordinates":[144.29309,-37.32095]},"properties":{"species":"Petauroides volans","eventDate":"2022-01-19","basisOfRecord":"OBSERVATION","license":"CC-BY 4.0 (Int)","coordinateUncertaintyM":5.0,"uncertaintyUnknown":false,"observationCount":1,"geographicOutlier":false}},{"type":"Feature","id":"5e2d764ea0c2e232","geometry":{"type":"Point","coordinates":[147.47279,-37.71806]},"properties":{"species":"Petauroides volans","eventDate":"2022-01-19","basisOfRecord":"OCCURRENCE","license":"CC-BY 4.0 (Int)","coordinateUncertaintyM":5.0,"uncertaintyUnknown":false,"observationCount":1,"geographicOutlier":false}},{"type":"Feature","id":"a3e2bb537bbd9cc5","geometry":{"type":"Point","coordinates":[145.52445,-37.58485]},"properties":{"species":"Petauroides volans","eventDate":"2022-01-19","basisOfRecord":"OCCURRENCE","license":"CC-BY 4.0 (Int)","coordinateUncertaintyM":10.0,"uncertaintyUnknown":false,"observationCount":1,"geographicOutlier":false}},{"type":"Feature","id":"f6679b8a879995c6","geometry":{"type":"Point","coordinates":[146.19972,-37.90502]},"properties":{"species":"Petauroides volans","eventDate":"2022-01-18","basisOfRecord":"OBSERVATION","license":"CC-BY 4.0 (Int)","coordinateUncertaintyM":10.0,"uncertaintyUnknown":false,"observationCount":1,"geographicOutlier":false}},{"type":"Feature","id":"5a771bff2e451b08","geometry":{"type":"Point","coordinates":[147.47644,-37.71493]},"properties":{"species":"Petauroides volans","eventDate":"2022-01-18","basisOfRecord":"OCCURRENCE","license":"CC-BY 4.0 (Int)","coordinateUncertaintyM":5.0,"uncertaintyUnknown":false,"observationCount":1,"geographicOutlier":false}},{"type":"Feature","id":"681106d948503a96","geometry":{"type":"Point","coordinates":[147.4752,-37.71883]},"properties":{"species":"Petauroides volans","eventDate":"2022-01-18","basisOfRecord":"OCCURRENCE","license":"CC-BY 4.0 (Int)","coordinateUncertaintyM":5.0,"uncertaintyUnknown":false,"observationCount":1,"geographicOutlier":false}},{"type":"Feature","id":"8266e6026617ab33","geometry":{"type":"Point","coordinates":[146.2837,-37.94395]},"properties":{"species":"Petauroides volans","eventDate":"2022-01-17","basisOfRecord":"OBSERVATION","license":"CC-BY 4.0 (Int)","coordinateUncertaintyM":10.0,"uncertaintyUnknown":false,"observationCount":1,"geographicOutlier":false}},{"type":"Feature","id":"a70d711be506ae68","geometry":{"type":"Point","coordinates":[145.43763,-37.50167]},"properties":{"species":"Petauroides volans","eventDate":"2022-01-15","basisOfRecord":"OCCURRENCE","license":"CC-BY 4.0 (Int)","coordinateUncertaintyM":15.0,"uncertaintyUnknown":false,"observationCount":1,"geographicOutlier":false}},{"type":"Feature","id":"11fdcd73d9a07b52","geometry":{"type":"Point","coordinates":[147.47853,-37.68796]},"properties":{"species":"Petauroides volans","eventDate":"2022-01-13","basisOfRecord":"OCCURRENCE","license":"CC-BY 4.0 (Int)","coordinateUncertaintyM":5.0,"uncertaintyUnknown":false,"observationCount":1,"geographicOutlier":false}},{"type":"Feature","id":"94892eba8002472e","geometry":{"type":"Point","coordinates":[151.488676,-31.469926]},"properties":{"species":"Petauroides volans","eventDate":"2022-01-10","basisOfRecord":"HUMAN_OBSERVATION","license":"CC-BY 4.0 (Int)","coordinateUncertaintyM":10.0,"uncertaintyUnknown":false,"observationCount":1,"geographicOutlier":false}},{"type":"Feature","id":"b07a821ab8a0078c","geometry":{"type":"Point","coordinates":[145.44051,-37.49511]},"properties":{"species":"Petauroides volans","eventDate":"2022-01-08","basisOfRecord":"OCCURRENCE","license":"CC-BY 4.0 (Int)","coordinateUncertaintyM":15.0,"uncertaintyUnknown":false,"observationCount":1,"geographicOutlier":false}},{"type":"Feature","id":"e32ea82edd39bec5","geometry":{"type":"Point","coordinates":[147.582977,-35.859785]},"properties":{"species":"Petauroides volans","eventDate":"2022-01-04","basisOfRecord":"HUMAN_OBSERVATION","license":"CC-BY 4.0 (Int)","coordinateUncertaintyM":150.0,"uncertaintyUnknown":false,"observationCount":1,"geographicOutlier":false}},{"type":"Feature","id":"02462f0cb4ec6d63","geometry":{"type":"Point","coordinates":[145.9985,-37.61804]},"properties":{"species":"Petauroides volans","eventDate":"2022-01-04","basisOfRecord":"OCCURRENCE","license":"CC-BY 4.0 (Int)","coordinateUncertaintyM":5.0,"uncertaintyUnknown":false,"observationCount":1,"geographicOutlier":false}},{"type":"Feature","id":"8aa0990e9c383113","geometry":{"type":"Point","coordinates":[149.563463,-35.9369]},"properties":{"species":"Petauroides volans","eventDate":"2022-01-02","basisOfRecord":"HUMAN_OBSERVATION","license":"CC-BY 4.0 (Int)","coordinateUncertaintyM":20.0,"uncertaintyUnknown":false,"observationCount":1,"geographicOutlier":false}},{"type":"Feature","id":"3ec10c30f028cc3c","geometry":{"type":"Point","coordinates":[149.50516,-35.986533]},"properties":{"species":"Petauroides volans","eventDate":"2022-01-01","basisOfRecord":"HUMAN_OBSERVATION","license":"CC-BY 4.0 (Int)","coordinateUncertaintyM":20.0,"uncertaintyUnknown":false,"observationCount":1,"geographicOutlier":false}},{"type":"Feature","id":"80062433771028b7","geometry":{"type":"Point","coordinates":[145.43556,-37.49824]},"properties":{"species":"Petauroides volans","eventDate":"2021-12-21","basisOfRecord":"OCCURRENCE","license":"CC-BY 4.0 (Int)","coordinateUncertaintyM":15.0,"uncertaintyUnknown":false,"observationCount":1,"geographicOutlier":false}},{"type":"Feature","id":"26618f0f9811418f","geometry":{"type":"Point","coordinates":[149.506218,-35.6863]},"properties":{"species":"Petauroides volans","eventDate":"2021-12-20","basisOfRecord":"HUMAN_OBSERVATION","license":"CC-BY 4.0 (Int)","coordinateUncertaintyM":20.0,"uncertaintyUnknown":false,"observationCount":1,"geographicOutlier":false}},{"type":"Feature","id":"4f95f3bfa5af1742","geometry":{"type":"Point","coordinates":[149.506511,-35.735508]},"properties":{"species":"Petauroides volans","eventDate":"2021-12-20","basisOfRecord":"HUMAN_OBSERVATION","license":"CC-BY 4.0 (Int)","coordinateUncertaintyM":20.0,"uncertaintyUnknown":false,"observationCount":1,"geographicOutlier":false}},{"type":"Feature","id":"ece15b15ad45938b","geometry":{"type":"Point","coordinates":[150.269982,-33.440536]},"properties":{"species":"Petauroides volans","eventDate":"2021-12-15","basisOfRecord":"HUMAN_OBSERVATION","license":"CC-BY 4.0 (Int)","coordinateUncertaintyM":100.0,"uncertaintyUnknown":false,"observationCount":1,"geographicOutlier":false}},{"type":"Feature","id":"86f24d57af879b13","geometry":{"type":"Point","coordinates":[147.588261,-35.853583]},"properties":{"species":"Petauroides volans","eventDate":"2021-12-14","basisOfRecord":"HUMAN_OBSERVATION","license":"CC-BY 4.0 (Int)","coordinateUncertaintyM":150.0,"uncertaintyUnknown":false,"observationCount":1,"geographicOutlier":false}},{"type":"Feature","id":"40326d358f4e93b0","geometry":{"type":"Point","coordinates":[147.53671,-37.29716]},"properties":{"species":"Petauroides volans","eventDate":"2021-12-13","basisOfRecord":"OCCURRENCE","license":"CC-BY 4.0 (Int)","coordinateUncertaintyM":5.0,"uncertaintyUnknown":false,"observationCount":1,"geographicOutlier":false}},{"type":"Feature","id":"cacacbe3f3ac8e1e","geometry":{"type":"Point","coordinates":[150.483802,-34.707771]},"properties":{"species":"Petauroides volans","eventDate":"2021-12-07","basisOfRecord":"HUMAN_OBSERVATION","license":"CC-BY 4.0 (Int)","coordinateUncertaintyM":50.0,"uncertaintyUnknown":false,"observationCount":1,"geographicOutlier":false}},{"type":"Feature","id":"50439f4a81297fcd","geometry":{"type":"Point","coordinates":[149.62781,-35.46438]},"properties":{"species":"Petauroides volans","eventDate":"2021-12-06","basisOfRecord":"HUMAN_OBSERVATION","license":"CC-BY 4.0 (Int)","coordinateUncertaintyM":20.0,"uncertaintyUnknown":false,"observationCount":1,"geographicOutlier":false}},{"type":"Feature","id":"902e891089baf68c","geometry":{"type":"Point","coordinates":[150.223901,-34.501533]},"properties":{"species":"Petauroides volans","eventDate":"2021-12-05","basisOfRecord":"HUMAN_OBSERVATION","license":"CC-BY 4.0 (Int)","coordinateUncertaintyM":20.0,"uncertaintyUnknown":false,"observationCount":1,"geographicOutlier":false}},{"type":"Feature","id":"f27f4236033398c1","geometry":{"type":"Point","coordinates":[150.216082,-34.496445]},"properties":{"species":"Petauroides volans","eventDate":"2021-12-05","basisOfRecord":"HUMAN_OBSERVATION","license":"CC-BY 4.0 (Int)","coordinateUncertaintyM":20.0,"uncertaintyUnknown":false,"observationCount":1,"geographicOutlier":false}},{"type":"Feature","id":"d3bf628094ea367e","geometry":{"type":"Point","coordinates":[150.155646,-33.362217]},"properties":{"species":"Petauroides volans","eventDate":"2021-12-01","basisOfRecord":"HUMAN_OBSERVATION","license":"CC-BY 4.0 (Int)","coordinateUncertaintyM":100.0,"uncertaintyUnknown":false,"observationCount":1,"geographicOutlier":false}},{"type":"Feature","id":"4d93f07f601a7343","geometry":{"type":"Point","coordinates":[145.45722,-37.4825]},"properties":{"species":"Petauroides volans","eventDate":"2021-11-30","basisOfRecord":"OBSERVATION","license":"CC-BY 4.0 (Int)","coordinateUncertaintyM":10.0,"uncertaintyUnknown":false,"observationCount":1,"geographicOutlier":false}},{"type":"Feature","id":"7f9bf323d15bbde9","geometry":{"type":"Point","coordinates":[150.151438,-33.38813]},"properties":{"species":"Petauroides volans","eventDate":"2021-11-29","basisOfRecord":"HUMAN_OBSERVATION","license":"CC-BY 4.0 (Int)","coordinateUncertaintyM":100.0,"uncertaintyUnknown":false,"observationCount":1,"geographicOutlier":false}},{"type":"Feature","id":"94930798e291cbff","geometry":{"type":"Point","coordinates":[150.140337,-33.387784]},"properties":{"species":"Petauroides volans","eventDate":"2021-11-29","basisOfRecord":"HUMAN_OBSERVATION","license":"CC-BY 4.0 (Int)","coordinateUncertaintyM":100.0,"uncertaintyUnknown":false,"observationCount":1,"geographicOutlier":false}},{"type":"Feature","id":"7102906dd575cf03","geometry":{"type":"Point","coordinates":[150.234539,-34.487973]},"properties":{"species":"Petauroides volans","eventDate":"2021-11-28","basisOfRecord":"HUMAN_OBSERVATION","license":"CC-BY 4.0 (Int)","coordinateUncertaintyM":20.0,"uncertaintyUnknown":false,"observationCount":1,"geographicOutlier":false}},{"type":"Feature","id":"7c91a4d701e072a5","geometry":{"type":"Point","coordinates":[148.096852,-35.505285]},"properties":{"species":"Petauroides volans","eventDate":"2021-11-24","basisOfRecord":"HUMAN_OBSERVATION","license":"CC-BY 4.0 (Int)","coordinateUncertaintyM":10.0,"uncertaintyUnknown":false,"observationCount":1,"geographicOutlier":false}},{"type":"Feature","id":"baac2ec69dc07f45","geometry":{"type":"Point","coordinates":[150.22973,-34.54982]},"properties":{"species":"Petauroides volans","eventDate":"2021-11-23","basisOfRecord":"HUMAN_OBSERVATION","license":"CC-BY 4.0 (Int)","coordinateUncertaintyM":20.0,"uncertaintyUnknown":false,"observationCount":1,"geographicOutlier":false}},{"type":"Feature","id":"5db2c3e7f15c8273","geometry":{"type":"Point","coordinates":[145.97472,-37.40165]},"properties":{"species":"Petauroides volans","eventDate":"2021-11-23","basisOfRecord":"OCCURRENCE","license":"CC-BY 4.0 (Int)","coordinateUncertaintyM":10.0,"uncertaintyUnknown":false,"observationCount":1,"geographicOutlier":false}},{"type":"Feature","id":"316eeebd8200de12","geometry":{"type":"Point","coordinates":[148.132993,-35.55005]},"properties":{"species":"Petauroides volans","eventDate":"2021-11-23","basisOfRecord":"HUMAN_OBSERVATION","license":"CC-BY 4.0 (Int)","coordinateUncertaintyM":10.0,"uncertaintyUnknown":false,"observationCount":1,"geographicOutlier":false}},{"type":"Feature","id":"230bb1dc4de4763b","geometry":{"type":"Point","coordinates":[148.129849,-35.544348]},"properties":{"species":"Petauroides volans","eventDate":"2021-11-22","basisOfRecord":"HUMAN_OBSERVATION","license":"CC-BY 4.0 (Int)","coordinateUncertaintyM":10.0,"uncertaintyUnknown":false,"observationCount":1,"geographicOutlier":false}},{"type":"Feature","id":"f79c57c43af2903d","geometry":{"type":"Point","coordinates":[148.134191,-35.545069]},"properties":{"species":"Petauroides volans","eventDate":"2021-11-22","basisOfRecord":"HUMAN_OBSERVATION","license":"CC-BY 4.0 (Int)","coordinateUncertaintyM":10.0,"uncertaintyUnknown":false,"observationCount":1,"geographicOutlier":false}},{"type":"Feature","id":"bd16072b45098db8","geometry":{"type":"Point","coordinates":[149.600406,-35.410188]},"properties":{"species":"Petauroides volans","eventDate":"2021-11-18","basisOfRecord":"HUMAN_OBSERVATION","license":"CC-BY 4.0 (Int)","coordinateUncertaintyM":20.0,"uncertaintyUnknown":false,"observationCount":1,"geographicOutlier":false}},{"type":"Feature","id":"083df1c5859375ab","geometry":{"type":"Point","coordinates":[145.92934,-37.38531]},"properties":{"species":"Petauroides volans","eventDate":"2021-11-17","basisOfRecord":"OBSERVATION","license":"CC-BY 4.0 (Int)","coordinateUncertaintyM":10.0,"uncertaintyUnknown":false,"observationCount":1,"geographicOutlier":false}},{"type":"Feature","id":"64561d82081f1c05","geometry":{"type":"Point","coordinates":[150.126163,-33.32929]},"properties":{"species":"Petauroides volans","eventDate":"2021-11-17","basisOfRecord":"HUMAN_OBSERVATION","license":"CC-BY 4.0 (Int)","coordinateUncertaintyM":100.0,"uncertaintyUnknown":false,"observationCount":1,"geographicOutlier":false}},{"type":"Feature","id":"64cd0d0f9d851292","geometry":{"type":"Point","coordinates":[147.53476,-37.30026]},"properties":{"species":"Petauroides volans","eventDate":"2021-11-16","basisOfRecord":"OCCURRENCE","license":"CC-BY 4.0 (Int)","coordinateUncertaintyM":5.0,"uncertaintyUnknown":false,"observationCount":1,"geographicOutlier":false}},{"type":"Feature","id":"17d31a0d5f69efe8","geometry":{"type":"Point","coordinates":[147.53326,-37.29792]},"properties":{"species":"Petauroides volans","eventDate":"2021-11-16","basisOfRecord":"OCCURRENCE","license":"CC-BY 4.0 (Int)","coordinateUncertaintyM":5.0,"uncertaintyUnknown":false,"observationCount":1,"geographicOutlier":false}},{"type":"Feature","id":"3aa5edc0dc7136b7","geometry":{"type":"Point","coordinates":[146.01118,-37.63278]},"properties":{"species":"Petauroides volans","eventDate":"2021-11-08","basisOfRecord":"OBSERVATION","license":"CC-BY 4.0 (Int)","coordinateUncertaintyM":10.0,"uncertaintyUnknown":false,"observationCount":1,"geographicOutlier":false}},{"type":"Feature","id":"0a44dc62e04b2b84","geometry":{"type":"Point","coordinates":[152.185607,-28.790065]},"properties":{"species":"Petauroides volans","eventDate":"2021-11-04","basisOfRecord":"HUMAN_OBSERVATION","license":"CC-BY 4.0 (Int)","coordinateUncertaintyM":50.0,"uncertaintyUnknown":false,"observationCount":1,"geographicOutlier":false}},{"type":"Feature","id":"9f59689aa1c974b9","geometry":{"type":"Point","coordinates":[152.186134,-28.80404]},"properties":{"species":"Petauroides volans","eventDate":"2021-11-04","basisOfRecord":"HUMAN_OBSERVATION","license":"CC-BY 4.0 (Int)","coordinateUncertaintyM":50.0,"uncertaintyUnknown":false,"observationCount":1,"geographicOutlier":false}},{"type":"Feature","id":"d26a41f0a8363eb5","geometry":{"type":"Point","coordinates":[150.25006,-33.70453]},"properties":{"species":"Petauroides volans","eventDate":"2021-11-03","basisOfRecord":"HUMAN_OBSERVATION","license":"CC-BY 4.0 (Int)","coordinateUncertaintyM":10.0,"uncertaintyUnknown":false,"observationCount":1,"geographicOutlier":false}},{"type":"Feature","id":"de8eacf952c56511","geometry":{"type":"Point","coordinates":[147.4736,-37.7207]},"properties":{"species":"Petauroides volans","eventDate":"2021-11-01","basisOfRecord":"OCCURRENCE","license":"CC-BY 4.0 (Int)","coordinateUncertaintyM":5.0,"uncertaintyUnknown":false,"observationCount":1,"geographicOutlier":false}},{"type":"Feature","id":"d58eb072b7241dc6","geometry":{"type":"Point","coordinates":[147.47816,-37.71634]},"properties":{"species":"Petauroides volans","eventDate":"2021-11-01","basisOfRecord":"OCCURRENCE","license":"CC-BY 4.0 (Int)","coordinateUncertaintyM":5.0,"uncertaintyUnknown":false,"observationCount":1,"geographicOutlier":false}},{"type":"Feature","id":"d54daa37910c6cb5","geometry":{"type":"Point","coordinates":[149.809454,-33.436837]},"properties":{"species":"Petauroides volans","eventDate":"2021-10-28","basisOfRecord":"HUMAN_OBSERVATION","license":"CC-BY 4.0 (Int)","coordinateUncertaintyM":25.0,"uncertaintyUnknown":false,"observationCount":1,"geographicOutlier":false}},{"type":"Feature","id":"ea564f6ed8f66127","geometry":{"type":"Point","coordinates":[152.9468,-30.78804]},"properties":{"species":"Petauroides volans","eventDate":"2021-10-27","basisOfRecord":"HUMAN_OBSERVATION","license":"CC-BY 4.0 (Int)","coordinateUncertaintyM":100.0,"uncertaintyUnknown":false,"observationCount":1,"geographicOutlier":false}},{"type":"Feature","id":"a79c498207f16965","geometry":{"type":"Point","coordinates":[150.218128,-33.407846]},"properties":{"species":"Petauroides volans","eventDate":"2021-10-26","basisOfRecord":"HUMAN_OBSERVATION","license":"CC-BY 4.0 (Int)","coordinateUncertaintyM":100.0,"uncertaintyUnknown":false,"observationCount":1,"geographicOutlier":false}},{"type":"Feature","id":"f13400b47902c023","geometry":{"type":"Point","coordinates":[145.62613,-37.903874]},"properties":{"species":"Petauroides volans","eventDate":"2021-10-22","basisOfRecord":"HUMAN_OBSERVATION","license":"CC-BY 4.0 (Int)","coordinateUncertaintyM":31.0,"uncertaintyUnknown":false,"observationCount":1,"geographicOutlier":false}},{"type":"Feature","id":"69268c92bb7f8013","geometry":{"type":"Point","coordinates":[148.359,-37.7716]},"properties":{"species":"Petauroides volans","eventDate":"2021-10-20","basisOfRecord":"OCCURRENCE","license":"CC-BY 4.0 (Int)","coordinateUncertaintyM":10.0,"uncertaintyUnknown":false,"observationCount":1,"geographicOutlier":false}},{"type":"Feature","id":"bcff4494709630ac","geometry":{"type":"Point","coordinates":[148.955,-37.1751]},"properties":{"species":"Petauroides volans","eventDate":"2021-10-20","basisOfRecord":"OCCURRENCE","license":"CC-BY 4.0 (Int)","coordinateUncertaintyM":10.0,"uncertaintyUnknown":false,"observationCount":1,"geographicOutlier":false}},{"type":"Feature","id":"4e20ad104c45503e","geometry":{"type":"Point","coordinates":[149.055,-37.1437]},"properties":{"species":"Petauroides volans","eventDate":"2021-10-20","basisOfRecord":"OCCURRENCE","license":"CC-BY 4.0 (Int)","coordinateUncertaintyM":10.0,"uncertaintyUnknown":false,"observationCount":1,"geographicOutlier":false}},{"type":"Feature","id":"90499adc392ddbea","geometry":{"type":"Point","coordinates":[152.204795,-30.567663]},"properties":{"species":"Petauroides volans","eventDate":"2021-10-13","basisOfRecord":"HUMAN_OBSERVATION","license":"CC-BY 4.0 (Int)","coordinateUncertaintyM":10.0,"uncertaintyUnknown":false,"observationCount":1,"geographicOutlier":false}},{"type":"Feature","id":"fc7123e0ac4985e6","geometry":{"type":"Point","coordinates":[145.46378,-37.48726]},"properties":{"species":"Petauroides volans","eventDate":"2021-10-12","basisOfRecord":"OBSERVATION","license":"CC-BY 4.0 (Int)","coordinateUncertaintyM":10.0,"uncertaintyUnknown":false,"observationCount":1,"geographicOutlier":false}},{"type":"Feature","id":"c8bb69253431c53c","geometry":{"type":"Point","coordinates":[145.46344,-37.48387]},"properties":{"species":"Petauroides volans","eventDate":"2021-10-07","basisOfRecord":"OBSERVATION","license":"CC-BY 4.0 (Int)","coordinateUncertaintyM":10.0,"uncertaintyUnknown":false,"observationCount":1,"geographicOutlier":false}},{"type":"Feature","id":"3233b454c616406e","geometry":{"type":"Point","coordinates":[146.22134,-37.9312]},"properties":{"species":"Petauroides volans","eventDate":"2021-09-28","basisOfRecord":"OCCURRENCE","license":"CC-BY 4.0 (Int)","coordinateUncertaintyM":33.0,"uncertaintyUnknown":false,"observationCount":1,"geographicOutlier":false}},{"type":"Feature","id":"4f83036ebb8eca26","geometry":{"type":"Point","coordinates":[145.70163,-37.82929]},"properties":{"species":"Petauroides volans","eventDate":"2021-09-27","basisOfRecord":"OBSERVATION","license":"CC-BY 4.0 (Int)","coordinateUncertaintyM":10.0,"uncertaintyUnknown":false,"observationCount":1,"geographicOutlier":false}},{"type":"Feature","id":"80a2804d15e04c41","geometry":{"type":"Point","coordinates":[148.76538,-37.19851]},"properties":{"species":"Petauroides volans","eventDate":"2021-09-25","basisOfRecord":"OCCURRENCE","license":"CC-BY 4.0 (Int)","coordinateUncertaintyM":3.0,"uncertaintyUnknown":false,"observationCount":1,"geographicOutlier":false}},{"type":"Feature","id":"2bb340b7eb34972a","geometry":{"type":"Point","coordinates":[148.80066,-37.21226]},"properties":{"species":"Petauroides volans","eventDate":"2021-09-24","basisOfRecord":"OCCURRENCE","license":"CC-BY 4.0 (Int)","coordinateUncertaintyM":3.0,"uncertaintyUnknown":false,"observationCount":1,"geographicOutlier":false}},{"type":"Feature","id":"53f2b3ca8ebe9e91","geometry":{"type":"Point","coordinates":[145.70128,-37.83014]},"properties":{"species":"Petauroides volans","eventDate":"2021-09-22","basisOfRecord":"OBSERVATION","license":"CC-BY 4.0 (Int)","coordinateUncertaintyM":10.0,"uncertaintyUnknown":false,"observationCount":1,"geographicOutlier":false}},{"type":"Feature","id":"60cb4bc7d59e202f","geometry":{"type":"Point","coordinates":[145.45725,-37.48782]},"properties":{"species":"Petauroides volans","eventDate":"2021-09-16","basisOfRecord":"OBSERVATION","license":"CC-BY 4.0 (Int)","coordinateUncertaintyM":10.0,"uncertaintyUnknown":false,"observationCount":1,"geographicOutlier":false}},{"type":"Feature","id":"4cbcc4d3f5f1dab3","geometry":{"type":"Point","coordinates":[145.45973,-37.4803]},"properties":{"species":"Petauroides volans","eventDate":"2021-09-16","basisOfRecord":"OBSERVATION","license":"CC-BY 4.0 (Int)","coordinateUncertaintyM":10.0,"uncertaintyUnknown":false,"observationCount":1,"geographicOutlier":false}},{"type":"Feature","id":"1a3cbd046979f5b0","geometry":{"type":"Point","coordinates":[148.06858,-37.18333]},"properties":{"species":"Petauroides volans","eventDate":"2021-09-15","basisOfRecord":"OCCURRENCE","license":"CC-BY 4.0 (Int)","coordinateUncertaintyM":10.0,"uncertaintyUnknown":false,"observationCount":1,"geographicOutlier":false}},{"type":"Feature","id":"235605915e934494","geometry":{"type":"Point","coordinates":[145.7983,-37.78973]},"properties":{"species":"Petauroides volans","eventDate":"2021-09-15","basisOfRecord":"OCCURRENCE","license":"CC-BY 4.0 (Int)","coordinateUncertaintyM":53.0,"uncertaintyUnknown":false,"observationCount":1,"geographicOutlier":false}},{"type":"Feature","id":"0cacf8a9e7ca3e3a","geometry":{"type":"Point","coordinates":[145.81185,-37.75886]},"properties":{"species":"Petauroides volans","eventDate":"2021-09-14","basisOfRecord":"OCCURRENCE","license":"CC-BY 4.0 (Int)","coordinateUncertaintyM":5.0,"uncertaintyUnknown":false,"observationCount":1,"geographicOutlier":false}},{"type":"Feature","id":"ed0fdd48e211d650","geometry":{"type":"Point","coordinates":[145.90584,-37.90618]},"properties":{"species":"Petauroides volans","eventDate":"2021-09-13","basisOfRecord":"OBSERVATION","license":"CC-BY 4.0 (Int)","coordinateUncertaintyM":10.0,"uncertaintyUnknown":false,"observationCount":1,"geographicOutlier":false}},{"type":"Feature","id":"b86f064fae3c4678","geometry":{"type":"Point","coordinates":[145.89128,-36.89358]},"properties":{"species":"Petauroides volans","eventDate":"2021-09-13","basisOfRecord":"OBSERVATION","license":"CC-BY 4.0 (Int)","coordinateUncertaintyM":10.0,"uncertaintyUnknown":false,"observationCount":1,"geographicOutlier":false}},{"type":"Feature","id":"663075e7b7b2dcca","geometry":{"type":"Point","coordinates":[145.98805,-37.86294]},"properties":{"species":"Petauroides volans","eventDate":"2021-09-08","basisOfRecord":"OCCURRENCE","license":"CC-BY 4.0 (Int)","coordinateUncertaintyM":10.0,"uncertaintyUnknown":false,"observationCount":1,"geographicOutlier":false}},{"type":"Feature","id":"d8b21aaf42be849f","geometry":{"type":"Point","coordinates":[145.98786,-37.85945]},"properties":{"species":"Petauroides volans","eventDate":"2021-09-08","basisOfRecord":"OCCURRENCE","license":"CC-BY 4.0 (Int)","coordinateUncertaintyM":10.0,"uncertaintyUnknown":false,"observationCount":1,"geographicOutlier":false}},{"type":"Feature","id":"5375b4c57fe9d116","geometry":{"type":"Point","coordinates":[145.89658,-36.89546]},"properties":{"species":"Petauroides volans","eventDate":"2021-09-08","basisOfRecord":"OBSERVATION","license":"CC-BY 4.0 (Int)","coordinateUncertaintyM":10.0,"uncertaintyUnknown":false,"observationCount":1,"geographicOutlier":false}},{"type":"Feature","id":"dca1f8a0bd131a43","geometry":{"type":"Point","coordinates":[145.9876,-37.86008]},"properties":{"species":"Petauroides volans","eventDate":"2021-09-08","basisOfRecord":"OCCURRENCE","license":"CC-BY 4.0 (Int)","coordinateUncertaintyM":10.0,"uncertaintyUnknown":false,"observationCount":1,"geographicOutlier":false}},{"type":"Feature","id":"094b5e5239c9890a","geometry":{"type":"Point","coordinates":[145.92026,-37.54948]},"properties":{"species":"Petauroides volans","eventDate":"2021-09-07","basisOfRecord":"OBSERVATION","license":"CC-BY 4.0 (Int)","coordinateUncertaintyM":10.0,"uncertaintyUnknown":false,"observationCount":1,"geographicOutlier":false}},{"type":"Feature","id":"a53a66f3d8205f97","geometry":{"type":"Point","coordinates":[145.92213,-37.86933]},"properties":{"species":"Petauroides volans","eventDate":"2021-09-06","basisOfRecord":"OCCURRENCE","license":"CC-BY 4.0 (Int)","coordinateUncertaintyM":10.0,"uncertaintyUnknown":false,"observationCount":1,"geographicOutlier":false}},{"type":"Feature","id":"fe6e1dc5661717f1","geometry":{"type":"Point","coordinates":[152.961625,-30.579482]},"properties":{"species":"Petauroides volans","eventDate":"2021-09-03","basisOfRecord":"HUMAN_OBSERVATION","license":"CC-BY 4.0 (Int)","coordinateUncertaintyM":30.0,"uncertaintyUnknown":false,"observationCount":1,"geographicOutlier":false}},{"type":"Feature","id":"9575a19d6f0628a3","geometry":{"type":"Point","coordinates":[148.92699,-37.19424]},"properties":{"species":"Petauroides volans","eventDate":"2021-09-01","basisOfRecord":"OBSERVATION","license":"CC-BY 4.0 (Int)","coordinateUncertaintyM":10.0,"uncertaintyUnknown":false,"observationCount":1,"geographicOutlier":false}},{"type":"Feature","id":"57f64f769edebad1","geometry":{"type":"Point","coordinates":[145.79874,-37.78964]},"properties":{"species":"Petauroides volans","eventDate":"2021-09-01","basisOfRecord":"OCCURRENCE","license":"CC-BY 4.0 (Int)","coordinateUncertaintyM":87.0,"uncertaintyUnknown":false,"observationCount":1,"geographicOutlier":false}},{"type":"Feature","id":"19ca3e69251863d8","geometry":{"type":"Point","coordinates":[145.68518,-37.57928]},"properties":{"species":"Petauroides volans","eventDate":"2021-08-31","basisOfRecord":"OBSERVATION","license":"CC-BY 4.0 (Int)","coordinateUncertaintyM":10.0,"uncertaintyUnknown":false,"observationCount":1,"geographicOutlier":false}},{"type":"Feature","id":"d17aef1f1a0ccd66","geometry":{"type":"Point","coordinates":[150.174816,-33.387349]},"properties":{"species":"Petauroides volans","eventDate":"2021-08-31","basisOfRecord":"HUMAN_OBSERVATION","license":"CC-BY 4.0 (Int)","coordinateUncertaintyM":100.0,"uncertaintyUnknown":false,"observationCount":1,"geographicOutlier":false}},{"type":"Feature","id":"3a95fe4f45e5bbed","geometry":{"type":"Point","coordinates":[145.32468,-37.44854]},"properties":{"species":"Petauroides volans","eventDate":"2021-08-30","basisOfRecord":"OBSERVATION","license":"CC-BY 4.0 (Int)","coordinateUncertaintyM":10.0,"uncertaintyUnknown":false,"observationCount":1,"geographicOutlier":false}},{"type":"Feature","id":"235d36d74fbca14f","geometry":{"type":"Point","coordinates":[145.43363,-37.49465]},"properties":{"species":"Petauroides volans","eventDate":"2021-08-26","basisOfRecord":"OBSERVATION","license":"CC-BY 4.0 (Int)","coordinateUncertaintyM":10.0,"uncertaintyUnknown":false,"observationCount":1,"geographicOutlier":false}},{"type":"Feature","id":"d6e0f8af1ae82589","geometry":{"type":"Point","coordinates":[148.19855,-37.20084]},"properties":{"species":"Petauroides volans","eventDate":"2021-08-19","basisOfRecord":"OCCURRENCE","license":"CC-BY 4.0 (Int)","coordinateUncertaintyM":10.0,"uncertaintyUnknown":false,"observationCount":1,"geographicOutlier":false}},{"type":"Feature","id":"12600e6ca8cc0dbd","geometry":{"type":"Point","coordinates":[148.18667,-37.19788]},"properties":{"species":"Petauroides volans","eventDate":"2021-08-18","basisOfRecord":"OCCURRENCE","license":"CC-BY 4.0 (Int)","coordinateUncertaintyM":10.0,"uncertaintyUnknown":false,"observationCount":1,"geographicOutlier":false}},{"type":"Feature","id":"755b774b82ce582a","geometry":{"type":"Point","coordinates":[145.94927,-37.88651]},"properties":{"species":"Petauroides volans","eventDate":"2021-08-18","basisOfRecord":"OBSERVATION","license":"CC-BY 4.0 (Int)","coordinateUncertaintyM":10.0,"uncertaintyUnknown":false,"observationCount":1,"geographicOutlier":false}},{"type":"Feature","id":"e0027d6a0c14eed1","geometry":{"type":"Point","coordinates":[148.19411,-37.19474]},"properties":{"species":"Petauroides volans","eventDate":"2021-08-18","basisOfRecord":"OCCURRENCE","license":"CC-BY 4.0 (Int)","coordinateUncertaintyM":10.0,"uncertaintyUnknown":false,"observationCount":1,"geographicOutlier":false}},{"type":"Feature","id":"1094da0ae0805d3a","geometry":{"type":"Point","coordinates":[148.94004,-37.21509]},"properties":{"species":"Petauroides volans","eventDate":"2021-08-17","basisOfRecord":"OCCURRENCE","license":"CC-BY 4.0 (Int)","coordinateUncertaintyM":10.0,"uncertaintyUnknown":false,"observationCount":1,"geographicOutlier":false}},{"type":"Feature","id":"3f501da9e38de304","geometry":{"type":"Point","coordinates":[149.10436,-37.16379]},"properties":{"species":"Petauroides volans","eventDate":"2021-08-17","basisOfRecord":"OCCURRENCE","license":"CC-BY 4.0 (Int)","coordinateUncertaintyM":10.0,"uncertaintyUnknown":false,"observationCount":1,"geographicOutlier":false}},{"type":"Feature","id":"5b256da9e6649448","geometry":{"type":"Point","coordinates":[152.782471,-30.878364]},"properties":{"species":"Petauroides volans","eventDate":"2021-08-10","basisOfRecord":"HUMAN_OBSERVATION","license":"CC-BY 4.0 (Int)","coordinateUncertaintyM":500.0,"uncertaintyUnknown":false,"observationCount":1,"geographicOutlier":false}},{"type":"Feature","id":"5aa751f23dd40833","geometry":{"type":"Point","coordinates":[145.76078,-37.89055]},"properties":{"species":"Petauroides volans","eventDate":"2021-08-09","basisOfRecord":"OBSERVATION","license":"CC-BY 4.0 (Int)","coordinateUncertaintyM":10.0,"uncertaintyUnknown":false,"observationCount":1,"geographicOutlier":false}},{"type":"Feature","id":"907af853c24422e3","geometry":{"type":"Point","coordinates":[147.53476,-37.29965]},"properties":{"species":"Petauroides volans","eventDate":"2021-08-09","basisOfRecord":"OCCURRENCE","license":"CC-BY 4.0 (Int)","coordinateUncertaintyM":5.0,"uncertaintyUnknown":false,"observationCount":1,"geographicOutlier":false}},{"type":"Feature","id":"ffa50b15e2ae8476","geometry":{"type":"Point","coordinates":[145.50976,-37.54792]},"properties":{"species":"Petauroides volans","eventDate":"2021-08-08","basisOfRecord":"OBSERVATION","license":"CC-BY 4.0 (Int)","coordinateUncertaintyM":10.0,"uncertaintyUnknown":false,"observationCount":1,"geographicOutlier":false}},{"type":"Feature","id":"44f419d59dd0d860","geometry":{"type":"Point","coordinates":[145.53493,-37.56004]},"properties":{"species":"Petauroides volans","eventDate":"2021-08-05","basisOfRecord":"OBSERVATION","license":"CC-BY 4.0 (Int)","coordinateUncertaintyM":10.0,"uncertaintyUnknown":false,"observationCount":1,"geographicOutlier":false}},{"type":"Feature","id":"f1362e8f93f9c4c9","geometry":{"type":"Point","coordinates":[146.077,-37.89902]},"properties":{"species":"Petauroides volans","eventDate":"2021-08-02","basisOfRecord":"OBSERVATION","license":"CC-BY 4.0 (Int)","coordinateUncertaintyM":10.0,"uncertaintyUnknown":false,"observationCount":1,"geographicOutlier":false}},{"type":"Feature","id":"093002118492977e","geometry":{"type":"Point","coordinates":[146.08276,-37.89813]},"properties":{"species":"Petauroides volans","eventDate":"2021-08-02","basisOfRecord":"OBSERVATION","license":"CC-BY 4.0 (Int)","coordinateUncertaintyM":10.0,"uncertaintyUnknown":false,"observationCount":1,"geographicOutlier":false}},{"type":"Feature","id":"5e8e4defd32c1697","geometry":{"type":"Point","coordinates":[145.53595,-37.56014]},"properties":{"species":"Petauroides volans","eventDate":"2021-08-01","basisOfRecord":"OBSERVATION","license":"CC-BY 4.0 (Int)","coordinateUncertaintyM":10.0,"uncertaintyUnknown":false,"observationCount":1,"geographicOutlier":false}},{"type":"Feature","id":"ac52413c0b446b13","geometry":{"type":"Point","coordinates":[145.84441,-37.88248]},"properties":{"species":"Petauroides volans","eventDate":"2021-07-29","basisOfRecord":"OCCURRENCE","license":"CC-BY 4.0 (Int)","coordinateUncertaintyM":19.0,"uncertaintyUnknown":false,"observationCount":1,"geographicOutlier":false}},{"type":"Feature","id":"5e0064022b2ef95e","geometry":{"type":"Point","coordinates":[148.01673,-37.67536]},"properties":{"species":"Petauroides volans","eventDate":"2021-07-27","basisOfRecord":"OCCURRENCE","license":"CC-BY 4.0 (Int)","coordinateUncertaintyM":5.0,"uncertaintyUnknown":false,"observationCount":1,"geographicOutlier":false}},{"type":"Feature","id":"fe7aff8e429375c2","geometry":{"type":"Point","coordinates":[146.09576,-37.92509]},"properties":{"species":"Petauroides volans","eventDate":"2021-07-22","basisOfRecord":"OBSERVATION","license":"CC-BY 4.0 (Int)","coordinateUncertaintyM":10.0,"uncertaintyUnknown":false,"observationCount":1,"geographicOutlier":false}},{"type":"Feature","id":"1961ba4f327e61ce","geometry":{"type":"Point","coordinates":[146.45621,-38.08707]},"properties":{"species":"Petauroides volans","eventDate":"2021-07-22","basisOfRecord":"OCCURRENCE","license":"CC-BY 4.0 (Int)","coordinateUncertaintyM":5.0,"uncertaintyUnknown":false,"observationCount":1,"geographicOutlier":false}},{"type":"Feature","id":"031601f2f3cdecb6","geometry":{"type":"Point","coordinates":[145.94726,-37.88812]},"properties":{"species":"Petauroides volans","eventDate":"2021-07-21","basisOfRecord":"OBSERVATION","license":"CC-BY 4.0 (Int)","coordinateUncertaintyM":10.0,"uncertaintyUnknown":false,"observationCount":1,"geographicOutlier":false}},{"type":"Feature","id":"cd5f75da9e51e625","geometry":{"type":"Point","coordinates":[145.97053,-37.80771]},"properties":{"species":"Petauroides volans","eventDate":"2021-07-07","basisOfRecord":"OBSERVATION","license":"CC-BY 4.0 (Int)","coordinateUncertaintyM":10.0,"uncertaintyUnknown":false,"observationCount":1,"geographicOutlier":false}},{"type":"Feature","id":"0f032fa09313b2cd","geometry":{"type":"Point","coordinates":[150.251677,-35.491027]},"properties":{"species":"Petauroides volans","eventDate":"2021-07-01","basisOfRecord":"HUMAN_OBSERVATION","license":"CC-BY 4.0 (Int)","coordinateUncertaintyM":10.0,"uncertaintyUnknown":false,"observationCount":1,"geographicOutlier":false}},{"type":"Feature","id":"4e21523b1029f5e6","geometry":{"type":"Point","coordinates":[150.318052,-35.439748]},"properties":{"species":"Petauroides volans","eventDate":"2021-06-29","basisOfRecord":"HUMAN_OBSERVATION","license":"CC-BY 4.0 (Int)","coordinateUncertaintyM":10.0,"uncertaintyUnknown":false,"observationCount":1,"geographicOutlier":false}},{"type":"Feature","id":"61c44444846ea54c","geometry":{"type":"Point","coordinates":[146.25368,-36.75966]},"properties":{"species":"Petauroides volans","eventDate":"2021-06-22","basisOfRecord":"OCCURRENCE","license":"CC-BY 4.0 (Int)","coordinateUncertaintyM":36.0,"uncertaintyUnknown":false,"observationCount":1,"geographicOutlier":false}},{"type":"Feature","id":"dac205c91198c7c4","geometry":{"type":"Point","coordinates":[146.25532,-36.76271]},"properties":{"species":"Petauroides volans","eventDate":"2021-06-22","basisOfRecord":"OCCURRENCE","license":"CC-BY 4.0 (Int)","coordinateUncertaintyM":58.0,"uncertaintyUnknown":false,"observationCount":1,"geographicOutlier":false}},{"type":"Feature","id":"717ab1cc6e725404","geometry":{"type":"Point","coordinates":[145.63827,-37.31541]},"properties":{"species":"Petauroides volans","eventDate":"2021-06-22","basisOfRecord":"OCCURRENCE","license":"CC-BY 4.0 (Int)","coordinateUncertaintyM":5.0,"uncertaintyUnknown":false,"observationCount":1,"geographicOutlier":false}},{"type":"Feature","id":"41a32f1c25bc988b","geometry":{"type":"Point","coordinates":[146.25068,-36.77926]},"properties":{"species":"Petauroides volans","eventDate":"2021-06-22","basisOfRecord":"OCCURRENCE","license":"CC-BY 4.0 (Int)","coordinateUncertaintyM":21.0,"uncertaintyUnknown":false,"observationCount":1,"geographicOutlier":false}},{"type":"Feature","id":"4f38b0449a57cfe1","geometry":{"type":"Point","coordinates":[148.96228,-37.19414]},"properties":{"species":"Petauroides volans","eventDate":"2021-06-22","basisOfRecord":"OBSERVATION","license":"CC-BY 4.0 (Int)","coordinateUncertaintyM":10.0,"uncertaintyUnknown":false,"observationCount":1,"geographicOutlier":false}},{"type":"Feature","id":"41ae3591651a047f","geometry":{"type":"Point","coordinates":[146.2617,-36.74506]},"properties":{"species":"Petauroides volans","eventDate":"2021-06-21","basisOfRecord":"OCCURRENCE","license":"CC-BY 4.0 (Int)","coordinateUncertaintyM":18.0,"uncertaintyUnknown":false,"observationCount":1,"geographicOutlier":false}},{"type":"Feature","id":"d6ab6a50b8e7825d","geometry":{"type":"Point","coordinates":[148.96008,-37.19694]},"properties":{"species":"Petauroides volans","eventDate":"2021-06-20","basisOfRecord":"OBSERVATION","license":"CC-BY 4.0 (Int)","coordinateUncertaintyM":10.0,"uncertaintyUnknown":false,"observationCount":1,"geographicOutlier":false}},{"type":"Feature","id":"024d3dc2dc89773f","geometry":{"type":"Point","coordinates":[145.71793,-37.90795]},"properties":{"species":"Petauroides volans","eventDate":"2021-06-15","basisOfRecord":"OCCURRENCE","license":"CC-BY 4.0 (Int)","coordinateUncertaintyM":5.0,"uncertaintyUnknown":false,"observationCount":1,"geographicOutlier":false}},{"type":"Feature","id":"a3994e43ddb04b6d","geometry":{"type":"Point","coordinates":[145.71823,-37.90878]},"properties":{"species":"Petauroides volans","eventDate":"2021-06-13","basisOfRecord":"OCCURRENCE","license":"CC-BY 4.0 (Int)","coordinateUncertaintyM":5.0,"uncertaintyUnknown":false,"observationCount":1,"geographicOutlier":false}},{"type":"Feature","id":"0cc03e1250c5bdf0","geometry":{"type":"Point","coordinates":[152.412105,-30.175372]},"properties":{"species":"Petauroides volans","eventDate":"2021-06-07","basisOfRecord":"HUMAN_OBSERVATION","license":"CC-BY 4.0 (Int)","coordinateUncertaintyM":10.0,"uncertaintyUnknown":false,"observationCount":1,"geographicOutlier":false}},{"type":"Feature","id":"3efc327614b84e38","geometry":{"type":"Point","coordinates":[152.408821,-30.18088]},"properties":{"species":"Petauroides volans","eventDate":"2021-06-07","basisOfRecord":"HUMAN_OBSERVATION","license":"CC-BY 4.0 (Int)","coordinateUncertaintyM":10.0,"uncertaintyUnknown":false,"observationCount":1,"geographicOutlier":false}},{"type":"Feature","id":"a05c9c64f78243d1","geometry":{"type":"Point","coordinates":[152.406736,-30.180482]},"properties":{"species":"Petauroides volans","eventDate":"2021-06-07","basisOfRecord":"HUMAN_OBSERVATION","license":"CC-BY 4.0 (Int)","coordinateUncertaintyM":10.0,"uncertaintyUnknown":false,"observationCount":1,"geographicOutlier":false}},{"type":"Feature","id":"a2ce0c09b8a43205","geometry":{"type":"Point","coordinates":[146.11148,-36.85592]},"properties":{"species":"Petauroides volans","eventDate":"2021-06-03","basisOfRecord":"OCCURRENCE","license":"CC-BY 4.0 (Int)","coordinateUncertaintyM":41.0,"uncertaintyUnknown":false,"observationCount":1,"geographicOutlier":false}},{"type":"Feature","id":"798ba82edb64f4c8","geometry":{"type":"Point","coordinates":[146.26104,-36.82081]},"properties":{"species":"Petauroides volans","eventDate":"2021-06-03","basisOfRecord":"OCCURRENCE","license":"CC-BY 4.0 (Int)","coordinateUncertaintyM":40.0,"uncertaintyUnknown":false,"observationCount":1,"geographicOutlier":false}},{"type":"Feature","id":"e5d67fd561383925","geometry":{"type":"Point","coordinates":[146.26057,-36.82373]},"properties":{"species":"Petauroides volans","eventDate":"2021-06-03","basisOfRecord":"OCCURRENCE","license":"CC-BY 4.0 (Int)","coordinateUncertaintyM":25.0,"uncertaintyUnknown":false,"observationCount":1,"geographicOutlier":false}},{"type":"Feature","id":"9a933969756fb920","geometry":{"type":"Point","coordinates":[146.10018,-36.84774]},"properties":{"species":"Petauroides volans","eventDate":"2021-06-02","basisOfRecord":"OCCURRENCE","license":"CC-BY 4.0 (Int)","coordinateUncertaintyM":27.0,"uncertaintyUnknown":false,"observationCount":1,"geographicOutlier":false}},{"type":"Feature","id":"f815c0547b0e74ef","geometry":{"type":"Point","coordinates":[146.10116,-36.84551]},"properties":{"species":"Petauroides volans","eventDate":"2021-06-02","basisOfRecord":"OCCURRENCE","license":"CC-BY 4.0 (Int)","coordinateUncertaintyM":42.0,"uncertaintyUnknown":false,"observationCount":1,"geographicOutlier":false}},{"type":"Feature","id":"9c0e44bac50cacdc","geometry":{"type":"Point","coordinates":[146.10108,-36.84453]},"properties":{"species":"Petauroides volans","eventDate":"2021-06-02","basisOfRecord":"OCCURRENCE","license":"CC-BY 4.0 (Int)","coordinateUncertaintyM":23.0,"uncertaintyUnknown":false,"observationCount":1,"geographicOutlier":false}},{"type":"Feature","id":"b4233e2376117dc9","geometry":{"type":"Point","coordinates":[146.0991,-36.84965]},"properties":{"species":"Petauroides volans","eventDate":"2021-06-02","basisOfRecord":"OCCURRENCE","license":"CC-BY 4.0 (Int)","coordinateUncertaintyM":24.0,"uncertaintyUnknown":false,"observationCount":1,"geographicOutlier":false}},{"type":"Feature","id":"8756cadf03529471","geometry":{"type":"Point","coordinates":[146.18489,-36.76592]},"properties":{"species":"Petauroides volans","eventDate":"2021-06-01","basisOfRecord":"OCCURRENCE","license":"CC-BY 4.0 (Int)","coordinateUncertaintyM":32.0,"uncertaintyUnknown":false,"observationCount":1,"geographicOutlier":false}},{"type":"Feature","id":"bb13e0477d43038d","geometry":{"type":"Point","coordinates":[146.10629,-36.87481]},"properties":{"species":"Petauroides volans","eventDate":"2021-06-01","basisOfRecord":"OCCURRENCE","license":"CC-BY 4.0 (Int)","coordinateUncertaintyM":10.0,"uncertaintyUnknown":false,"observationCount":1,"geographicOutlier":false}},{"type":"Feature","id":"68c20cc2b0b1ee5b","geometry":{"type":"Point","coordinates":[146.10401,-36.8753]},"properties":{"species":"Petauroides volans","eventDate":"2021-06-01","basisOfRecord":"OCCURRENCE","license":"CC-BY 4.0 (Int)","coordinateUncertaintyM":21.0,"uncertaintyUnknown":false,"observationCount":1,"geographicOutlier":false}},{"type":"Feature","id":"a558e37b6a72a787","geometry":{"type":"Point","coordinates":[146.09882,-36.87903]},"properties":{"species":"Petauroides volans","eventDate":"2021-06-01","basisOfRecord":"OCCURRENCE","license":"CC-BY 4.0 (Int)","coordinateUncertaintyM":30.0,"uncertaintyUnknown":false,"observationCount":1,"geographicOutlier":false}},{"type":"Feature","id":"c7e99ddbd03c6b5d","geometry":{"type":"Point","coordinates":[146.18427,-36.76559]},"properties":{"species":"Petauroides volans","eventDate":"2021-06-01","basisOfRecord":"OCCURRENCE","license":"CC-BY 4.0 (Int)","coordinateUncertaintyM":17.0,"uncertaintyUnknown":false,"observationCount":1,"geographicOutlier":false}},{"type":"Feature","id":"49561de6143ada34","geometry":{"type":"Point","coordinates":[145.97418,-37.87008]},"properties":{"species":"Petauroides volans","eventDate":"2021-05-31","basisOfRecord":"OCCURRENCE","license":"CC-BY 4.0 (Int)","coordinateUncertaintyM":10.0,"uncertaintyUnknown":false,"observationCount":1,"geographicOutlier":false}},{"type":"Feature","id":"dd01ceaa93adcf83","geometry":{"type":"Point","coordinates":[146.2117,-36.75736]},"properties":{"species":"Petauroides volans","eventDate":"2021-05-31","basisOfRecord":"OCCURRENCE","license":"CC-BY 4.0 (Int)","coordinateUncertaintyM":42.0,"uncertaintyUnknown":false,"observationCount":1,"geographicOutlier":false}},{"type":"Feature","id":"0ffbdff6ebc109b8","geometry":{"type":"Point","coordinates":[147.52156,-37.31069]},"properties":{"species":"Petauroides volans","eventDate":"2021-05-31","basisOfRecord":"OCCURRENCE","license":"CC-BY 4.0 (Int)","coordinateUncertaintyM":5.0,"uncertaintyUnknown":false,"observationCount":1,"geographicOutlier":false}},{"type":"Feature","id":"3c8c31f421eb1c49","geometry":{"type":"Point","coordinates":[152.41225,-30.14035]},"properties":{"species":"Petauroides volans","eventDate":"2021-05-26","basisOfRecord":"HUMAN_OBSERVATION","license":"CC-BY 4.0 (Int)","coordinateUncertaintyM":10.0,"uncertaintyUnknown":false,"observationCount":1,"geographicOutlier":false}},{"type":"Feature","id":"649af96f7f036d31","geometry":{"type":"Point","coordinates":[152.413386,-30.141392]},"properties":{"species":"Petauroides volans","eventDate":"2021-05-26","basisOfRecord":"HUMAN_OBSERVATION","license":"CC-BY 4.0 (Int)","coordinateUncertaintyM":10.0,"uncertaintyUnknown":false,"observationCount":1,"geographicOutlier":false}},{"type":"Feature","id":"0e3da0567fd534f6","geometry":{"type":"Point","coordinates":[152.406971,-30.141174]},"properties":{"species":"Petauroides volans","eventDate":"2021-05-26","basisOfRecord":"HUMAN_OBSERVATION","license":"CC-BY 4.0 (Int)","coordinateUncertaintyM":10.0,"uncertaintyUnknown":false,"observationCount":1,"geographicOutlier":false}},{"type":"Feature","id":"48c51405d5554c33","geometry":{"type":"Point","coordinates":[152.389704,-30.20522]},"properties":{"species":"Petauroides volans","eventDate":"2021-05-24","basisOfRecord":"HUMAN_OBSERVATION","license":"CC-BY 4.0 (Int)","coordinateUncertaintyM":10.0,"uncertaintyUnknown":false,"observationCount":1,"geographicOutlier":false}},{"type":"Feature","id":"f44690a8948d5a5a","geometry":{"type":"Point","coordinates":[152.389565,-30.205878]},"properties":{"species":"Petauroides volans","eventDate":"2021-05-24","basisOfRecord":"HUMAN_OBSERVATION","license":"CC-BY 4.0 (Int)","coordinateUncertaintyM":10.0,"uncertaintyUnknown":false,"observationCount":1,"geographicOutlier":false}},{"type":"Feature","id":"33a7f637e0c816b2","geometry":{"type":"Point","coordinates":[149.376556,-36.636608]},"properties":{"species":"Petauroides volans","eventDate":"2021-05-24","basisOfRecord":"HUMAN_OBSERVATION","license":"CC-BY 4.0 (Int)","coordinateUncertaintyM":50.0,"uncertaintyUnknown":false,"observationCount":1,"geographicOutlier":false}},{"type":"Feature","id":"5942893821746ac0","geometry":{"type":"Point","coordinates":[149.375244,-36.621117]},"properties":{"species":"Petauroides volans","eventDate":"2021-05-24","basisOfRecord":"HUMAN_OBSERVATION","license":"CC-BY 4.0 (Int)","coordinateUncertaintyM":50.0,"uncertaintyUnknown":false,"observationCount":1,"geographicOutlier":false}},{"type":"Feature","id":"e4a93b974666788d","geometry":{"type":"Point","coordinates":[149.450134,-36.662106]},"properties":{"species":"Petauroides volans","eventDate":"2021-05-23","basisOfRecord":"HUMAN_OBSERVATION","license":"CC-BY 4.0 (Int)","coordinateUncertaintyM":50.0,"uncertaintyUnknown":false,"observationCount":1,"geographicOutlier":false}},{"type":"Feature","id":"e78c1489cc8b53d5","geometry":{"type":"Point","coordinates":[149.440369,-36.707954]},"properties":{"species":"Petauroides volans","eventDate":"2021-05-23","basisOfRecord":"HUMAN_OBSERVATION","license":"CC-BY 4.0 (Int)","coordinateUncertaintyM":50.0,"uncertaintyUnknown":false,"observationCount":1,"geographicOutlier":false}},{"type":"Feature","id":"92d79ec4404265a9","geometry":{"type":"Point","coordinates":[149.438001,-36.710727]},"properties":{"species":"Petauroides volans","eventDate":"2021-05-22","basisOfRecord":"HUMAN_OBSERVATION","license":"CC-BY 4.0 (Int)","coordinateUncertaintyM":500.0,"uncertaintyUnknown":false,"observationCount":1,"geographicOutlier":false}},{"type":"Feature","id":"a00d184a0c012a53","geometry":{"type":"Point","coordinates":[148.93707,-37.22988]},"properties":{"species":"Petauroides volans","eventDate":"2021-05-20","basisOfRecord":"OBSERVATION","license":"CC-BY 4.0 (Int)","coordinateUncertaintyM":10.0,"uncertaintyUnknown":false,"observationCount":1,"geographicOutlier":false}},{"type":"Feature","id":"4b21b78f72d07020","geometry":{"type":"Point","coordinates":[145.95436,-37.34801]},"properties":{"species":"Petauroides volans","eventDate":"2021-05-19","basisOfRecord":"OCCURRENCE","license":"CC-BY 4.0 (Int)","coordinateUncertaintyM":30.0,"uncertaintyUnknown":false,"observationCount":1,"geographicOutlier":false}},{"type":"Feature","id":"01ed23f53b89e95d","geometry":{"type":"Point","coordinates":[147.66296,-37.31892]},"properties":{"species":"Petauroides volans","eventDate":"2021-05-19","basisOfRecord":"OBSERVATION","license":"CC-BY 4.0 (Int)","coordinateUncertaintyM":10.0,"uncertaintyUnknown":false,"observationCount":1,"geographicOutlier":false}},{"type":"Feature","id":"db81fe3d9e1c41e6","geometry":{"type":"Point","coordinates":[145.96243,-37.34875]},"properties":{"species":"Petauroides volans","eventDate":"2021-05-19","basisOfRecord":"OCCURRENCE","license":"CC-BY 4.0 (Int)","coordinateUncertaintyM":32.0,"uncertaintyUnknown":false,"observationCount":1,"geographicOutlier":false}},{"type":"Feature","id":"d9a2c7e32caa07d0","geometry":{"type":"Point","coordinates":[148.81602,-37.14517]},"properties":{"species":"Petauroides volans","eventDate":"2021-05-19","basisOfRecord":"OBSERVATION","license":"CC-BY 4.0 (Int)","coordinateUncertaintyM":10.0,"uncertaintyUnknown":false,"observationCount":1,"geographicOutlier":false}},{"type":"Feature","id":"9585d7963a6a68e3","geometry":{"type":"Point","coordinates":[146.00006,-37.76613]},"properties":{"species":"Petauroides volans","eventDate":"2021-05-18","basisOfRecord":"OCCURRENCE","license":"CC-BY 4.0 (Int)","coordinateUncertaintyM":5.0,"uncertaintyUnknown":false,"observationCount":1,"geographicOutlier":false}},{"type":"Feature","id":"baabc450a7c9bf9f","geometry":{"type":"Point","coordinates":[151.55353,-31.561654]},"properties":{"species":"Petauroides volans","eventDate":"2021-05-18","basisOfRecord":"HUMAN_OBSERVATION","license":"CC-BY 4.0 (Int)","coordinateUncertaintyM":10.0,"uncertaintyUnknown":false,"observationCount":1,"geographicOutlier":false}},{"type":"Feature","id":"645020d803e7327f","geometry":{"type":"Point","coordinates":[145.93031,-37.32887]},"properties":{"species":"Petauroides volans","eventDate":"2021-05-18","basisOfRecord":"OCCURRENCE","license":"CC-BY 4.0 (Int)","coordinateUncertaintyM":20.0,"uncertaintyUnknown":false,"observationCount":1,"geographicOutlier":false}},{"type":"Feature","id":"d488e10065969370","geometry":{"type":"Point","coordinates":[145.99771,-37.77092]},"properties":{"species":"Petauroides volans","eventDate":"2021-05-18","basisOfRecord":"OCCURRENCE","license":"CC-BY 4.0 (Int)","coordinateUncertaintyM":5.0,"uncertaintyUnknown":false,"observationCount":1,"geographicOutlier":false}},{"type":"Feature","id":"722f941a3b00a033","geometry":{"type":"Point","coordinates":[151.589099,-31.564397]},"properties":{"species":"Petauroides volans","eventDate":"2021-05-18","basisOfRecord":"HUMAN_OBSERVATION","license":"CC-BY 4.0 (Int)","coordinateUncertaintyM":10.0,"uncertaintyUnknown":false,"observationCount":1,"geographicOutlier":false}},{"type":"Feature","id":"70748d36b2ecfd0a","geometry":{"type":"Point","coordinates":[146.00276,-37.76716]},"properties":{"species":"Petauroides volans","eventDate":"2021-05-18","basisOfRecord":"OCCURRENCE","license":"CC-BY 4.0 (Int)","coordinateUncertaintyM":5.0,"uncertaintyUnknown":false,"observationCount":1,"geographicOutlier":false}},{"type":"Feature","id":"a71a67955de6b69c","geometry":{"type":"Point","coordinates":[148.81568,-37.14453]},"properties":{"species":"Petauroides volans","eventDate":"2021-05-18","basisOfRecord":"OBSERVATION","license":"CC-BY 4.0 (Int)","coordinateUncertaintyM":10.0,"uncertaintyUnknown":false,"observationCount":1,"geographicOutlier":false}},{"type":"Feature","id":"7150ba4ecd518b07","geometry":{"type":"Point","coordinates":[151.931491,-31.367633]},"properties":{"species":"Petauroides volans","eventDate":"2021-05-17","basisOfRecord":"HUMAN_OBSERVATION","license":"CC-BY 4.0 (Int)","coordinateUncertaintyM":10.0,"uncertaintyUnknown":false,"observationCount":1,"geographicOutlier":false}},{"type":"Feature","id":"86091619eeee9361","geometry":{"type":"Point","coordinates":[151.909457,-31.346345]},"properties":{"species":"Petauroides volans","eventDate":"2021-05-17","basisOfRecord":"HUMAN_OBSERVATION","license":"CC-BY 4.0 (Int)","coordinateUncertaintyM":10.0,"uncertaintyUnknown":false,"observationCount":1,"geographicOutlier":false}},{"type":"Feature","id":"a6ab80376fb7f1bc","geometry":{"type":"Point","coordinates":[152.157064,-31.254433]},"properties":{"species":"Petauroides volans","eventDate":"2021-05-17","basisOfRecord":"HUMAN_OBSERVATION","license":"CC-BY 4.0 (Int)","coordinateUncertaintyM":10.0,"uncertaintyUnknown":false,"observationCount":1,"geographicOutlier":false}},{"type":"Feature","id":"4abaf2183200691f","geometry":{"type":"Point","coordinates":[152.157073,-31.249886]},"properties":{"species":"Petauroides volans","eventDate":"2021-05-17","basisOfRecord":"HUMAN_OBSERVATION","license":"CC-BY 4.0 (Int)","coordinateUncertaintyM":10.0,"uncertaintyUnknown":false,"observationCount":1,"geographicOutlier":false}},{"type":"Feature","id":"2d35d4905ba59f67","geometry":{"type":"Point","coordinates":[151.916955,-31.354285]},"properties":{"species":"Petauroides volans","eventDate":"2021-05-17","basisOfRecord":"HUMAN_OBSERVATION","license":"CC-BY 4.0 (Int)","coordinateUncertaintyM":10.0,"uncertaintyUnknown":false,"observationCount":1,"geographicOutlier":false}},{"type":"Feature","id":"1bdbdbb6b5e62050","geometry":{"type":"Point","coordinates":[151.914844,-31.353239]},"properties":{"species":"Petauroides volans","eventDate":"2021-05-17","basisOfRecord":"HUMAN_OBSERVATION","license":"CC-BY 4.0 (Int)","coordinateUncertaintyM":10.0,"uncertaintyUnknown":false,"observationCount":1,"geographicOutlier":false}},{"type":"Feature","id":"7cc0146be9ef290e","geometry":{"type":"Point","coordinates":[151.905228,-31.335682]},"properties":{"species":"Petauroides volans","eventDate":"2021-05-17","basisOfRecord":"HUMAN_OBSERVATION","license":"CC-BY 4.0 (Int)","coordinateUncertaintyM":10.0,"uncertaintyUnknown":false,"observationCount":1,"geographicOutlier":false}},{"type":"Feature","id":"0755f13f973782a0","geometry":{"type":"Point","coordinates":[151.930304,-31.360171]},"properties":{"species":"Petauroides volans","eventDate":"2021-05-17","basisOfRecord":"HUMAN_OBSERVATION","license":"CC-BY 4.0 (Int)","coordinateUncertaintyM":10.0,"uncertaintyUnknown":false,"observationCount":1,"geographicOutlier":false}},{"type":"Feature","id":"ba415f9a3215215a","geometry":{"type":"Point","coordinates":[147.98695,-37.26628]},"properties":{"species":"Petauroides volans","eventDate":"2021-05-14","basisOfRecord":"OCCURRENCE","license":"CC-BY 4.0 (Int)","coordinateUncertaintyM":10.0,"uncertaintyUnknown":false,"observationCount":1,"geographicOutlier":false}},{"type":"Feature","id":"9865596eab132d88","geometry":{"type":"Point","coordinates":[151.396565,-31.408509]},"properties":{"species":"Petauroides volans","eventDate":"2021-05-13","basisOfRecord":"HUMAN_OBSERVATION","license":"CC-BY 4.0 (Int)","coordinateUncertaintyM":10.0,"uncertaintyUnknown":false,"observationCount":1,"geographicOutlier":false}},{"type":"Feature","id":"af4a872f1e463a0e","geometry":{"type":"Point","coordinates":[151.402215,-31.415237]},"properties":{"species":"Petauroides volans","eventDate":"2021-05-13","basisOfRecord":"HUMAN_OBSERVATION","license":"CC-BY 4.0 (Int)","coordinateUncertaintyM":10.0,"uncertaintyUnknown":false,"observationCount":1,"geographicOutlier":false}},{"type":"Feature","id":"a56fcf00e0566adf","geometry":{"type":"Point","coordinates":[151.401428,-31.413847]},"properties":{"species":"Petauroides volans","eventDate":"2021-05-13","basisOfRecord":"HUMAN_OBSERVATION","license":"CC-BY 4.0 (Int)","coordinateUncertaintyM":10.0,"uncertaintyUnknown":false,"observationCount":1,"geographicOutlier":false}},{"type":"Feature","id":"577d90f72ce78260","geometry":{"type":"Point","coordinates":[150.224633,-33.440881]},"properties":{"species":"Petauroides volans","eventDate":"2021-05-13","basisOfRecord":"HUMAN_OBSERVATION","license":"CC-BY 4.0 (Int)","coordinateUncertaintyM":100.0,"uncertaintyUnknown":false,"observationCount":1,"geographicOutlier":false}},{"type":"Feature","id":"5d03139399b8dac0","geometry":{"type":"Point","coordinates":[145.94297,-37.34229]},"properties":{"species":"Petauroides volans","eventDate":"2021-05-12","basisOfRecord":"OCCURRENCE","license":"CC-BY 4.0 (Int)","coordinateUncertaintyM":62.0,"uncertaintyUnknown":false,"observationCount":1,"geographicOutlier":false}},{"type":"Feature","id":"7abe40e4b4567485","geometry":{"type":"Point","coordinates":[145.94449,-37.34517]},"properties":{"species":"Petauroides volans","eventDate":"2021-05-12","basisOfRecord":"OCCURRENCE","license":"CC-BY 4.0 (Int)","coordinateUncertaintyM":7.0,"uncertaintyUnknown":false,"observationCount":1,"geographicOutlier":false}},{"type":"Feature","id":"c9ea407e62e2c2a1","geometry":{"type":"Point","coordinates":[145.89476,-37.33282]},"properties":{"species":"Petauroides volans","eventDate":"2021-05-12","basisOfRecord":"OCCURRENCE","license":"CC-BY 4.0 (Int)","coordinateUncertaintyM":10.0,"uncertaintyUnknown":false,"observationCount":1,"geographicOutlier":false}},{"type":"Feature","id":"7c6d76cbaf92e479","geometry":{"type":"Point","coordinates":[152.81411,-27.81242]},"properties":{"species":"Petauroides volans","eventDate":"2021-05-08","basisOfRecord":"OCCURRENCE","license":"CC-BY 4.0 (Int)","coordinateUncertaintyM":50.0,"uncertaintyUnknown":false,"observationCount":1,"geographicOutlier":false}},{"type":"Feature","id":"715d0432f57d2b48","geometry":{"type":"Point","coordinates":[145.74153,-37.77473]},"properties":{"species":"Petauroides volans","eventDate":"2021-05-05","basisOfRecord":"OBSERVATION","license":"CC-BY 4.0 (Int)","coordinateUncertaintyM":10.0,"uncertaintyUnknown":false,"observationCount":1,"geographicOutlier":false}},{"type":"Feature","id":"42afc19fcef25361","geometry":{"type":"Point","coordinates":[147.55248,-37.3694]},"properties":{"species":"Petauroides volans","eventDate":"2021-04-30","basisOfRecord":"OCCURRENCE","license":"CC-BY 4.0 (Int)","coordinateUncertaintyM":10.0,"uncertaintyUnknown":false,"observationCount":1,"geographicOutlier":false}},{"type":"Feature","id":"05bddf2e5e892fc0","geometry":{"type":"Point","coordinates":[147.55339,-37.37283]},"properties":{"species":"Petauroides volans","eventDate":"2021-04-30","basisOfRecord":"OCCURRENCE","license":"CC-BY 4.0 (Int)","coordinateUncertaintyM":10.0,"uncertaintyUnknown":false,"observationCount":1,"geographicOutlier":false}},{"type":"Feature","id":"3c40de07322ec1b4","geometry":{"type":"Point","coordinates":[148.95427,-37.32215]},"properties":{"species":"Petauroides volans","eventDate":"2021-04-29","basisOfRecord":"OCCURRENCE","license":"CC-BY 4.0 (Int)","coordinateUncertaintyM":10.0,"uncertaintyUnknown":false,"observationCount":1,"geographicOutlier":false}},{"type":"Feature","id":"8aefcea02f17b059","geometry":{"type":"Point","coordinates":[145.94305,-37.84788]},"properties":{"species":"Petauroides volans","eventDate":"2021-04-28","basisOfRecord":"OCCURRENCE","license":"CC-BY 4.0 (Int)","coordinateUncertaintyM":10.0,"uncertaintyUnknown":false,"observationCount":1,"geographicOutlier":false}},{"type":"Feature","id":"937e971f5fc5ed58","geometry":{"type":"Point","coordinates":[148.95596,-37.25063]},"properties":{"species":"Petauroides volans","eventDate":"2021-04-28","basisOfRecord":"OCCURRENCE","license":"CC-BY 4.0 (Int)","coordinateUncertaintyM":10.0,"uncertaintyUnknown":false,"observationCount":1,"geographicOutlier":false}},{"type":"Feature","id":"bb2a7ad1f63b8031","geometry":{"type":"Point","coordinates":[147.74168,-37.37271]},"properties":{"species":"Petauroides volans","eventDate":"2021-04-27","basisOfRecord":"OCCURRENCE","license":"CC-BY 4.0 (Int)","coordinateUncertaintyM":10.0,"uncertaintyUnknown":false,"observationCount":1,"geographicOutlier":false}},{"type":"Feature","id":"dfcb623d957941ea","geometry":{"type":"Point","coordinates":[146.02684,-37.99833]},"properties":{"species":"Petauroides volans","eventDate":"2021-04-25","basisOfRecord":"OCCURRENCE","license":"CC-BY 4.0 (Int)","coordinateUncertaintyM":5.0,"uncertaintyUnknown":false,"observationCount":1,"geographicOutlier":false}},{"type":"Feature","id":"57a5babcc20d3f5a","geometry":{"type":"Point","coordinates":[146.00576,-37.59441]},"properties":{"species":"Petauroides volans","eventDate":"2021-04-21","basisOfRecord":"OCCURRENCE","license":"CC-BY 4.0 (Int)","coordinateUncertaintyM":10.0,"uncertaintyUnknown":false,"observationCount":1,"geographicOutlier":false}},{"type":"Feature","id":"20e5fb43d67a2419","geometry":{"type":"Point","coordinates":[145.93758,-37.5296]},"properties":{"species":"Petauroides volans","eventDate":"2021-04-20","basisOfRecord":"OBSERVATION","license":"CC-BY 4.0 (Int)","coordinateUncertaintyM":10.0,"uncertaintyUnknown":false,"observationCount":1,"geographicOutlier":false}},{"type":"Feature","id":"173177f843977ae0","geometry":{"type":"Point","coordinates":[145.581983,-37.685668]},"properties":{"species":"Petauroides volans","eventDate":"2021-04-17","basisOfRecord":"HUMAN_OBSERVATION","license":"CC-BY 4.0 (Int)","coordinateUncertaintyM":null,"uncertaintyUnknown":true,"observationCount":1,"geographicOutlier":false}},{"type":"Feature","id":"566c9827c77114a1","geometry":{"type":"Point","coordinates":[149.01876,-37.26483]},"properties":{"species":"Petauroides volans","eventDate":"2021-04-15","basisOfRecord":"OCCURRENCE","license":"CC-BY 4.0 (Int)","coordinateUncertaintyM":10.0,"uncertaintyUnknown":false,"observationCount":1,"geographicOutlier":false}},{"type":"Feature","id":"70809ff07341a8eb","geometry":{"type":"Point","coordinates":[150.782853,-34.461703]},"properties":{"species":"Petauroides volans","eventDate":"2021-04-15","basisOfRecord":"HUMAN_OBSERVATION","license":"CC-BY 4.0 (Int)","coordinateUncertaintyM":10.0,"uncertaintyUnknown":false,"observationCount":1,"geographicOutlier":false}},{"type":"Feature","id":"5b2a4632013925c2","geometry":{"type":"Point","coordinates":[146.40909,-38.00255]},"properties":{"species":"Petauroides volans","eventDate":"2021-04-14","basisOfRecord":"OCCURRENCE","license":"CC-BY 4.0 (Int)","coordinateUncertaintyM":5.0,"uncertaintyUnknown":false,"observationCount":1,"geographicOutlier":false}},{"type":"Feature","id":"77f96bf30684f002","geometry":{"type":"Point","coordinates":[146.40912,-38.00243]},"properties":{"species":"Petauroides volans","eventDate":"2021-04-14","basisOfRecord":"OCCURRENCE","license":"CC-BY 4.0 (Int)","coordinateUncertaintyM":5.0,"uncertaintyUnknown":false,"observationCount":1,"geographicOutlier":false}},{"type":"Feature","id":"d921c96ebc33940b","geometry":{"type":"Point","coordinates":[149.09524,-37.17395]},"properties":{"species":"Petauroides volans","eventDate":"2021-04-13","basisOfRecord":"OCCURRENCE","license":"CC-BY 4.0 (Int)","coordinateUncertaintyM":10.0,"uncertaintyUnknown":false,"observationCount":1,"geographicOutlier":false}},{"type":"Feature","id":"53c9a2ab0553147e","geometry":{"type":"Point","coordinates":[150.213666,-33.386019]},"properties":{"species":"Petauroides volans","eventDate":"2021-04-13","basisOfRecord":"HUMAN_OBSERVATION","license":"CC-BY 4.0 (Int)","coordinateUncertaintyM":100.0,"uncertaintyUnknown":false,"observationCount":1,"geographicOutlier":false}},{"type":"Feature","id":"123c4f1c82b3c02d","geometry":{"type":"Point","coordinates":[149.10601,-37.1692]},"properties":{"species":"Petauroides volans","eventDate":"2021-04-13","basisOfRecord":"OCCURRENCE","license":"CC-BY 4.0 (Int)","coordinateUncertaintyM":10.0,"uncertaintyUnknown":false,"observationCount":1,"geographicOutlier":false}},{"type":"Feature","id":"009c876f947d4aa0","geometry":{"type":"Point","coordinates":[149.10654,-37.17]},"properties":{"species":"Petauroides volans","eventDate":"2021-04-13","basisOfRecord":"OCCURRENCE","license":"CC-BY 4.0 (Int)","coordinateUncertaintyM":10.0,"uncertaintyUnknown":false,"observationCount":1,"geographicOutlier":false}},{"type":"Feature","id":"a576fcad7a8438e4","geometry":{"type":"Point","coordinates":[145.51109,-37.52555]},"properties":{"species":"Petauroides volans","eventDate":"2021-04-12","basisOfRecord":"OBSERVATION","license":"CC-BY 4.0 (Int)","coordinateUncertaintyM":10.0,"uncertaintyUnknown":false,"observationCount":1,"geographicOutlier":false}},{"type":"Feature","id":"89667db718028e04","geometry":{"type":"Point","coordinates":[150.254944,-33.525879]},"properties":{"species":"Petauroides volans","eventDate":"2021-04-08","basisOfRecord":"HUMAN_OBSERVATION","license":"CC-BY 4.0 (Int)","coordinateUncertaintyM":20.0,"uncertaintyUnknown":false,"observationCount":1,"geographicOutlier":false}},{"type":"Feature","id":"52190a6b86d65b9e","geometry":{"type":"Point","coordinates":[145.81298,-37.77667]},"properties":{"species":"Petauroides volans","eventDate":"2021-04-07","basisOfRecord":"OBSERVATION","license":"CC-BY 4.0 (Int)","coordinateUncertaintyM":10.0,"uncertaintyUnknown":false,"observationCount":1,"geographicOutlier":false}},{"type":"Feature","id":"f9fd79762a0e3336","geometry":{"type":"Point","coordinates":[145.54984,-37.71609]},"properties":{"species":"Petauroides volans","eventDate":"2021-04-05","basisOfRecord":"OCCURRENCE","license":"CC-BY 4.0 (Int)","coordinateUncertaintyM":50.0,"uncertaintyUnknown":false,"observationCount":1,"geographicOutlier":false}},{"type":"Feature","id":"d554644825dd3515","geometry":{"type":"Point","coordinates":[148.92464,-37.1982]},"properties":{"species":"Petauroides volans","eventDate":"2021-03-31","basisOfRecord":"OCCURRENCE","license":"CC-BY 4.0 (Int)","coordinateUncertaintyM":5.0,"uncertaintyUnknown":false,"observationCount":1,"geographicOutlier":false}},{"type":"Feature","id":"ca8d04cb581b7d52","geometry":{"type":"Point","coordinates":[145.88829,-37.85501]},"properties":{"species":"Petauroides volans","eventDate":"2021-03-31","basisOfRecord":"OCCURRENCE","license":"CC-BY 4.0 (Int)","coordinateUncertaintyM":5.0,"uncertaintyUnknown":false,"observationCount":1,"geographicOutlier":false}},{"type":"Feature","id":"e15c32c01983a519","geometry":{"type":"Point","coordinates":[150.171513,-33.377852]},"properties":{"species":"Petauroides volans","eventDate":"2021-03-30","basisOfRecord":"HUMAN_OBSERVATION","license":"CC-BY 4.0 (Int)","coordinateUncertaintyM":100.0,"uncertaintyUnknown":false,"observationCount":1,"geographicOutlier":false}},{"type":"Feature","id":"99dad3cd459f4aa4","geometry":{"type":"Point","coordinates":[145.88851,-37.85443]},"properties":{"species":"Petauroides volans","eventDate":"2021-03-30","basisOfRecord":"OCCURRENCE","license":"CC-BY 4.0 (Int)","coordinateUncertaintyM":5.0,"uncertaintyUnknown":false,"observationCount":1,"geographicOutlier":false}},{"type":"Feature","id":"db0e167d1371e296","geometry":{"type":"Point","coordinates":[145.20614,-37.14894]},"properties":{"species":"Petauroides volans","eventDate":"2021-03-29","basisOfRecord":"OCCURRENCE","license":"CC-BY 4.0 (Int)","coordinateUncertaintyM":24.0,"uncertaintyUnknown":false,"observationCount":1,"geographicOutlier":false}},{"type":"Feature","id":"d26a9be084e01d5c","geometry":{"type":"Point","coordinates":[148.92146,-37.19856]},"properties":{"species":"Petauroides volans","eventDate":"2021-03-29","basisOfRecord":"OCCURRENCE","license":"CC-BY 4.0 (Int)","coordinateUncertaintyM":5.0,"uncertaintyUnknown":false,"observationCount":1,"geographicOutlier":false}},{"type":"Feature","id":"df992341fcc2db93","geometry":{"type":"Point","coordinates":[148.90277,-37.20231]},"properties":{"species":"Petauroides volans","eventDate":"2021-03-28","basisOfRecord":"OCCURRENCE","license":"CC-BY 4.0 (Int)","coordinateUncertaintyM":5.0,"uncertaintyUnknown":false,"observationCount":1,"geographicOutlier":false}},{"type":"Feature","id":"24b070289aee3064","geometry":{"type":"Point","coordinates":[148.76972,-37.19179]},"properties":{"species":"Petauroides volans","eventDate":"2021-03-27","basisOfRecord":"OCCURRENCE","license":"CC-BY 4.0 (Int)","coordinateUncertaintyM":5.0,"uncertaintyUnknown":false,"observationCount":1,"geographicOutlier":false}},{"type":"Feature","id":"ccd012c9bb3ecb6b","geometry":{"type":"Point","coordinates":[145.61853,-37.49481]},"properties":{"species":"Petauroides volans","eventDate":"2021-03-25","basisOfRecord":"OCCURRENCE","license":"CC-BY 4.0 (Int)","coordinateUncertaintyM":5.0,"uncertaintyUnknown":false,"observationCount":1,"geographicOutlier":false}},{"type":"Feature","id":"b0818919c02dca44","geometry":{"type":"Point","coordinates":[150.449528,-35.352325]},"properties":{"species":"Petauroides volans","eventDate":"2021-03-24","basisOfRecord":"HUMAN_OBSERVATION","license":"CC-BY 4.0 (Int)","coordinateUncertaintyM":5.0,"uncertaintyUnknown":false,"observationCount":1,"geographicOutlier":false}},{"type":"Feature","id":"536ff2b330a46a23","geometry":{"type":"Point","coordinates":[146.0713,-37.59771]},"properties":{"species":"Petauroides volans","eventDate":"2021-03-19","basisOfRecord":"OCCURRENCE","license":"CC-BY 4.0 (Int)","coordinateUncertaintyM":10.0,"uncertaintyUnknown":false,"observationCount":1,"geographicOutlier":false}},{"type":"Feature","id":"071702445a6d7787","geometry":{"type":"Point","coordinates":[145.9168,-37.85701]},"properties":{"species":"Petauroides volans","eventDate":"2021-03-18","basisOfRecord":"OCCURRENCE","license":"CC-BY 4.0 (Int)","coordinateUncertaintyM":10.0,"uncertaintyUnknown":false,"observationCount":1,"geographicOutlier":false}},{"type":"Feature","id":"85078738e394d0a8","geometry":{"type":"Point","coordinates":[150.289515,-35.480752]},"properties":{"species":"Petauroides volans","eventDate":"2021-03-17","basisOfRecord":"HUMAN_OBSERVATION","license":"CC-BY 4.0 (Int)","coordinateUncertaintyM":10.0,"uncertaintyUnknown":false,"observationCount":1,"geographicOutlier":false}},{"type":"Feature","id":"b7ccf6fdbc7eacaf","geometry":{"type":"Point","coordinates":[146.21059,-36.75617]},"properties":{"species":"Petauroides volans","eventDate":"2021-03-16","basisOfRecord":"OCCURRENCE","license":"CC-BY 4.0 (Int)","coordinateUncertaintyM":5.0,"uncertaintyUnknown":false,"observationCount":1,"geographicOutlier":false}},{"type":"Feature","id":"0ae643c987db6328","geometry":{"type":"Point","coordinates":[146.06842,-37.60021]},"properties":{"species":"Petauroides volans","eventDate":"2021-03-15","basisOfRecord":"OCCURRENCE","license":"CC-BY 4.0 (Int)","coordinateUncertaintyM":10.0,"uncertaintyUnknown":false,"observationCount":1,"geographicOutlier":false}},{"type":"Feature","id":"ddb3158590e87ecc","geometry":{"type":"Point","coordinates":[148.77449,-37.18874]},"properties":{"species":"Petauroides volans","eventDate":"2021-03-12","basisOfRecord":"OCCURRENCE","license":"CC-BY 4.0 (Int)","coordinateUncertaintyM":5.0,"uncertaintyUnknown":false,"observationCount":1,"geographicOutlier":false}},{"type":"Feature","id":"b18dd85473dd12d0","geometry":{"type":"Point","coordinates":[148.77014,-37.19166]},"properties":{"species":"Petauroides volans","eventDate":"2021-03-12","basisOfRecord":"OCCURRENCE","license":"CC-BY 4.0 (Int)","coordinateUncertaintyM":5.0,"uncertaintyUnknown":false,"observationCount":1,"geographicOutlier":false}},{"type":"Feature","id":"55c553231e2e74df","geometry":{"type":"Point","coordinates":[148.76009,-37.20134]},"properties":{"species":"Petauroides volans","eventDate":"2021-03-11","basisOfRecord":"OCCURRENCE","license":"CC-BY 4.0 (Int)","coordinateUncertaintyM":5.0,"uncertaintyUnknown":false,"observationCount":1,"geographicOutlier":false}},{"type":"Feature","id":"4159616fdfbddc2d","geometry":{"type":"Point","coordinates":[146.06707,-37.62817]},"properties":{"species":"Petauroides volans","eventDate":"2021-03-11","basisOfRecord":"OCCURRENCE","license":"CC-BY 4.0 (Int)","coordinateUncertaintyM":10.0,"uncertaintyUnknown":false,"observationCount":1,"geographicOutlier":false}},{"type":"Feature","id":"e6f036d6361d244e","geometry":{"type":"Point","coordinates":[148.75864,-37.20198]},"properties":{"species":"Petauroides volans","eventDate":"2021-03-11","basisOfRecord":"OCCURRENCE","license":"CC-BY 4.0 (Int)","coordinateUncertaintyM":5.0,"uncertaintyUnknown":false,"observationCount":1,"geographicOutlier":false}},{"type":"Feature","id":"5f0f8c595dfa8fc2","geometry":{"type":"Point","coordinates":[146.2588,-36.74658]},"properties":{"species":"Petauroides volans","eventDate":"2021-03-10","basisOfRecord":"OCCURRENCE","license":"CC-BY 4.0 (Int)","coordinateUncertaintyM":5.0,"uncertaintyUnknown":false,"observationCount":1,"geographicOutlier":false}},{"type":"Feature","id":"a0c7d6128ac43ca1","geometry":{"type":"Point","coordinates":[146.26042,-36.745]},"properties":{"species":"Petauroides volans","eventDate":"2021-03-10","basisOfRecord":"OCCURRENCE","license":"CC-BY 4.0 (Int)","coordinateUncertaintyM":5.0,"uncertaintyUnknown":false,"observationCount":1,"geographicOutlier":false}},{"type":"Feature","id":"9883136839c02214","geometry":{"type":"Point","coordinates":[148.77794,-37.18799]},"properties":{"species":"Petauroides volans","eventDate":"2021-03-10","basisOfRecord":"OCCURRENCE","license":"CC-BY 4.0 (Int)","coordinateUncertaintyM":5.0,"uncertaintyUnknown":false,"observationCount":1,"geographicOutlier":false}},{"type":"Feature","id":"84e564845e3b1e19","geometry":{"type":"Point","coordinates":[148.90439,-37.20015]},"properties":{"species":"Petauroides volans","eventDate":"2021-03-10","basisOfRecord":"OCCURRENCE","license":"CC-BY 4.0 (Int)","coordinateUncertaintyM":5.0,"uncertaintyUnknown":false,"observationCount":1,"geographicOutlier":false}},{"type":"Feature","id":"4adfbf17bbcb1899","geometry":{"type":"Point","coordinates":[148.91459,-37.20071]},"properties":{"species":"Petauroides volans","eventDate":"2021-03-09","basisOfRecord":"OCCURRENCE","license":"CC-BY 4.0 (Int)","coordinateUncertaintyM":5.0,"uncertaintyUnknown":false,"observationCount":1,"geographicOutlier":false}},{"type":"Feature","id":"5999c252437c9e22","geometry":{"type":"Point","coordinates":[146.2513,-36.77971]},"properties":{"species":"Petauroides volans","eventDate":"2021-03-09","basisOfRecord":"OCCURRENCE","license":"CC-BY 4.0 (Int)","coordinateUncertaintyM":5.0,"uncertaintyUnknown":false,"observationCount":1,"geographicOutlier":false}},{"type":"Feature","id":"1593ba0c00a3129e","geometry":{"type":"Point","coordinates":[152.013397,-29.461937]},"properties":{"species":"Petauroides volans","eventDate":"2021-03-06","basisOfRecord":"HUMAN_OBSERVATION","license":"CC-BY 4.0 (Int)","coordinateUncertaintyM":5.0,"uncertaintyUnknown":false,"observationCount":1,"geographicOutlier":false}},{"type":"Feature","id":"ea6a4eaf49ca44aa","geometry":{"type":"Point","coordinates":[150.132769,-33.384896]},"properties":{"species":"Petauroides volans","eventDate":"2021-03-04","basisOfRecord":"HUMAN_OBSERVATION","license":"CC-BY 4.0 (Int)","coordinateUncertaintyM":100.0,"uncertaintyUnknown":false,"observationCount":1,"geographicOutlier":false}},{"type":"Feature","id":"34c00568c2230294","geometry":{"type":"Point","coordinates":[145.93656,-37.84344]},"properties":{"species":"Petauroides volans","eventDate":"2021-03-03","basisOfRecord":"OCCURRENCE","license":"CC-BY 4.0 (Int)","coordinateUncertaintyM":10.0,"uncertaintyUnknown":false,"observationCount":1,"geographicOutlier":false}},{"type":"Feature","id":"966e9b382371d9eb","geometry":{"type":"Point","coordinates":[145.94576,-37.80992]},"properties":{"species":"Petauroides volans","eventDate":"2021-03-02","basisOfRecord":"OCCURRENCE","license":"CC-BY 4.0 (Int)","coordinateUncertaintyM":10.0,"uncertaintyUnknown":false,"observationCount":1,"geographicOutlier":false}},{"type":"Feature","id":"cb4730a98d5ede7a","geometry":{"type":"Point","coordinates":[145.39511,-37.82777]},"properties":{"species":"Petauroides volans","eventDate":"2021-02-26","basisOfRecord":"OCCURRENCE","license":"CC-BY 4.0 (Int)","coordinateUncertaintyM":50.0,"uncertaintyUnknown":false,"observationCount":1,"geographicOutlier":false}},{"type":"Feature","id":"3145f1980c665e5d","geometry":{"type":"Point","coordinates":[145.46128,-37.48637]},"properties":{"species":"Petauroides volans","eventDate":"2021-02-24","basisOfRecord":"OBSERVATION","license":"CC-BY 4.0 (Int)","coordinateUncertaintyM":10.0,"uncertaintyUnknown":false,"observationCount":1,"geographicOutlier":false}},{"type":"Feature","id":"4c13995d9df5829e","geometry":{"type":"Point","coordinates":[152.016235,-29.466793]},"properties":{"species":"Petauroides volans","eventDate":"2021-02-20","basisOfRecord":"HUMAN_OBSERVATION","license":"CC-BY 4.0 (Int)","coordinateUncertaintyM":5.0,"uncertaintyUnknown":false,"observationCount":1,"geographicOutlier":false}},{"type":"Feature","id":"6ca885c7e4d5c958","geometry":{"type":"Point","coordinates":[146.16318,-37.55459]},"properties":{"species":"Petauroides volans","eventDate":"2021-02-18","basisOfRecord":"OBSERVATION","license":"CC-BY 4.0 (Int)","coordinateUncertaintyM":10.0,"uncertaintyUnknown":false,"observationCount":1,"geographicOutlier":false}},{"type":"Feature","id":"fbf9df81493b4e17","geometry":{"type":"Point","coordinates":[146.16193,-37.55467]},"properties":{"species":"Petauroides volans","eventDate":"2021-02-18","basisOfRecord":"OBSERVATION","license":"CC-BY 4.0 (Int)","coordinateUncertaintyM":10.0,"uncertaintyUnknown":false,"observationCount":1,"geographicOutlier":false}},{"type":"Feature","id":"e917309496321d66","geometry":{"type":"Point","coordinates":[146.00452,-37.47905]},"properties":{"species":"Petauroides volans","eventDate":"2021-02-17","basisOfRecord":"OBSERVATION","license":"CC-BY 4.0 (Int)","coordinateUncertaintyM":10.0,"uncertaintyUnknown":false,"observationCount":1,"geographicOutlier":false}},{"type":"Feature","id":"dd0bb8a2ad324e2b","geometry":{"type":"Point","coordinates":[145.94266,-37.80934]},"properties":{"species":"Petauroides volans","eventDate":"2021-02-17","basisOfRecord":"OCCURRENCE","license":"CC-BY 4.0 (Int)","coordinateUncertaintyM":10.0,"uncertaintyUnknown":false,"observationCount":1,"geographicOutlier":false}},{"type":"Feature","id":"3b91380f4016f176","geometry":{"type":"Point","coordinates":[145.99364,-37.4767]},"properties":{"species":"Petauroides volans","eventDate":"2021-02-17","basisOfRecord":"OBSERVATION","license":"CC-BY 4.0 (Int)","coordinateUncertaintyM":10.0,"uncertaintyUnknown":false,"observationCount":1,"geographicOutlier":false}},{"type":"Feature","id":"f78d89a8fd312bc2","geometry":{"type":"Point","coordinates":[146.25837,-37.6748]},"properties":{"species":"Petauroides volans","eventDate":"2021-02-16","basisOfRecord":"OCCURRENCE","license":"CC-BY 4.0 (Int)","coordinateUncertaintyM":10.0,"uncertaintyUnknown":false,"observationCount":1,"geographicOutlier":false}},{"type":"Feature","id":"2c767c5159966cf8","geometry":{"type":"Point","coordinates":[145.98304,-37.4653]},"properties":{"species":"Petauroides volans","eventDate":"2021-02-16","basisOfRecord":"OBSERVATION","license":"CC-BY 4.0 (Int)","coordinateUncertaintyM":10.0,"uncertaintyUnknown":false,"observationCount":1,"geographicOutlier":false}},{"type":"Feature","id":"145d32e4a5250101","geometry":{"type":"Point","coordinates":[148.75991,-37.2018]},"properties":{"species":"Petauroides volans","eventDate":"2021-02-15","basisOfRecord":"OCCURRENCE","license":"CC-BY 4.0 (Int)","coordinateUncertaintyM":5.0,"uncertaintyUnknown":false,"observationCount":1,"geographicOutlier":false}},{"type":"Feature","id":"77b114b08778bfb5","geometry":{"type":"Point","coordinates":[148.76224,-37.2005]},"properties":{"species":"Petauroides volans","eventDate":"2021-02-15","basisOfRecord":"OCCURRENCE","license":"CC-BY 4.0 (Int)","coordinateUncertaintyM":5.0,"uncertaintyUnknown":false,"observationCount":1,"geographicOutlier":false}},{"type":"Feature","id":"eafab45fbfda86c7","geometry":{"type":"Point","coordinates":[145.55079,-37.46628]},"properties":{"species":"Petauroides volans","eventDate":"2021-02-14","basisOfRecord":"OBSERVATION","license":"CC-BY 4.0 (Int)","coordinateUncertaintyM":10.0,"uncertaintyUnknown":false,"observationCount":1,"geographicOutlier":false}},{"type":"Feature","id":"a97dc27b80d5733a","geometry":{"type":"Point","coordinates":[152.310456,-29.046955]},"properties":{"species":"Petauroides volans","eventDate":"2021-02-12","basisOfRecord":"HUMAN_OBSERVATION","license":"CC-BY 4.0 (Int)","coordinateUncertaintyM":5.0,"uncertaintyUnknown":false,"observationCount":1,"geographicOutlier":false}},{"type":"Feature","id":"a0d1c9889ff660f8","geometry":{"type":"Point","coordinates":[150.452751,-35.36633]},"properties":{"species":"Petauroides volans","eventDate":"2021-02-10","basisOfRecord":"HUMAN_OBSERVATION","license":"CC-BY 4.0 (Int)","coordinateUncertaintyM":5.0,"uncertaintyUnknown":false,"observationCount":1,"geographicOutlier":false}},{"type":"Feature","id":"4475ecb2f0eb4405","geometry":{"type":"Point","coordinates":[150.453753,-35.360202]},"properties":{"species":"Petauroides volans","eventDate":"2021-02-09","basisOfRecord":"HUMAN_OBSERVATION","license":"CC-BY 4.0 (Int)","coordinateUncertaintyM":5.0,"uncertaintyUnknown":false,"observationCount":1,"geographicOutlier":false}},{"type":"Feature","id":"6ab014dc32181e1d","geometry":{"type":"Point","coordinates":[145.91541,-37.35477]},"properties":{"species":"Petauroides volans","eventDate":"2021-02-05","basisOfRecord":"OBSERVATION","license":"CC-BY 4.0 (Int)","coordinateUncertaintyM":10.0,"uncertaintyUnknown":false,"observationCount":1,"geographicOutlier":false}},{"type":"Feature","id":"fd447519bd2393e9","geometry":{"type":"Point","coordinates":[149.893451,-34.278253]},"properties":{"species":"Petauroides volans","eventDate":"2021-02-03","basisOfRecord":"HUMAN_OBSERVATION","license":"CC-BY 4.0 (Int)","coordinateUncertaintyM":30.0,"uncertaintyUnknown":false,"observationCount":1,"geographicOutlier":false}},{"type":"Feature","id":"8b1e647296accfbe","geometry":{"type":"Point","coordinates":[148.76363,-37.20132]},"properties":{"species":"Petauroides volans","eventDate":"2021-02-03","basisOfRecord":"OCCURRENCE","license":"CC-BY 4.0 (Int)","coordinateUncertaintyM":13.0,"uncertaintyUnknown":false,"observationCount":1,"geographicOutlier":false}},{"type":"Feature","id":"acd597c697efc9df","geometry":{"type":"Point","coordinates":[145.18603,-37.17011]},"properties":{"species":"Petauroides volans","eventDate":"2021-02-03","basisOfRecord":"OCCURRENCE","license":"CC-BY 4.0 (Int)","coordinateUncertaintyM":5.0,"uncertaintyUnknown":false,"observationCount":1,"geographicOutlier":false}},{"type":"Feature","id":"eaeed45e70c0de16","geometry":{"type":"Point","coordinates":[146.07236,-37.63325]},"properties":{"species":"Petauroides volans","eventDate":"2021-02-02","basisOfRecord":"OCCURRENCE","license":"CC-BY 4.0 (Int)","coordinateUncertaintyM":10.0,"uncertaintyUnknown":false,"observationCount":1,"geographicOutlier":false}},{"type":"Feature","id":"6086e3f6884138e1","geometry":{"type":"Point","coordinates":[145.94421,-37.50783]},"properties":{"species":"Petauroides volans","eventDate":"2021-02-02","basisOfRecord":"OCCURRENCE","license":"CC-BY 4.0 (Int)","coordinateUncertaintyM":5.0,"uncertaintyUnknown":false,"observationCount":1,"geographicOutlier":false}},{"type":"Feature","id":"40377a54a3033ad7","geometry":{"type":"Point","coordinates":[152.81498,-27.81662]},"properties":{"species":"Petauroides volans","eventDate":"2021-02-01","basisOfRecord":"OCCURRENCE","license":"CC-BY 4.0 (Int)","coordinateUncertaintyM":20.0,"uncertaintyUnknown":false,"observationCount":1,"geographicOutlier":false}},{"type":"Feature","id":"780439f287239183","geometry":{"type":"Point","coordinates":[145.35072,-37.47998]},"properties":{"species":"Petauroides volans","eventDate":"2021-01-27","basisOfRecord":"OBSERVATION","license":"CC-BY 4.0 (Int)","coordinateUncertaintyM":5.0,"uncertaintyUnknown":false,"observationCount":1,"geographicOutlier":false}},{"type":"Feature","id":"a3354d08c9e0b941","geometry":{"type":"Point","coordinates":[145.49238,-37.5634]},"properties":{"species":"Petauroides volans","eventDate":"2021-01-21","basisOfRecord":"OCCURRENCE","license":"CC-BY 4.0 (Int)","coordinateUncertaintyM":10.0,"uncertaintyUnknown":false,"observationCount":1,"geographicOutlier":false}},{"type":"Feature","id":"661fa1feb955402f","geometry":{"type":"Point","coordinates":[145.55746,-37.6179]},"properties":{"species":"Petauroides volans","eventDate":"2021-01-19","basisOfRecord":"OCCURRENCE","license":"CC-BY 4.0 (Int)","coordinateUncertaintyM":10.0,"uncertaintyUnknown":false,"observationCount":1,"geographicOutlier":false}},{"type":"Feature","id":"91405e99aef010f2","geometry":{"type":"Point","coordinates":[145.47079,-37.48731]},"properties":{"species":"Petauroides volans","eventDate":"2021-01-18","basisOfRecord":"OCCURRENCE","license":"CC-BY 4.0 (Int)","coordinateUncertaintyM":10.0,"uncertaintyUnknown":false,"observationCount":1,"geographicOutlier":false}},{"type":"Feature","id":"1bea5e5719844773","geometry":{"type":"Point","coordinates":[145.84344,-37.37461]},"properties":{"species":"Petauroides volans","eventDate":"2021-01-12","basisOfRecord":"OBSERVATION","license":"CC-BY 4.0 (Int)","coordinateUncertaintyM":10.0,"uncertaintyUnknown":false,"observationCount":1,"geographicOutlier":false}},{"type":"Feature","id":"99e5b252e0875c51","geometry":{"type":"Point","coordinates":[145.45633,-37.49268]},"properties":{"species":"Petauroides volans","eventDate":"2021-01-11","basisOfRecord":"OCCURRENCE","license":"CC-BY 4.0 (Int)","coordinateUncertaintyM":10.0,"uncertaintyUnknown":false,"observationCount":1,"geographicOutlier":false}},{"type":"Feature","id":"303b77c81649601c","geometry":{"type":"Point","coordinates":[145.52665,-37.40217]},"properties":{"species":"Petauroides volans","eventDate":"2021-01-06","basisOfRecord":"OBSERVATION","license":"CC-BY 4.0 (Int)","coordinateUncertaintyM":10.0,"uncertaintyUnknown":false,"observationCount":1,"geographicOutlier":false}},{"type":"Feature","id":"3a28af66ea6e805e","geometry":{"type":"Point","coordinates":[145.43508,-37.50039]},"properties":{"species":"Petauroides volans","eventDate":"2020-12-23","basisOfRecord":"OBSERVATION","license":"CC-BY 4.0 (Int)","coordinateUncertaintyM":10.0,"uncertaintyUnknown":false,"observationCount":1,"geographicOutlier":false}},{"type":"Feature","id":"5b2d545c9d1b46ab","geometry":{"type":"Point","coordinates":[145.85413,-37.88503]},"properties":{"species":"Petauroides volans","eventDate":"2020-12-20","basisOfRecord":"OCCURRENCE","license":"CC-BY 4.0 (Int)","coordinateUncertaintyM":10.0,"uncertaintyUnknown":false,"observationCount":1,"geographicOutlier":false}},{"type":"Feature","id":"81df1349b5c616c7","geometry":{"type":"Point","coordinates":[145.59309,-37.31021]},"properties":{"species":"Petauroides volans","eventDate":"2020-12-20","basisOfRecord":"OCCURRENCE","license":"CC-BY 4.0 (Int)","coordinateUncertaintyM":5.0,"uncertaintyUnknown":false,"observationCount":1,"geographicOutlier":false}},{"type":"Feature","id":"a1c82cbb3a43698c","geometry":{"type":"Point","coordinates":[145.57548,-37.30477]},"properties":{"species":"Petauroides volans","eventDate":"2020-12-17","basisOfRecord":"OCCURRENCE","license":"CC-BY 4.0 (Int)","coordinateUncertaintyM":5.0,"uncertaintyUnknown":false,"observationCount":1,"geographicOutlier":false}},{"type":"Feature","id":"6bba4149aecb7ae5","geometry":{"type":"Point","coordinates":[150.453072,-35.362245]},"properties":{"species":"Petauroides volans","eventDate":"2020-12-17","basisOfRecord":"HUMAN_OBSERVATION","license":"CC-BY 4.0 (Int)","coordinateUncertaintyM":5.0,"uncertaintyUnknown":false,"observationCount":1,"geographicOutlier":false}},{"type":"Feature","id":"504854b909f25183","geometry":{"type":"Point","coordinates":[145.69196,-37.59189]},"properties":{"species":"Petauroides volans","eventDate":"2020-12-17","basisOfRecord":"OBSERVATION","license":"CC-BY 4.0 (Int)","coordinateUncertaintyM":10.0,"uncertaintyUnknown":false,"observationCount":1,"geographicOutlier":false}},{"type":"Feature","id":"e337f43cd14bf1a1","geometry":{"type":"Point","coordinates":[145.59101,-37.31096]},"properties":{"species":"Petauroides volans","eventDate":"2020-12-16","basisOfRecord":"OCCURRENCE","license":"CC-BY 4.0 (Int)","coordinateUncertaintyM":5.0,"uncertaintyUnknown":false,"observationCount":1,"geographicOutlier":false}},{"type":"Feature","id":"f2465c37eaeaef31","geometry":{"type":"Point","coordinates":[145.69324,-37.58961]},"properties":{"species":"Petauroides volans","eventDate":"2020-12-16","basisOfRecord":"OBSERVATION","license":"CC-BY 4.0 (Int)","coordinateUncertaintyM":10.0,"uncertaintyUnknown":false,"observationCount":1,"geographicOutlier":false}},{"type":"Feature","id":"3b0872aa61c9c800","geometry":{"type":"Point","coordinates":[145.8672,-37.74804]},"properties":{"species":"Petauroides volans","eventDate":"2020-12-14","basisOfRecord":"OCCURRENCE","license":"CC-BY 4.0 (Int)","coordinateUncertaintyM":10.0,"uncertaintyUnknown":false,"observationCount":1,"geographicOutlier":false}},{"type":"Feature","id":"b968c981535720d3","geometry":{"type":"Point","coordinates":[145.54814,-37.54479]},"properties":{"species":"Petauroides volans","eventDate":"2020-12-11","basisOfRecord":"OBSERVATION","license":"CC-BY 4.0 (Int)","coordinateUncertaintyM":10.0,"uncertaintyUnknown":false,"observationCount":1,"geographicOutlier":false}},{"type":"Feature","id":"fc92045076a32362","geometry":{"type":"Point","coordinates":[145.62509,-37.54517]},"properties":{"species":"Petauroides volans","eventDate":"2020-12-10","basisOfRecord":"OBSERVATION","license":"CC-BY 4.0 (Int)","coordinateUncertaintyM":10.0,"uncertaintyUnknown":false,"observationCount":1,"geographicOutlier":false}},{"type":"Feature","id":"9ef52101099cc61a","geometry":{"type":"Point","coordinates":[146.21072,-36.75981]},"properties":{"species":"Petauroides volans","eventDate":"2020-12-10","basisOfRecord":"OCCURRENCE","license":"CC-BY 4.0 (Int)","coordinateUncertaintyM":5.0,"uncertaintyUnknown":false,"observationCount":1,"geographicOutlier":false}},{"type":"Feature","id":"14e926ec7884b1ee","geometry":{"type":"Point","coordinates":[145.62238,-37.54733]},"properties":{"species":"Petauroides volans","eventDate":"2020-12-10","basisOfRecord":"OBSERVATION","license":"CC-BY 4.0 (Int)","coordinateUncertaintyM":10.0,"uncertaintyUnknown":false,"observationCount":1,"geographicOutlier":false}},{"type":"Feature","id":"9e63d349f3348ffd","geometry":{"type":"Point","coordinates":[146.18351,-36.76515]},"properties":{"species":"Petauroides volans","eventDate":"2020-12-10","basisOfRecord":"OCCURRENCE","license":"CC-BY 4.0 (Int)","coordinateUncertaintyM":5.0,"uncertaintyUnknown":false,"observationCount":1,"geographicOutlier":false}},{"type":"Feature","id":"335e58b19ba091dd","geometry":{"type":"Point","coordinates":[145.53698,-37.44637]},"properties":{"species":"Petauroides volans","eventDate":"2020-12-09","basisOfRecord":"OBSERVATION","license":"CC-BY 4.0 (Int)","coordinateUncertaintyM":10.0,"uncertaintyUnknown":false,"observationCount":1,"geographicOutlier":false}},{"type":"Feature","id":"8785b84474a48edf","geometry":{"type":"Point","coordinates":[146.04154,-37.65001]},"properties":{"species":"Petauroides volans","eventDate":"2020-12-09","basisOfRecord":"OBSERVATION","license":"CC-BY 4.0 (Int)","coordinateUncertaintyM":10.0,"uncertaintyUnknown":false,"observationCount":1,"geographicOutlier":false}},{"type":"Feature","id":"5f6782b54267aedc","geometry":{"type":"Point","coordinates":[145.45536,-37.46002]},"properties":{"species":"Petauroides volans","eventDate":"2020-12-09","basisOfRecord":"OCCURRENCE","license":"CC-BY 4.0 (Int)","coordinateUncertaintyM":10.0,"uncertaintyUnknown":false,"observationCount":1,"geographicOutlier":false}},{"type":"Feature","id":"4221421e687dc37b","geometry":{"type":"Point","coordinates":[145.52562,-37.4294]},"properties":{"species":"Petauroides volans","eventDate":"2020-12-09","basisOfRecord":"OBSERVATION","license":"CC-BY 4.0 (Int)","coordinateUncertaintyM":10.0,"uncertaintyUnknown":false,"observationCount":1,"geographicOutlier":false}},{"type":"Feature","id":"bda75cfbbfafeefd","geometry":{"type":"Point","coordinates":[145.5331,-37.44882]},"properties":{"species":"Petauroides volans","eventDate":"2020-12-08","basisOfRecord":"OBSERVATION","license":"CC-BY 4.0 (Int)","coordinateUncertaintyM":10.0,"uncertaintyUnknown":false,"observationCount":1,"geographicOutlier":false}},{"type":"Feature","id":"6393d44eb40c4103","geometry":{"type":"Point","coordinates":[145.5283,-37.42997]},"properties":{"species":"Petauroides volans","eventDate":"2020-12-08","basisOfRecord":"OBSERVATION","license":"CC-BY 4.0 (Int)","coordinateUncertaintyM":10.0,"uncertaintyUnknown":false,"observationCount":1,"geographicOutlier":false}},{"type":"Feature","id":"360e8554ac7f1887","geometry":{"type":"Point","coordinates":[145.52473,-37.42979]},"properties":{"species":"Petauroides volans","eventDate":"2020-12-08","basisOfRecord":"OBSERVATION","license":"CC-BY 4.0 (Int)","coordinateUncertaintyM":10.0,"uncertaintyUnknown":false,"observationCount":1,"geographicOutlier":false}},{"type":"Feature","id":"17bb65bfd9222cd1","geometry":{"type":"Point","coordinates":[145.53301,-37.45772]},"properties":{"species":"Petauroides volans","eventDate":"2020-12-08","basisOfRecord":"OBSERVATION","license":"CC-BY 4.0 (Int)","coordinateUncertaintyM":10.0,"uncertaintyUnknown":false,"observationCount":1,"geographicOutlier":false}},{"type":"Feature","id":"ff8ea913460f2a16","geometry":{"type":"Point","coordinates":[150.130717,-33.366583]},"properties":{"species":"Petauroides volans","eventDate":"2020-12-07","basisOfRecord":"HUMAN_OBSERVATION","license":"CC-BY 4.0 (Int)","coordinateUncertaintyM":100.0,"uncertaintyUnknown":false,"observationCount":1,"geographicOutlier":false}},{"type":"Feature","id":"e67ea23228a80e58","geometry":{"type":"Point","coordinates":[146.25737,-36.74559]},"properties":{"species":"Petauroides volans","eventDate":"2020-12-04","basisOfRecord":"OCCURRENCE","license":"CC-BY 4.0 (Int)","coordinateUncertaintyM":5.0,"uncertaintyUnknown":false,"observationCount":1,"geographicOutlier":false}},{"type":"Feature","id":"9a871930bed09f6c","geometry":{"type":"Point","coordinates":[146.25873,-36.74666]},"properties":{"species":"Petauroides volans","eventDate":"2020-12-04","basisOfRecord":"OCCURRENCE","license":"CC-BY 4.0 (Int)","coordinateUncertaintyM":5.0,"uncertaintyUnknown":false,"observationCount":1,"geographicOutlier":false}},{"type":"Feature","id":"91f978ec99ae34e6","geometry":{"type":"Point","coordinates":[146.2534,-36.76007]},"properties":{"species":"Petauroides volans","eventDate":"2020-12-03","basisOfRecord":"OCCURRENCE","license":"CC-BY 4.0 (Int)","coordinateUncertaintyM":5.0,"uncertaintyUnknown":false,"observationCount":1,"geographicOutlier":false}},{"type":"Feature","id":"0d19e122bb1643d9","geometry":{"type":"Point","coordinates":[146.0415,-37.65002]},"properties":{"species":"Petauroides volans","eventDate":"2020-12-03","basisOfRecord":"OBSERVATION","license":"CC-BY 4.0 (Int)","coordinateUncertaintyM":10.0,"uncertaintyUnknown":false,"observationCount":1,"geographicOutlier":false}},{"type":"Feature","id":"cdfc8528456c89a9","geometry":{"type":"Point","coordinates":[146.25449,-36.7617]},"properties":{"species":"Petauroides volans","eventDate":"2020-12-03","basisOfRecord":"OCCURRENCE","license":"CC-BY 4.0 (Int)","coordinateUncertaintyM":5.0,"uncertaintyUnknown":false,"observationCount":1,"geographicOutlier":false}},{"type":"Feature","id":"0c721b241f537352","geometry":{"type":"Point","coordinates":[146.21892,-37.67908]},"properties":{"species":"Petauroides volans","eventDate":"2020-12-02","basisOfRecord":"OBSERVATION","license":"CC-BY 4.0 (Int)","coordinateUncertaintyM":10.0,"uncertaintyUnknown":false,"observationCount":1,"geographicOutlier":false}},{"type":"Feature","id":"9411cd1d4b4fb7db","geometry":{"type":"Point","coordinates":[146.1935,-37.26758]},"properties":{"species":"Petauroides volans","eventDate":"2020-12-01","basisOfRecord":"OCCURRENCE","license":"CC-BY 4.0 (Int)","coordinateUncertaintyM":5.0,"uncertaintyUnknown":false,"observationCount":1,"geographicOutlier":false}},{"type":"Feature","id":"fa0eedbce2901821","geometry":{"type":"Point","coordinates":[145.51785,-37.45308]},"properties":{"species":"Petauroides volans","eventDate":"2020-11-30","basisOfRecord":"OBSERVATION","license":"CC-BY 4.0 (Int)","coordinateUncertaintyM":10.0,"uncertaintyUnknown":false,"observationCount":1,"geographicOutlier":false}},{"type":"Feature","id":"5f0be83bf41cc1e6","geometry":{"type":"Point","coordinates":[145.51373,-37.45217]},"properties":{"species":"Petauroides volans","eventDate":"2020-11-30","basisOfRecord":"OBSERVATION","license":"CC-BY 4.0 (Int)","coordinateUncertaintyM":10.0,"uncertaintyUnknown":false,"observationCount":1,"geographicOutlier":false}},{"type":"Feature","id":"062a2ce1a840ec28","geometry":{"type":"Point","coordinates":[145.50249,-37.43049]},"properties":{"species":"Petauroides volans","eventDate":"2020-11-27","basisOfRecord":"OCCURRENCE","license":"CC-BY 4.0 (Int)","coordinateUncertaintyM":5.0,"uncertaintyUnknown":false,"observationCount":1,"geographicOutlier":false}},{"type":"Feature","id":"9fa6a74e7dd18beb","geometry":{"type":"Point","coordinates":[147.38091,-36.65796]},"properties":{"species":"Petauroides volans","eventDate":"2020-11-26","basisOfRecord":"OCCURRENCE","license":"CC-BY 4.0 (Int)","coordinateUncertaintyM":5.0,"uncertaintyUnknown":false,"observationCount":1,"geographicOutlier":false}},{"type":"Feature","id":"66fe45100d867b44","geometry":{"type":"Point","coordinates":[145.52904,-37.55695]},"properties":{"species":"Petauroides volans","eventDate":"2020-11-25","basisOfRecord":"OCCURRENCE","license":"CC-BY 4.0 (Int)","coordinateUncertaintyM":10.0,"uncertaintyUnknown":false,"observationCount":1,"geographicOutlier":false}},{"type":"Feature","id":"542266f605f2e417","geometry":{"type":"Point","coordinates":[145.51591,-37.44821]},"properties":{"species":"Petauroides volans","eventDate":"2020-11-24","basisOfRecord":"OBSERVATION","license":"CC-BY 4.0 (Int)","coordinateUncertaintyM":10.0,"uncertaintyUnknown":false,"observationCount":1,"geographicOutlier":false}},{"type":"Feature","id":"75b2b3857c090ace","geometry":{"type":"Point","coordinates":[145.51578,-37.44366]},"properties":{"species":"Petauroides volans","eventDate":"2020-11-24","basisOfRecord":"OBSERVATION","license":"CC-BY 4.0 (Int)","coordinateUncertaintyM":10.0,"uncertaintyUnknown":false,"observationCount":1,"geographicOutlier":false}},{"type":"Feature","id":"e420fb75ffd5f15e","geometry":{"type":"Point","coordinates":[145.52185,-37.54276]},"properties":{"species":"Petauroides volans","eventDate":"2020-11-20","basisOfRecord":"OCCURRENCE","license":"CC-BY 4.0 (Int)","coordinateUncertaintyM":10.0,"uncertaintyUnknown":false,"observationCount":1,"geographicOutlier":false}},{"type":"Feature","id":"b6345dbfecd52f22","geometry":{"type":"Point","coordinates":[145.6945,-37.5755]},"properties":{"species":"Petauroides volans","eventDate":"2020-11-19","basisOfRecord":"OCCURRENCE","license":"CC-BY 4.0 (Int)","coordinateUncertaintyM":5.0,"uncertaintyUnknown":false,"observationCount":1,"geographicOutlier":false}},{"type":"Feature","id":"efeb5eab8ecb881c","geometry":{"type":"Point","coordinates":[145.69645,-37.57305]},"properties":{"species":"Petauroides volans","eventDate":"2020-11-19","basisOfRecord":"OCCURRENCE","license":"CC-BY 4.0 (Int)","coordinateUncertaintyM":5.0,"uncertaintyUnknown":false,"observationCount":1,"geographicOutlier":false}},{"type":"Feature","id":"8f57fce5c027fb9d","geometry":{"type":"Point","coordinates":[145.69712,-37.5764]},"properties":{"species":"Petauroides volans","eventDate":"2020-11-19","basisOfRecord":"OCCURRENCE","license":"CC-BY 4.0 (Int)","coordinateUncertaintyM":5.0,"uncertaintyUnknown":false,"observationCount":1,"geographicOutlier":false}},{"type":"Feature","id":"062d7342f0596ac0","geometry":{"type":"Point","coordinates":[152.81581,-26.36209]},"properties":{"species":"Petauroides volans","eventDate":"2020-11-18","basisOfRecord":"OCCURRENCE","license":"CC-BY 4.0 (Int)","coordinateUncertaintyM":50.0,"uncertaintyUnknown":false,"observationCount":1,"geographicOutlier":false}},{"type":"Feature","id":"be71c95c6626d535","geometry":{"type":"Point","coordinates":[145.89431,-36.89375]},"properties":{"species":"Petauroides volans","eventDate":"2020-11-18","basisOfRecord":"OBSERVATION","license":"CC-BY 4.0 (Int)","coordinateUncertaintyM":10.0,"uncertaintyUnknown":false,"observationCount":1,"geographicOutlier":false}},{"type":"Feature","id":"2173b05cce8b75a8","geometry":{"type":"Point","coordinates":[150.291083,-30.32855]},"properties":{"species":"Petauroides volans","eventDate":"2020-11-18","basisOfRecord":"HUMAN_OBSERVATION","license":"CC-BY 4.0 (Int)","coordinateUncertaintyM":100.0,"uncertaintyUnknown":false,"observationCount":1,"geographicOutlier":false}},{"type":"Feature","id":"a1114ddbb0fc29df","geometry":{"type":"Point","coordinates":[150.275767,-30.322083]},"properties":{"species":"Petauroides volans","eventDate":"2020-11-17","basisOfRecord":"HUMAN_OBSERVATION","license":"CC-BY 4.0 (Int)","coordinateUncertaintyM":100.0,"uncertaintyUnknown":false,"observationCount":1,"geographicOutlier":false}},{"type":"Feature","id":"18e6d0b6b79a9e6a","geometry":{"type":"Point","coordinates":[149.53923,-35.387001]},"properties":{"species":"Petauroides volans","eventDate":"2020-11-14","basisOfRecord":"HUMAN_OBSERVATION","license":"CC-BY 4.0 (Int)","coordinateUncertaintyM":10.0,"uncertaintyUnknown":false,"observationCount":1,"geographicOutlier":false}},{"type":"Feature","id":"e1d4a5257a97de8f","geometry":{"type":"Point","coordinates":[152.061125,-31.275283]},"properties":{"species":"Petauroides volans","eventDate":"2020-11-13","basisOfRecord":"HUMAN_OBSERVATION","license":"CC-BY 4.0 (Int)","coordinateUncertaintyM":5.0,"uncertaintyUnknown":false,"observationCount":1,"geographicOutlier":false}},{"type":"Feature","id":"532a3bb1b055ec20","geometry":{"type":"Point","coordinates":[152.761081,-30.212948]},"properties":{"species":"Petauroides volans","eventDate":"2020-11-10","basisOfRecord":"HUMAN_OBSERVATION","license":"CC-BY 4.0 (Int)","coordinateUncertaintyM":10.0,"uncertaintyUnknown":false,"observationCount":1,"geographicOutlier":false}},{"type":"Feature","id":"1934dace21b3a40e","geometry":{"type":"Point","coordinates":[145.92358,-37.5166]},"properties":{"species":"Petauroides volans","eventDate":"2020-11-08","basisOfRecord":"OCCURRENCE","license":"CC-BY 4.0 (Int)","coordinateUncertaintyM":10.0,"uncertaintyUnknown":false,"observationCount":1,"geographicOutlier":false}},{"type":"Feature","id":"721331a7de1f70b2","geometry":{"type":"Point","coordinates":[150.199812,-33.397686]},"properties":{"species":"Petauroides volans","eventDate":"2020-11-05","basisOfRecord":"HUMAN_OBSERVATION","license":"CC-BY 4.0 (Int)","coordinateUncertaintyM":3.0,"uncertaintyUnknown":false,"observationCount":1,"geographicOutlier":false}},{"type":"Feature","id":"fd8412c9c608eb73","geometry":{"type":"Point","coordinates":[148.22045,-37.16628]},"properties":{"species":"Petauroides volans","eventDate":"2020-11-02","basisOfRecord":"OCCURRENCE","license":"CC-BY 4.0 (Int)","coordinateUncertaintyM":5.0,"uncertaintyUnknown":false,"observationCount":1,"geographicOutlier":false}},{"type":"Feature","id":"7333e49a5ef8f3f7","geometry":{"type":"Point","coordinates":[147.99911,-37.80069]},"properties":{"species":"Petauroides volans","eventDate":"2020-10-28","basisOfRecord":"OCCURRENCE","license":"CC-BY 4.0 (Int)","coordinateUncertaintyM":5.0,"uncertaintyUnknown":false,"observationCount":1,"geographicOutlier":false}},{"type":"Feature","id":"4e7d747fba893cac","geometry":{"type":"Point","coordinates":[146.23,-37.89697]},"properties":{"species":"Petauroides volans","eventDate":"2020-10-28","basisOfRecord":"OBSERVATION","license":"CC-BY 4.0 (Int)","coordinateUncertaintyM":10.0,"uncertaintyUnknown":false,"observationCount":1,"geographicOutlier":false}},{"type":"Feature","id":"528c7c34e3728c85","geometry":{"type":"Point","coordinates":[147.99374,-37.80053]},"properties":{"species":"Petauroides volans","eventDate":"2020-10-22","basisOfRecord":"OCCURRENCE","license":"CC-BY 4.0 (Int)","coordinateUncertaintyM":5.0,"uncertaintyUnknown":false,"observationCount":1,"geographicOutlier":false}},{"type":"Feature","id":"bb1cae669a674acc","geometry":{"type":"Point","coordinates":[151.895828,-30.036758]},"properties":{"species":"Petauroides volans","eventDate":"2020-10-21","basisOfRecord":"HUMAN_OBSERVATION","license":"CC-BY 4.0 (Int)","coordinateUncertaintyM":5.0,"uncertaintyUnknown":false,"observationCount":1,"geographicOutlier":false}},{"type":"Feature","id":"d4385cc1bb3967be","geometry":{"type":"Point","coordinates":[145.95565,-37.85805]},"properties":{"species":"Petauroides volans","eventDate":"2020-10-21","basisOfRecord":"OBSERVATION","license":"CC-BY 4.0 (Int)","coordinateUncertaintyM":10.0,"uncertaintyUnknown":false,"observationCount":1,"geographicOutlier":false}},{"type":"Feature","id":"f396b84496ec6b14","geometry":{"type":"Point","coordinates":[145.54106,-37.45784]},"properties":{"species":"Petauroides volans","eventDate":"2020-10-20","basisOfRecord":"OCCURRENCE","license":"CC-BY 4.0 (Int)","coordinateUncertaintyM":10.0,"uncertaintyUnknown":false,"observationCount":1,"geographicOutlier":false}},{"type":"Feature","id":"4c2cd6b8839933b3","geometry":{"type":"Point","coordinates":[152.209075,-30.873649]},"properties":{"species":"Petauroides volans","eventDate":"2020-10-18","basisOfRecord":"HUMAN_OBSERVATION","license":"CC-BY 4.0 (Int)","coordinateUncertaintyM":5.0,"uncertaintyUnknown":false,"observationCount":1,"geographicOutlier":false}},{"type":"Feature","id":"7d828823ea67e88f","geometry":{"type":"Point","coordinates":[150.411553,-34.456407]},"properties":{"species":"Petauroides volans","eventDate":"2020-10-15","basisOfRecord":"HUMAN_OBSERVATION","license":"CC-BY 4.0 (Int)","coordinateUncertaintyM":100.0,"uncertaintyUnknown":false,"observationCount":1,"geographicOutlier":false}},{"type":"Feature","id":"d39077b517d105c4","geometry":{"type":"Point","coordinates":[145.45486,-37.48013]},"properties":{"species":"Petauroides volans","eventDate":"2020-10-14","basisOfRecord":"OBSERVATION","license":"CC-BY 4.0 (Int)","coordinateUncertaintyM":10.0,"uncertaintyUnknown":false,"observationCount":1,"geographicOutlier":false}},{"type":"Feature","id":"9ad49dfb1d7a59d4","geometry":{"type":"Point","coordinates":[145.45984,-37.47861]},"properties":{"species":"Petauroides volans","eventDate":"2020-10-14","basisOfRecord":"OBSERVATION","license":"CC-BY 4.0 (Int)","coordinateUncertaintyM":10.0,"uncertaintyUnknown":false,"observationCount":1,"geographicOutlier":false}},{"type":"Feature","id":"2c1a3294c53d98b9","geometry":{"type":"Point","coordinates":[145.20263,-37.14158]},"properties":{"species":"Petauroides volans","eventDate":"2020-10-14","basisOfRecord":"OCCURRENCE","license":"CC-BY 4.0 (Int)","coordinateUncertaintyM":5.0,"uncertaintyUnknown":false,"observationCount":1,"geographicOutlier":false}},{"type":"Feature","id":"a8b650de48951546","geometry":{"type":"Point","coordinates":[149.69855,-37.42056]},"properties":{"species":"Petauroides volans","eventDate":"2020-10-11","basisOfRecord":"OCCURRENCE","license":"CC-BY 4.0 (Int)","coordinateUncertaintyM":10.0,"uncertaintyUnknown":false,"observationCount":1,"geographicOutlier":false}},{"type":"Feature","id":"8d661173b6b32959","geometry":{"type":"Point","coordinates":[149.69469,-37.41914]},"properties":{"species":"Petauroides volans","eventDate":"2020-10-11","basisOfRecord":"OCCURRENCE","license":"CC-BY 4.0 (Int)","coordinateUncertaintyM":10.0,"uncertaintyUnknown":false,"observationCount":1,"geographicOutlier":false}},{"type":"Feature","id":"a6e3385ef73969aa","geometry":{"type":"Point","coordinates":[145.53858,-37.44494]},"properties":{"species":"Petauroides volans","eventDate":"2020-10-06","basisOfRecord":"OBSERVATION","license":"CC-BY 4.0 (Int)","coordinateUncertaintyM":10.0,"uncertaintyUnknown":false,"observationCount":1,"geographicOutlier":false}},{"type":"Feature","id":"600c51facd3f25d4","geometry":{"type":"Point","coordinates":[148.3587,-37.77184]},"properties":{"species":"Petauroides volans","eventDate":"2020-10-01","basisOfRecord":"OCCURRENCE","license":"CC-BY 4.0 (Int)","coordinateUncertaintyM":10.0,"uncertaintyUnknown":false,"observationCount":1,"geographicOutlier":false}},{"type":"Feature","id":"4b933bee0050fd85","geometry":{"type":"Point","coordinates":[145.19848,-37.17357]},"properties":{"species":"Petauroides volans","eventDate":"2020-10-01","basisOfRecord":"OCCURRENCE","license":"CC-BY 4.0 (Int)","coordinateUncertaintyM":5.0,"uncertaintyUnknown":false,"observationCount":1,"geographicOutlier":false}},{"type":"Feature","id":"9f3e3a87e3998818","geometry":{"type":"Point","coordinates":[145.19262,-37.17052]},"properties":{"species":"Petauroides volans","eventDate":"2020-10-01","basisOfRecord":"OCCURRENCE","license":"CC-BY 4.0 (Int)","coordinateUncertaintyM":5.0,"uncertaintyUnknown":false,"observationCount":1,"geographicOutlier":false}},{"type":"Feature","id":"9a16a0d53f497a04","geometry":{"type":"Point","coordinates":[147.78114,-37.70951]},"properties":{"species":"Petauroides volans","eventDate":"2020-09-30","basisOfRecord":"OCCURRENCE","license":"CC-BY 4.0 (Int)","coordinateUncertaintyM":10.0,"uncertaintyUnknown":false,"observationCount":1,"geographicOutlier":false}},{"type":"Feature","id":"5a8de8a7c2c2a753","geometry":{"type":"Point","coordinates":[145.20865,-37.15378]},"properties":{"species":"Petauroides volans","eventDate":"2020-09-29","basisOfRecord":"OCCURRENCE","license":"CC-BY 4.0 (Int)","coordinateUncertaintyM":5.0,"uncertaintyUnknown":false,"observationCount":1,"geographicOutlier":false}},{"type":"Feature","id":"d174de1206d1c9fc","geometry":{"type":"Point","coordinates":[145.90185,-36.89864]},"properties":{"species":"Petauroides volans","eventDate":"2020-09-29","basisOfRecord":"OBSERVATION","license":"CC-BY 4.0 (Int)","coordinateUncertaintyM":10.0,"uncertaintyUnknown":false,"observationCount":1,"geographicOutlier":false}},{"type":"Feature","id":"0084beb0eeee0b0c","geometry":{"type":"Point","coordinates":[145.20709,-37.15834]},"properties":{"species":"Petauroides volans","eventDate":"2020-09-29","basisOfRecord":"OCCURRENCE","license":"CC-BY 4.0 (Int)","coordinateUncertaintyM":5.0,"uncertaintyUnknown":false,"observationCount":1,"geographicOutlier":false}},{"type":"Feature","id":"e611baa333824f94","geometry":{"type":"Point","coordinates":[145.20783,-37.15836]},"properties":{"species":"Petauroides volans","eventDate":"2020-09-29","basisOfRecord":"OCCURRENCE","license":"CC-BY 4.0 (Int)","coordinateUncertaintyM":5.0,"uncertaintyUnknown":false,"observationCount":1,"geographicOutlier":false}},{"type":"Feature","id":"8265cbf99b6d3cc8","geometry":{"type":"Point","coordinates":[147.76285,-37.73186]},"properties":{"species":"Petauroides volans","eventDate":"2020-09-28","basisOfRecord":"OCCURRENCE","license":"CC-BY 4.0 (Int)","coordinateUncertaintyM":10.0,"uncertaintyUnknown":false,"observationCount":1,"geographicOutlier":false}},{"type":"Feature","id":"9f89243e8f5f0249","geometry":{"type":"Point","coordinates":[145.19928,-37.15805]},"properties":{"species":"Petauroides volans","eventDate":"2020-09-28","basisOfRecord":"OCCURRENCE","license":"CC-BY 4.0 (Int)","coordinateUncertaintyM":5.0,"uncertaintyUnknown":false,"observationCount":1,"geographicOutlier":false}},{"type":"Feature","id":"57349f34c49d40fb","geometry":{"type":"Point","coordinates":[149.587769,-35.445145]},"properties":{"species":"Petauroides volans","eventDate":"2020-09-28","basisOfRecord":"HUMAN_OBSERVATION","license":"CC-BY 4.0 (Int)","coordinateUncertaintyM":10.0,"uncertaintyUnknown":false,"observationCount":1,"geographicOutlier":false}},{"type":"Feature","id":"f46fc948df6b1fce","geometry":{"type":"Point","coordinates":[145.19774,-37.15687]},"properties":{"species":"Petauroides volans","eventDate":"2020-09-28","basisOfRecord":"OCCURRENCE","license":"CC-BY 4.0 (Int)","coordinateUncertaintyM":5.0,"uncertaintyUnknown":false,"observationCount":1,"geographicOutlier":false}},{"type":"Feature","id":"a1dddabcac925657","geometry":{"type":"Point","coordinates":[145.19478,-37.15399]},"properties":{"species":"Petauroides volans","eventDate":"2020-09-28","basisOfRecord":"OCCURRENCE","license":"CC-BY 4.0 (Int)","coordinateUncertaintyM":5.0,"uncertaintyUnknown":false,"observationCount":1,"geographicOutlier":false}},{"type":"Feature","id":"21f53650b912c5d1","geometry":{"type":"Point","coordinates":[149.593383,-35.4447]},"properties":{"species":"Petauroides volans","eventDate":"2020-09-28","basisOfRecord":"HUMAN_OBSERVATION","license":"CC-BY 4.0 (Int)","coordinateUncertaintyM":10.0,"uncertaintyUnknown":false,"observationCount":1,"geographicOutlier":false}},{"type":"Feature","id":"c1d767319d47fb2b","geometry":{"type":"Point","coordinates":[145.9492,-37.85514]},"properties":{"species":"Petauroides volans","eventDate":"2020-09-28","basisOfRecord":"OBSERVATION","license":"CC-BY 4.0 (Int)","coordinateUncertaintyM":10.0,"uncertaintyUnknown":false,"observationCount":1,"geographicOutlier":false}},{"type":"Feature","id":"74f982e1704a28e3","geometry":{"type":"Point","coordinates":[145.51034,-37.52942]},"properties":{"species":"Petauroides volans","eventDate":"2020-09-27","basisOfRecord":"OBSERVATION","license":"CC-BY 4.0 (Int)","coordinateUncertaintyM":10.0,"uncertaintyUnknown":false,"observationCount":1,"geographicOutlier":false}},{"type":"Feature","id":"d5951b8f92a51d46","geometry":{"type":"Point","coordinates":[148.879031,-35.143766]},"properties":{"species":"Petauroides volans","eventDate":"2020-09-26","basisOfRecord":"HUMAN_OBSERVATION","license":"CC-BY 4.0 (Int)","coordinateUncertaintyM":500.0,"uncertaintyUnknown":false,"observationCount":1,"geographicOutlier":false}},{"type":"Feature","id":"d7aea5e168634699","geometry":{"type":"Point","coordinates":[149.501793,-35.564409]},"properties":{"species":"Petauroides volans","eventDate":"2020-09-24","basisOfRecord":"HUMAN_OBSERVATION","license":"CC-BY 4.0 (Int)","coordinateUncertaintyM":10.0,"uncertaintyUnknown":false,"observationCount":1,"geographicOutlier":false}},{"type":"Feature","id":"12098cff4c967ff9","geometry":{"type":"Point","coordinates":[149.502164,-35.551502]},"properties":{"species":"Petauroides volans","eventDate":"2020-09-24","basisOfRecord":"HUMAN_OBSERVATION","license":"CC-BY 4.0 (Int)","coordinateUncertaintyM":10.0,"uncertaintyUnknown":false,"observationCount":1,"geographicOutlier":false}},{"type":"Feature","id":"1021ef94dfe75410","geometry":{"type":"Point","coordinates":[149.502885,-35.549144]},"properties":{"species":"Petauroides volans","eventDate":"2020-09-24","basisOfRecord":"HUMAN_OBSERVATION","license":"CC-BY 4.0 (Int)","coordinateUncertaintyM":10.0,"uncertaintyUnknown":false,"observationCount":1,"geographicOutlier":false}},{"type":"Feature","id":"0949ffbd2e891e38","geometry":{"type":"Point","coordinates":[149.502545,-35.556299]},"properties":{"species":"Petauroides volans","eventDate":"2020-09-24","basisOfRecord":"HUMAN_OBSERVATION","license":"CC-BY 4.0 (Int)","coordinateUncertaintyM":10.0,"uncertaintyUnknown":false,"observationCount":1,"geographicOutlier":false}},{"type":"Feature","id":"7c4944f2bd089a65","geometry":{"type":"Point","coordinates":[149.502068,-35.557282]},"properties":{"species":"Petauroides volans","eventDate":"2020-09-24","basisOfRecord":"HUMAN_OBSERVATION","license":"CC-BY 4.0 (Int)","coordinateUncertaintyM":10.0,"uncertaintyUnknown":false,"observationCount":1,"geographicOutlier":false}},{"type":"Feature","id":"c60a8f59ffad8fa5","geometry":{"type":"Point","coordinates":[149.501231,-35.566187]},"properties":{"species":"Petauroides volans","eventDate":"2020-09-24","basisOfRecord":"HUMAN_OBSERVATION","license":"CC-BY 4.0 (Int)","coordinateUncertaintyM":10.0,"uncertaintyUnknown":false,"observationCount":1,"geographicOutlier":false}},{"type":"Feature","id":"126eccc601afd6dd","geometry":{"type":"Point","coordinates":[146.08022,-37.6365]},"properties":{"species":"Petauroides volans","eventDate":"2020-09-21","basisOfRecord":"OCCURRENCE","license":"CC-BY 4.0 (Int)","coordinateUncertaintyM":10.0,"uncertaintyUnknown":false,"observationCount":1,"geographicOutlier":false}},{"type":"Feature","id":"92c5b7b70cf30c6d","geometry":{"type":"Point","coordinates":[145.61273,-37.49104]},"properties":{"species":"Petauroides volans","eventDate":"2020-09-17","basisOfRecord":"OBSERVATION","license":"CC-BY 4.0 (Int)","coordinateUncertaintyM":5.0,"uncertaintyUnknown":false,"observationCount":1,"geographicOutlier":false}},{"type":"Feature","id":"86a21e6e1447a21a","geometry":{"type":"Point","coordinates":[145.90623,-37.30654]},"properties":{"species":"Petauroides volans","eventDate":"2020-09-16","basisOfRecord":"OCCURRENCE","license":"CC-BY 4.0 (Int)","coordinateUncertaintyM":80.0,"uncertaintyUnknown":false,"observationCount":1,"geographicOutlier":false}},{"type":"Feature","id":"ff9b0ed5952d432c","geometry":{"type":"Point","coordinates":[145.90639,-37.30871]},"properties":{"species":"Petauroides volans","eventDate":"2020-09-16","basisOfRecord":"OCCURRENCE","license":"CC-BY 4.0 (Int)","coordinateUncertaintyM":40.0,"uncertaintyUnknown":false,"observationCount":1,"geographicOutlier":false}},{"type":"Feature","id":"3063e8e669508bba","geometry":{"type":"Point","coordinates":[147.55261,-37.37404]},"properties":{"species":"Petauroides volans","eventDate":"2020-09-15","basisOfRecord":"OCCURRENCE","license":"CC-BY 4.0 (Int)","coordinateUncertaintyM":5.0,"uncertaintyUnknown":false,"observationCount":1,"geographicOutlier":false}},{"type":"Feature","id":"1b4aca2759862975","geometry":{"type":"Point","coordinates":[147.55371,-37.37198]},"properties":{"species":"Petauroides volans","eventDate":"2020-09-15","basisOfRecord":"OCCURRENCE","license":"CC-BY 4.0 (Int)","coordinateUncertaintyM":5.0,"uncertaintyUnknown":false,"observationCount":1,"geographicOutlier":false}},{"type":"Feature","id":"a3cf92c842103123","geometry":{"type":"Point","coordinates":[150.182322,-33.390531]},"properties":{"species":"Petauroides volans","eventDate":"2020-09-15","basisOfRecord":"HUMAN_OBSERVATION","license":"CC-BY 4.0 (Int)","coordinateUncertaintyM":100.0,"uncertaintyUnknown":false,"observationCount":1,"geographicOutlier":false}},{"type":"Feature","id":"131d69a3c5859a0c","geometry":{"type":"Point","coordinates":[149.641342,-35.354897]},"properties":{"species":"Petauroides volans","eventDate":"2020-09-15","basisOfRecord":"HUMAN_OBSERVATION","license":"CC-BY 4.0 (Int)","coordinateUncertaintyM":5.0,"uncertaintyUnknown":false,"observationCount":1,"geographicOutlier":false}},{"type":"Feature","id":"89f0473a31666278","geometry":{"type":"Point","coordinates":[145.90623,-37.30926]},"properties":{"species":"Petauroides volans","eventDate":"2020-09-14","basisOfRecord":"OCCURRENCE","license":"CC-BY 4.0 (Int)","coordinateUncertaintyM":50.0,"uncertaintyUnknown":false,"observationCount":1,"geographicOutlier":false}},{"type":"Feature","id":"e73bb32843845e58","geometry":{"type":"Point","coordinates":[145.90866,-37.30789]},"properties":{"species":"Petauroides volans","eventDate":"2020-09-14","basisOfRecord":"OCCURRENCE","license":"CC-BY 4.0 (Int)","coordinateUncertaintyM":42.0,"uncertaintyUnknown":false,"observationCount":1,"geographicOutlier":false}},{"type":"Feature","id":"ebc77ca42c4b9f8b","geometry":{"type":"Point","coordinates":[149.532741,-35.823667]},"properties":{"species":"Petauroides volans","eventDate":"2020-09-10","basisOfRecord":"HUMAN_OBSERVATION","license":"CC-BY 4.0 (Int)","coordinateUncertaintyM":10.0,"uncertaintyUnknown":false,"observationCount":1,"geographicOutlier":false}},{"type":"Feature","id":"431edfc1eaf4eeae","geometry":{"type":"Point","coordinates":[145.54831,-37.46228]},"properties":{"species":"Petauroides volans","eventDate":"2020-09-10","basisOfRecord":"OBSERVATION","license":"CC-BY 4.0 (Int)","coordinateUncertaintyM":10.0,"uncertaintyUnknown":false,"observationCount":1,"geographicOutlier":false}},{"type":"Feature","id":"bcb80e4bf6de5e2b","geometry":{"type":"Point","coordinates":[149.527244,-35.872258]},"properties":{"species":"Petauroides volans","eventDate":"2020-09-10","basisOfRecord":"HUMAN_OBSERVATION","license":"CC-BY 4.0 (Int)","coordinateUncertaintyM":10.0,"uncertaintyUnknown":false,"observationCount":1,"geographicOutlier":false}},{"type":"Feature","id":"6e08e6538f2e4ec1","geometry":{"type":"Point","coordinates":[149.529405,-35.871599]},"properties":{"species":"Petauroides volans","eventDate":"2020-09-10","basisOfRecord":"HUMAN_OBSERVATION","license":"CC-BY 4.0 (Int)","coordinateUncertaintyM":10.0,"uncertaintyUnknown":false,"observationCount":1,"geographicOutlier":false}},{"type":"Feature","id":"5a38acedc1b807ff","geometry":{"type":"Point","coordinates":[149.562589,-35.936332]},"properties":{"species":"Petauroides volans","eventDate":"2020-09-09","basisOfRecord":"HUMAN_OBSERVATION","license":"CC-BY 4.0 (Int)","coordinateUncertaintyM":10.0,"uncertaintyUnknown":false,"observationCount":1,"geographicOutlier":false}},{"type":"Feature","id":"4eeb427384d261a2","geometry":{"type":"Point","coordinates":[149.542068,-35.870025]},"properties":{"species":"Petauroides volans","eventDate":"2020-09-09","basisOfRecord":"HUMAN_OBSERVATION","license":"CC-BY 4.0 (Int)","coordinateUncertaintyM":10.0,"uncertaintyUnknown":false,"observationCount":1,"geographicOutlier":false}},{"type":"Feature","id":"814df1a06ff9a579","geometry":{"type":"Point","coordinates":[146.22352,-36.83875]},"properties":{"species":"Petauroides volans","eventDate":"2020-09-09","basisOfRecord":"OBSERVATION","license":"CC-BY 4.0 (Int)","coordinateUncertaintyM":5.0,"uncertaintyUnknown":false,"observationCount":1,"geographicOutlier":false}},{"type":"Feature","id":"97fc4d7463ccb012","geometry":{"type":"Point","coordinates":[149.564426,-35.944838]},"properties":{"species":"Petauroides volans","eventDate":"2020-09-09","basisOfRecord":"HUMAN_OBSERVATION","license":"CC-BY 4.0 (Int)","coordinateUncertaintyM":10.0,"uncertaintyUnknown":false,"observationCount":1,"geographicOutlier":false}},{"type":"Feature","id":"376af001ae132e5c","geometry":{"type":"Point","coordinates":[149.561079,-35.893677]},"properties":{"species":"Petauroides volans","eventDate":"2020-09-09","basisOfRecord":"HUMAN_OBSERVATION","license":"CC-BY 4.0 (Int)","coordinateUncertaintyM":10.0,"uncertaintyUnknown":false,"observationCount":1,"geographicOutlier":false}},{"type":"Feature","id":"9ddcd63305f99199","geometry":{"type":"Point","coordinates":[149.552982,-35.506756]},"properties":{"species":"Petauroides volans","eventDate":"2020-09-08","basisOfRecord":"HUMAN_OBSERVATION","license":"CC-BY 4.0 (Int)","coordinateUncertaintyM":10.0,"uncertaintyUnknown":false,"observationCount":1,"geographicOutlier":false}},{"type":"Feature","id":"44c554f857c21c40","geometry":{"type":"Point","coordinates":[149.552039,-35.506226]},"properties":{"species":"Petauroides volans","eventDate":"2020-09-08","basisOfRecord":"HUMAN_OBSERVATION","license":"CC-BY 4.0 (Int)","coordinateUncertaintyM":10.0,"uncertaintyUnknown":false,"observationCount":1,"geographicOutlier":false}},{"type":"Feature","id":"9138daa6b44eef1a","geometry":{"type":"Point","coordinates":[149.545117,-35.499946]},"properties":{"species":"Petauroides volans","eventDate":"2020-09-08","basisOfRecord":"HUMAN_OBSERVATION","license":"CC-BY 4.0 (Int)","coordinateUncertaintyM":10.0,"uncertaintyUnknown":false,"observationCount":1,"geographicOutlier":false}},{"type":"Feature","id":"ced135236aacd835","geometry":{"type":"Point","coordinates":[149.543348,-35.501182]},"properties":{"species":"Petauroides volans","eventDate":"2020-09-08","basisOfRecord":"HUMAN_OBSERVATION","license":"CC-BY 4.0 (Int)","coordinateUncertaintyM":10.0,"uncertaintyUnknown":false,"observationCount":1,"geographicOutlier":false}},{"type":"Feature","id":"4d972173b7dec152","geometry":{"type":"Point","coordinates":[149.54645,-35.497835]},"properties":{"species":"Petauroides volans","eventDate":"2020-09-08","basisOfRecord":"HUMAN_OBSERVATION","license":"CC-BY 4.0 (Int)","coordinateUncertaintyM":10.0,"uncertaintyUnknown":false,"observationCount":1,"geographicOutlier":false}},{"type":"Feature","id":"64da261412327bf9","geometry":{"type":"Point","coordinates":[149.553945,-35.507916]},"properties":{"species":"Petauroides volans","eventDate":"2020-09-08","basisOfRecord":"HUMAN_OBSERVATION","license":"CC-BY 4.0 (Int)","coordinateUncertaintyM":10.0,"uncertaintyUnknown":false,"observationCount":1,"geographicOutlier":false}},{"type":"Feature","id":"e0c07877b92c4f35","geometry":{"type":"Point","coordinates":[149.548054,-35.496972]},"properties":{"species":"Petauroides volans","eventDate":"2020-09-08","basisOfRecord":"HUMAN_OBSERVATION","license":"CC-BY 4.0 (Int)","coordinateUncertaintyM":10.0,"uncertaintyUnknown":false,"observationCount":1,"geographicOutlier":false}},{"type":"Feature","id":"bc84a19d5f2dc04e","geometry":{"type":"Point","coordinates":[145.68187,-37.57042]},"properties":{"species":"Petauroides volans","eventDate":"2020-09-08","basisOfRecord":"OBSERVATION","license":"CC-BY 4.0 (Int)","coordinateUncertaintyM":10.0,"uncertaintyUnknown":false,"observationCount":1,"geographicOutlier":false}},{"type":"Feature","id":"2771d5acd6f187ba","geometry":{"type":"Point","coordinates":[149.540879,-35.714334]},"properties":{"species":"Petauroides volans","eventDate":"2020-09-07","basisOfRecord":"HUMAN_OBSERVATION","license":"CC-BY 4.0 (Int)","coordinateUncertaintyM":10.0,"uncertaintyUnknown":false,"observationCount":1,"geographicOutlier":false}},{"type":"Feature","id":"409407eef25b7552","geometry":{"type":"Point","coordinates":[149.542014,-35.710407]},"properties":{"species":"Petauroides volans","eventDate":"2020-09-07","basisOfRecord":"HUMAN_OBSERVATION","license":"CC-BY 4.0 (Int)","coordinateUncertaintyM":10.0,"uncertaintyUnknown":false,"observationCount":1,"geographicOutlier":false}},{"type":"Feature","id":"0c6721caeb656641","geometry":{"type":"Point","coordinates":[149.534566,-35.731719]},"properties":{"species":"Petauroides volans","eventDate":"2020-09-07","basisOfRecord":"HUMAN_OBSERVATION","license":"CC-BY 4.0 (Int)","coordinateUncertaintyM":10.0,"uncertaintyUnknown":false,"observationCount":1,"geographicOutlier":false}},{"type":"Feature","id":"ef768687afdce26b","geometry":{"type":"Point","coordinates":[149.538312,-35.732703]},"properties":{"species":"Petauroides volans","eventDate":"2020-09-07","basisOfRecord":"HUMAN_OBSERVATION","license":"CC-BY 4.0 (Int)","coordinateUncertaintyM":10.0,"uncertaintyUnknown":false,"observationCount":1,"geographicOutlier":false}},{"type":"Feature","id":"2916f48f8b1ec0fa","geometry":{"type":"Point","coordinates":[149.543419,-35.706294]},"properties":{"species":"Petauroides volans","eventDate":"2020-09-07","basisOfRecord":"HUMAN_OBSERVATION","license":"CC-BY 4.0 (Int)","coordinateUncertaintyM":10.0,"uncertaintyUnknown":false,"observationCount":1,"geographicOutlier":false}},{"type":"Feature","id":"e3d6539fefd2038d","geometry":{"type":"Point","coordinates":[149.524784,-35.748879]},"properties":{"species":"Petauroides volans","eventDate":"2020-09-07","basisOfRecord":"HUMAN_OBSERVATION","license":"CC-BY 4.0 (Int)","coordinateUncertaintyM":10.0,"uncertaintyUnknown":false,"observationCount":1,"geographicOutlier":false}},{"type":"Feature","id":"318df196cd88978c","geometry":{"type":"Point","coordinates":[149.543449,-35.708267]},"properties":{"species":"Petauroides volans","eventDate":"2020-09-07","basisOfRecord":"HUMAN_OBSERVATION","license":"CC-BY 4.0 (Int)","coordinateUncertaintyM":10.0,"uncertaintyUnknown":false,"observationCount":1,"geographicOutlier":false}},{"type":"Feature","id":"4cf048775fdc7358","geometry":{"type":"Point","coordinates":[149.515664,-35.520421]},"properties":{"species":"Petauroides volans","eventDate":"2020-09-03","basisOfRecord":"HUMAN_OBSERVATION","license":"CC-BY 4.0 (Int)","coordinateUncertaintyM":10.0,"uncertaintyUnknown":false,"observationCount":1,"geographicOutlier":false}},{"type":"Feature","id":"ca0318e1f34f4616","geometry":{"type":"Point","coordinates":[149.514403,-35.51677]},"properties":{"species":"Petauroides volans","eventDate":"2020-09-03","basisOfRecord":"HUMAN_OBSERVATION","license":"CC-BY 4.0 (Int)","coordinateUncertaintyM":10.0,"uncertaintyUnknown":false,"observationCount":1,"geographicOutlier":false}},{"type":"Feature","id":"fa5bf94a207e8e8b","geometry":{"type":"Point","coordinates":[149.515091,-35.513727]},"properties":{"species":"Petauroides volans","eventDate":"2020-09-03","basisOfRecord":"HUMAN_OBSERVATION","license":"CC-BY 4.0 (Int)","coordinateUncertaintyM":10.0,"uncertaintyUnknown":false,"observationCount":1,"geographicOutlier":false}},{"type":"Feature","id":"b37c4b7951f43d55","geometry":{"type":"Point","coordinates":[149.512696,-35.513633]},"properties":{"species":"Petauroides volans","eventDate":"2020-09-03","basisOfRecord":"HUMAN_OBSERVATION","license":"CC-BY 4.0 (Int)","coordinateUncertaintyM":10.0,"uncertaintyUnknown":false,"observationCount":1,"geographicOutlier":false}},{"type":"Feature","id":"948677381971773c","geometry":{"type":"Point","coordinates":[149.515129,-35.602818]},"properties":{"species":"Petauroides volans","eventDate":"2020-09-02","basisOfRecord":"HUMAN_OBSERVATION","license":"CC-BY 4.0 (Int)","coordinateUncertaintyM":10.0,"uncertaintyUnknown":false,"observationCount":1,"geographicOutlier":false}},{"type":"Feature","id":"4177c06ab765473f","geometry":{"type":"Point","coordinates":[149.509864,-35.606326]},"properties":{"species":"Petauroides volans","eventDate":"2020-09-02","basisOfRecord":"HUMAN_OBSERVATION","license":"CC-BY 4.0 (Int)","coordinateUncertaintyM":10.0,"uncertaintyUnknown":false,"observationCount":1,"geographicOutlier":false}},{"type":"Feature","id":"66b7f1c67ed8b7b3","geometry":{"type":"Point","coordinates":[149.519093,-35.602158]},"properties":{"species":"Petauroides volans","eventDate":"2020-09-02","basisOfRecord":"HUMAN_OBSERVATION","license":"CC-BY 4.0 (Int)","coordinateUncertaintyM":10.0,"uncertaintyUnknown":false,"observationCount":1,"geographicOutlier":false}},{"type":"Feature","id":"d0515fc070b67c8a","geometry":{"type":"Point","coordinates":[149.509563,-35.606936]},"properties":{"species":"Petauroides volans","eventDate":"2020-09-02","basisOfRecord":"HUMAN_OBSERVATION","license":"CC-BY 4.0 (Int)","coordinateUncertaintyM":10.0,"uncertaintyUnknown":false,"observationCount":1,"geographicOutlier":false}},{"type":"Feature","id":"be4233a8293f5941","geometry":{"type":"Point","coordinates":[149.517798,-35.602753]},"properties":{"species":"Petauroides volans","eventDate":"2020-09-02","basisOfRecord":"HUMAN_OBSERVATION","license":"CC-BY 4.0 (Int)","coordinateUncertaintyM":10.0,"uncertaintyUnknown":false,"observationCount":1,"geographicOutlier":false}},{"type":"Feature","id":"e040b9a459ae09f6","geometry":{"type":"Point","coordinates":[149.513715,-35.592878]},"properties":{"species":"Petauroides volans","eventDate":"2020-09-01","basisOfRecord":"HUMAN_OBSERVATION","license":"CC-BY 4.0 (Int)","coordinateUncertaintyM":10.0,"uncertaintyUnknown":false,"observationCount":1,"geographicOutlier":false}},{"type":"Feature","id":"87760f2dc36346b2","geometry":{"type":"Point","coordinates":[149.515274,-35.596523]},"properties":{"species":"Petauroides volans","eventDate":"2020-09-01","basisOfRecord":"HUMAN_OBSERVATION","license":"CC-BY 4.0 (Int)","coordinateUncertaintyM":10.0,"uncertaintyUnknown":false,"observationCount":1,"geographicOutlier":false}},{"type":"Feature","id":"c9fc156b39ec3a2a","geometry":{"type":"Point","coordinates":[149.644104,-35.357265]},"properties":{"species":"Petauroides volans","eventDate":"2020-09-01","basisOfRecord":"HUMAN_OBSERVATION","license":"CC-BY 4.0 (Int)","coordinateUncertaintyM":5.0,"uncertaintyUnknown":false,"observationCount":1,"geographicOutlier":false}},{"type":"Feature","id":"f774dcb59945cda0","geometry":{"type":"Point","coordinates":[145.89437,-36.88262]},"properties":{"species":"Petauroides volans","eventDate":"2020-08-31","basisOfRecord":"OBSERVATION","license":"CC-BY 4.0 (Int)","coordinateUncertaintyM":10.0,"uncertaintyUnknown":false,"observationCount":1,"geographicOutlier":false}},{"type":"Feature","id":"bbd17941bcbe5c0d","geometry":{"type":"Point","coordinates":[153.067607,-27.734593]},"properties":{"species":"Petauroides volans","eventDate":"2020-08-26","basisOfRecord":"HUMAN_OBSERVATION","license":"CC-BY 4.0 (Int)","coordinateUncertaintyM":null,"uncertaintyUnknown":true,"observationCount":1,"geographicOutlier":false}},{"type":"Feature","id":"335982c71623700d","geometry":{"type":"Point","coordinates":[145.78625,-37.45586]},"properties":{"species":"Petauroides volans","eventDate":"2020-08-26","basisOfRecord":"OCCURRENCE","license":"CC-BY 4.0 (Int)","coordinateUncertaintyM":10.0,"uncertaintyUnknown":false,"observationCount":1,"geographicOutlier":false}},{"type":"Feature","id":"1094abdd49085c5f","geometry":{"type":"Point","coordinates":[145.67673,-37.5657]},"properties":{"species":"Petauroides volans","eventDate":"2020-08-17","basisOfRecord":"OBSERVATION","license":"CC-BY 4.0 (Int)","coordinateUncertaintyM":10.0,"uncertaintyUnknown":false,"observationCount":1,"geographicOutlier":false}},{"type":"Feature","id":"912281688de9c5e3","geometry":{"type":"Point","coordinates":[145.89099,-36.89694]},"properties":{"species":"Petauroides volans","eventDate":"2020-08-11","basisOfRecord":"OBSERVATION","license":"CC-BY 4.0 (Int)","coordinateUncertaintyM":10.0,"uncertaintyUnknown":false,"observationCount":1,"geographicOutlier":false}},{"type":"Feature","id":"1dce9ee88f960554","geometry":{"type":"Point","coordinates":[145.88931,-36.89082]},"properties":{"species":"Petauroides volans","eventDate":"2020-08-11","basisOfRecord":"OBSERVATION","license":"CC-BY 4.0 (Int)","coordinateUncertaintyM":10.0,"uncertaintyUnknown":false,"observationCount":1,"geographicOutlier":false}},{"type":"Feature","id":"ea15f33a13eb5096","geometry":{"type":"Point","coordinates":[146.08559,-37.89426]},"properties":{"species":"Petauroides volans","eventDate":"2020-08-10","basisOfRecord":"OBSERVATION","license":"CC-BY 4.0 (Int)","coordinateUncertaintyM":50.0,"uncertaintyUnknown":false,"observationCount":1,"geographicOutlier":false}},{"type":"Feature","id":"e31422fd0268e04d","geometry":{"type":"Point","coordinates":[145.95129,-37.43622]},"properties":{"species":"Petauroides volans","eventDate":"2020-08-06","basisOfRecord":"OBSERVATION","license":"CC-BY 4.0 (Int)","coordinateUncertaintyM":5.0,"uncertaintyUnknown":false,"observationCount":1,"geographicOutlier":false}},{"type":"Feature","id":"3a14e80ee8ba1ad9","geometry":{"type":"Point","coordinates":[151.399326,-33.47262]},"properties":{"species":"Petauroides volans","eventDate":"2020-07-31","basisOfRecord":"HUMAN_OBSERVATION","license":"CC-BY 4.0 (Int)","coordinateUncertaintyM":1776.0,"uncertaintyUnknown":false,"observationCount":1,"geographicOutlier":false}},{"type":"Feature","id":"fbd43e060443a17f","geometry":{"type":"Point","coordinates":[146.42213,-38.07624]},"properties":{"species":"Petauroides volans","eventDate":"2020-07-22","basisOfRecord":"OBSERVATION","license":"CC-BY 4.0 (Int)","coordinateUncertaintyM":10.0,"uncertaintyUnknown":false,"observationCount":1,"geographicOutlier":false}},{"type":"Feature","id":"57778cc5ee32565b","geometry":{"type":"Point","coordinates":[148.85067,-37.18698]},"properties":{"species":"Petauroides volans","eventDate":"2020-07-21","basisOfRecord":"OCCURRENCE","license":"CC-BY 4.0 (Int)","coordinateUncertaintyM":5.0,"uncertaintyUnknown":false,"observationCount":1,"geographicOutlier":false}},{"type":"Feature","id":"7bd416fce05aeb5f","geometry":{"type":"Point","coordinates":[150.19405,-34.546593]},"properties":{"species":"Petauroides volans","eventDate":"2020-07-13","basisOfRecord":"HUMAN_OBSERVATION","license":"CC-BY 4.0 (Int)","coordinateUncertaintyM":20.0,"uncertaintyUnknown":false,"observationCount":1,"geographicOutlier":false}},{"type":"Feature","id":"3ed3087ada031d7b","geometry":{"type":"Point","coordinates":[145.94087,-37.51551]},"properties":{"species":"Petauroides volans","eventDate":"2020-07-09","basisOfRecord":"OCCURRENCE","license":"CC-BY 4.0 (Int)","coordinateUncertaintyM":10.0,"uncertaintyUnknown":false,"observationCount":1,"geographicOutlier":false}},{"type":"Feature","id":"9d7cf8c51229e0b7","geometry":{"type":"Point","coordinates":[145.48297,-37.47126]},"properties":{"species":"Petauroides volans","eventDate":"2020-07-08","basisOfRecord":"OBSERVATION","license":"CC-BY 4.0 (Int)","coordinateUncertaintyM":10.0,"uncertaintyUnknown":false,"observationCount":1,"geographicOutlier":false}},{"type":"Feature","id":"cb720b368738ed9e","geometry":{"type":"Point","coordinates":[145.64488,-37.32015]},"properties":{"species":"Petauroides volans","eventDate":"2020-07-06","basisOfRecord":"OCCURRENCE","license":"CC-BY 4.0 (Int)","coordinateUncertaintyM":5.0,"uncertaintyUnknown":false,"observationCount":1,"geographicOutlier":false}},{"type":"Feature","id":"e8572198fbc98be4","geometry":{"type":"Point","coordinates":[148.77864,-37.20672]},"properties":{"species":"Petauroides volans","eventDate":"2020-06-30","basisOfRecord":"OCCURRENCE","license":"CC-BY 4.0 (Int)","coordinateUncertaintyM":5.0,"uncertaintyUnknown":false,"observationCount":1,"geographicOutlier":false}},{"type":"Feature","id":"7479da7679afa102","geometry":{"type":"Point","coordinates":[148.77725,-37.21123]},"properties":{"species":"Petauroides volans","eventDate":"2020-06-29","basisOfRecord":"OCCURRENCE","license":"CC-BY 4.0 (Int)","coordinateUncertaintyM":5.0,"uncertaintyUnknown":false,"observationCount":1,"geographicOutlier":false}},{"type":"Feature","id":"84442e8c30339ee1","geometry":{"type":"Point","coordinates":[148.77723,-37.21079]},"properties":{"species":"Petauroides volans","eventDate":"2020-06-25","basisOfRecord":"OCCURRENCE","license":"CC-BY 4.0 (Int)","coordinateUncertaintyM":5.0,"uncertaintyUnknown":false,"observationCount":1,"geographicOutlier":false}},{"type":"Feature","id":"999638b35085fe25","geometry":{"type":"Point","coordinates":[148.84469,-37.19085]},"properties":{"species":"Petauroides volans","eventDate":"2020-06-24","basisOfRecord":"OCCURRENCE","license":"CC-BY 4.0 (Int)","coordinateUncertaintyM":5.0,"uncertaintyUnknown":false,"observationCount":1,"geographicOutlier":false}},{"type":"Feature","id":"e8efb69582860a6f","geometry":{"type":"Point","coordinates":[145.68442,-37.59577]},"properties":{"species":"Petauroides volans","eventDate":"2020-06-18","basisOfRecord":"OBSERVATION","license":"CC-BY 4.0 (Int)","coordinateUncertaintyM":10.0,"uncertaintyUnknown":false,"observationCount":1,"geographicOutlier":false}},{"type":"Feature","id":"7a9a1abb6a37f896","geometry":{"type":"Point","coordinates":[145.48606,-37.46085]},"properties":{"species":"Petauroides volans","eventDate":"2020-06-17","basisOfRecord":"OBSERVATION","license":"CC-BY 4.0 (Int)","coordinateUncertaintyM":10.0,"uncertaintyUnknown":false,"observationCount":1,"geographicOutlier":false}},{"type":"Feature","id":"147c701540b26850","geometry":{"type":"Point","coordinates":[150.448624,-34.399921]},"properties":{"species":"Petauroides volans","eventDate":"2020-06-17","basisOfRecord":"HUMAN_OBSERVATION","license":"CC-BY 4.0 (Int)","coordinateUncertaintyM":5.0,"uncertaintyUnknown":false,"observationCount":1,"geographicOutlier":false}},{"type":"Feature","id":"2ac94ab685007d74","geometry":{"type":"Point","coordinates":[145.86344,-37.86665]},"properties":{"species":"Petauroides volans","eventDate":"2020-06-11","basisOfRecord":"OCCURRENCE","license":"CC-BY 4.0 (Int)","coordinateUncertaintyM":10.0,"uncertaintyUnknown":false,"observationCount":1,"geographicOutlier":false}},{"type":"Feature","id":"c5236272b9b6786d","geometry":{"type":"Point","coordinates":[145.64294,-37.32043]},"properties":{"species":"Petauroides volans","eventDate":"2020-06-10","basisOfRecord":"OCCURRENCE","license":"CC-BY 4.0 (Int)","coordinateUncertaintyM":5.0,"uncertaintyUnknown":false,"observationCount":1,"geographicOutlier":false}},{"type":"Feature","id":"f6fe0fe687cc0eb9","geometry":{"type":"Point","coordinates":[146.40015,-37.88439]},"properties":{"species":"Petauroides volans","eventDate":"2020-06-09","basisOfRecord":"OCCURRENCE","license":"CC-BY 4.0 (Int)","coordinateUncertaintyM":10.0,"uncertaintyUnknown":false,"observationCount":1,"geographicOutlier":false}},{"type":"Feature","id":"d89a981a7c6e5397","geometry":{"type":"Point","coordinates":[144.17617,-37.43895]},"properties":{"species":"Petauroides volans","eventDate":"2020-06-05","basisOfRecord":"OBSERVATION","license":"CC-BY 4.0 (Int)","coordinateUncertaintyM":10.0,"uncertaintyUnknown":false,"observationCount":1,"geographicOutlier":false}},{"type":"Feature","id":"b72f404234ffb821","geometry":{"type":"Point","coordinates":[145.46163,-37.48529]},"properties":{"species":"Petauroides volans","eventDate":"2020-06-03","basisOfRecord":"OBSERVATION","license":"CC-BY 4.0 (Int)","coordinateUncertaintyM":10.0,"uncertaintyUnknown":false,"observationCount":1,"geographicOutlier":false}},{"type":"Feature","id":"148e242c5957c741","geometry":{"type":"Point","coordinates":[145.46143,-37.48644]},"properties":{"species":"Petauroides volans","eventDate":"2020-06-03","basisOfRecord":"OBSERVATION","license":"CC-BY 4.0 (Int)","coordinateUncertaintyM":10.0,"uncertaintyUnknown":false,"observationCount":1,"geographicOutlier":false}},{"type":"Feature","id":"82ad9f9a1a073048","geometry":{"type":"Point","coordinates":[150.245798,-34.655151]},"properties":{"species":"Petauroides volans","eventDate":"2020-05-27","basisOfRecord":"HUMAN_OBSERVATION","license":"CC-BY 4.0 (Int)","coordinateUncertaintyM":10.0,"uncertaintyUnknown":false,"observationCount":1,"geographicOutlier":false}},{"type":"Feature","id":"f61bab5f65e8ff44","geometry":{"type":"Point","coordinates":[146.23392,-37.97644]},"properties":{"species":"Petauroides volans","eventDate":"2020-05-26","basisOfRecord":"OCCURRENCE","license":"CC-BY 4.0 (Int)","coordinateUncertaintyM":10.0,"uncertaintyUnknown":false,"observationCount":1,"geographicOutlier":false}},{"type":"Feature","id":"dd2ffa13461318ac","geometry":{"type":"Point","coordinates":[146.89928,-38.39126]},"properties":{"species":"Petauroides volans","eventDate":"2020-05-24","basisOfRecord":"OBSERVATION","license":"CC-BY 4.0 (Int)","coordinateUncertaintyM":10.0,"uncertaintyUnknown":false,"observationCount":1,"geographicOutlier":false}},{"type":"Feature","id":"29b796b407327bb7","geometry":{"type":"Point","coordinates":[147.46113,-37.73003]},"properties":{"species":"Petauroides volans","eventDate":"2020-05-19","basisOfRecord":"OCCURRENCE","license":"CC-BY 4.0 (Int)","coordinateUncertaintyM":5.0,"uncertaintyUnknown":false,"observationCount":1,"geographicOutlier":false}},{"type":"Feature","id":"e57ad52baba920d7","geometry":{"type":"Point","coordinates":[150.529463,-35.16709]},"properties":{"species":"Petauroides volans","eventDate":"2020-05-15","basisOfRecord":"HUMAN_OBSERVATION","license":"CC-BY 4.0 (Int)","coordinateUncertaintyM":20.0,"uncertaintyUnknown":false,"observationCount":1,"geographicOutlier":false}},{"type":"Feature","id":"f0e2b47bead6afc9","geometry":{"type":"Point","coordinates":[145.915,-37.53544]},"properties":{"species":"Petauroides volans","eventDate":"2020-05-13","basisOfRecord":"OCCURRENCE","license":"CC-BY 4.0 (Int)","coordinateUncertaintyM":10.0,"uncertaintyUnknown":false,"observationCount":1,"geographicOutlier":false}},{"type":"Feature","id":"f8fabe727bf536ac","geometry":{"type":"Point","coordinates":[145.62947,-37.31397]},"properties":{"species":"Petauroides volans","eventDate":"2020-05-13","basisOfRecord":"OCCURRENCE","license":"CC-BY 4.0 (Int)","coordinateUncertaintyM":10.0,"uncertaintyUnknown":false,"observationCount":1,"geographicOutlier":false}},{"type":"Feature","id":"c17a4796f82ec3eb","geometry":{"type":"Point","coordinates":[145.62452,-37.31531]},"properties":{"species":"Petauroides volans","eventDate":"2020-05-12","basisOfRecord":"OCCURRENCE","license":"CC-BY 4.0 (Int)","coordinateUncertaintyM":10.0,"uncertaintyUnknown":false,"observationCount":1,"geographicOutlier":false}},{"type":"Feature","id":"cbb69be02a252336","geometry":{"type":"Point","coordinates":[150.484726,-34.367138]},"properties":{"species":"Petauroides volans","eventDate":"2020-05-11","basisOfRecord":"HUMAN_OBSERVATION","license":"CC-BY 4.0 (Int)","coordinateUncertaintyM":5.0,"uncertaintyUnknown":false,"observationCount":1,"geographicOutlier":false}},{"type":"Feature","id":"4749a1e62a8d8fb9","geometry":{"type":"Point","coordinates":[145.98277,-37.35611]},"properties":{"species":"Petauroides volans","eventDate":"2020-05-08","basisOfRecord":"OCCURRENCE","license":"CC-BY 4.0 (Int)","coordinateUncertaintyM":5.0,"uncertaintyUnknown":false,"observationCount":1,"geographicOutlier":false}},{"type":"Feature","id":"1882685cc1479cd8","geometry":{"type":"Point","coordinates":[151.905781,-31.33602]},"properties":{"species":"Petauroides volans","eventDate":"2020-05-07","basisOfRecord":"HUMAN_OBSERVATION","license":"CC-BY 4.0 (Int)","coordinateUncertaintyM":10.0,"uncertaintyUnknown":false,"observationCount":1,"geographicOutlier":false}},{"type":"Feature","id":"edde6c0febc32fff","geometry":{"type":"Point","coordinates":[150.150101,-30.304251]},"properties":{"species":"Petauroides volans","eventDate":"2020-05-07","basisOfRecord":"HUMAN_OBSERVATION","license":"CC-BY 4.0 (Int)","coordinateUncertaintyM":5.0,"uncertaintyUnknown":false,"observationCount":1,"geographicOutlier":false}},{"type":"Feature","id":"ea447889b3c011fc","geometry":{"type":"Point","coordinates":[150.155365,-30.30541]},"properties":{"species":"Petauroides volans","eventDate":"2020-05-07","basisOfRecord":"HUMAN_OBSERVATION","license":"CC-BY 4.0 (Int)","coordinateUncertaintyM":5.0,"uncertaintyUnknown":false,"observationCount":1,"geographicOutlier":false}},{"type":"Feature","id":"283f58c95af976f2","geometry":{"type":"Point","coordinates":[150.149353,-30.290436]},"properties":{"species":"Petauroides volans","eventDate":"2020-05-07","basisOfRecord":"HUMAN_OBSERVATION","license":"CC-BY 4.0 (Int)","coordinateUncertaintyM":5.0,"uncertaintyUnknown":false,"observationCount":1,"geographicOutlier":false}},{"type":"Feature","id":"b96ba97857dbbbe4","geometry":{"type":"Point","coordinates":[150.155701,-30.296707]},"properties":{"species":"Petauroides volans","eventDate":"2020-05-07","basisOfRecord":"HUMAN_OBSERVATION","license":"CC-BY 4.0 (Int)","coordinateUncertaintyM":5.0,"uncertaintyUnknown":false,"observationCount":1,"geographicOutlier":false}},{"type":"Feature","id":"e619ad3b6e193103","geometry":{"type":"Point","coordinates":[150.149933,-30.281864]},"properties":{"species":"Petauroides volans","eventDate":"2020-05-07","basisOfRecord":"HUMAN_OBSERVATION","license":"CC-BY 4.0 (Int)","coordinateUncertaintyM":5.0,"uncertaintyUnknown":false,"observationCount":1,"geographicOutlier":false}},{"type":"Feature","id":"cbf86cce7c4bb469","geometry":{"type":"Point","coordinates":[145.96135,-37.5128]},"properties":{"species":"Petauroides volans","eventDate":"2020-05-07","basisOfRecord":"OCCURRENCE","license":"CC-BY 4.0 (Int)","coordinateUncertaintyM":5.0,"uncertaintyUnknown":false,"observationCount":1,"geographicOutlier":false}},{"type":"Feature","id":"9a43d611d7e275c2","geometry":{"type":"Point","coordinates":[150.147812,-30.28458]},"properties":{"species":"Petauroides volans","eventDate":"2020-05-07","basisOfRecord":"HUMAN_OBSERVATION","license":"CC-BY 4.0 (Int)","coordinateUncertaintyM":5.0,"uncertaintyUnknown":false,"observationCount":1,"geographicOutlier":false}},{"type":"Feature","id":"2690ef38c6ad4c07","geometry":{"type":"Point","coordinates":[150.15303,-30.290377]},"properties":{"species":"Petauroides volans","eventDate":"2020-05-07","basisOfRecord":"HUMAN_OBSERVATION","license":"CC-BY 4.0 (Int)","coordinateUncertaintyM":5.0,"uncertaintyUnknown":false,"observationCount":1,"geographicOutlier":false}},{"type":"Feature","id":"0a9f91c92c77efef","geometry":{"type":"Point","coordinates":[150.154694,-30.292355]},"properties":{"species":"Petauroides volans","eventDate":"2020-05-07","basisOfRecord":"HUMAN_OBSERVATION","license":"CC-BY 4.0 (Int)","coordinateUncertaintyM":5.0,"uncertaintyUnknown":false,"observationCount":1,"geographicOutlier":false}},{"type":"Feature","id":"cc8267dfef6d2bd3","geometry":{"type":"Point","coordinates":[150.182236,-30.281719]},"properties":{"species":"Petauroides volans","eventDate":"2020-05-06","basisOfRecord":"HUMAN_OBSERVATION","license":"CC-BY 4.0 (Int)","coordinateUncertaintyM":5.0,"uncertaintyUnknown":false,"observationCount":1,"geographicOutlier":false}},{"type":"Feature","id":"821cb04144c53168","geometry":{"type":"Point","coordinates":[150.182266,-30.280796]},"properties":{"species":"Petauroides volans","eventDate":"2020-05-06","basisOfRecord":"HUMAN_OBSERVATION","license":"CC-BY 4.0 (Int)","coordinateUncertaintyM":10.0,"uncertaintyUnknown":false,"observationCount":1,"geographicOutlier":false}},{"type":"Feature","id":"89d8d2cc4c1bf96c","geometry":{"type":"Point","coordinates":[150.185242,-30.286896]},"properties":{"species":"Petauroides volans","eventDate":"2020-05-06","basisOfRecord":"HUMAN_OBSERVATION","license":"CC-BY 4.0 (Int)","coordinateUncertaintyM":5.0,"uncertaintyUnknown":false,"observationCount":1,"geographicOutlier":false}},{"type":"Feature","id":"f827ed33fce69260","geometry":{"type":"Point","coordinates":[150.16626,-30.279099]},"properties":{"species":"Petauroides volans","eventDate":"2020-05-05","basisOfRecord":"HUMAN_OBSERVATION","license":"CC-BY 4.0 (Int)","coordinateUncertaintyM":5.0,"uncertaintyUnknown":false,"observationCount":1,"geographicOutlier":false}},{"type":"Feature","id":"6a043f8e873f0626","geometry":{"type":"Point","coordinates":[145.9223,-36.8559]},"properties":{"species":"Petauroides volans","eventDate":"2020-05-05","basisOfRecord":"OCCURRENCE","license":"CC-BY 4.0 (Int)","coordinateUncertaintyM":25.0,"uncertaintyUnknown":false,"observationCount":1,"geographicOutlier":false}},{"type":"Feature","id":"7c9a11ec977d6cc9","geometry":{"type":"Point","coordinates":[150.162323,-30.275406]},"properties":{"species":"Petauroides volans","eventDate":"2020-05-05","basisOfRecord":"HUMAN_OBSERVATION","license":"CC-BY 4.0 (Int)","coordinateUncertaintyM":5.0,"uncertaintyUnknown":false,"observationCount":1,"geographicOutlier":false}},{"type":"Feature","id":"b57d93ae6ef92d92","geometry":{"type":"Point","coordinates":[150.162155,-30.276829]},"properties":{"species":"Petauroides volans","eventDate":"2020-05-05","basisOfRecord":"HUMAN_OBSERVATION","license":"CC-BY 4.0 (Int)","coordinateUncertaintyM":5.0,"uncertaintyUnknown":false,"observationCount":1,"geographicOutlier":false}},{"type":"Feature","id":"7a62fc9033347823","geometry":{"type":"Point","coordinates":[150.164673,-30.280764]},"properties":{"species":"Petauroides volans","eventDate":"2020-05-04","basisOfRecord":"HUMAN_OBSERVATION","license":"CC-BY 4.0 (Int)","coordinateUncertaintyM":5.0,"uncertaintyUnknown":false,"observationCount":1,"geographicOutlier":false}},{"type":"Feature","id":"e7bff2c3be729ea5","geometry":{"type":"Point","coordinates":[144.29942,-37.32664]},"properties":{"species":"Petauroides volans","eventDate":"2020-04-30","basisOfRecord":"OBSERVATION","license":"CC-BY 4.0 (Int)","coordinateUncertaintyM":10.0,"uncertaintyUnknown":false,"observationCount":1,"geographicOutlier":false}},{"type":"Feature","id":"50d43d1629276cc9","geometry":{"type":"Point","coordinates":[145.89182,-36.89076]},"properties":{"species":"Petauroides volans","eventDate":"2020-04-27","basisOfRecord":"OBSERVATION","license":"CC-BY 4.0 (Int)","coordinateUncertaintyM":10.0,"uncertaintyUnknown":false,"observationCount":1,"geographicOutlier":false}},{"type":"Feature","id":"e5750454cdbfed50","geometry":{"type":"Point","coordinates":[145.89221,-36.89712]},"properties":{"species":"Petauroides volans","eventDate":"2020-04-27","basisOfRecord":"OBSERVATION","license":"CC-BY 4.0 (Int)","coordinateUncertaintyM":10.0,"uncertaintyUnknown":false,"observationCount":1,"geographicOutlier":false}},{"type":"Feature","id":"7b0e5a5ed55abf3d","geometry":{"type":"Point","coordinates":[144.29713,-37.47898]},"properties":{"species":"Petauroides volans","eventDate":"2020-04-24","basisOfRecord":"OBSERVATION","license":"CC-BY 4.0 (Int)","coordinateUncertaintyM":10.0,"uncertaintyUnknown":false,"observationCount":1,"geographicOutlier":false}},{"type":"Feature","id":"be721cdadc42d735","geometry":{"type":"Point","coordinates":[145.48179,-37.49061]},"properties":{"species":"Petauroides volans","eventDate":"2020-04-19","basisOfRecord":"OCCURRENCE","license":"CC-BY 4.0 (Int)","coordinateUncertaintyM":10.0,"uncertaintyUnknown":false,"observationCount":1,"geographicOutlier":false}},{"type":"Feature","id":"05ee0538aa53e524","geometry":{"type":"Point","coordinates":[145.48675,-37.48971]},"properties":{"species":"Petauroides volans","eventDate":"2020-04-19","basisOfRecord":"OCCURRENCE","license":"CC-BY 4.0 (Int)","coordinateUncertaintyM":10.0,"uncertaintyUnknown":false,"observationCount":1,"geographicOutlier":false}},{"type":"Feature","id":"321d84a00507e609","geometry":{"type":"Point","coordinates":[145.48895,-37.48516]},"properties":{"species":"Petauroides volans","eventDate":"2020-04-19","basisOfRecord":"OCCURRENCE","license":"CC-BY 4.0 (Int)","coordinateUncertaintyM":10.0,"uncertaintyUnknown":false,"observationCount":1,"geographicOutlier":false}},{"type":"Feature","id":"ddd5931d5f807e12","geometry":{"type":"Point","coordinates":[145.97101,-37.80634]},"properties":{"species":"Petauroides volans","eventDate":"2020-04-16","basisOfRecord":"OCCURRENCE","license":"CC-BY 4.0 (Int)","coordinateUncertaintyM":5.0,"uncertaintyUnknown":false,"observationCount":1,"geographicOutlier":false}},{"type":"Feature","id":"45393c3511ef0305","geometry":{"type":"Point","coordinates":[145.97052,-37.80742]},"properties":{"species":"Petauroides volans","eventDate":"2020-04-15","basisOfRecord":"OCCURRENCE","license":"CC-BY 4.0 (Int)","coordinateUncertaintyM":5.0,"uncertaintyUnknown":false,"observationCount":1,"geographicOutlier":false}},{"type":"Feature","id":"64c7e7d8430edd19","geometry":{"type":"Point","coordinates":[144.24107,-37.37367]},"properties":{"species":"Petauroides volans","eventDate":"2020-04-12","basisOfRecord":"OBSERVATION","license":"CC-BY 4.0 (Int)","coordinateUncertaintyM":10.0,"uncertaintyUnknown":false,"observationCount":1,"geographicOutlier":false}},{"type":"Feature","id":"14ecd0d20ac5f0cf","geometry":{"type":"Point","coordinates":[145.96218,-37.50742]},"properties":{"species":"Petauroides volans","eventDate":"2020-04-08","basisOfRecord":"OCCURRENCE","license":"CC-BY 4.0 (Int)","coordinateUncertaintyM":26.0,"uncertaintyUnknown":false,"observationCount":1,"geographicOutlier":false}},{"type":"Feature","id":"ac169ddad97d0835","geometry":{"type":"Point","coordinates":[146.12878,-37.8688]},"properties":{"species":"Petauroides volans","eventDate":"2020-04-07","basisOfRecord":"OBSERVATION","license":"CC-BY 4.0 (Int)","coordinateUncertaintyM":10.0,"uncertaintyUnknown":false,"observationCount":1,"geographicOutlier":false}},{"type":"Feature","id":"dca7d9d27ceb8029","geometry":{"type":"Point","coordinates":[144.30231,-37.3099]},"properties":{"species":"Petauroides volans","eventDate":"2020-04-07","basisOfRecord":"OBSERVATION","license":"CC-BY 4.0 (Int)","coordinateUncertaintyM":10.0,"uncertaintyUnknown":false,"observationCount":1,"geographicOutlier":false}},{"type":"Feature","id":"bce323d2a6e44bb5","geometry":{"type":"Point","coordinates":[145.87266,-37.91289]},"properties":{"species":"Petauroides volans","eventDate":"2020-04-07","basisOfRecord":"OCCURRENCE","license":"CC-BY 4.0 (Int)","coordinateUncertaintyM":10.0,"uncertaintyUnknown":false,"observationCount":1,"geographicOutlier":false}},{"type":"Feature","id":"101f33af5bbff865","geometry":{"type":"Point","coordinates":[145.19839,-37.14947]},"properties":{"species":"Petauroides volans","eventDate":"2020-04-01","basisOfRecord":"OCCURRENCE","license":"CC-BY 4.0 (Int)","coordinateUncertaintyM":5.0,"uncertaintyUnknown":false,"observationCount":1,"geographicOutlier":false}},{"type":"Feature","id":"2517b034b8ea0e76","geometry":{"type":"Point","coordinates":[145.20183,-37.15058]},"properties":{"species":"Petauroides volans","eventDate":"2020-04-01","basisOfRecord":"OCCURRENCE","license":"CC-BY 4.0 (Int)","coordinateUncertaintyM":5.0,"uncertaintyUnknown":false,"observationCount":1,"geographicOutlier":false}},{"type":"Feature","id":"30f8689d5c9fcf0f","geometry":{"type":"Point","coordinates":[145.92181,-37.56817]},"properties":{"species":"Petauroides volans","eventDate":"2020-04-01","basisOfRecord":"OCCURRENCE","license":"CC-BY 4.0 (Int)","coordinateUncertaintyM":10.0,"uncertaintyUnknown":false,"observationCount":1,"geographicOutlier":false}},{"type":"Feature","id":"01bdc733219a03b7","geometry":{"type":"Point","coordinates":[145.47584,-37.48087]},"properties":{"species":"Petauroides volans","eventDate":"2020-03-31","basisOfRecord":"OCCURRENCE","license":"CC-BY 4.0 (Int)","coordinateUncertaintyM":10.0,"uncertaintyUnknown":false,"observationCount":1,"geographicOutlier":false}},{"type":"Feature","id":"c633074c650eeba5","geometry":{"type":"Point","coordinates":[145.48159,-37.48239]},"properties":{"species":"Petauroides volans","eventDate":"2020-03-31","basisOfRecord":"OCCURRENCE","license":"CC-BY 4.0 (Int)","coordinateUncertaintyM":10.0,"uncertaintyUnknown":false,"observationCount":1,"geographicOutlier":false}},{"type":"Feature","id":"db9361ae57dc7599","geometry":{"type":"Point","coordinates":[145.4855,-37.48183]},"properties":{"species":"Petauroides volans","eventDate":"2020-03-31","basisOfRecord":"OCCURRENCE","license":"CC-BY 4.0 (Int)","coordinateUncertaintyM":10.0,"uncertaintyUnknown":false,"observationCount":1,"geographicOutlier":false}},{"type":"Feature","id":"8c79be1cb88fb1c7","geometry":{"type":"Point","coordinates":[145.48386,-37.48195]},"properties":{"species":"Petauroides volans","eventDate":"2020-03-31","basisOfRecord":"OCCURRENCE","license":"CC-BY 4.0 (Int)","coordinateUncertaintyM":10.0,"uncertaintyUnknown":false,"observationCount":1,"geographicOutlier":false}},{"type":"Feature","id":"ac7265f29eee5161","geometry":{"type":"Point","coordinates":[145.48322,-37.48126]},"properties":{"species":"Petauroides volans","eventDate":"2020-03-31","basisOfRecord":"OCCURRENCE","license":"CC-BY 4.0 (Int)","coordinateUncertaintyM":10.0,"uncertaintyUnknown":false,"observationCount":1,"geographicOutlier":false}},{"type":"Feature","id":"98e5bb1a6ee03df9","geometry":{"type":"Point","coordinates":[150.229814,-33.381746]},"properties":{"species":"Petauroides volans","eventDate":"2020-03-31","basisOfRecord":"HUMAN_OBSERVATION","license":"CC-BY 4.0 (Int)","coordinateUncertaintyM":100.0,"uncertaintyUnknown":false,"observationCount":1,"geographicOutlier":false}},{"type":"Feature","id":"8f672a7a2ceeec93","geometry":{"type":"Point","coordinates":[145.80407,-37.36155]},"properties":{"species":"Petauroides volans","eventDate":"2020-03-30","basisOfRecord":"OCCURRENCE","license":"CC-BY 4.0 (Int)","coordinateUncertaintyM":10.0,"uncertaintyUnknown":false,"observationCount":1,"geographicOutlier":false}},{"type":"Feature","id":"8a17b6935c2edb16","geometry":{"type":"Point","coordinates":[145.48071,-37.46294]},"properties":{"species":"Petauroides volans","eventDate":"2020-03-30","basisOfRecord":"OCCURRENCE","license":"CC-BY 4.0 (Int)","coordinateUncertaintyM":5.0,"uncertaintyUnknown":false,"observationCount":1,"geographicOutlier":false}},{"type":"Feature","id":"8df51c80b3eed852","geometry":{"type":"Point","coordinates":[145.921,-37.55171]},"properties":{"species":"Petauroides volans","eventDate":"2020-03-30","basisOfRecord":"OCCURRENCE","license":"CC-BY 4.0 (Int)","coordinateUncertaintyM":10.0,"uncertaintyUnknown":false,"observationCount":1,"geographicOutlier":false}},{"type":"Feature","id":"0c1de2aa52c9c34b","geometry":{"type":"Point","coordinates":[152.90332,-27.1337]},"properties":{"species":"Petauroides volans","eventDate":"2020-03-28","basisOfRecord":"OCCURRENCE","license":"CC-BY 4.0 (Int)","coordinateUncertaintyM":30.0,"uncertaintyUnknown":false,"observationCount":1,"geographicOutlier":false}},{"type":"Feature","id":"bd5f87088a0aa5e2","geometry":{"type":"Point","coordinates":[145.9737,-37.36289]},"properties":{"species":"Petauroides volans","eventDate":"2020-03-27","basisOfRecord":"OCCURRENCE","license":"CC-BY 4.0 (Int)","coordinateUncertaintyM":10.0,"uncertaintyUnknown":false,"observationCount":1,"geographicOutlier":false}},{"type":"Feature","id":"e2ec825ebe999958","geometry":{"type":"Point","coordinates":[145.68238,-37.57144]},"properties":{"species":"Petauroides volans","eventDate":"2020-03-26","basisOfRecord":"OBSERVATION","license":"CC-BY 4.0 (Int)","coordinateUncertaintyM":10.0,"uncertaintyUnknown":false,"observationCount":1,"geographicOutlier":false}},{"type":"Feature","id":"7dbca221a5cf668e","geometry":{"type":"Point","coordinates":[145.92919,-37.57114]},"properties":{"species":"Petauroides volans","eventDate":"2020-03-25","basisOfRecord":"OCCURRENCE","license":"CC-BY 4.0 (Int)","coordinateUncertaintyM":10.0,"uncertaintyUnknown":false,"observationCount":1,"geographicOutlier":false}},{"type":"Feature","id":"dbc7c55362125c03","geometry":{"type":"Point","coordinates":[145.92524,-37.57312]},"properties":{"species":"Petauroides volans","eventDate":"2020-03-25","basisOfRecord":"OCCURRENCE","license":"CC-BY 4.0 (Int)","coordinateUncertaintyM":10.0,"uncertaintyUnknown":false,"observationCount":1,"geographicOutlier":false}},{"type":"Feature","id":"0fd93ca9308d40cd","geometry":{"type":"Point","coordinates":[145.9222,-37.57263]},"properties":{"species":"Petauroides volans","eventDate":"2020-03-25","basisOfRecord":"OCCURRENCE","license":"CC-BY 4.0 (Int)","coordinateUncertaintyM":10.0,"uncertaintyUnknown":false,"observationCount":1,"geographicOutlier":false}},{"type":"Feature","id":"cbf1326788c224a2","geometry":{"type":"Point","coordinates":[145.92395,-37.57221]},"properties":{"species":"Petauroides volans","eventDate":"2020-03-25","basisOfRecord":"OCCURRENCE","license":"CC-BY 4.0 (Int)","coordinateUncertaintyM":10.0,"uncertaintyUnknown":false,"observationCount":1,"geographicOutlier":false}},{"type":"Feature","id":"fb43da241f29349f","geometry":{"type":"Point","coordinates":[145.92959,-37.57105]},"properties":{"species":"Petauroides volans","eventDate":"2020-03-25","basisOfRecord":"OCCURRENCE","license":"CC-BY 4.0 (Int)","coordinateUncertaintyM":10.0,"uncertaintyUnknown":false,"observationCount":1,"geographicOutlier":false}},{"type":"Feature","id":"3c608eee29e19bae","geometry":{"type":"Point","coordinates":[146.20501,-37.66922]},"properties":{"species":"Petauroides volans","eventDate":"2020-03-24","basisOfRecord":"OCCURRENCE","license":"CC-BY 4.0 (Int)","coordinateUncertaintyM":5.0,"uncertaintyUnknown":false,"observationCount":1,"geographicOutlier":false}},{"type":"Feature","id":"143dc8310e574cbe","geometry":{"type":"Point","coordinates":[150.172298,-33.38282]},"properties":{"species":"Petauroides volans","eventDate":"2020-03-24","basisOfRecord":"HUMAN_OBSERVATION","license":"CC-BY 4.0 (Int)","coordinateUncertaintyM":100.0,"uncertaintyUnknown":false,"observationCount":1,"geographicOutlier":false}},{"type":"Feature","id":"e6d69abf93b87841","geometry":{"type":"Point","coordinates":[144.16735,-37.46552]},"properties":{"species":"Petauroides volans","eventDate":"2020-03-23","basisOfRecord":"OBSERVATION","license":"CC-BY 4.0 (Int)","coordinateUncertaintyM":10.0,"uncertaintyUnknown":false,"observationCount":1,"geographicOutlier":false}},{"type":"Feature","id":"b02d8e4261ac7957","geometry":{"type":"Point","coordinates":[144.24981,-37.4565]},"properties":{"species":"Petauroides volans","eventDate":"2020-03-21","basisOfRecord":"OBSERVATION","license":"CC-BY 4.0 (Int)","coordinateUncertaintyM":10.0,"uncertaintyUnknown":false,"observationCount":1,"geographicOutlier":false}},{"type":"Feature","id":"935e3a0af9b74c5c","geometry":{"type":"Point","coordinates":[145.96016,-37.43841]},"properties":{"species":"Petauroides volans","eventDate":"2020-03-20","basisOfRecord":"OCCURRENCE","license":"CC-BY 4.0 (Int)","coordinateUncertaintyM":10.0,"uncertaintyUnknown":false,"observationCount":1,"geographicOutlier":false}},{"type":"Feature","id":"d5161b54c15278cb","geometry":{"type":"Point","coordinates":[149.93565,-34.083759]},"properties":{"species":"Petauroides volans","eventDate":"2020-03-20","basisOfRecord":"HUMAN_OBSERVATION","license":"CC-BY 4.0 (Int)","coordinateUncertaintyM":10.0,"uncertaintyUnknown":false,"observationCount":1,"geographicOutlier":false}},{"type":"Feature","id":"b6ed90ff7ee2560d","geometry":{"type":"Point","coordinates":[149.467439,-36.335526]},"properties":{"species":"Petauroides volans","eventDate":"2020-03-18","basisOfRecord":"HUMAN_OBSERVATION","license":"CC-BY 4.0 (Int)","coordinateUncertaintyM":50.0,"uncertaintyUnknown":false,"observationCount":1,"geographicOutlier":false}},{"type":"Feature","id":"05ac628eb0c0f4e8","geometry":{"type":"Point","coordinates":[147.06841,-36.7807]},"properties":{"species":"Petauroides volans","eventDate":"2020-03-18","basisOfRecord":"OCCURRENCE","license":"CC-BY 4.0 (Int)","coordinateUncertaintyM":10.0,"uncertaintyUnknown":false,"observationCount":1,"geographicOutlier":false}},{"type":"Feature","id":"f5548bb1466db6a3","geometry":{"type":"Point","coordinates":[150.145347,-33.388035]},"properties":{"species":"Petauroides volans","eventDate":"2020-03-18","basisOfRecord":"HUMAN_OBSERVATION","license":"CC-BY 4.0 (Int)","coordinateUncertaintyM":100.0,"uncertaintyUnknown":false,"observationCount":1,"geographicOutlier":false}},{"type":"Feature","id":"1f1c208864e9900d","geometry":{"type":"Point","coordinates":[147.11176,-36.79173]},"properties":{"species":"Petauroides volans","eventDate":"2020-03-17","basisOfRecord":"OCCURRENCE","license":"CC-BY 4.0 (Int)","coordinateUncertaintyM":10.0,"uncertaintyUnknown":false,"observationCount":1,"geographicOutlier":false}},{"type":"Feature","id":"6cbf68f19e28c0d6","geometry":{"type":"Point","coordinates":[153.256095,-29.198002]},"properties":{"species":"Petauroides volans","eventDate":"2020-03-16","basisOfRecord":"HUMAN_OBSERVATION","license":"CC-BY 4.0 (Int)","coordinateUncertaintyM":300.0,"uncertaintyUnknown":false,"observationCount":1,"geographicOutlier":false}},{"type":"Feature","id":"f633f7fe6abd6389","geometry":{"type":"Point","coordinates":[145.98533,-37.46606]},"properties":{"species":"Petauroides volans","eventDate":"2020-03-16","basisOfRecord":"OCCURRENCE","license":"CC-BY 4.0 (Int)","coordinateUncertaintyM":40.0,"uncertaintyUnknown":false,"observationCount":1,"geographicOutlier":false}},{"type":"Feature","id":"be2b5dcc76ffb48f","geometry":{"type":"Point","coordinates":[145.6687,-37.59238]},"properties":{"species":"Petauroides volans","eventDate":"2020-03-12","basisOfRecord":"OCCURRENCE","license":"CC-BY 4.0 (Int)","coordinateUncertaintyM":10.0,"uncertaintyUnknown":false,"observationCount":1,"geographicOutlier":false}},{"type":"Feature","id":"fb39afcf601c2763","geometry":{"type":"Point","coordinates":[145.67162,-37.58945]},"properties":{"species":"Petauroides volans","eventDate":"2020-03-12","basisOfRecord":"OCCURRENCE","license":"CC-BY 4.0 (Int)","coordinateUncertaintyM":10.0,"uncertaintyUnknown":false,"observationCount":1,"geographicOutlier":false}},{"type":"Feature","id":"3655a7e89af6f33c","geometry":{"type":"Point","coordinates":[145.66627,-37.58845]},"properties":{"species":"Petauroides volans","eventDate":"2020-03-12","basisOfRecord":"OCCURRENCE","license":"CC-BY 4.0 (Int)","coordinateUncertaintyM":10.0,"uncertaintyUnknown":false,"observationCount":1,"geographicOutlier":false}},{"type":"Feature","id":"79e10fc877ffeaff","geometry":{"type":"Point","coordinates":[145.67265,-37.58941]},"properties":{"species":"Petauroides volans","eventDate":"2020-03-12","basisOfRecord":"OCCURRENCE","license":"CC-BY 4.0 (Int)","coordinateUncertaintyM":10.0,"uncertaintyUnknown":false,"observationCount":1,"geographicOutlier":false}},{"type":"Feature","id":"67875600eed770e7","geometry":{"type":"Point","coordinates":[145.67205,-37.58792]},"properties":{"species":"Petauroides volans","eventDate":"2020-03-12","basisOfRecord":"OCCURRENCE","license":"CC-BY 4.0 (Int)","coordinateUncertaintyM":10.0,"uncertaintyUnknown":false,"observationCount":1,"geographicOutlier":false}},{"type":"Feature","id":"1fdc11035dce10f5","geometry":{"type":"Point","coordinates":[145.67226,-37.59253]},"properties":{"species":"Petauroides volans","eventDate":"2020-03-12","basisOfRecord":"OCCURRENCE","license":"CC-BY 4.0 (Int)","coordinateUncertaintyM":10.0,"uncertaintyUnknown":false,"observationCount":1,"geographicOutlier":false}},{"type":"Feature","id":"cdf8ee970735d936","geometry":{"type":"Point","coordinates":[151.861955,-31.381521]},"properties":{"species":"Petauroides volans","eventDate":"2020-03-11","basisOfRecord":"HUMAN_OBSERVATION","license":"CC-BY 4.0 (Int)","coordinateUncertaintyM":5.0,"uncertaintyUnknown":false,"observationCount":1,"geographicOutlier":false}},{"type":"Feature","id":"116bfe39edbd6f1c","geometry":{"type":"Point","coordinates":[147.53151,-37.69817]},"properties":{"species":"Petauroides volans","eventDate":"2020-03-10","basisOfRecord":"OCCURRENCE","license":"CC-BY 4.0 (Int)","coordinateUncertaintyM":10.0,"uncertaintyUnknown":false,"observationCount":1,"geographicOutlier":false}},{"type":"Feature","id":"7f38239e3e394487","geometry":{"type":"Point","coordinates":[145.90744,-37.30922]},"properties":{"species":"Petauroides volans","eventDate":"2020-03-06","basisOfRecord":"OCCURRENCE","license":"CC-BY 4.0 (Int)","coordinateUncertaintyM":15.0,"uncertaintyUnknown":false,"observationCount":1,"geographicOutlier":false}},{"type":"Feature","id":"454454223ba61a3b","geometry":{"type":"Point","coordinates":[146.16946,-37.56522]},"properties":{"species":"Petauroides volans","eventDate":"2020-03-02","basisOfRecord":"OCCURRENCE","license":"CC-BY 4.0 (Int)","coordinateUncertaintyM":5.0,"uncertaintyUnknown":false,"observationCount":1,"geographicOutlier":false}},{"type":"Feature","id":"569a0ee6a72bd557","geometry":{"type":"Point","coordinates":[144.17893,-37.49705]},"properties":{"species":"Petauroides volans","eventDate":"2020-02-29","basisOfRecord":"OBSERVATION","license":"CC-BY 4.0 (Int)","coordinateUncertaintyM":10.0,"uncertaintyUnknown":false,"observationCount":1,"geographicOutlier":false}},{"type":"Feature","id":"b5e5e8ba74068fdd","geometry":{"type":"Point","coordinates":[145.34716,-37.85379]},"properties":{"species":"Petauroides volans","eventDate":"2020-02-27","basisOfRecord":"OCCURRENCE","license":"CC-BY 4.0 (Int)","coordinateUncertaintyM":25.0,"uncertaintyUnknown":false,"observationCount":1,"geographicOutlier":false}},{"type":"Feature","id":"ca4b264c63b1fac1","geometry":{"type":"Point","coordinates":[145.93223,-37.56578]},"properties":{"species":"Petauroides volans","eventDate":"2020-02-26","basisOfRecord":"OCCURRENCE","license":"CC-BY 4.0 (Int)","coordinateUncertaintyM":10.0,"uncertaintyUnknown":false,"observationCount":1,"geographicOutlier":false}},{"type":"Feature","id":"a3efce1ae8535491","geometry":{"type":"Point","coordinates":[145.93447,-37.55936]},"properties":{"species":"Petauroides volans","eventDate":"2020-02-26","basisOfRecord":"OCCURRENCE","license":"CC-BY 4.0 (Int)","coordinateUncertaintyM":10.0,"uncertaintyUnknown":false,"observationCount":1,"geographicOutlier":false}},{"type":"Feature","id":"bf3ca02ff0f1eeb1","geometry":{"type":"Point","coordinates":[145.92032,-37.55155]},"properties":{"species":"Petauroides volans","eventDate":"2020-02-26","basisOfRecord":"OCCURRENCE","license":"CC-BY 4.0 (Int)","coordinateUncertaintyM":10.0,"uncertaintyUnknown":false,"observationCount":1,"geographicOutlier":false}},{"type":"Feature","id":"5290f642c57f9c6b","geometry":{"type":"Point","coordinates":[144.26567,-37.36696]},"properties":{"species":"Petauroides volans","eventDate":"2020-02-24","basisOfRecord":"OBSERVATION","license":"CC-BY 4.0 (Int)","coordinateUncertaintyM":10.0,"uncertaintyUnknown":false,"observationCount":1,"geographicOutlier":false}},{"type":"Feature","id":"79ab4b4d2a3fdad9","geometry":{"type":"Point","coordinates":[149.487743,-36.301811]},"properties":{"species":"Petauroides volans","eventDate":"2020-02-18","basisOfRecord":"HUMAN_OBSERVATION","license":"CC-BY 4.0 (Int)","coordinateUncertaintyM":50.0,"uncertaintyUnknown":false,"observationCount":1,"geographicOutlier":false}},{"type":"Feature","id":"05f1cd3eaf48d6ee","geometry":{"type":"Point","coordinates":[149.46537,-36.333632]},"properties":{"species":"Petauroides volans","eventDate":"2020-02-17","basisOfRecord":"HUMAN_OBSERVATION","license":"CC-BY 4.0 (Int)","coordinateUncertaintyM":50.0,"uncertaintyUnknown":false,"observationCount":1,"geographicOutlier":false}},{"type":"Feature","id":"494e27c0e8aa14e4","geometry":{"type":"Point","coordinates":[146.34139,-37.13555]},"properties":{"species":"Petauroides volans","eventDate":"2020-02-12","basisOfRecord":"OCCURRENCE","license":"CC-BY 4.0 (Int)","coordinateUncertaintyM":5.0,"uncertaintyUnknown":false,"observationCount":1,"geographicOutlier":false}},{"type":"Feature","id":"dce93704e5212346","geometry":{"type":"Point","coordinates":[146.3456,-37.13535]},"properties":{"species":"Petauroides volans","eventDate":"2020-02-10","basisOfRecord":"OCCURRENCE","license":"CC-BY 4.0 (Int)","coordinateUncertaintyM":5.0,"uncertaintyUnknown":false,"observationCount":1,"geographicOutlier":false}},{"type":"Feature","id":"d15d4cba3cdb6840","geometry":{"type":"Point","coordinates":[146.37168,-37.83357]},"properties":{"species":"Petauroides volans","eventDate":"2020-02-04","basisOfRecord":"OCCURRENCE","license":"CC-BY 4.0 (Int)","coordinateUncertaintyM":5.0,"uncertaintyUnknown":false,"observationCount":1,"geographicOutlier":false}},{"type":"Feature","id":"2c6c86a7591b29e3","geometry":{"type":"Point","coordinates":[146.36934,-37.82991]},"properties":{"species":"Petauroides volans","eventDate":"2020-02-04","basisOfRecord":"OCCURRENCE","license":"CC-BY 4.0 (Int)","coordinateUncertaintyM":5.0,"uncertaintyUnknown":false,"observationCount":1,"geographicOutlier":false}},{"type":"Feature","id":"6517dda9761a1d4b","geometry":{"type":"Point","coordinates":[149.844066,-34.301322]},"properties":{"species":"Petauroides volans","eventDate":"2020-02-03","basisOfRecord":"HUMAN_OBSERVATION","license":"CC-BY 4.0 (Int)","coordinateUncertaintyM":20.0,"uncertaintyUnknown":false,"observationCount":1,"geographicOutlier":false}},{"type":"Feature","id":"f54f04ff6cda89cf","geometry":{"type":"Point","coordinates":[145.90813,-37.31973]},"properties":{"species":"Petauroides volans","eventDate":"2020-01-30","basisOfRecord":"OCCURRENCE","license":"CC-BY 4.0 (Int)","coordinateUncertaintyM":30.0,"uncertaintyUnknown":false,"observationCount":1,"geographicOutlier":false}},{"type":"Feature","id":"947040a099648fb4","geometry":{"type":"Point","coordinates":[145.54973,-37.46459]},"properties":{"species":"Petauroides volans","eventDate":"2020-01-29","basisOfRecord":"OBSERVATION","license":"CC-BY 4.0 (Int)","coordinateUncertaintyM":10.0,"uncertaintyUnknown":false,"observationCount":1,"geographicOutlier":false}},{"type":"Feature","id":"fdd7667a7bd82ebc","geometry":{"type":"Point","coordinates":[146.25656,-36.81327]},"properties":{"species":"Petauroides volans","eventDate":"2020-01-21","basisOfRecord":"OCCURRENCE","license":"CC-BY 4.0 (Int)","coordinateUncertaintyM":5.0,"uncertaintyUnknown":false,"observationCount":1,"geographicOutlier":false}},{"type":"Feature","id":"7859736bbe759cfd","geometry":{"type":"Point","coordinates":[146.26012,-36.81457]},"properties":{"species":"Petauroides volans","eventDate":"2020-01-21","basisOfRecord":"OCCURRENCE","license":"CC-BY 4.0 (Int)","coordinateUncertaintyM":5.0,"uncertaintyUnknown":false,"observationCount":1,"geographicOutlier":false}},{"type":"Feature","id":"a8d3851a24b56e2b","geometry":{"type":"Point","coordinates":[145.837,-37.32557]},"properties":{"species":"Petauroides volans","eventDate":"2020-01-20","basisOfRecord":"OCCURRENCE","license":"CC-BY 4.0 (Int)","coordinateUncertaintyM":15.0,"uncertaintyUnknown":false,"observationCount":1,"geographicOutlier":false}},{"type":"Feature","id":"986f084ae443473f","geometry":{"type":"Point","coordinates":[153.18257,-27.60087]},"properties":{"species":"Petauroides volans","eventDate":"2020-01-01","basisOfRecord":"OCCURRENCE","license":"CC-BY 4.0 (Int)","coordinateUncertaintyM":100.0,"uncertaintyUnknown":false,"observationCount":1,"geographicOutlier":false}}]}